solid OpenSCAD_Model
  facet normal -0.866027 -0.499997 0
    outer loop
      vertex 26 18 0
      vertex 23 23.1962 3
      vertex 23 23.1962 0
    endloop
  endfacet
  facet normal -0.866027 -0.499997 0
    outer loop
      vertex 23 23.1962 3
      vertex 26 18 0
      vertex 26 18 3
    endloop
  endfacet
  facet normal 0 1 -0
    outer loop
      vertex 23 12.8038 0
      vertex 17 12.8038 3
      vertex 23 12.8038 3
    endloop
  endfacet
  facet normal 0 1 0
    outer loop
      vertex 17 12.8038 3
      vertex 23 12.8038 0
      vertex 17 12.8038 0
    endloop
  endfacet
  facet normal 0.866027 -0.499997 0
    outer loop
      vertex 14 18 3
      vertex 17 23.1962 0
      vertex 17 23.1962 3
    endloop
  endfacet
  facet normal 0.866027 -0.499997 0
    outer loop
      vertex 17 23.1962 0
      vertex 14 18 3
      vertex 14 18 0
    endloop
  endfacet
  facet normal 0 -1 0
    outer loop
      vertex 17 23.1962 0
      vertex 23 23.1962 3
      vertex 17 23.1962 3
    endloop
  endfacet
  facet normal 0 -1 -0
    outer loop
      vertex 23 23.1962 3
      vertex 17 23.1962 0
      vertex 23 23.1962 0
    endloop
  endfacet
  facet normal 0.866027 0.499997 0
    outer loop
      vertex 17 12.8038 3
      vertex 14 18 0
      vertex 14 18 3
    endloop
  endfacet
  facet normal 0.866027 0.499997 0
    outer loop
      vertex 14 18 0
      vertex 17 12.8038 3
      vertex 17 12.8038 0
    endloop
  endfacet
  facet normal -0.866027 0.499997 0
    outer loop
      vertex 23 12.8038 0
      vertex 26 18 3
      vertex 26 18 0
    endloop
  endfacet
  facet normal -0.866027 0.499997 0
    outer loop
      vertex 26 18 3
      vertex 23 12.8038 0
      vertex 23 12.8038 3
    endloop
  endfacet
  facet normal -0.866027 -0.499997 0
    outer loop
      vertex 26 38 0
      vertex 23 43.1962 3
      vertex 23 43.1962 0
    endloop
  endfacet
  facet normal -0.866027 -0.499997 0
    outer loop
      vertex 23 43.1962 3
      vertex 26 38 0
      vertex 26 38 3
    endloop
  endfacet
  facet normal 0 1 -0
    outer loop
      vertex 23 32.8038 0
      vertex 17 32.8038 3
      vertex 23 32.8038 3
    endloop
  endfacet
  facet normal 0 1 0
    outer loop
      vertex 17 32.8038 3
      vertex 23 32.8038 0
      vertex 17 32.8038 0
    endloop
  endfacet
  facet normal 0.866027 -0.499997 0
    outer loop
      vertex 14 38 3
      vertex 17 43.1962 0
      vertex 17 43.1962 3
    endloop
  endfacet
  facet normal 0.866027 -0.499997 0
    outer loop
      vertex 17 43.1962 0
      vertex 14 38 3
      vertex 14 38 0
    endloop
  endfacet
  facet normal 0 -1 0
    outer loop
      vertex 17 43.1962 0
      vertex 23 43.1962 3
      vertex 17 43.1962 3
    endloop
  endfacet
  facet normal 0 -1 -0
    outer loop
      vertex 23 43.1962 3
      vertex 17 43.1962 0
      vertex 23 43.1962 0
    endloop
  endfacet
  facet normal 0.866027 0.499997 0
    outer loop
      vertex 17 32.8038 3
      vertex 14 38 0
      vertex 14 38 3
    endloop
  endfacet
  facet normal 0.866027 0.499997 0
    outer loop
      vertex 14 38 0
      vertex 17 32.8038 3
      vertex 17 32.8038 0
    endloop
  endfacet
  facet normal -0.866027 0.499997 0
    outer loop
      vertex 23 32.8038 0
      vertex 26 38 3
      vertex 26 38 0
    endloop
  endfacet
  facet normal -0.866027 0.499997 0
    outer loop
      vertex 26 38 3
      vertex 23 32.8038 0
      vertex 23 32.8038 3
    endloop
  endfacet
  facet normal -0.866027 -0.499997 0
    outer loop
      vertex 26 58 0
      vertex 23 63.1962 3
      vertex 23 63.1962 0
    endloop
  endfacet
  facet normal -0.866027 -0.499997 0
    outer loop
      vertex 23 63.1962 3
      vertex 26 58 0
      vertex 26 58 3
    endloop
  endfacet
  facet normal 0 1 -0
    outer loop
      vertex 23 52.8038 0
      vertex 17 52.8038 3
      vertex 23 52.8038 3
    endloop
  endfacet
  facet normal 0 1 0
    outer loop
      vertex 17 52.8038 3
      vertex 23 52.8038 0
      vertex 17 52.8038 0
    endloop
  endfacet
  facet normal 0.866027 -0.499997 0
    outer loop
      vertex 14 58 3
      vertex 17 63.1962 0
      vertex 17 63.1962 3
    endloop
  endfacet
  facet normal 0.866027 -0.499997 0
    outer loop
      vertex 17 63.1962 0
      vertex 14 58 3
      vertex 14 58 0
    endloop
  endfacet
  facet normal 0 -1 0
    outer loop
      vertex 17 63.1962 0
      vertex 23 63.1962 3
      vertex 17 63.1962 3
    endloop
  endfacet
  facet normal 0 -1 -0
    outer loop
      vertex 23 63.1962 3
      vertex 17 63.1962 0
      vertex 23 63.1962 0
    endloop
  endfacet
  facet normal 0.866027 0.499997 0
    outer loop
      vertex 17 52.8038 3
      vertex 14 58 0
      vertex 14 58 3
    endloop
  endfacet
  facet normal 0.866027 0.499997 0
    outer loop
      vertex 14 58 0
      vertex 17 52.8038 3
      vertex 17 52.8038 0
    endloop
  endfacet
  facet normal -0.866027 0.499997 0
    outer loop
      vertex 23 52.8038 0
      vertex 26 58 3
      vertex 26 58 0
    endloop
  endfacet
  facet normal -0.866027 0.499997 0
    outer loop
      vertex 26 58 3
      vertex 23 52.8038 0
      vertex 23 52.8038 3
    endloop
  endfacet
  facet normal -0.866027 -0.499997 0
    outer loop
      vertex 26 78 0
      vertex 23 83.1962 3
      vertex 23 83.1962 0
    endloop
  endfacet
  facet normal -0.866027 -0.499997 0
    outer loop
      vertex 23 83.1962 3
      vertex 26 78 0
      vertex 26 78 3
    endloop
  endfacet
  facet normal 0 1 -0
    outer loop
      vertex 23 72.8038 0
      vertex 17 72.8038 3
      vertex 23 72.8038 3
    endloop
  endfacet
  facet normal 0 1 0
    outer loop
      vertex 17 72.8038 3
      vertex 23 72.8038 0
      vertex 17 72.8038 0
    endloop
  endfacet
  facet normal 0.866027 -0.499997 0
    outer loop
      vertex 14 78 3
      vertex 17 83.1962 0
      vertex 17 83.1962 3
    endloop
  endfacet
  facet normal 0.866027 -0.499997 0
    outer loop
      vertex 17 83.1962 0
      vertex 14 78 3
      vertex 14 78 0
    endloop
  endfacet
  facet normal 0 -1 0
    outer loop
      vertex 17 83.1962 0
      vertex 23 83.1962 3
      vertex 17 83.1962 3
    endloop
  endfacet
  facet normal 0 -1 -0
    outer loop
      vertex 23 83.1962 3
      vertex 17 83.1962 0
      vertex 23 83.1962 0
    endloop
  endfacet
  facet normal 0.866027 0.499997 0
    outer loop
      vertex 17 72.8038 3
      vertex 14 78 0
      vertex 14 78 3
    endloop
  endfacet
  facet normal 0.866027 0.499997 0
    outer loop
      vertex 14 78 0
      vertex 17 72.8038 3
      vertex 17 72.8038 0
    endloop
  endfacet
  facet normal -0.866027 0.499997 0
    outer loop
      vertex 23 72.8038 0
      vertex 26 78 3
      vertex 26 78 0
    endloop
  endfacet
  facet normal -0.866027 0.499997 0
    outer loop
      vertex 26 78 3
      vertex 23 72.8038 0
      vertex 23 72.8038 3
    endloop
  endfacet
  facet normal -0.866019 -0.500011 0
    outer loop
      vertex 26 98 0
      vertex 23 103.196 3
      vertex 23 103.196 0
    endloop
  endfacet
  facet normal -0.866019 -0.500011 0
    outer loop
      vertex 23 103.196 3
      vertex 26 98 0
      vertex 26 98 3
    endloop
  endfacet
  facet normal 0 1 -0
    outer loop
      vertex 23 92.8038 0
      vertex 17 92.8038 3
      vertex 23 92.8038 3
    endloop
  endfacet
  facet normal 0 1 0
    outer loop
      vertex 17 92.8038 3
      vertex 23 92.8038 0
      vertex 17 92.8038 0
    endloop
  endfacet
  facet normal 0.866019 -0.500011 0
    outer loop
      vertex 14 98 3
      vertex 17 103.196 0
      vertex 17 103.196 3
    endloop
  endfacet
  facet normal 0.866019 -0.500011 0
    outer loop
      vertex 17 103.196 0
      vertex 14 98 3
      vertex 14 98 0
    endloop
  endfacet
  facet normal 0 -1 0
    outer loop
      vertex 17 103.196 0
      vertex 23 103.196 3
      vertex 17 103.196 3
    endloop
  endfacet
  facet normal 0 -1 -0
    outer loop
      vertex 23 103.196 3
      vertex 17 103.196 0
      vertex 23 103.196 0
    endloop
  endfacet
  facet normal 0.866027 0.499997 0
    outer loop
      vertex 17 92.8038 3
      vertex 14 98 0
      vertex 14 98 3
    endloop
  endfacet
  facet normal 0.866027 0.499997 0
    outer loop
      vertex 14 98 0
      vertex 17 92.8038 3
      vertex 17 92.8038 0
    endloop
  endfacet
  facet normal -0.866027 0.499997 0
    outer loop
      vertex 23 92.8038 0
      vertex 26 98 3
      vertex 26 98 0
    endloop
  endfacet
  facet normal -0.866027 0.499997 0
    outer loop
      vertex 26 98 3
      vertex 23 92.8038 0
      vertex 23 92.8038 3
    endloop
  endfacet
  facet normal -0.866027 -0.499997 0
    outer loop
      vertex 46 18 0
      vertex 43 23.1962 3
      vertex 43 23.1962 0
    endloop
  endfacet
  facet normal -0.866027 -0.499997 0
    outer loop
      vertex 43 23.1962 3
      vertex 46 18 0
      vertex 46 18 3
    endloop
  endfacet
  facet normal 0 1 -0
    outer loop
      vertex 43 12.8038 0
      vertex 37 12.8038 3
      vertex 43 12.8038 3
    endloop
  endfacet
  facet normal 0 1 0
    outer loop
      vertex 37 12.8038 3
      vertex 43 12.8038 0
      vertex 37 12.8038 0
    endloop
  endfacet
  facet normal 0.866027 -0.499997 0
    outer loop
      vertex 34 18 3
      vertex 37 23.1962 0
      vertex 37 23.1962 3
    endloop
  endfacet
  facet normal 0.866027 -0.499997 0
    outer loop
      vertex 37 23.1962 0
      vertex 34 18 3
      vertex 34 18 0
    endloop
  endfacet
  facet normal 0 -1 0
    outer loop
      vertex 37 23.1962 0
      vertex 43 23.1962 3
      vertex 37 23.1962 3
    endloop
  endfacet
  facet normal 0 -1 -0
    outer loop
      vertex 43 23.1962 3
      vertex 37 23.1962 0
      vertex 43 23.1962 0
    endloop
  endfacet
  facet normal 0.866027 0.499997 0
    outer loop
      vertex 37 12.8038 3
      vertex 34 18 0
      vertex 34 18 3
    endloop
  endfacet
  facet normal 0.866027 0.499997 0
    outer loop
      vertex 34 18 0
      vertex 37 12.8038 3
      vertex 37 12.8038 0
    endloop
  endfacet
  facet normal -0.866027 0.499997 0
    outer loop
      vertex 43 12.8038 0
      vertex 46 18 3
      vertex 46 18 0
    endloop
  endfacet
  facet normal -0.866027 0.499997 0
    outer loop
      vertex 46 18 3
      vertex 43 12.8038 0
      vertex 43 12.8038 3
    endloop
  endfacet
  facet normal -0.866027 -0.499997 0
    outer loop
      vertex 46 38 0
      vertex 43 43.1962 3
      vertex 43 43.1962 0
    endloop
  endfacet
  facet normal -0.866027 -0.499997 0
    outer loop
      vertex 43 43.1962 3
      vertex 46 38 0
      vertex 46 38 3
    endloop
  endfacet
  facet normal 0 1 -0
    outer loop
      vertex 43 32.8038 0
      vertex 37 32.8038 3
      vertex 43 32.8038 3
    endloop
  endfacet
  facet normal 0 1 0
    outer loop
      vertex 37 32.8038 3
      vertex 43 32.8038 0
      vertex 37 32.8038 0
    endloop
  endfacet
  facet normal 0.866027 -0.499997 0
    outer loop
      vertex 34 38 3
      vertex 37 43.1962 0
      vertex 37 43.1962 3
    endloop
  endfacet
  facet normal 0.866027 -0.499997 0
    outer loop
      vertex 37 43.1962 0
      vertex 34 38 3
      vertex 34 38 0
    endloop
  endfacet
  facet normal 0 -1 0
    outer loop
      vertex 37 43.1962 0
      vertex 43 43.1962 3
      vertex 37 43.1962 3
    endloop
  endfacet
  facet normal 0 -1 -0
    outer loop
      vertex 43 43.1962 3
      vertex 37 43.1962 0
      vertex 43 43.1962 0
    endloop
  endfacet
  facet normal 0.866027 0.499997 0
    outer loop
      vertex 37 32.8038 3
      vertex 34 38 0
      vertex 34 38 3
    endloop
  endfacet
  facet normal 0.866027 0.499997 0
    outer loop
      vertex 34 38 0
      vertex 37 32.8038 3
      vertex 37 32.8038 0
    endloop
  endfacet
  facet normal -0.866027 0.499997 0
    outer loop
      vertex 43 32.8038 0
      vertex 46 38 3
      vertex 46 38 0
    endloop
  endfacet
  facet normal -0.866027 0.499997 0
    outer loop
      vertex 46 38 3
      vertex 43 32.8038 0
      vertex 43 32.8038 3
    endloop
  endfacet
  facet normal -0.866027 -0.499997 0
    outer loop
      vertex 46 58 0
      vertex 43 63.1962 3
      vertex 43 63.1962 0
    endloop
  endfacet
  facet normal -0.866027 -0.499997 0
    outer loop
      vertex 43 63.1962 3
      vertex 46 58 0
      vertex 46 58 3
    endloop
  endfacet
  facet normal 0 1 -0
    outer loop
      vertex 43 52.8038 0
      vertex 37 52.8038 3
      vertex 43 52.8038 3
    endloop
  endfacet
  facet normal 0 1 0
    outer loop
      vertex 37 52.8038 3
      vertex 43 52.8038 0
      vertex 37 52.8038 0
    endloop
  endfacet
  facet normal 0.866027 -0.499997 0
    outer loop
      vertex 34 58 3
      vertex 37 63.1962 0
      vertex 37 63.1962 3
    endloop
  endfacet
  facet normal 0.866027 -0.499997 0
    outer loop
      vertex 37 63.1962 0
      vertex 34 58 3
      vertex 34 58 0
    endloop
  endfacet
  facet normal 0 -1 0
    outer loop
      vertex 37 63.1962 0
      vertex 43 63.1962 3
      vertex 37 63.1962 3
    endloop
  endfacet
  facet normal 0 -1 -0
    outer loop
      vertex 43 63.1962 3
      vertex 37 63.1962 0
      vertex 43 63.1962 0
    endloop
  endfacet
  facet normal 0.866027 0.499997 0
    outer loop
      vertex 37 52.8038 3
      vertex 34 58 0
      vertex 34 58 3
    endloop
  endfacet
  facet normal 0.866027 0.499997 0
    outer loop
      vertex 34 58 0
      vertex 37 52.8038 3
      vertex 37 52.8038 0
    endloop
  endfacet
  facet normal -0.866027 0.499997 0
    outer loop
      vertex 43 52.8038 0
      vertex 46 58 3
      vertex 46 58 0
    endloop
  endfacet
  facet normal -0.866027 0.499997 0
    outer loop
      vertex 46 58 3
      vertex 43 52.8038 0
      vertex 43 52.8038 3
    endloop
  endfacet
  facet normal -0.866027 -0.499997 0
    outer loop
      vertex 46 78 0
      vertex 43 83.1962 3
      vertex 43 83.1962 0
    endloop
  endfacet
  facet normal -0.866027 -0.499997 0
    outer loop
      vertex 43 83.1962 3
      vertex 46 78 0
      vertex 46 78 3
    endloop
  endfacet
  facet normal 0 1 -0
    outer loop
      vertex 43 72.8038 0
      vertex 37 72.8038 3
      vertex 43 72.8038 3
    endloop
  endfacet
  facet normal 0 1 0
    outer loop
      vertex 37 72.8038 3
      vertex 43 72.8038 0
      vertex 37 72.8038 0
    endloop
  endfacet
  facet normal 0.866027 -0.499997 0
    outer loop
      vertex 34 78 3
      vertex 37 83.1962 0
      vertex 37 83.1962 3
    endloop
  endfacet
  facet normal 0.866027 -0.499997 0
    outer loop
      vertex 37 83.1962 0
      vertex 34 78 3
      vertex 34 78 0
    endloop
  endfacet
  facet normal 0 -1 0
    outer loop
      vertex 37 83.1962 0
      vertex 43 83.1962 3
      vertex 37 83.1962 3
    endloop
  endfacet
  facet normal 0 -1 -0
    outer loop
      vertex 43 83.1962 3
      vertex 37 83.1962 0
      vertex 43 83.1962 0
    endloop
  endfacet
  facet normal 0.866027 0.499997 0
    outer loop
      vertex 37 72.8038 3
      vertex 34 78 0
      vertex 34 78 3
    endloop
  endfacet
  facet normal 0.866027 0.499997 0
    outer loop
      vertex 34 78 0
      vertex 37 72.8038 3
      vertex 37 72.8038 0
    endloop
  endfacet
  facet normal -0.866027 0.499997 0
    outer loop
      vertex 43 72.8038 0
      vertex 46 78 3
      vertex 46 78 0
    endloop
  endfacet
  facet normal -0.866027 0.499997 0
    outer loop
      vertex 46 78 3
      vertex 43 72.8038 0
      vertex 43 72.8038 3
    endloop
  endfacet
  facet normal -0.866019 -0.500011 0
    outer loop
      vertex 46 98 0
      vertex 43 103.196 3
      vertex 43 103.196 0
    endloop
  endfacet
  facet normal -0.866019 -0.500011 0
    outer loop
      vertex 43 103.196 3
      vertex 46 98 0
      vertex 46 98 3
    endloop
  endfacet
  facet normal 0 1 -0
    outer loop
      vertex 43 92.8038 0
      vertex 37 92.8038 3
      vertex 43 92.8038 3
    endloop
  endfacet
  facet normal 0 1 0
    outer loop
      vertex 37 92.8038 3
      vertex 43 92.8038 0
      vertex 37 92.8038 0
    endloop
  endfacet
  facet normal 0.866019 -0.500011 0
    outer loop
      vertex 34 98 3
      vertex 37 103.196 0
      vertex 37 103.196 3
    endloop
  endfacet
  facet normal 0.866019 -0.500011 0
    outer loop
      vertex 37 103.196 0
      vertex 34 98 3
      vertex 34 98 0
    endloop
  endfacet
  facet normal 0 -1 0
    outer loop
      vertex 37 103.196 0
      vertex 43 103.196 3
      vertex 37 103.196 3
    endloop
  endfacet
  facet normal 0 -1 -0
    outer loop
      vertex 43 103.196 3
      vertex 37 103.196 0
      vertex 43 103.196 0
    endloop
  endfacet
  facet normal 0.866027 0.499997 0
    outer loop
      vertex 37 92.8038 3
      vertex 34 98 0
      vertex 34 98 3
    endloop
  endfacet
  facet normal 0.866027 0.499997 0
    outer loop
      vertex 34 98 0
      vertex 37 92.8038 3
      vertex 37 92.8038 0
    endloop
  endfacet
  facet normal -0.866027 0.499997 0
    outer loop
      vertex 43 92.8038 0
      vertex 46 98 3
      vertex 46 98 0
    endloop
  endfacet
  facet normal -0.866027 0.499997 0
    outer loop
      vertex 46 98 3
      vertex 43 92.8038 0
      vertex 43 92.8038 3
    endloop
  endfacet
  facet normal -0.866027 -0.499997 0
    outer loop
      vertex 66 18 0
      vertex 63 23.1962 3
      vertex 63 23.1962 0
    endloop
  endfacet
  facet normal -0.866027 -0.499997 0
    outer loop
      vertex 63 23.1962 3
      vertex 66 18 0
      vertex 66 18 3
    endloop
  endfacet
  facet normal 0 1 -0
    outer loop
      vertex 63 12.8038 0
      vertex 57 12.8038 3
      vertex 63 12.8038 3
    endloop
  endfacet
  facet normal 0 1 0
    outer loop
      vertex 57 12.8038 3
      vertex 63 12.8038 0
      vertex 57 12.8038 0
    endloop
  endfacet
  facet normal 0.866027 -0.499997 0
    outer loop
      vertex 54 18 3
      vertex 57 23.1962 0
      vertex 57 23.1962 3
    endloop
  endfacet
  facet normal 0.866027 -0.499997 0
    outer loop
      vertex 57 23.1962 0
      vertex 54 18 3
      vertex 54 18 0
    endloop
  endfacet
  facet normal 0 -1 0
    outer loop
      vertex 57 23.1962 0
      vertex 63 23.1962 3
      vertex 57 23.1962 3
    endloop
  endfacet
  facet normal 0 -1 -0
    outer loop
      vertex 63 23.1962 3
      vertex 57 23.1962 0
      vertex 63 23.1962 0
    endloop
  endfacet
  facet normal 0.866027 0.499997 0
    outer loop
      vertex 57 12.8038 3
      vertex 54 18 0
      vertex 54 18 3
    endloop
  endfacet
  facet normal 0.866027 0.499997 0
    outer loop
      vertex 54 18 0
      vertex 57 12.8038 3
      vertex 57 12.8038 0
    endloop
  endfacet
  facet normal -0.866027 0.499997 0
    outer loop
      vertex 63 12.8038 0
      vertex 66 18 3
      vertex 66 18 0
    endloop
  endfacet
  facet normal -0.866027 0.499997 0
    outer loop
      vertex 66 18 3
      vertex 63 12.8038 0
      vertex 63 12.8038 3
    endloop
  endfacet
  facet normal -0.866027 -0.499997 0
    outer loop
      vertex 66 38 0
      vertex 63 43.1962 3
      vertex 63 43.1962 0
    endloop
  endfacet
  facet normal -0.866027 -0.499997 0
    outer loop
      vertex 63 43.1962 3
      vertex 66 38 0
      vertex 66 38 3
    endloop
  endfacet
  facet normal 0 1 -0
    outer loop
      vertex 63 32.8038 0
      vertex 57 32.8038 3
      vertex 63 32.8038 3
    endloop
  endfacet
  facet normal 0 1 0
    outer loop
      vertex 57 32.8038 3
      vertex 63 32.8038 0
      vertex 57 32.8038 0
    endloop
  endfacet
  facet normal 0.866027 -0.499997 0
    outer loop
      vertex 54 38 3
      vertex 57 43.1962 0
      vertex 57 43.1962 3
    endloop
  endfacet
  facet normal 0.866027 -0.499997 0
    outer loop
      vertex 57 43.1962 0
      vertex 54 38 3
      vertex 54 38 0
    endloop
  endfacet
  facet normal 0 -1 0
    outer loop
      vertex 57 43.1962 0
      vertex 63 43.1962 3
      vertex 57 43.1962 3
    endloop
  endfacet
  facet normal 0 -1 -0
    outer loop
      vertex 63 43.1962 3
      vertex 57 43.1962 0
      vertex 63 43.1962 0
    endloop
  endfacet
  facet normal 0.866027 0.499997 0
    outer loop
      vertex 57 32.8038 3
      vertex 54 38 0
      vertex 54 38 3
    endloop
  endfacet
  facet normal 0.866027 0.499997 0
    outer loop
      vertex 54 38 0
      vertex 57 32.8038 3
      vertex 57 32.8038 0
    endloop
  endfacet
  facet normal -0.866027 0.499997 0
    outer loop
      vertex 63 32.8038 0
      vertex 66 38 3
      vertex 66 38 0
    endloop
  endfacet
  facet normal -0.866027 0.499997 0
    outer loop
      vertex 66 38 3
      vertex 63 32.8038 0
      vertex 63 32.8038 3
    endloop
  endfacet
  facet normal -0.866027 -0.499997 0
    outer loop
      vertex 66 58 0
      vertex 63 63.1962 3
      vertex 63 63.1962 0
    endloop
  endfacet
  facet normal -0.866027 -0.499997 0
    outer loop
      vertex 63 63.1962 3
      vertex 66 58 0
      vertex 66 58 3
    endloop
  endfacet
  facet normal 0 1 -0
    outer loop
      vertex 63 52.8038 0
      vertex 57 52.8038 3
      vertex 63 52.8038 3
    endloop
  endfacet
  facet normal 0 1 0
    outer loop
      vertex 57 52.8038 3
      vertex 63 52.8038 0
      vertex 57 52.8038 0
    endloop
  endfacet
  facet normal 0.866027 -0.499997 0
    outer loop
      vertex 54 58 3
      vertex 57 63.1962 0
      vertex 57 63.1962 3
    endloop
  endfacet
  facet normal 0.866027 -0.499997 0
    outer loop
      vertex 57 63.1962 0
      vertex 54 58 3
      vertex 54 58 0
    endloop
  endfacet
  facet normal 0 -1 0
    outer loop
      vertex 57 63.1962 0
      vertex 63 63.1962 3
      vertex 57 63.1962 3
    endloop
  endfacet
  facet normal 0 -1 -0
    outer loop
      vertex 63 63.1962 3
      vertex 57 63.1962 0
      vertex 63 63.1962 0
    endloop
  endfacet
  facet normal 0.866027 0.499997 0
    outer loop
      vertex 57 52.8038 3
      vertex 54 58 0
      vertex 54 58 3
    endloop
  endfacet
  facet normal 0.866027 0.499997 0
    outer loop
      vertex 54 58 0
      vertex 57 52.8038 3
      vertex 57 52.8038 0
    endloop
  endfacet
  facet normal -0.866027 0.499997 0
    outer loop
      vertex 63 52.8038 0
      vertex 66 58 3
      vertex 66 58 0
    endloop
  endfacet
  facet normal -0.866027 0.499997 0
    outer loop
      vertex 66 58 3
      vertex 63 52.8038 0
      vertex 63 52.8038 3
    endloop
  endfacet
  facet normal -0.866027 -0.499997 0
    outer loop
      vertex 66 78 0
      vertex 63 83.1962 3
      vertex 63 83.1962 0
    endloop
  endfacet
  facet normal -0.866027 -0.499997 0
    outer loop
      vertex 63 83.1962 3
      vertex 66 78 0
      vertex 66 78 3
    endloop
  endfacet
  facet normal 0 1 -0
    outer loop
      vertex 63 72.8038 0
      vertex 57 72.8038 3
      vertex 63 72.8038 3
    endloop
  endfacet
  facet normal 0 1 0
    outer loop
      vertex 57 72.8038 3
      vertex 63 72.8038 0
      vertex 57 72.8038 0
    endloop
  endfacet
  facet normal 0.866027 -0.499997 0
    outer loop
      vertex 54 78 3
      vertex 57 83.1962 0
      vertex 57 83.1962 3
    endloop
  endfacet
  facet normal 0.866027 -0.499997 0
    outer loop
      vertex 57 83.1962 0
      vertex 54 78 3
      vertex 54 78 0
    endloop
  endfacet
  facet normal 0 -1 0
    outer loop
      vertex 57 83.1962 0
      vertex 63 83.1962 3
      vertex 57 83.1962 3
    endloop
  endfacet
  facet normal 0 -1 -0
    outer loop
      vertex 63 83.1962 3
      vertex 57 83.1962 0
      vertex 63 83.1962 0
    endloop
  endfacet
  facet normal 0.866027 0.499997 0
    outer loop
      vertex 57 72.8038 3
      vertex 54 78 0
      vertex 54 78 3
    endloop
  endfacet
  facet normal 0.866027 0.499997 0
    outer loop
      vertex 54 78 0
      vertex 57 72.8038 3
      vertex 57 72.8038 0
    endloop
  endfacet
  facet normal -0.866027 0.499997 0
    outer loop
      vertex 63 72.8038 0
      vertex 66 78 3
      vertex 66 78 0
    endloop
  endfacet
  facet normal -0.866027 0.499997 0
    outer loop
      vertex 66 78 3
      vertex 63 72.8038 0
      vertex 63 72.8038 3
    endloop
  endfacet
  facet normal -0.866019 -0.500011 0
    outer loop
      vertex 66 98 0
      vertex 63 103.196 3
      vertex 63 103.196 0
    endloop
  endfacet
  facet normal -0.866019 -0.500011 0
    outer loop
      vertex 63 103.196 3
      vertex 66 98 0
      vertex 66 98 3
    endloop
  endfacet
  facet normal 0 1 -0
    outer loop
      vertex 63 92.8038 0
      vertex 57 92.8038 3
      vertex 63 92.8038 3
    endloop
  endfacet
  facet normal 0 1 0
    outer loop
      vertex 57 92.8038 3
      vertex 63 92.8038 0
      vertex 57 92.8038 0
    endloop
  endfacet
  facet normal 0.866019 -0.500011 0
    outer loop
      vertex 54 98 3
      vertex 57 103.196 0
      vertex 57 103.196 3
    endloop
  endfacet
  facet normal 0.866019 -0.500011 0
    outer loop
      vertex 57 103.196 0
      vertex 54 98 3
      vertex 54 98 0
    endloop
  endfacet
  facet normal 0 -1 0
    outer loop
      vertex 57 103.196 0
      vertex 63 103.196 3
      vertex 57 103.196 3
    endloop
  endfacet
  facet normal 0 -1 -0
    outer loop
      vertex 63 103.196 3
      vertex 57 103.196 0
      vertex 63 103.196 0
    endloop
  endfacet
  facet normal 0.866027 0.499997 0
    outer loop
      vertex 57 92.8038 3
      vertex 54 98 0
      vertex 54 98 3
    endloop
  endfacet
  facet normal 0.866027 0.499997 0
    outer loop
      vertex 54 98 0
      vertex 57 92.8038 3
      vertex 57 92.8038 0
    endloop
  endfacet
  facet normal -0.866027 0.499997 0
    outer loop
      vertex 63 92.8038 0
      vertex 66 98 3
      vertex 66 98 0
    endloop
  endfacet
  facet normal -0.866027 0.499997 0
    outer loop
      vertex 66 98 3
      vertex 63 92.8038 0
      vertex 63 92.8038 3
    endloop
  endfacet
  facet normal -0.866027 -0.499997 0
    outer loop
      vertex 86 18 0
      vertex 83 23.1962 3
      vertex 83 23.1962 0
    endloop
  endfacet
  facet normal -0.866027 -0.499997 0
    outer loop
      vertex 83 23.1962 3
      vertex 86 18 0
      vertex 86 18 3
    endloop
  endfacet
  facet normal 0 1 -0
    outer loop
      vertex 83 12.8038 0
      vertex 77 12.8038 3
      vertex 83 12.8038 3
    endloop
  endfacet
  facet normal 0 1 0
    outer loop
      vertex 77 12.8038 3
      vertex 83 12.8038 0
      vertex 77 12.8038 0
    endloop
  endfacet
  facet normal 0.866027 -0.499997 0
    outer loop
      vertex 74 18 3
      vertex 77 23.1962 0
      vertex 77 23.1962 3
    endloop
  endfacet
  facet normal 0.866027 -0.499997 0
    outer loop
      vertex 77 23.1962 0
      vertex 74 18 3
      vertex 74 18 0
    endloop
  endfacet
  facet normal 0 -1 0
    outer loop
      vertex 77 23.1962 0
      vertex 83 23.1962 3
      vertex 77 23.1962 3
    endloop
  endfacet
  facet normal 0 -1 -0
    outer loop
      vertex 83 23.1962 3
      vertex 77 23.1962 0
      vertex 83 23.1962 0
    endloop
  endfacet
  facet normal 0.866027 0.499997 0
    outer loop
      vertex 77 12.8038 3
      vertex 74 18 0
      vertex 74 18 3
    endloop
  endfacet
  facet normal 0.866027 0.499997 0
    outer loop
      vertex 74 18 0
      vertex 77 12.8038 3
      vertex 77 12.8038 0
    endloop
  endfacet
  facet normal -0.866027 0.499997 0
    outer loop
      vertex 83 12.8038 0
      vertex 86 18 3
      vertex 86 18 0
    endloop
  endfacet
  facet normal -0.866027 0.499997 0
    outer loop
      vertex 86 18 3
      vertex 83 12.8038 0
      vertex 83 12.8038 3
    endloop
  endfacet
  facet normal -0.866027 -0.499997 0
    outer loop
      vertex 86 38 0
      vertex 83 43.1962 3
      vertex 83 43.1962 0
    endloop
  endfacet
  facet normal -0.866027 -0.499997 0
    outer loop
      vertex 83 43.1962 3
      vertex 86 38 0
      vertex 86 38 3
    endloop
  endfacet
  facet normal 0 1 -0
    outer loop
      vertex 83 32.8038 0
      vertex 77 32.8038 3
      vertex 83 32.8038 3
    endloop
  endfacet
  facet normal 0 1 0
    outer loop
      vertex 77 32.8038 3
      vertex 83 32.8038 0
      vertex 77 32.8038 0
    endloop
  endfacet
  facet normal 0.866027 -0.499997 0
    outer loop
      vertex 74 38 3
      vertex 77 43.1962 0
      vertex 77 43.1962 3
    endloop
  endfacet
  facet normal 0.866027 -0.499997 0
    outer loop
      vertex 77 43.1962 0
      vertex 74 38 3
      vertex 74 38 0
    endloop
  endfacet
  facet normal 0 -1 0
    outer loop
      vertex 77 43.1962 0
      vertex 83 43.1962 3
      vertex 77 43.1962 3
    endloop
  endfacet
  facet normal 0 -1 -0
    outer loop
      vertex 83 43.1962 3
      vertex 77 43.1962 0
      vertex 83 43.1962 0
    endloop
  endfacet
  facet normal 0.866027 0.499997 0
    outer loop
      vertex 77 32.8038 3
      vertex 74 38 0
      vertex 74 38 3
    endloop
  endfacet
  facet normal 0.866027 0.499997 0
    outer loop
      vertex 74 38 0
      vertex 77 32.8038 3
      vertex 77 32.8038 0
    endloop
  endfacet
  facet normal -0.866027 0.499997 0
    outer loop
      vertex 83 32.8038 0
      vertex 86 38 3
      vertex 86 38 0
    endloop
  endfacet
  facet normal -0.866027 0.499997 0
    outer loop
      vertex 86 38 3
      vertex 83 32.8038 0
      vertex 83 32.8038 3
    endloop
  endfacet
  facet normal -0.866027 -0.499997 0
    outer loop
      vertex 86 58 0
      vertex 83 63.1962 3
      vertex 83 63.1962 0
    endloop
  endfacet
  facet normal -0.866027 -0.499997 0
    outer loop
      vertex 83 63.1962 3
      vertex 86 58 0
      vertex 86 58 3
    endloop
  endfacet
  facet normal 0 1 -0
    outer loop
      vertex 83 52.8038 0
      vertex 77 52.8038 3
      vertex 83 52.8038 3
    endloop
  endfacet
  facet normal 0 1 0
    outer loop
      vertex 77 52.8038 3
      vertex 83 52.8038 0
      vertex 77 52.8038 0
    endloop
  endfacet
  facet normal 0.866027 -0.499997 0
    outer loop
      vertex 74 58 3
      vertex 77 63.1962 0
      vertex 77 63.1962 3
    endloop
  endfacet
  facet normal 0.866027 -0.499997 0
    outer loop
      vertex 77 63.1962 0
      vertex 74 58 3
      vertex 74 58 0
    endloop
  endfacet
  facet normal 0 -1 0
    outer loop
      vertex 77 63.1962 0
      vertex 83 63.1962 3
      vertex 77 63.1962 3
    endloop
  endfacet
  facet normal 0 -1 -0
    outer loop
      vertex 83 63.1962 3
      vertex 77 63.1962 0
      vertex 83 63.1962 0
    endloop
  endfacet
  facet normal 0.866027 0.499997 0
    outer loop
      vertex 77 52.8038 3
      vertex 74 58 0
      vertex 74 58 3
    endloop
  endfacet
  facet normal 0.866027 0.499997 0
    outer loop
      vertex 74 58 0
      vertex 77 52.8038 3
      vertex 77 52.8038 0
    endloop
  endfacet
  facet normal -0.866027 0.499997 0
    outer loop
      vertex 83 52.8038 0
      vertex 86 58 3
      vertex 86 58 0
    endloop
  endfacet
  facet normal -0.866027 0.499997 0
    outer loop
      vertex 86 58 3
      vertex 83 52.8038 0
      vertex 83 52.8038 3
    endloop
  endfacet
  facet normal -0.866027 -0.499997 0
    outer loop
      vertex 86 78 0
      vertex 83 83.1962 3
      vertex 83 83.1962 0
    endloop
  endfacet
  facet normal -0.866027 -0.499997 0
    outer loop
      vertex 83 83.1962 3
      vertex 86 78 0
      vertex 86 78 3
    endloop
  endfacet
  facet normal 0 1 -0
    outer loop
      vertex 83 72.8038 0
      vertex 77 72.8038 3
      vertex 83 72.8038 3
    endloop
  endfacet
  facet normal 0 1 0
    outer loop
      vertex 77 72.8038 3
      vertex 83 72.8038 0
      vertex 77 72.8038 0
    endloop
  endfacet
  facet normal 0.866027 -0.499997 0
    outer loop
      vertex 74 78 3
      vertex 77 83.1962 0
      vertex 77 83.1962 3
    endloop
  endfacet
  facet normal 0.866027 -0.499997 0
    outer loop
      vertex 77 83.1962 0
      vertex 74 78 3
      vertex 74 78 0
    endloop
  endfacet
  facet normal 0 -1 0
    outer loop
      vertex 77 83.1962 0
      vertex 83 83.1962 3
      vertex 77 83.1962 3
    endloop
  endfacet
  facet normal 0 -1 -0
    outer loop
      vertex 83 83.1962 3
      vertex 77 83.1962 0
      vertex 83 83.1962 0
    endloop
  endfacet
  facet normal 0.866027 0.499997 0
    outer loop
      vertex 77 72.8038 3
      vertex 74 78 0
      vertex 74 78 3
    endloop
  endfacet
  facet normal 0.866027 0.499997 0
    outer loop
      vertex 74 78 0
      vertex 77 72.8038 3
      vertex 77 72.8038 0
    endloop
  endfacet
  facet normal -0.866027 0.499997 0
    outer loop
      vertex 83 72.8038 0
      vertex 86 78 3
      vertex 86 78 0
    endloop
  endfacet
  facet normal -0.866027 0.499997 0
    outer loop
      vertex 86 78 3
      vertex 83 72.8038 0
      vertex 83 72.8038 3
    endloop
  endfacet
  facet normal -0.866019 -0.500011 0
    outer loop
      vertex 86 98 0
      vertex 83 103.196 3
      vertex 83 103.196 0
    endloop
  endfacet
  facet normal -0.866019 -0.500011 0
    outer loop
      vertex 83 103.196 3
      vertex 86 98 0
      vertex 86 98 3
    endloop
  endfacet
  facet normal 0 1 -0
    outer loop
      vertex 83 92.8038 0
      vertex 77 92.8038 3
      vertex 83 92.8038 3
    endloop
  endfacet
  facet normal 0 1 0
    outer loop
      vertex 77 92.8038 3
      vertex 83 92.8038 0
      vertex 77 92.8038 0
    endloop
  endfacet
  facet normal 0.866019 -0.500011 0
    outer loop
      vertex 74 98 3
      vertex 77 103.196 0
      vertex 77 103.196 3
    endloop
  endfacet
  facet normal 0.866019 -0.500011 0
    outer loop
      vertex 77 103.196 0
      vertex 74 98 3
      vertex 74 98 0
    endloop
  endfacet
  facet normal 0 -1 0
    outer loop
      vertex 77 103.196 0
      vertex 83 103.196 3
      vertex 77 103.196 3
    endloop
  endfacet
  facet normal 0 -1 -0
    outer loop
      vertex 83 103.196 3
      vertex 77 103.196 0
      vertex 83 103.196 0
    endloop
  endfacet
  facet normal 0.866027 0.499997 0
    outer loop
      vertex 77 92.8038 3
      vertex 74 98 0
      vertex 74 98 3
    endloop
  endfacet
  facet normal 0.866027 0.499997 0
    outer loop
      vertex 74 98 0
      vertex 77 92.8038 3
      vertex 77 92.8038 0
    endloop
  endfacet
  facet normal -0.866027 0.499997 0
    outer loop
      vertex 83 92.8038 0
      vertex 86 98 3
      vertex 86 98 0
    endloop
  endfacet
  facet normal -0.866027 0.499997 0
    outer loop
      vertex 86 98 3
      vertex 83 92.8038 0
      vertex 83 92.8038 3
    endloop
  endfacet
  facet normal -0.866027 -0.499997 0
    outer loop
      vertex 106 18 0
      vertex 103 23.1962 3
      vertex 103 23.1962 0
    endloop
  endfacet
  facet normal -0.866027 -0.499997 0
    outer loop
      vertex 103 23.1962 3
      vertex 106 18 0
      vertex 106 18 3
    endloop
  endfacet
  facet normal 0 1 -0
    outer loop
      vertex 103 12.8038 0
      vertex 97 12.8038 3
      vertex 103 12.8038 3
    endloop
  endfacet
  facet normal 0 1 0
    outer loop
      vertex 97 12.8038 3
      vertex 103 12.8038 0
      vertex 97 12.8038 0
    endloop
  endfacet
  facet normal 0.866027 -0.499997 0
    outer loop
      vertex 94 18 3
      vertex 97 23.1962 0
      vertex 97 23.1962 3
    endloop
  endfacet
  facet normal 0.866027 -0.499997 0
    outer loop
      vertex 97 23.1962 0
      vertex 94 18 3
      vertex 94 18 0
    endloop
  endfacet
  facet normal 0 -1 0
    outer loop
      vertex 97 23.1962 0
      vertex 103 23.1962 3
      vertex 97 23.1962 3
    endloop
  endfacet
  facet normal 0 -1 -0
    outer loop
      vertex 103 23.1962 3
      vertex 97 23.1962 0
      vertex 103 23.1962 0
    endloop
  endfacet
  facet normal 0.866027 0.499997 0
    outer loop
      vertex 97 12.8038 3
      vertex 94 18 0
      vertex 94 18 3
    endloop
  endfacet
  facet normal 0.866027 0.499997 0
    outer loop
      vertex 94 18 0
      vertex 97 12.8038 3
      vertex 97 12.8038 0
    endloop
  endfacet
  facet normal -0.866027 0.499997 0
    outer loop
      vertex 103 12.8038 0
      vertex 106 18 3
      vertex 106 18 0
    endloop
  endfacet
  facet normal -0.866027 0.499997 0
    outer loop
      vertex 106 18 3
      vertex 103 12.8038 0
      vertex 103 12.8038 3
    endloop
  endfacet
  facet normal -0.866027 -0.499997 0
    outer loop
      vertex 106 38 0
      vertex 103 43.1962 3
      vertex 103 43.1962 0
    endloop
  endfacet
  facet normal -0.866027 -0.499997 0
    outer loop
      vertex 103 43.1962 3
      vertex 106 38 0
      vertex 106 38 3
    endloop
  endfacet
  facet normal 0 1 -0
    outer loop
      vertex 103 32.8038 0
      vertex 97 32.8038 3
      vertex 103 32.8038 3
    endloop
  endfacet
  facet normal 0 1 0
    outer loop
      vertex 97 32.8038 3
      vertex 103 32.8038 0
      vertex 97 32.8038 0
    endloop
  endfacet
  facet normal 0.866027 -0.499997 0
    outer loop
      vertex 94 38 3
      vertex 97 43.1962 0
      vertex 97 43.1962 3
    endloop
  endfacet
  facet normal 0.866027 -0.499997 0
    outer loop
      vertex 97 43.1962 0
      vertex 94 38 3
      vertex 94 38 0
    endloop
  endfacet
  facet normal 0 -1 0
    outer loop
      vertex 97 43.1962 0
      vertex 103 43.1962 3
      vertex 97 43.1962 3
    endloop
  endfacet
  facet normal 0 -1 -0
    outer loop
      vertex 103 43.1962 3
      vertex 97 43.1962 0
      vertex 103 43.1962 0
    endloop
  endfacet
  facet normal 0.866027 0.499997 0
    outer loop
      vertex 97 32.8038 3
      vertex 94 38 0
      vertex 94 38 3
    endloop
  endfacet
  facet normal 0.866027 0.499997 0
    outer loop
      vertex 94 38 0
      vertex 97 32.8038 3
      vertex 97 32.8038 0
    endloop
  endfacet
  facet normal -0.866027 0.499997 0
    outer loop
      vertex 103 32.8038 0
      vertex 106 38 3
      vertex 106 38 0
    endloop
  endfacet
  facet normal -0.866027 0.499997 0
    outer loop
      vertex 106 38 3
      vertex 103 32.8038 0
      vertex 103 32.8038 3
    endloop
  endfacet
  facet normal -0.866027 -0.499997 0
    outer loop
      vertex 106 58 0
      vertex 103 63.1962 3
      vertex 103 63.1962 0
    endloop
  endfacet
  facet normal -0.866027 -0.499997 0
    outer loop
      vertex 103 63.1962 3
      vertex 106 58 0
      vertex 106 58 3
    endloop
  endfacet
  facet normal 0 1 -0
    outer loop
      vertex 103 52.8038 0
      vertex 97 52.8038 3
      vertex 103 52.8038 3
    endloop
  endfacet
  facet normal 0 1 0
    outer loop
      vertex 97 52.8038 3
      vertex 103 52.8038 0
      vertex 97 52.8038 0
    endloop
  endfacet
  facet normal 0.866027 -0.499997 0
    outer loop
      vertex 94 58 3
      vertex 97 63.1962 0
      vertex 97 63.1962 3
    endloop
  endfacet
  facet normal 0.866027 -0.499997 0
    outer loop
      vertex 97 63.1962 0
      vertex 94 58 3
      vertex 94 58 0
    endloop
  endfacet
  facet normal 0 -1 0
    outer loop
      vertex 97 63.1962 0
      vertex 103 63.1962 3
      vertex 97 63.1962 3
    endloop
  endfacet
  facet normal 0 -1 -0
    outer loop
      vertex 103 63.1962 3
      vertex 97 63.1962 0
      vertex 103 63.1962 0
    endloop
  endfacet
  facet normal 0.866027 0.499997 0
    outer loop
      vertex 97 52.8038 3
      vertex 94 58 0
      vertex 94 58 3
    endloop
  endfacet
  facet normal 0.866027 0.499997 0
    outer loop
      vertex 94 58 0
      vertex 97 52.8038 3
      vertex 97 52.8038 0
    endloop
  endfacet
  facet normal -0.866027 0.499997 0
    outer loop
      vertex 103 52.8038 0
      vertex 106 58 3
      vertex 106 58 0
    endloop
  endfacet
  facet normal -0.866027 0.499997 0
    outer loop
      vertex 106 58 3
      vertex 103 52.8038 0
      vertex 103 52.8038 3
    endloop
  endfacet
  facet normal -0.866027 -0.499997 0
    outer loop
      vertex 106 78 0
      vertex 103 83.1962 3
      vertex 103 83.1962 0
    endloop
  endfacet
  facet normal -0.866027 -0.499997 0
    outer loop
      vertex 103 83.1962 3
      vertex 106 78 0
      vertex 106 78 3
    endloop
  endfacet
  facet normal 0 1 -0
    outer loop
      vertex 103 72.8038 0
      vertex 97 72.8038 3
      vertex 103 72.8038 3
    endloop
  endfacet
  facet normal 0 1 0
    outer loop
      vertex 97 72.8038 3
      vertex 103 72.8038 0
      vertex 97 72.8038 0
    endloop
  endfacet
  facet normal 0.866027 -0.499997 0
    outer loop
      vertex 94 78 3
      vertex 97 83.1962 0
      vertex 97 83.1962 3
    endloop
  endfacet
  facet normal 0.866027 -0.499997 0
    outer loop
      vertex 97 83.1962 0
      vertex 94 78 3
      vertex 94 78 0
    endloop
  endfacet
  facet normal 0 -1 0
    outer loop
      vertex 97 83.1962 0
      vertex 103 83.1962 3
      vertex 97 83.1962 3
    endloop
  endfacet
  facet normal 0 -1 -0
    outer loop
      vertex 103 83.1962 3
      vertex 97 83.1962 0
      vertex 103 83.1962 0
    endloop
  endfacet
  facet normal 0.866027 0.499997 0
    outer loop
      vertex 97 72.8038 3
      vertex 94 78 0
      vertex 94 78 3
    endloop
  endfacet
  facet normal 0.866027 0.499997 0
    outer loop
      vertex 94 78 0
      vertex 97 72.8038 3
      vertex 97 72.8038 0
    endloop
  endfacet
  facet normal -0.866027 0.499997 0
    outer loop
      vertex 103 72.8038 0
      vertex 106 78 3
      vertex 106 78 0
    endloop
  endfacet
  facet normal -0.866027 0.499997 0
    outer loop
      vertex 106 78 3
      vertex 103 72.8038 0
      vertex 103 72.8038 3
    endloop
  endfacet
  facet normal -0.866019 -0.500011 0
    outer loop
      vertex 106 98 0
      vertex 103 103.196 3
      vertex 103 103.196 0
    endloop
  endfacet
  facet normal -0.866019 -0.500011 0
    outer loop
      vertex 103 103.196 3
      vertex 106 98 0
      vertex 106 98 3
    endloop
  endfacet
  facet normal 0 1 -0
    outer loop
      vertex 103 92.8038 0
      vertex 97 92.8038 3
      vertex 103 92.8038 3
    endloop
  endfacet
  facet normal 0 1 0
    outer loop
      vertex 97 92.8038 3
      vertex 103 92.8038 0
      vertex 97 92.8038 0
    endloop
  endfacet
  facet normal 0.866019 -0.500011 0
    outer loop
      vertex 94 98 3
      vertex 97 103.196 0
      vertex 97 103.196 3
    endloop
  endfacet
  facet normal 0.866019 -0.500011 0
    outer loop
      vertex 97 103.196 0
      vertex 94 98 3
      vertex 94 98 0
    endloop
  endfacet
  facet normal 0 -1 0
    outer loop
      vertex 97 103.196 0
      vertex 103 103.196 3
      vertex 97 103.196 3
    endloop
  endfacet
  facet normal 0 -1 -0
    outer loop
      vertex 103 103.196 3
      vertex 97 103.196 0
      vertex 103 103.196 0
    endloop
  endfacet
  facet normal 0.866027 0.499997 0
    outer loop
      vertex 97 92.8038 3
      vertex 94 98 0
      vertex 94 98 3
    endloop
  endfacet
  facet normal 0.866027 0.499997 0
    outer loop
      vertex 94 98 0
      vertex 97 92.8038 3
      vertex 97 92.8038 0
    endloop
  endfacet
  facet normal -0.866027 0.499997 0
    outer loop
      vertex 103 92.8038 0
      vertex 106 98 3
      vertex 106 98 0
    endloop
  endfacet
  facet normal -0.866027 0.499997 0
    outer loop
      vertex 106 98 3
      vertex 103 92.8038 0
      vertex 103 92.8038 3
    endloop
  endfacet
  facet normal -0.866027 -0.499997 0
    outer loop
      vertex 126 18 0
      vertex 123 23.1962 3
      vertex 123 23.1962 0
    endloop
  endfacet
  facet normal -0.866027 -0.499997 0
    outer loop
      vertex 123 23.1962 3
      vertex 126 18 0
      vertex 126 18 3
    endloop
  endfacet
  facet normal 0 1 -0
    outer loop
      vertex 123 12.8038 0
      vertex 117 12.8038 3
      vertex 123 12.8038 3
    endloop
  endfacet
  facet normal 0 1 0
    outer loop
      vertex 117 12.8038 3
      vertex 123 12.8038 0
      vertex 117 12.8038 0
    endloop
  endfacet
  facet normal 0.866027 -0.499997 0
    outer loop
      vertex 114 18 3
      vertex 117 23.1962 0
      vertex 117 23.1962 3
    endloop
  endfacet
  facet normal 0.866027 -0.499997 0
    outer loop
      vertex 117 23.1962 0
      vertex 114 18 3
      vertex 114 18 0
    endloop
  endfacet
  facet normal 0 -1 0
    outer loop
      vertex 117 23.1962 0
      vertex 123 23.1962 3
      vertex 117 23.1962 3
    endloop
  endfacet
  facet normal 0 -1 -0
    outer loop
      vertex 123 23.1962 3
      vertex 117 23.1962 0
      vertex 123 23.1962 0
    endloop
  endfacet
  facet normal 0.866027 0.499997 0
    outer loop
      vertex 117 12.8038 3
      vertex 114 18 0
      vertex 114 18 3
    endloop
  endfacet
  facet normal 0.866027 0.499997 0
    outer loop
      vertex 114 18 0
      vertex 117 12.8038 3
      vertex 117 12.8038 0
    endloop
  endfacet
  facet normal -0.866027 0.499997 0
    outer loop
      vertex 123 12.8038 0
      vertex 126 18 3
      vertex 126 18 0
    endloop
  endfacet
  facet normal -0.866027 0.499997 0
    outer loop
      vertex 126 18 3
      vertex 123 12.8038 0
      vertex 123 12.8038 3
    endloop
  endfacet
  facet normal -0.866027 -0.499997 0
    outer loop
      vertex 126 38 0
      vertex 123 43.1962 3
      vertex 123 43.1962 0
    endloop
  endfacet
  facet normal -0.866027 -0.499997 0
    outer loop
      vertex 123 43.1962 3
      vertex 126 38 0
      vertex 126 38 3
    endloop
  endfacet
  facet normal 0 1 -0
    outer loop
      vertex 123 32.8038 0
      vertex 117 32.8038 3
      vertex 123 32.8038 3
    endloop
  endfacet
  facet normal 0 1 0
    outer loop
      vertex 117 32.8038 3
      vertex 123 32.8038 0
      vertex 117 32.8038 0
    endloop
  endfacet
  facet normal 0.866027 -0.499997 0
    outer loop
      vertex 114 38 3
      vertex 117 43.1962 0
      vertex 117 43.1962 3
    endloop
  endfacet
  facet normal 0.866027 -0.499997 0
    outer loop
      vertex 117 43.1962 0
      vertex 114 38 3
      vertex 114 38 0
    endloop
  endfacet
  facet normal 0 -1 0
    outer loop
      vertex 117 43.1962 0
      vertex 123 43.1962 3
      vertex 117 43.1962 3
    endloop
  endfacet
  facet normal 0 -1 -0
    outer loop
      vertex 123 43.1962 3
      vertex 117 43.1962 0
      vertex 123 43.1962 0
    endloop
  endfacet
  facet normal 0.866027 0.499997 0
    outer loop
      vertex 117 32.8038 3
      vertex 114 38 0
      vertex 114 38 3
    endloop
  endfacet
  facet normal 0.866027 0.499997 0
    outer loop
      vertex 114 38 0
      vertex 117 32.8038 3
      vertex 117 32.8038 0
    endloop
  endfacet
  facet normal -0.866027 0.499997 0
    outer loop
      vertex 123 32.8038 0
      vertex 126 38 3
      vertex 126 38 0
    endloop
  endfacet
  facet normal -0.866027 0.499997 0
    outer loop
      vertex 126 38 3
      vertex 123 32.8038 0
      vertex 123 32.8038 3
    endloop
  endfacet
  facet normal -0.866027 -0.499997 0
    outer loop
      vertex 126 58 0
      vertex 123 63.1962 3
      vertex 123 63.1962 0
    endloop
  endfacet
  facet normal -0.866027 -0.499997 0
    outer loop
      vertex 123 63.1962 3
      vertex 126 58 0
      vertex 126 58 3
    endloop
  endfacet
  facet normal 0 1 -0
    outer loop
      vertex 123 52.8038 0
      vertex 117 52.8038 3
      vertex 123 52.8038 3
    endloop
  endfacet
  facet normal 0 1 0
    outer loop
      vertex 117 52.8038 3
      vertex 123 52.8038 0
      vertex 117 52.8038 0
    endloop
  endfacet
  facet normal 0.866027 -0.499997 0
    outer loop
      vertex 114 58 3
      vertex 117 63.1962 0
      vertex 117 63.1962 3
    endloop
  endfacet
  facet normal 0.866027 -0.499997 0
    outer loop
      vertex 117 63.1962 0
      vertex 114 58 3
      vertex 114 58 0
    endloop
  endfacet
  facet normal 0 -1 0
    outer loop
      vertex 117 63.1962 0
      vertex 123 63.1962 3
      vertex 117 63.1962 3
    endloop
  endfacet
  facet normal 0 -1 -0
    outer loop
      vertex 123 63.1962 3
      vertex 117 63.1962 0
      vertex 123 63.1962 0
    endloop
  endfacet
  facet normal 0.866027 0.499997 0
    outer loop
      vertex 117 52.8038 3
      vertex 114 58 0
      vertex 114 58 3
    endloop
  endfacet
  facet normal 0.866027 0.499997 0
    outer loop
      vertex 114 58 0
      vertex 117 52.8038 3
      vertex 117 52.8038 0
    endloop
  endfacet
  facet normal -0.866027 0.499997 0
    outer loop
      vertex 123 52.8038 0
      vertex 126 58 3
      vertex 126 58 0
    endloop
  endfacet
  facet normal -0.866027 0.499997 0
    outer loop
      vertex 126 58 3
      vertex 123 52.8038 0
      vertex 123 52.8038 3
    endloop
  endfacet
  facet normal -0.866027 -0.499997 0
    outer loop
      vertex 126 78 0
      vertex 123 83.1962 3
      vertex 123 83.1962 0
    endloop
  endfacet
  facet normal -0.866027 -0.499997 0
    outer loop
      vertex 123 83.1962 3
      vertex 126 78 0
      vertex 126 78 3
    endloop
  endfacet
  facet normal 0 1 -0
    outer loop
      vertex 123 72.8038 0
      vertex 117 72.8038 3
      vertex 123 72.8038 3
    endloop
  endfacet
  facet normal 0 1 0
    outer loop
      vertex 117 72.8038 3
      vertex 123 72.8038 0
      vertex 117 72.8038 0
    endloop
  endfacet
  facet normal 0.866027 -0.499997 0
    outer loop
      vertex 114 78 3
      vertex 117 83.1962 0
      vertex 117 83.1962 3
    endloop
  endfacet
  facet normal 0.866027 -0.499997 0
    outer loop
      vertex 117 83.1962 0
      vertex 114 78 3
      vertex 114 78 0
    endloop
  endfacet
  facet normal 0 -1 0
    outer loop
      vertex 117 83.1962 0
      vertex 123 83.1962 3
      vertex 117 83.1962 3
    endloop
  endfacet
  facet normal 0 -1 -0
    outer loop
      vertex 123 83.1962 3
      vertex 117 83.1962 0
      vertex 123 83.1962 0
    endloop
  endfacet
  facet normal 0.866027 0.499997 0
    outer loop
      vertex 117 72.8038 3
      vertex 114 78 0
      vertex 114 78 3
    endloop
  endfacet
  facet normal 0.866027 0.499997 0
    outer loop
      vertex 114 78 0
      vertex 117 72.8038 3
      vertex 117 72.8038 0
    endloop
  endfacet
  facet normal -0.866027 0.499997 0
    outer loop
      vertex 123 72.8038 0
      vertex 126 78 3
      vertex 126 78 0
    endloop
  endfacet
  facet normal -0.866027 0.499997 0
    outer loop
      vertex 126 78 3
      vertex 123 72.8038 0
      vertex 123 72.8038 3
    endloop
  endfacet
  facet normal -0.866019 -0.500011 0
    outer loop
      vertex 126 98 0
      vertex 123 103.196 3
      vertex 123 103.196 0
    endloop
  endfacet
  facet normal -0.866019 -0.500011 0
    outer loop
      vertex 123 103.196 3
      vertex 126 98 0
      vertex 126 98 3
    endloop
  endfacet
  facet normal 0 1 -0
    outer loop
      vertex 123 92.8038 0
      vertex 117 92.8038 3
      vertex 123 92.8038 3
    endloop
  endfacet
  facet normal 0 1 0
    outer loop
      vertex 117 92.8038 3
      vertex 123 92.8038 0
      vertex 117 92.8038 0
    endloop
  endfacet
  facet normal 0.866019 -0.500011 0
    outer loop
      vertex 114 98 3
      vertex 117 103.196 0
      vertex 117 103.196 3
    endloop
  endfacet
  facet normal 0.866019 -0.500011 0
    outer loop
      vertex 117 103.196 0
      vertex 114 98 3
      vertex 114 98 0
    endloop
  endfacet
  facet normal 0 -1 0
    outer loop
      vertex 117 103.196 0
      vertex 123 103.196 3
      vertex 117 103.196 3
    endloop
  endfacet
  facet normal 0 -1 -0
    outer loop
      vertex 123 103.196 3
      vertex 117 103.196 0
      vertex 123 103.196 0
    endloop
  endfacet
  facet normal 0.866027 0.499997 0
    outer loop
      vertex 117 92.8038 3
      vertex 114 98 0
      vertex 114 98 3
    endloop
  endfacet
  facet normal 0.866027 0.499997 0
    outer loop
      vertex 114 98 0
      vertex 117 92.8038 3
      vertex 117 92.8038 0
    endloop
  endfacet
  facet normal -0.866027 0.499997 0
    outer loop
      vertex 123 92.8038 0
      vertex 126 98 3
      vertex 126 98 0
    endloop
  endfacet
  facet normal -0.866027 0.499997 0
    outer loop
      vertex 126 98 3
      vertex 123 92.8038 0
      vertex 123 92.8038 3
    endloop
  endfacet
  facet normal -0.866027 -0.499997 0
    outer loop
      vertex 146 18 0
      vertex 143 23.1962 3
      vertex 143 23.1962 0
    endloop
  endfacet
  facet normal -0.866027 -0.499997 0
    outer loop
      vertex 143 23.1962 3
      vertex 146 18 0
      vertex 146 18 3
    endloop
  endfacet
  facet normal 0 1 -0
    outer loop
      vertex 143 12.8038 0
      vertex 137 12.8038 3
      vertex 143 12.8038 3
    endloop
  endfacet
  facet normal 0 1 0
    outer loop
      vertex 137 12.8038 3
      vertex 143 12.8038 0
      vertex 137 12.8038 0
    endloop
  endfacet
  facet normal 0.866027 -0.499997 0
    outer loop
      vertex 134 18 3
      vertex 137 23.1962 0
      vertex 137 23.1962 3
    endloop
  endfacet
  facet normal 0.866027 -0.499997 0
    outer loop
      vertex 137 23.1962 0
      vertex 134 18 3
      vertex 134 18 0
    endloop
  endfacet
  facet normal 0 -1 0
    outer loop
      vertex 137 23.1962 0
      vertex 143 23.1962 3
      vertex 137 23.1962 3
    endloop
  endfacet
  facet normal 0 -1 -0
    outer loop
      vertex 143 23.1962 3
      vertex 137 23.1962 0
      vertex 143 23.1962 0
    endloop
  endfacet
  facet normal 0.866027 0.499997 0
    outer loop
      vertex 137 12.8038 3
      vertex 134 18 0
      vertex 134 18 3
    endloop
  endfacet
  facet normal 0.866027 0.499997 0
    outer loop
      vertex 134 18 0
      vertex 137 12.8038 3
      vertex 137 12.8038 0
    endloop
  endfacet
  facet normal -0.866027 0.499997 0
    outer loop
      vertex 143 12.8038 0
      vertex 146 18 3
      vertex 146 18 0
    endloop
  endfacet
  facet normal -0.866027 0.499997 0
    outer loop
      vertex 146 18 3
      vertex 143 12.8038 0
      vertex 143 12.8038 3
    endloop
  endfacet
  facet normal -0.866027 -0.499997 0
    outer loop
      vertex 146 38 0
      vertex 143 43.1962 3
      vertex 143 43.1962 0
    endloop
  endfacet
  facet normal -0.866027 -0.499997 0
    outer loop
      vertex 143 43.1962 3
      vertex 146 38 0
      vertex 146 38 3
    endloop
  endfacet
  facet normal 0 1 -0
    outer loop
      vertex 143 32.8038 0
      vertex 137 32.8038 3
      vertex 143 32.8038 3
    endloop
  endfacet
  facet normal 0 1 0
    outer loop
      vertex 137 32.8038 3
      vertex 143 32.8038 0
      vertex 137 32.8038 0
    endloop
  endfacet
  facet normal 0.866027 -0.499997 0
    outer loop
      vertex 134 38 3
      vertex 137 43.1962 0
      vertex 137 43.1962 3
    endloop
  endfacet
  facet normal 0.866027 -0.499997 0
    outer loop
      vertex 137 43.1962 0
      vertex 134 38 3
      vertex 134 38 0
    endloop
  endfacet
  facet normal 0 -1 0
    outer loop
      vertex 137 43.1962 0
      vertex 143 43.1962 3
      vertex 137 43.1962 3
    endloop
  endfacet
  facet normal 0 -1 -0
    outer loop
      vertex 143 43.1962 3
      vertex 137 43.1962 0
      vertex 143 43.1962 0
    endloop
  endfacet
  facet normal 0.866027 0.499997 0
    outer loop
      vertex 137 32.8038 3
      vertex 134 38 0
      vertex 134 38 3
    endloop
  endfacet
  facet normal 0.866027 0.499997 0
    outer loop
      vertex 134 38 0
      vertex 137 32.8038 3
      vertex 137 32.8038 0
    endloop
  endfacet
  facet normal -0.866027 0.499997 0
    outer loop
      vertex 143 32.8038 0
      vertex 146 38 3
      vertex 146 38 0
    endloop
  endfacet
  facet normal -0.866027 0.499997 0
    outer loop
      vertex 146 38 3
      vertex 143 32.8038 0
      vertex 143 32.8038 3
    endloop
  endfacet
  facet normal -0.866027 -0.499997 0
    outer loop
      vertex 146 58 0
      vertex 143 63.1962 3
      vertex 143 63.1962 0
    endloop
  endfacet
  facet normal -0.866027 -0.499997 0
    outer loop
      vertex 143 63.1962 3
      vertex 146 58 0
      vertex 146 58 3
    endloop
  endfacet
  facet normal 0 1 -0
    outer loop
      vertex 143 52.8038 0
      vertex 137 52.8038 3
      vertex 143 52.8038 3
    endloop
  endfacet
  facet normal 0 1 0
    outer loop
      vertex 137 52.8038 3
      vertex 143 52.8038 0
      vertex 137 52.8038 0
    endloop
  endfacet
  facet normal 0.866027 -0.499997 0
    outer loop
      vertex 134 58 3
      vertex 137 63.1962 0
      vertex 137 63.1962 3
    endloop
  endfacet
  facet normal 0.866027 -0.499997 0
    outer loop
      vertex 137 63.1962 0
      vertex 134 58 3
      vertex 134 58 0
    endloop
  endfacet
  facet normal 0 -1 0
    outer loop
      vertex 137 63.1962 0
      vertex 143 63.1962 3
      vertex 137 63.1962 3
    endloop
  endfacet
  facet normal 0 -1 -0
    outer loop
      vertex 143 63.1962 3
      vertex 137 63.1962 0
      vertex 143 63.1962 0
    endloop
  endfacet
  facet normal 0.866027 0.499997 0
    outer loop
      vertex 137 52.8038 3
      vertex 134 58 0
      vertex 134 58 3
    endloop
  endfacet
  facet normal 0.866027 0.499997 0
    outer loop
      vertex 134 58 0
      vertex 137 52.8038 3
      vertex 137 52.8038 0
    endloop
  endfacet
  facet normal -0.866027 0.499997 0
    outer loop
      vertex 143 52.8038 0
      vertex 146 58 3
      vertex 146 58 0
    endloop
  endfacet
  facet normal -0.866027 0.499997 0
    outer loop
      vertex 146 58 3
      vertex 143 52.8038 0
      vertex 143 52.8038 3
    endloop
  endfacet
  facet normal -0.866027 -0.499997 0
    outer loop
      vertex 146 78 0
      vertex 143 83.1962 3
      vertex 143 83.1962 0
    endloop
  endfacet
  facet normal -0.866027 -0.499997 0
    outer loop
      vertex 143 83.1962 3
      vertex 146 78 0
      vertex 146 78 3
    endloop
  endfacet
  facet normal 0 1 -0
    outer loop
      vertex 143 72.8038 0
      vertex 137 72.8038 3
      vertex 143 72.8038 3
    endloop
  endfacet
  facet normal 0 1 0
    outer loop
      vertex 137 72.8038 3
      vertex 143 72.8038 0
      vertex 137 72.8038 0
    endloop
  endfacet
  facet normal 0.866027 -0.499997 0
    outer loop
      vertex 134 78 3
      vertex 137 83.1962 0
      vertex 137 83.1962 3
    endloop
  endfacet
  facet normal 0.866027 -0.499997 0
    outer loop
      vertex 137 83.1962 0
      vertex 134 78 3
      vertex 134 78 0
    endloop
  endfacet
  facet normal 0 -1 0
    outer loop
      vertex 137 83.1962 0
      vertex 143 83.1962 3
      vertex 137 83.1962 3
    endloop
  endfacet
  facet normal 0 -1 -0
    outer loop
      vertex 143 83.1962 3
      vertex 137 83.1962 0
      vertex 143 83.1962 0
    endloop
  endfacet
  facet normal 0.866027 0.499997 0
    outer loop
      vertex 137 72.8038 3
      vertex 134 78 0
      vertex 134 78 3
    endloop
  endfacet
  facet normal 0.866027 0.499997 0
    outer loop
      vertex 134 78 0
      vertex 137 72.8038 3
      vertex 137 72.8038 0
    endloop
  endfacet
  facet normal -0.866027 0.499997 0
    outer loop
      vertex 143 72.8038 0
      vertex 146 78 3
      vertex 146 78 0
    endloop
  endfacet
  facet normal -0.866027 0.499997 0
    outer loop
      vertex 146 78 3
      vertex 143 72.8038 0
      vertex 143 72.8038 3
    endloop
  endfacet
  facet normal -0.866019 -0.500011 0
    outer loop
      vertex 146 98 0
      vertex 143 103.196 3
      vertex 143 103.196 0
    endloop
  endfacet
  facet normal -0.866019 -0.500011 0
    outer loop
      vertex 143 103.196 3
      vertex 146 98 0
      vertex 146 98 3
    endloop
  endfacet
  facet normal 0 1 -0
    outer loop
      vertex 143 92.8038 0
      vertex 137 92.8038 3
      vertex 143 92.8038 3
    endloop
  endfacet
  facet normal 0 1 0
    outer loop
      vertex 137 92.8038 3
      vertex 143 92.8038 0
      vertex 137 92.8038 0
    endloop
  endfacet
  facet normal 0.866019 -0.500011 0
    outer loop
      vertex 134 98 3
      vertex 137 103.196 0
      vertex 137 103.196 3
    endloop
  endfacet
  facet normal 0.866019 -0.500011 0
    outer loop
      vertex 137 103.196 0
      vertex 134 98 3
      vertex 134 98 0
    endloop
  endfacet
  facet normal 0 -1 0
    outer loop
      vertex 137 103.196 0
      vertex 143 103.196 3
      vertex 137 103.196 3
    endloop
  endfacet
  facet normal 0 -1 -0
    outer loop
      vertex 143 103.196 3
      vertex 137 103.196 0
      vertex 143 103.196 0
    endloop
  endfacet
  facet normal 0.866027 0.499997 0
    outer loop
      vertex 137 92.8038 3
      vertex 134 98 0
      vertex 134 98 3
    endloop
  endfacet
  facet normal 0.866027 0.499997 0
    outer loop
      vertex 134 98 0
      vertex 137 92.8038 3
      vertex 137 92.8038 0
    endloop
  endfacet
  facet normal -0.866027 0.499997 0
    outer loop
      vertex 143 92.8038 0
      vertex 146 98 3
      vertex 146 98 0
    endloop
  endfacet
  facet normal -0.866027 0.499997 0
    outer loop
      vertex 146 98 3
      vertex 143 92.8038 0
      vertex 143 92.8038 3
    endloop
  endfacet
  facet normal -0.866027 -0.499997 0
    outer loop
      vertex 166 18 0
      vertex 163 23.1962 3
      vertex 163 23.1962 0
    endloop
  endfacet
  facet normal -0.866027 -0.499997 0
    outer loop
      vertex 163 23.1962 3
      vertex 166 18 0
      vertex 166 18 3
    endloop
  endfacet
  facet normal 0 1 -0
    outer loop
      vertex 163 12.8038 0
      vertex 157 12.8038 3
      vertex 163 12.8038 3
    endloop
  endfacet
  facet normal 0 1 0
    outer loop
      vertex 157 12.8038 3
      vertex 163 12.8038 0
      vertex 157 12.8038 0
    endloop
  endfacet
  facet normal 0.866027 -0.499997 0
    outer loop
      vertex 154 18 3
      vertex 157 23.1962 0
      vertex 157 23.1962 3
    endloop
  endfacet
  facet normal 0.866027 -0.499997 0
    outer loop
      vertex 157 23.1962 0
      vertex 154 18 3
      vertex 154 18 0
    endloop
  endfacet
  facet normal 0 -1 0
    outer loop
      vertex 157 23.1962 0
      vertex 163 23.1962 3
      vertex 157 23.1962 3
    endloop
  endfacet
  facet normal 0 -1 -0
    outer loop
      vertex 163 23.1962 3
      vertex 157 23.1962 0
      vertex 163 23.1962 0
    endloop
  endfacet
  facet normal 0.866027 0.499997 0
    outer loop
      vertex 157 12.8038 3
      vertex 154 18 0
      vertex 154 18 3
    endloop
  endfacet
  facet normal 0.866027 0.499997 0
    outer loop
      vertex 154 18 0
      vertex 157 12.8038 3
      vertex 157 12.8038 0
    endloop
  endfacet
  facet normal -0.866027 0.499997 0
    outer loop
      vertex 163 12.8038 0
      vertex 166 18 3
      vertex 166 18 0
    endloop
  endfacet
  facet normal -0.866027 0.499997 0
    outer loop
      vertex 166 18 3
      vertex 163 12.8038 0
      vertex 163 12.8038 3
    endloop
  endfacet
  facet normal -0.866027 -0.499997 0
    outer loop
      vertex 166 38 0
      vertex 163 43.1962 3
      vertex 163 43.1962 0
    endloop
  endfacet
  facet normal -0.866027 -0.499997 0
    outer loop
      vertex 163 43.1962 3
      vertex 166 38 0
      vertex 166 38 3
    endloop
  endfacet
  facet normal 0 1 -0
    outer loop
      vertex 163 32.8038 0
      vertex 157 32.8038 3
      vertex 163 32.8038 3
    endloop
  endfacet
  facet normal 0 1 0
    outer loop
      vertex 157 32.8038 3
      vertex 163 32.8038 0
      vertex 157 32.8038 0
    endloop
  endfacet
  facet normal 0.866027 -0.499997 0
    outer loop
      vertex 154 38 3
      vertex 157 43.1962 0
      vertex 157 43.1962 3
    endloop
  endfacet
  facet normal 0.866027 -0.499997 0
    outer loop
      vertex 157 43.1962 0
      vertex 154 38 3
      vertex 154 38 0
    endloop
  endfacet
  facet normal 0 -1 0
    outer loop
      vertex 157 43.1962 0
      vertex 163 43.1962 3
      vertex 157 43.1962 3
    endloop
  endfacet
  facet normal 0 -1 -0
    outer loop
      vertex 163 43.1962 3
      vertex 157 43.1962 0
      vertex 163 43.1962 0
    endloop
  endfacet
  facet normal 0.866027 0.499997 0
    outer loop
      vertex 157 32.8038 3
      vertex 154 38 0
      vertex 154 38 3
    endloop
  endfacet
  facet normal 0.866027 0.499997 0
    outer loop
      vertex 154 38 0
      vertex 157 32.8038 3
      vertex 157 32.8038 0
    endloop
  endfacet
  facet normal -0.866027 0.499997 0
    outer loop
      vertex 163 32.8038 0
      vertex 166 38 3
      vertex 166 38 0
    endloop
  endfacet
  facet normal -0.866027 0.499997 0
    outer loop
      vertex 166 38 3
      vertex 163 32.8038 0
      vertex 163 32.8038 3
    endloop
  endfacet
  facet normal -0.866027 -0.499997 0
    outer loop
      vertex 166 58 0
      vertex 163 63.1962 3
      vertex 163 63.1962 0
    endloop
  endfacet
  facet normal -0.866027 -0.499997 0
    outer loop
      vertex 163 63.1962 3
      vertex 166 58 0
      vertex 166 58 3
    endloop
  endfacet
  facet normal 0 1 -0
    outer loop
      vertex 163 52.8038 0
      vertex 157 52.8038 3
      vertex 163 52.8038 3
    endloop
  endfacet
  facet normal 0 1 0
    outer loop
      vertex 157 52.8038 3
      vertex 163 52.8038 0
      vertex 157 52.8038 0
    endloop
  endfacet
  facet normal 0.866027 -0.499997 0
    outer loop
      vertex 154 58 3
      vertex 157 63.1962 0
      vertex 157 63.1962 3
    endloop
  endfacet
  facet normal 0.866027 -0.499997 0
    outer loop
      vertex 157 63.1962 0
      vertex 154 58 3
      vertex 154 58 0
    endloop
  endfacet
  facet normal 0 -1 0
    outer loop
      vertex 157 63.1962 0
      vertex 163 63.1962 3
      vertex 157 63.1962 3
    endloop
  endfacet
  facet normal 0 -1 -0
    outer loop
      vertex 163 63.1962 3
      vertex 157 63.1962 0
      vertex 163 63.1962 0
    endloop
  endfacet
  facet normal 0.866027 0.499997 0
    outer loop
      vertex 157 52.8038 3
      vertex 154 58 0
      vertex 154 58 3
    endloop
  endfacet
  facet normal 0.866027 0.499997 0
    outer loop
      vertex 154 58 0
      vertex 157 52.8038 3
      vertex 157 52.8038 0
    endloop
  endfacet
  facet normal -0.866027 0.499997 0
    outer loop
      vertex 163 52.8038 0
      vertex 166 58 3
      vertex 166 58 0
    endloop
  endfacet
  facet normal -0.866027 0.499997 0
    outer loop
      vertex 166 58 3
      vertex 163 52.8038 0
      vertex 163 52.8038 3
    endloop
  endfacet
  facet normal -0.866027 -0.499997 0
    outer loop
      vertex 166 78 0
      vertex 163 83.1962 3
      vertex 163 83.1962 0
    endloop
  endfacet
  facet normal -0.866027 -0.499997 0
    outer loop
      vertex 163 83.1962 3
      vertex 166 78 0
      vertex 166 78 3
    endloop
  endfacet
  facet normal 0 1 -0
    outer loop
      vertex 163 72.8038 0
      vertex 157 72.8038 3
      vertex 163 72.8038 3
    endloop
  endfacet
  facet normal 0 1 0
    outer loop
      vertex 157 72.8038 3
      vertex 163 72.8038 0
      vertex 157 72.8038 0
    endloop
  endfacet
  facet normal 0.866027 -0.499997 0
    outer loop
      vertex 154 78 3
      vertex 157 83.1962 0
      vertex 157 83.1962 3
    endloop
  endfacet
  facet normal 0.866027 -0.499997 0
    outer loop
      vertex 157 83.1962 0
      vertex 154 78 3
      vertex 154 78 0
    endloop
  endfacet
  facet normal 0 -1 0
    outer loop
      vertex 157 83.1962 0
      vertex 163 83.1962 3
      vertex 157 83.1962 3
    endloop
  endfacet
  facet normal 0 -1 -0
    outer loop
      vertex 163 83.1962 3
      vertex 157 83.1962 0
      vertex 163 83.1962 0
    endloop
  endfacet
  facet normal 0.866027 0.499997 0
    outer loop
      vertex 157 72.8038 3
      vertex 154 78 0
      vertex 154 78 3
    endloop
  endfacet
  facet normal 0.866027 0.499997 0
    outer loop
      vertex 154 78 0
      vertex 157 72.8038 3
      vertex 157 72.8038 0
    endloop
  endfacet
  facet normal -0.866027 0.499997 0
    outer loop
      vertex 163 72.8038 0
      vertex 166 78 3
      vertex 166 78 0
    endloop
  endfacet
  facet normal -0.866027 0.499997 0
    outer loop
      vertex 166 78 3
      vertex 163 72.8038 0
      vertex 163 72.8038 3
    endloop
  endfacet
  facet normal -0.866019 -0.500011 0
    outer loop
      vertex 166 98 0
      vertex 163 103.196 3
      vertex 163 103.196 0
    endloop
  endfacet
  facet normal -0.866019 -0.500011 0
    outer loop
      vertex 163 103.196 3
      vertex 166 98 0
      vertex 166 98 3
    endloop
  endfacet
  facet normal 0 1 -0
    outer loop
      vertex 163 92.8038 0
      vertex 157 92.8038 3
      vertex 163 92.8038 3
    endloop
  endfacet
  facet normal 0 1 0
    outer loop
      vertex 157 92.8038 3
      vertex 163 92.8038 0
      vertex 157 92.8038 0
    endloop
  endfacet
  facet normal 0.866019 -0.500011 0
    outer loop
      vertex 154 98 3
      vertex 157 103.196 0
      vertex 157 103.196 3
    endloop
  endfacet
  facet normal 0.866019 -0.500011 0
    outer loop
      vertex 157 103.196 0
      vertex 154 98 3
      vertex 154 98 0
    endloop
  endfacet
  facet normal 0 -1 0
    outer loop
      vertex 157 103.196 0
      vertex 163 103.196 3
      vertex 157 103.196 3
    endloop
  endfacet
  facet normal 0 -1 -0
    outer loop
      vertex 163 103.196 3
      vertex 157 103.196 0
      vertex 163 103.196 0
    endloop
  endfacet
  facet normal 0.866027 0.499997 0
    outer loop
      vertex 157 92.8038 3
      vertex 154 98 0
      vertex 154 98 3
    endloop
  endfacet
  facet normal 0.866027 0.499997 0
    outer loop
      vertex 154 98 0
      vertex 157 92.8038 3
      vertex 157 92.8038 0
    endloop
  endfacet
  facet normal -0.866027 0.499997 0
    outer loop
      vertex 163 92.8038 0
      vertex 166 98 3
      vertex 166 98 0
    endloop
  endfacet
  facet normal -0.866027 0.499997 0
    outer loop
      vertex 166 98 3
      vertex 163 92.8038 0
      vertex 163 92.8038 3
    endloop
  endfacet
  facet normal -0.866027 -0.499997 0
    outer loop
      vertex 186 18 0
      vertex 183 23.1962 3
      vertex 183 23.1962 0
    endloop
  endfacet
  facet normal -0.866027 -0.499997 0
    outer loop
      vertex 183 23.1962 3
      vertex 186 18 0
      vertex 186 18 3
    endloop
  endfacet
  facet normal 0 1 -0
    outer loop
      vertex 183 12.8038 0
      vertex 177 12.8038 3
      vertex 183 12.8038 3
    endloop
  endfacet
  facet normal 0 1 0
    outer loop
      vertex 177 12.8038 3
      vertex 183 12.8038 0
      vertex 177 12.8038 0
    endloop
  endfacet
  facet normal 0.866027 -0.499997 0
    outer loop
      vertex 174 18 3
      vertex 177 23.1962 0
      vertex 177 23.1962 3
    endloop
  endfacet
  facet normal 0.866027 -0.499997 0
    outer loop
      vertex 177 23.1962 0
      vertex 174 18 3
      vertex 174 18 0
    endloop
  endfacet
  facet normal 0 -1 0
    outer loop
      vertex 177 23.1962 0
      vertex 183 23.1962 3
      vertex 177 23.1962 3
    endloop
  endfacet
  facet normal 0 -1 -0
    outer loop
      vertex 183 23.1962 3
      vertex 177 23.1962 0
      vertex 183 23.1962 0
    endloop
  endfacet
  facet normal 0.866027 0.499997 0
    outer loop
      vertex 177 12.8038 3
      vertex 174 18 0
      vertex 174 18 3
    endloop
  endfacet
  facet normal 0.866027 0.499997 0
    outer loop
      vertex 174 18 0
      vertex 177 12.8038 3
      vertex 177 12.8038 0
    endloop
  endfacet
  facet normal -0.866027 0.499997 0
    outer loop
      vertex 183 12.8038 0
      vertex 186 18 3
      vertex 186 18 0
    endloop
  endfacet
  facet normal -0.866027 0.499997 0
    outer loop
      vertex 186 18 3
      vertex 183 12.8038 0
      vertex 183 12.8038 3
    endloop
  endfacet
  facet normal -0.866027 -0.499997 0
    outer loop
      vertex 186 38 0
      vertex 183 43.1962 3
      vertex 183 43.1962 0
    endloop
  endfacet
  facet normal -0.866027 -0.499997 0
    outer loop
      vertex 183 43.1962 3
      vertex 186 38 0
      vertex 186 38 3
    endloop
  endfacet
  facet normal 0 1 -0
    outer loop
      vertex 183 32.8038 0
      vertex 177 32.8038 3
      vertex 183 32.8038 3
    endloop
  endfacet
  facet normal 0 1 0
    outer loop
      vertex 177 32.8038 3
      vertex 183 32.8038 0
      vertex 177 32.8038 0
    endloop
  endfacet
  facet normal 0.866027 -0.499997 0
    outer loop
      vertex 174 38 3
      vertex 177 43.1962 0
      vertex 177 43.1962 3
    endloop
  endfacet
  facet normal 0.866027 -0.499997 0
    outer loop
      vertex 177 43.1962 0
      vertex 174 38 3
      vertex 174 38 0
    endloop
  endfacet
  facet normal 0 -1 0
    outer loop
      vertex 177 43.1962 0
      vertex 183 43.1962 3
      vertex 177 43.1962 3
    endloop
  endfacet
  facet normal 0 -1 -0
    outer loop
      vertex 183 43.1962 3
      vertex 177 43.1962 0
      vertex 183 43.1962 0
    endloop
  endfacet
  facet normal 0.866027 0.499997 0
    outer loop
      vertex 177 32.8038 3
      vertex 174 38 0
      vertex 174 38 3
    endloop
  endfacet
  facet normal 0.866027 0.499997 0
    outer loop
      vertex 174 38 0
      vertex 177 32.8038 3
      vertex 177 32.8038 0
    endloop
  endfacet
  facet normal -0.866027 0.499997 0
    outer loop
      vertex 183 32.8038 0
      vertex 186 38 3
      vertex 186 38 0
    endloop
  endfacet
  facet normal -0.866027 0.499997 0
    outer loop
      vertex 186 38 3
      vertex 183 32.8038 0
      vertex 183 32.8038 3
    endloop
  endfacet
  facet normal -0.866027 -0.499997 0
    outer loop
      vertex 186 58 0
      vertex 183 63.1962 3
      vertex 183 63.1962 0
    endloop
  endfacet
  facet normal -0.866027 -0.499997 0
    outer loop
      vertex 183 63.1962 3
      vertex 186 58 0
      vertex 186 58 3
    endloop
  endfacet
  facet normal 0 1 -0
    outer loop
      vertex 183 52.8038 0
      vertex 177 52.8038 3
      vertex 183 52.8038 3
    endloop
  endfacet
  facet normal 0 1 0
    outer loop
      vertex 177 52.8038 3
      vertex 183 52.8038 0
      vertex 177 52.8038 0
    endloop
  endfacet
  facet normal 0.866027 -0.499997 0
    outer loop
      vertex 174 58 3
      vertex 177 63.1962 0
      vertex 177 63.1962 3
    endloop
  endfacet
  facet normal 0.866027 -0.499997 0
    outer loop
      vertex 177 63.1962 0
      vertex 174 58 3
      vertex 174 58 0
    endloop
  endfacet
  facet normal 0 -1 0
    outer loop
      vertex 177 63.1962 0
      vertex 183 63.1962 3
      vertex 177 63.1962 3
    endloop
  endfacet
  facet normal 0 -1 -0
    outer loop
      vertex 183 63.1962 3
      vertex 177 63.1962 0
      vertex 183 63.1962 0
    endloop
  endfacet
  facet normal 0.866027 0.499997 0
    outer loop
      vertex 177 52.8038 3
      vertex 174 58 0
      vertex 174 58 3
    endloop
  endfacet
  facet normal 0.866027 0.499997 0
    outer loop
      vertex 174 58 0
      vertex 177 52.8038 3
      vertex 177 52.8038 0
    endloop
  endfacet
  facet normal -0.866027 0.499997 0
    outer loop
      vertex 183 52.8038 0
      vertex 186 58 3
      vertex 186 58 0
    endloop
  endfacet
  facet normal -0.866027 0.499997 0
    outer loop
      vertex 186 58 3
      vertex 183 52.8038 0
      vertex 183 52.8038 3
    endloop
  endfacet
  facet normal -0.866027 -0.499997 0
    outer loop
      vertex 186 78 0
      vertex 183 83.1962 3
      vertex 183 83.1962 0
    endloop
  endfacet
  facet normal -0.866027 -0.499997 0
    outer loop
      vertex 183 83.1962 3
      vertex 186 78 0
      vertex 186 78 3
    endloop
  endfacet
  facet normal 0 1 -0
    outer loop
      vertex 183 72.8038 0
      vertex 177 72.8038 3
      vertex 183 72.8038 3
    endloop
  endfacet
  facet normal 0 1 0
    outer loop
      vertex 177 72.8038 3
      vertex 183 72.8038 0
      vertex 177 72.8038 0
    endloop
  endfacet
  facet normal 0.866027 -0.499997 0
    outer loop
      vertex 174 78 3
      vertex 177 83.1962 0
      vertex 177 83.1962 3
    endloop
  endfacet
  facet normal 0.866027 -0.499997 0
    outer loop
      vertex 177 83.1962 0
      vertex 174 78 3
      vertex 174 78 0
    endloop
  endfacet
  facet normal 0 -1 0
    outer loop
      vertex 177 83.1962 0
      vertex 183 83.1962 3
      vertex 177 83.1962 3
    endloop
  endfacet
  facet normal 0 -1 -0
    outer loop
      vertex 183 83.1962 3
      vertex 177 83.1962 0
      vertex 183 83.1962 0
    endloop
  endfacet
  facet normal 0.866027 0.499997 0
    outer loop
      vertex 177 72.8038 3
      vertex 174 78 0
      vertex 174 78 3
    endloop
  endfacet
  facet normal 0.866027 0.499997 0
    outer loop
      vertex 174 78 0
      vertex 177 72.8038 3
      vertex 177 72.8038 0
    endloop
  endfacet
  facet normal -0.866027 0.499997 0
    outer loop
      vertex 183 72.8038 0
      vertex 186 78 3
      vertex 186 78 0
    endloop
  endfacet
  facet normal -0.866027 0.499997 0
    outer loop
      vertex 186 78 3
      vertex 183 72.8038 0
      vertex 183 72.8038 3
    endloop
  endfacet
  facet normal -0.866019 -0.500011 0
    outer loop
      vertex 186 98 0
      vertex 183 103.196 3
      vertex 183 103.196 0
    endloop
  endfacet
  facet normal -0.866019 -0.500011 0
    outer loop
      vertex 183 103.196 3
      vertex 186 98 0
      vertex 186 98 3
    endloop
  endfacet
  facet normal 0 1 -0
    outer loop
      vertex 183 92.8038 0
      vertex 177 92.8038 3
      vertex 183 92.8038 3
    endloop
  endfacet
  facet normal 0 1 0
    outer loop
      vertex 177 92.8038 3
      vertex 183 92.8038 0
      vertex 177 92.8038 0
    endloop
  endfacet
  facet normal 0.866019 -0.500011 0
    outer loop
      vertex 174 98 3
      vertex 177 103.196 0
      vertex 177 103.196 3
    endloop
  endfacet
  facet normal 0.866019 -0.500011 0
    outer loop
      vertex 177 103.196 0
      vertex 174 98 3
      vertex 174 98 0
    endloop
  endfacet
  facet normal 0 -1 0
    outer loop
      vertex 177 103.196 0
      vertex 183 103.196 3
      vertex 177 103.196 3
    endloop
  endfacet
  facet normal 0 -1 -0
    outer loop
      vertex 183 103.196 3
      vertex 177 103.196 0
      vertex 183 103.196 0
    endloop
  endfacet
  facet normal 0.866027 0.499997 0
    outer loop
      vertex 177 92.8038 3
      vertex 174 98 0
      vertex 174 98 3
    endloop
  endfacet
  facet normal 0.866027 0.499997 0
    outer loop
      vertex 174 98 0
      vertex 177 92.8038 3
      vertex 177 92.8038 0
    endloop
  endfacet
  facet normal -0.866027 0.499997 0
    outer loop
      vertex 183 92.8038 0
      vertex 186 98 3
      vertex 186 98 0
    endloop
  endfacet
  facet normal -0.866027 0.499997 0
    outer loop
      vertex 186 98 3
      vertex 183 92.8038 0
      vertex 183 92.8038 3
    endloop
  endfacet
  facet normal -1 0 0
    outer loop
      vertex 0 0 0
      vertex 0 130 3
      vertex 0 130 0
    endloop
  endfacet
  facet normal -1 -0 0
    outer loop
      vertex 0 130 3
      vertex 0 0 0
      vertex 0 0 3
    endloop
  endfacet
  facet normal 0 0 1
    outer loop
      vertex 17 12.8038 3
      vertex 15.2223 10.352 3
      vertex 15.25 10 3
    endloop
  endfacet
  facet normal 0 0 1
    outer loop
      vertex 17 12.8038 3
      vertex 15.1399 10.6953 3
      vertex 15.2223 10.352 3
    endloop
  endfacet
  facet normal 0 0 1
    outer loop
      vertex 17 12.8038 3
      vertex 15.0048 11.0215 3
      vertex 15.1399 10.6953 3
    endloop
  endfacet
  facet normal 0 0 1
    outer loop
      vertex 17 12.8038 3
      vertex 14.8203 11.3225 3
      vertex 15.0048 11.0215 3
    endloop
  endfacet
  facet normal 0 0 1
    outer loop
      vertex 17 12.8038 3
      vertex 14.591 11.591 3
      vertex 14.8203 11.3225 3
    endloop
  endfacet
  facet normal 0 0 1
    outer loop
      vertex 17 12.8038 3
      vertex 14.3225 11.8203 3
      vertex 14.591 11.591 3
    endloop
  endfacet
  facet normal 0 0 1
    outer loop
      vertex 17 12.8038 3
      vertex 14.0215 12.0048 3
      vertex 14.3225 11.8203 3
    endloop
  endfacet
  facet normal 0 0 1
    outer loop
      vertex 13.6953 12.1399 3
      vertex 17 12.8038 3
      vertex 14 18 3
    endloop
  endfacet
  facet normal 0 0 1
    outer loop
      vertex 17 12.8038 3
      vertex 13.6953 12.1399 3
      vertex 14.0215 12.0048 3
    endloop
  endfacet
  facet normal 0 0 1
    outer loop
      vertex 14 38 3
      vertex 13.6953 12.1399 3
      vertex 14 18 3
    endloop
  endfacet
  facet normal 0 0 1
    outer loop
      vertex 6.30471 117.86 3
      vertex 14 98 3
      vertex 6.64802 117.778 3
    endloop
  endfacet
  facet normal 0 0 1
    outer loop
      vertex 14 38 3
      vertex 13.352 12.2223 3
      vertex 13.6953 12.1399 3
    endloop
  endfacet
  facet normal 0 0 1
    outer loop
      vertex 5.97852 117.995 3
      vertex 14 98 3
      vertex 6.30471 117.86 3
    endloop
  endfacet
  facet normal 0 0 1
    outer loop
      vertex 14 38 3
      vertex 13 12.25 3
      vertex 13.352 12.2223 3
    endloop
  endfacet
  facet normal 0 0 1
    outer loop
      vertex 5.67748 118.18 3
      vertex 14 98 3
      vertex 5.97852 117.995 3
    endloop
  endfacet
  facet normal 0 0 1
    outer loop
      vertex 14 38 3
      vertex 7 12.25 3
      vertex 13 12.25 3
    endloop
  endfacet
  facet normal 0 0 1
    outer loop
      vertex 5.40901 118.409 3
      vertex 14 98 3
      vertex 5.67748 118.18 3
    endloop
  endfacet
  facet normal 0 0 1
    outer loop
      vertex 14 38 3
      vertex 6.64802 12.2223 3
      vertex 7 12.25 3
    endloop
  endfacet
  facet normal 0 0 1
    outer loop
      vertex 5.17971 118.677 3
      vertex 14 98 3
      vertex 5.40901 118.409 3
    endloop
  endfacet
  facet normal 0 0 1
    outer loop
      vertex 14 38 3
      vertex 6.30471 12.1399 3
      vertex 6.64802 12.2223 3
    endloop
  endfacet
  facet normal 0 0 1
    outer loop
      vertex 14 98 3
      vertex 5.17971 118.677 3
      vertex 14 78 3
    endloop
  endfacet
  facet normal 0 0 1
    outer loop
      vertex 14 38 3
      vertex 5.97852 12.0048 3
      vertex 6.30471 12.1399 3
    endloop
  endfacet
  facet normal 0 0 1
    outer loop
      vertex 4.99523 118.979 3
      vertex 14 78 3
      vertex 5.17971 118.677 3
    endloop
  endfacet
  facet normal 0 0 1
    outer loop
      vertex 14 38 3
      vertex 5.67748 11.8203 3
      vertex 5.97852 12.0048 3
    endloop
  endfacet
  facet normal 0 0 1
    outer loop
      vertex 4.86012 119.305 3
      vertex 14 78 3
      vertex 4.99523 118.979 3
    endloop
  endfacet
  facet normal 0 0 1
    outer loop
      vertex 14 38 3
      vertex 5.40901 11.591 3
      vertex 5.67748 11.8203 3
    endloop
  endfacet
  facet normal 0 0 1
    outer loop
      vertex 0 130 3
      vertex 14 78 3
      vertex 4.86012 119.305 3
    endloop
  endfacet
  facet normal 0 0 1
    outer loop
      vertex 14 38 3
      vertex 5.17971 11.3225 3
      vertex 5.40901 11.591 3
    endloop
  endfacet
  facet normal 0 0 1
    outer loop
      vertex 14 58 3
      vertex 4.99523 11.0215 3
      vertex 14 38 3
    endloop
  endfacet
  facet normal 0 0 1
    outer loop
      vertex 14 38 3
      vertex 4.99523 11.0215 3
      vertex 5.17971 11.3225 3
    endloop
  endfacet
  facet normal 0 0 1
    outer loop
      vertex 14 78 3
      vertex 0 130 3
      vertex 14 58 3
    endloop
  endfacet
  facet normal 0 0 1
    outer loop
      vertex 14 58 3
      vertex 4.86012 10.6953 3
      vertex 4.99523 11.0215 3
    endloop
  endfacet
  facet normal 0 0 1
    outer loop
      vertex 0 130 3
      vertex 4.86012 119.305 3
      vertex 4.7777 119.648 3
    endloop
  endfacet
  facet normal 0 0 1
    outer loop
      vertex 0 0 3
      vertex 14 58 3
      vertex 0 130 3
    endloop
  endfacet
  facet normal 0 0 1
    outer loop
      vertex 0 130 3
      vertex 4.7777 119.648 3
      vertex 4.75 120 3
    endloop
  endfacet
  facet normal 0 0 1
    outer loop
      vertex 14 58 3
      vertex 0 0 3
      vertex 4.86012 10.6953 3
    endloop
  endfacet
  facet normal 0 0 1
    outer loop
      vertex 23 23.1962 3
      vertex 37 23.1962 3
      vertex 23 32.8038 3
    endloop
  endfacet
  facet normal 0 0 1
    outer loop
      vertex 37 23.1962 3
      vertex 23 23.1962 3
      vertex 26 18 3
    endloop
  endfacet
  facet normal -0 0 1
    outer loop
      vertex 17 32.8038 3
      vertex 23 23.1962 3
      vertex 23 32.8038 3
    endloop
  endfacet
  facet normal 0 0 1
    outer loop
      vertex 17 32.8038 3
      vertex 17 23.1962 3
      vertex 23 23.1962 3
    endloop
  endfacet
  facet normal 0 0 1
    outer loop
      vertex 14 38 3
      vertex 17 23.1962 3
      vertex 17 32.8038 3
    endloop
  endfacet
  facet normal 0 0 1
    outer loop
      vertex 17 23.1962 3
      vertex 14 38 3
      vertex 14 18 3
    endloop
  endfacet
  facet normal 0 0 1
    outer loop
      vertex 23 43.1962 3
      vertex 37 43.1962 3
      vertex 23 52.8038 3
    endloop
  endfacet
  facet normal 0 0 1
    outer loop
      vertex 37 43.1962 3
      vertex 23 43.1962 3
      vertex 26 38 3
    endloop
  endfacet
  facet normal -0 0 1
    outer loop
      vertex 17 52.8038 3
      vertex 23 43.1962 3
      vertex 23 52.8038 3
    endloop
  endfacet
  facet normal 0 0 1
    outer loop
      vertex 17 52.8038 3
      vertex 17 43.1962 3
      vertex 23 43.1962 3
    endloop
  endfacet
  facet normal 0 0 1
    outer loop
      vertex 14 58 3
      vertex 17 43.1962 3
      vertex 17 52.8038 3
    endloop
  endfacet
  facet normal 0 0 1
    outer loop
      vertex 17 43.1962 3
      vertex 14 58 3
      vertex 14 38 3
    endloop
  endfacet
  facet normal 0 0 1
    outer loop
      vertex 23 63.1962 3
      vertex 37 63.1962 3
      vertex 23 72.8038 3
    endloop
  endfacet
  facet normal 0 0 1
    outer loop
      vertex 37 63.1962 3
      vertex 23 63.1962 3
      vertex 26 58 3
    endloop
  endfacet
  facet normal -0 0 1
    outer loop
      vertex 17 72.8038 3
      vertex 23 63.1962 3
      vertex 23 72.8038 3
    endloop
  endfacet
  facet normal 0 0 1
    outer loop
      vertex 17 72.8038 3
      vertex 17 63.1962 3
      vertex 23 63.1962 3
    endloop
  endfacet
  facet normal 0 0 1
    outer loop
      vertex 14 78 3
      vertex 17 63.1962 3
      vertex 17 72.8038 3
    endloop
  endfacet
  facet normal 0 0 1
    outer loop
      vertex 17 63.1962 3
      vertex 14 78 3
      vertex 14 58 3
    endloop
  endfacet
  facet normal 0 0 1
    outer loop
      vertex 23 83.1962 3
      vertex 37 83.1962 3
      vertex 23 92.8038 3
    endloop
  endfacet
  facet normal 0 0 1
    outer loop
      vertex 37 83.1962 3
      vertex 23 83.1962 3
      vertex 26 78 3
    endloop
  endfacet
  facet normal -0 0 1
    outer loop
      vertex 17 92.8038 3
      vertex 23 83.1962 3
      vertex 23 92.8038 3
    endloop
  endfacet
  facet normal 0 0 1
    outer loop
      vertex 17 92.8038 3
      vertex 17 83.1962 3
      vertex 23 83.1962 3
    endloop
  endfacet
  facet normal 0 0 1
    outer loop
      vertex 14 98 3
      vertex 17 83.1962 3
      vertex 17 92.8038 3
    endloop
  endfacet
  facet normal 0 0 1
    outer loop
      vertex 17 83.1962 3
      vertex 14 98 3
      vertex 14 78 3
    endloop
  endfacet
  facet normal 0 0 1
    outer loop
      vertex 43 23.1962 3
      vertex 57 23.1962 3
      vertex 43 32.8038 3
    endloop
  endfacet
  facet normal 0 0 1
    outer loop
      vertex 57 23.1962 3
      vertex 43 23.1962 3
      vertex 46 18 3
    endloop
  endfacet
  facet normal -0 0 1
    outer loop
      vertex 37 32.8038 3
      vertex 43 23.1962 3
      vertex 43 32.8038 3
    endloop
  endfacet
  facet normal 0 0 1
    outer loop
      vertex 37 32.8038 3
      vertex 37 23.1962 3
      vertex 43 23.1962 3
    endloop
  endfacet
  facet normal -0 0 1
    outer loop
      vertex 26 38 3
      vertex 37 32.8038 3
      vertex 34 38 3
    endloop
  endfacet
  facet normal 0 0 1
    outer loop
      vertex 23 32.8038 3
      vertex 37 32.8038 3
      vertex 26 38 3
    endloop
  endfacet
  facet normal 0 0 1
    outer loop
      vertex 43 43.1962 3
      vertex 57 43.1962 3
      vertex 43 52.8038 3
    endloop
  endfacet
  facet normal 0 0 1
    outer loop
      vertex 57 43.1962 3
      vertex 43 43.1962 3
      vertex 46 38 3
    endloop
  endfacet
  facet normal -0 0 1
    outer loop
      vertex 37 52.8038 3
      vertex 43 43.1962 3
      vertex 43 52.8038 3
    endloop
  endfacet
  facet normal 0 0 1
    outer loop
      vertex 37 52.8038 3
      vertex 37 43.1962 3
      vertex 43 43.1962 3
    endloop
  endfacet
  facet normal -0 0 1
    outer loop
      vertex 26 58 3
      vertex 37 52.8038 3
      vertex 34 58 3
    endloop
  endfacet
  facet normal 0 0 1
    outer loop
      vertex 23 52.8038 3
      vertex 37 52.8038 3
      vertex 26 58 3
    endloop
  endfacet
  facet normal 0 0 1
    outer loop
      vertex 43 63.1962 3
      vertex 57 63.1962 3
      vertex 43 72.8038 3
    endloop
  endfacet
  facet normal 0 0 1
    outer loop
      vertex 57 63.1962 3
      vertex 43 63.1962 3
      vertex 46 58 3
    endloop
  endfacet
  facet normal -0 0 1
    outer loop
      vertex 37 72.8038 3
      vertex 43 63.1962 3
      vertex 43 72.8038 3
    endloop
  endfacet
  facet normal 0 0 1
    outer loop
      vertex 37 72.8038 3
      vertex 37 63.1962 3
      vertex 43 63.1962 3
    endloop
  endfacet
  facet normal -0 0 1
    outer loop
      vertex 26 78 3
      vertex 37 72.8038 3
      vertex 34 78 3
    endloop
  endfacet
  facet normal 0 0 1
    outer loop
      vertex 23 72.8038 3
      vertex 37 72.8038 3
      vertex 26 78 3
    endloop
  endfacet
  facet normal 0 0 1
    outer loop
      vertex 43 83.1962 3
      vertex 57 83.1962 3
      vertex 43 92.8038 3
    endloop
  endfacet
  facet normal 0 0 1
    outer loop
      vertex 57 83.1962 3
      vertex 43 83.1962 3
      vertex 46 78 3
    endloop
  endfacet
  facet normal -0 0 1
    outer loop
      vertex 37 92.8038 3
      vertex 43 83.1962 3
      vertex 43 92.8038 3
    endloop
  endfacet
  facet normal 0 0 1
    outer loop
      vertex 37 92.8038 3
      vertex 37 83.1962 3
      vertex 43 83.1962 3
    endloop
  endfacet
  facet normal -0 0 1
    outer loop
      vertex 26 98 3
      vertex 37 92.8038 3
      vertex 34 98 3
    endloop
  endfacet
  facet normal 0 0 1
    outer loop
      vertex 23 92.8038 3
      vertex 37 92.8038 3
      vertex 26 98 3
    endloop
  endfacet
  facet normal 0 0 1
    outer loop
      vertex 63 23.1962 3
      vertex 77 23.1962 3
      vertex 63 32.8038 3
    endloop
  endfacet
  facet normal 0 0 1
    outer loop
      vertex 77 23.1962 3
      vertex 63 23.1962 3
      vertex 66 18 3
    endloop
  endfacet
  facet normal -0 0 1
    outer loop
      vertex 57 32.8038 3
      vertex 63 23.1962 3
      vertex 63 32.8038 3
    endloop
  endfacet
  facet normal 0 0 1
    outer loop
      vertex 57 32.8038 3
      vertex 57 23.1962 3
      vertex 63 23.1962 3
    endloop
  endfacet
  facet normal -0 0 1
    outer loop
      vertex 46 38 3
      vertex 57 32.8038 3
      vertex 54 38 3
    endloop
  endfacet
  facet normal 0 0 1
    outer loop
      vertex 43 32.8038 3
      vertex 57 32.8038 3
      vertex 46 38 3
    endloop
  endfacet
  facet normal 0 0 1
    outer loop
      vertex 63 43.1962 3
      vertex 77 43.1962 3
      vertex 63 52.8038 3
    endloop
  endfacet
  facet normal 0 0 1
    outer loop
      vertex 77 43.1962 3
      vertex 63 43.1962 3
      vertex 66 38 3
    endloop
  endfacet
  facet normal -0 0 1
    outer loop
      vertex 57 52.8038 3
      vertex 63 43.1962 3
      vertex 63 52.8038 3
    endloop
  endfacet
  facet normal 0 0 1
    outer loop
      vertex 57 52.8038 3
      vertex 57 43.1962 3
      vertex 63 43.1962 3
    endloop
  endfacet
  facet normal -0 0 1
    outer loop
      vertex 46 58 3
      vertex 57 52.8038 3
      vertex 54 58 3
    endloop
  endfacet
  facet normal 0 0 1
    outer loop
      vertex 43 52.8038 3
      vertex 57 52.8038 3
      vertex 46 58 3
    endloop
  endfacet
  facet normal 0 0 1
    outer loop
      vertex 63 63.1962 3
      vertex 77 63.1962 3
      vertex 63 72.8038 3
    endloop
  endfacet
  facet normal 0 0 1
    outer loop
      vertex 77 63.1962 3
      vertex 63 63.1962 3
      vertex 66 58 3
    endloop
  endfacet
  facet normal -0 0 1
    outer loop
      vertex 57 72.8038 3
      vertex 63 63.1962 3
      vertex 63 72.8038 3
    endloop
  endfacet
  facet normal 0 0 1
    outer loop
      vertex 57 72.8038 3
      vertex 57 63.1962 3
      vertex 63 63.1962 3
    endloop
  endfacet
  facet normal -0 0 1
    outer loop
      vertex 46 78 3
      vertex 57 72.8038 3
      vertex 54 78 3
    endloop
  endfacet
  facet normal 0 0 1
    outer loop
      vertex 43 72.8038 3
      vertex 57 72.8038 3
      vertex 46 78 3
    endloop
  endfacet
  facet normal 0 0 1
    outer loop
      vertex 63 83.1962 3
      vertex 77 83.1962 3
      vertex 63 92.8038 3
    endloop
  endfacet
  facet normal 0 0 1
    outer loop
      vertex 77 83.1962 3
      vertex 63 83.1962 3
      vertex 66 78 3
    endloop
  endfacet
  facet normal -0 0 1
    outer loop
      vertex 57 92.8038 3
      vertex 63 83.1962 3
      vertex 63 92.8038 3
    endloop
  endfacet
  facet normal 0 0 1
    outer loop
      vertex 57 92.8038 3
      vertex 57 83.1962 3
      vertex 63 83.1962 3
    endloop
  endfacet
  facet normal -0 0 1
    outer loop
      vertex 46 98 3
      vertex 57 92.8038 3
      vertex 54 98 3
    endloop
  endfacet
  facet normal 0 0 1
    outer loop
      vertex 43 92.8038 3
      vertex 57 92.8038 3
      vertex 46 98 3
    endloop
  endfacet
  facet normal 0 0 1
    outer loop
      vertex 83 23.1962 3
      vertex 97 23.1962 3
      vertex 83 32.8038 3
    endloop
  endfacet
  facet normal 0 0 1
    outer loop
      vertex 97 23.1962 3
      vertex 83 23.1962 3
      vertex 86 18 3
    endloop
  endfacet
  facet normal -0 0 1
    outer loop
      vertex 77 32.8038 3
      vertex 83 23.1962 3
      vertex 83 32.8038 3
    endloop
  endfacet
  facet normal 0 0 1
    outer loop
      vertex 77 32.8038 3
      vertex 77 23.1962 3
      vertex 83 23.1962 3
    endloop
  endfacet
  facet normal -0 0 1
    outer loop
      vertex 66 38 3
      vertex 77 32.8038 3
      vertex 74 38 3
    endloop
  endfacet
  facet normal 0 0 1
    outer loop
      vertex 63 32.8038 3
      vertex 77 32.8038 3
      vertex 66 38 3
    endloop
  endfacet
  facet normal 0 0 1
    outer loop
      vertex 83 43.1962 3
      vertex 97 43.1962 3
      vertex 83 52.8038 3
    endloop
  endfacet
  facet normal 0 0 1
    outer loop
      vertex 97 43.1962 3
      vertex 83 43.1962 3
      vertex 86 38 3
    endloop
  endfacet
  facet normal -0 0 1
    outer loop
      vertex 77 52.8038 3
      vertex 83 43.1962 3
      vertex 83 52.8038 3
    endloop
  endfacet
  facet normal 0 0 1
    outer loop
      vertex 77 52.8038 3
      vertex 77 43.1962 3
      vertex 83 43.1962 3
    endloop
  endfacet
  facet normal -0 0 1
    outer loop
      vertex 66 58 3
      vertex 77 52.8038 3
      vertex 74 58 3
    endloop
  endfacet
  facet normal 0 0 1
    outer loop
      vertex 63 52.8038 3
      vertex 77 52.8038 3
      vertex 66 58 3
    endloop
  endfacet
  facet normal 0 0 1
    outer loop
      vertex 83 63.1962 3
      vertex 97 63.1962 3
      vertex 83 72.8038 3
    endloop
  endfacet
  facet normal 0 0 1
    outer loop
      vertex 97 63.1962 3
      vertex 83 63.1962 3
      vertex 86 58 3
    endloop
  endfacet
  facet normal -0 0 1
    outer loop
      vertex 77 72.8038 3
      vertex 83 63.1962 3
      vertex 83 72.8038 3
    endloop
  endfacet
  facet normal 0 0 1
    outer loop
      vertex 77 72.8038 3
      vertex 77 63.1962 3
      vertex 83 63.1962 3
    endloop
  endfacet
  facet normal -0 0 1
    outer loop
      vertex 66 78 3
      vertex 77 72.8038 3
      vertex 74 78 3
    endloop
  endfacet
  facet normal 0 0 1
    outer loop
      vertex 63 72.8038 3
      vertex 77 72.8038 3
      vertex 66 78 3
    endloop
  endfacet
  facet normal 0 0 1
    outer loop
      vertex 83 83.1962 3
      vertex 97 83.1962 3
      vertex 83 92.8038 3
    endloop
  endfacet
  facet normal 0 0 1
    outer loop
      vertex 97 83.1962 3
      vertex 83 83.1962 3
      vertex 86 78 3
    endloop
  endfacet
  facet normal -0 0 1
    outer loop
      vertex 77 92.8038 3
      vertex 83 83.1962 3
      vertex 83 92.8038 3
    endloop
  endfacet
  facet normal 0 0 1
    outer loop
      vertex 77 92.8038 3
      vertex 77 83.1962 3
      vertex 83 83.1962 3
    endloop
  endfacet
  facet normal -0 0 1
    outer loop
      vertex 66 98 3
      vertex 77 92.8038 3
      vertex 74 98 3
    endloop
  endfacet
  facet normal 0 0 1
    outer loop
      vertex 63 92.8038 3
      vertex 77 92.8038 3
      vertex 66 98 3
    endloop
  endfacet
  facet normal 0 0 1
    outer loop
      vertex 103 23.1962 3
      vertex 117 23.1962 3
      vertex 103 32.8038 3
    endloop
  endfacet
  facet normal 0 0 1
    outer loop
      vertex 117 23.1962 3
      vertex 103 23.1962 3
      vertex 106 18 3
    endloop
  endfacet
  facet normal -0 0 1
    outer loop
      vertex 97 32.8038 3
      vertex 103 23.1962 3
      vertex 103 32.8038 3
    endloop
  endfacet
  facet normal 0 0 1
    outer loop
      vertex 97 32.8038 3
      vertex 97 23.1962 3
      vertex 103 23.1962 3
    endloop
  endfacet
  facet normal -0 0 1
    outer loop
      vertex 86 38 3
      vertex 97 32.8038 3
      vertex 94 38 3
    endloop
  endfacet
  facet normal 0 0 1
    outer loop
      vertex 83 32.8038 3
      vertex 97 32.8038 3
      vertex 86 38 3
    endloop
  endfacet
  facet normal 0 0 1
    outer loop
      vertex 103 43.1962 3
      vertex 117 43.1962 3
      vertex 103 52.8038 3
    endloop
  endfacet
  facet normal 0 0 1
    outer loop
      vertex 117 43.1962 3
      vertex 103 43.1962 3
      vertex 106 38 3
    endloop
  endfacet
  facet normal -0 0 1
    outer loop
      vertex 97 52.8038 3
      vertex 103 43.1962 3
      vertex 103 52.8038 3
    endloop
  endfacet
  facet normal 0 0 1
    outer loop
      vertex 97 52.8038 3
      vertex 97 43.1962 3
      vertex 103 43.1962 3
    endloop
  endfacet
  facet normal -0 0 1
    outer loop
      vertex 86 58 3
      vertex 97 52.8038 3
      vertex 94 58 3
    endloop
  endfacet
  facet normal 0 0 1
    outer loop
      vertex 83 52.8038 3
      vertex 97 52.8038 3
      vertex 86 58 3
    endloop
  endfacet
  facet normal 0 0 1
    outer loop
      vertex 103 63.1962 3
      vertex 117 63.1962 3
      vertex 103 72.8038 3
    endloop
  endfacet
  facet normal 0 0 1
    outer loop
      vertex 117 63.1962 3
      vertex 103 63.1962 3
      vertex 106 58 3
    endloop
  endfacet
  facet normal -0 0 1
    outer loop
      vertex 97 72.8038 3
      vertex 103 63.1962 3
      vertex 103 72.8038 3
    endloop
  endfacet
  facet normal 0 0 1
    outer loop
      vertex 97 72.8038 3
      vertex 97 63.1962 3
      vertex 103 63.1962 3
    endloop
  endfacet
  facet normal -0 0 1
    outer loop
      vertex 86 78 3
      vertex 97 72.8038 3
      vertex 94 78 3
    endloop
  endfacet
  facet normal 0 0 1
    outer loop
      vertex 83 72.8038 3
      vertex 97 72.8038 3
      vertex 86 78 3
    endloop
  endfacet
  facet normal 0 0 1
    outer loop
      vertex 103 83.1962 3
      vertex 117 83.1962 3
      vertex 103 92.8038 3
    endloop
  endfacet
  facet normal 0 0 1
    outer loop
      vertex 117 83.1962 3
      vertex 103 83.1962 3
      vertex 106 78 3
    endloop
  endfacet
  facet normal -0 0 1
    outer loop
      vertex 97 92.8038 3
      vertex 103 83.1962 3
      vertex 103 92.8038 3
    endloop
  endfacet
  facet normal 0 0 1
    outer loop
      vertex 97 92.8038 3
      vertex 97 83.1962 3
      vertex 103 83.1962 3
    endloop
  endfacet
  facet normal -0 0 1
    outer loop
      vertex 86 98 3
      vertex 97 92.8038 3
      vertex 94 98 3
    endloop
  endfacet
  facet normal 0 0 1
    outer loop
      vertex 83 92.8038 3
      vertex 97 92.8038 3
      vertex 86 98 3
    endloop
  endfacet
  facet normal 0 0 1
    outer loop
      vertex 123 23.1962 3
      vertex 137 23.1962 3
      vertex 123 32.8038 3
    endloop
  endfacet
  facet normal 0 0 1
    outer loop
      vertex 137 23.1962 3
      vertex 123 23.1962 3
      vertex 126 18 3
    endloop
  endfacet
  facet normal -0 0 1
    outer loop
      vertex 117 32.8038 3
      vertex 123 23.1962 3
      vertex 123 32.8038 3
    endloop
  endfacet
  facet normal 0 0 1
    outer loop
      vertex 117 32.8038 3
      vertex 117 23.1962 3
      vertex 123 23.1962 3
    endloop
  endfacet
  facet normal -0 0 1
    outer loop
      vertex 106 38 3
      vertex 117 32.8038 3
      vertex 114 38 3
    endloop
  endfacet
  facet normal 0 0 1
    outer loop
      vertex 103 32.8038 3
      vertex 117 32.8038 3
      vertex 106 38 3
    endloop
  endfacet
  facet normal 0 0 1
    outer loop
      vertex 123 43.1962 3
      vertex 137 43.1962 3
      vertex 123 52.8038 3
    endloop
  endfacet
  facet normal 0 0 1
    outer loop
      vertex 137 43.1962 3
      vertex 123 43.1962 3
      vertex 126 38 3
    endloop
  endfacet
  facet normal -0 0 1
    outer loop
      vertex 117 52.8038 3
      vertex 123 43.1962 3
      vertex 123 52.8038 3
    endloop
  endfacet
  facet normal 0 0 1
    outer loop
      vertex 117 52.8038 3
      vertex 117 43.1962 3
      vertex 123 43.1962 3
    endloop
  endfacet
  facet normal -0 0 1
    outer loop
      vertex 106 58 3
      vertex 117 52.8038 3
      vertex 114 58 3
    endloop
  endfacet
  facet normal 0 0 1
    outer loop
      vertex 103 52.8038 3
      vertex 117 52.8038 3
      vertex 106 58 3
    endloop
  endfacet
  facet normal 0 0 1
    outer loop
      vertex 123 63.1962 3
      vertex 137 63.1962 3
      vertex 123 72.8038 3
    endloop
  endfacet
  facet normal 0 0 1
    outer loop
      vertex 137 63.1962 3
      vertex 123 63.1962 3
      vertex 126 58 3
    endloop
  endfacet
  facet normal -0 0 1
    outer loop
      vertex 117 72.8038 3
      vertex 123 63.1962 3
      vertex 123 72.8038 3
    endloop
  endfacet
  facet normal 0 0 1
    outer loop
      vertex 117 72.8038 3
      vertex 117 63.1962 3
      vertex 123 63.1962 3
    endloop
  endfacet
  facet normal -0 0 1
    outer loop
      vertex 106 78 3
      vertex 117 72.8038 3
      vertex 114 78 3
    endloop
  endfacet
  facet normal 0 0 1
    outer loop
      vertex 103 72.8038 3
      vertex 117 72.8038 3
      vertex 106 78 3
    endloop
  endfacet
  facet normal 0 0 1
    outer loop
      vertex 123 83.1962 3
      vertex 137 83.1962 3
      vertex 123 92.8038 3
    endloop
  endfacet
  facet normal 0 0 1
    outer loop
      vertex 137 83.1962 3
      vertex 123 83.1962 3
      vertex 126 78 3
    endloop
  endfacet
  facet normal -0 0 1
    outer loop
      vertex 117 92.8038 3
      vertex 123 83.1962 3
      vertex 123 92.8038 3
    endloop
  endfacet
  facet normal 0 0 1
    outer loop
      vertex 117 92.8038 3
      vertex 117 83.1962 3
      vertex 123 83.1962 3
    endloop
  endfacet
  facet normal -0 0 1
    outer loop
      vertex 106 98 3
      vertex 117 92.8038 3
      vertex 114 98 3
    endloop
  endfacet
  facet normal 0 0 1
    outer loop
      vertex 103 92.8038 3
      vertex 117 92.8038 3
      vertex 106 98 3
    endloop
  endfacet
  facet normal 0 0 1
    outer loop
      vertex 143 23.1962 3
      vertex 157 23.1962 3
      vertex 143 32.8038 3
    endloop
  endfacet
  facet normal 0 0 1
    outer loop
      vertex 157 23.1962 3
      vertex 143 23.1962 3
      vertex 146 18 3
    endloop
  endfacet
  facet normal -0 0 1
    outer loop
      vertex 137 32.8038 3
      vertex 143 23.1962 3
      vertex 143 32.8038 3
    endloop
  endfacet
  facet normal 0 0 1
    outer loop
      vertex 137 32.8038 3
      vertex 137 23.1962 3
      vertex 143 23.1962 3
    endloop
  endfacet
  facet normal -0 0 1
    outer loop
      vertex 126 38 3
      vertex 137 32.8038 3
      vertex 134 38 3
    endloop
  endfacet
  facet normal 0 0 1
    outer loop
      vertex 123 32.8038 3
      vertex 137 32.8038 3
      vertex 126 38 3
    endloop
  endfacet
  facet normal 0 0 1
    outer loop
      vertex 143 43.1962 3
      vertex 157 43.1962 3
      vertex 143 52.8038 3
    endloop
  endfacet
  facet normal 0 0 1
    outer loop
      vertex 157 43.1962 3
      vertex 143 43.1962 3
      vertex 146 38 3
    endloop
  endfacet
  facet normal -0 0 1
    outer loop
      vertex 137 52.8038 3
      vertex 143 43.1962 3
      vertex 143 52.8038 3
    endloop
  endfacet
  facet normal 0 0 1
    outer loop
      vertex 137 52.8038 3
      vertex 137 43.1962 3
      vertex 143 43.1962 3
    endloop
  endfacet
  facet normal -0 0 1
    outer loop
      vertex 126 58 3
      vertex 137 52.8038 3
      vertex 134 58 3
    endloop
  endfacet
  facet normal 0 0 1
    outer loop
      vertex 123 52.8038 3
      vertex 137 52.8038 3
      vertex 126 58 3
    endloop
  endfacet
  facet normal 0 0 1
    outer loop
      vertex 143 63.1962 3
      vertex 157 63.1962 3
      vertex 143 72.8038 3
    endloop
  endfacet
  facet normal 0 0 1
    outer loop
      vertex 157 63.1962 3
      vertex 143 63.1962 3
      vertex 146 58 3
    endloop
  endfacet
  facet normal -0 0 1
    outer loop
      vertex 137 72.8038 3
      vertex 143 63.1962 3
      vertex 143 72.8038 3
    endloop
  endfacet
  facet normal 0 0 1
    outer loop
      vertex 137 72.8038 3
      vertex 137 63.1962 3
      vertex 143 63.1962 3
    endloop
  endfacet
  facet normal -0 0 1
    outer loop
      vertex 126 78 3
      vertex 137 72.8038 3
      vertex 134 78 3
    endloop
  endfacet
  facet normal 0 0 1
    outer loop
      vertex 123 72.8038 3
      vertex 137 72.8038 3
      vertex 126 78 3
    endloop
  endfacet
  facet normal 0 0 1
    outer loop
      vertex 143 83.1962 3
      vertex 157 83.1962 3
      vertex 143 92.8038 3
    endloop
  endfacet
  facet normal 0 0 1
    outer loop
      vertex 157 83.1962 3
      vertex 143 83.1962 3
      vertex 146 78 3
    endloop
  endfacet
  facet normal -0 0 1
    outer loop
      vertex 137 92.8038 3
      vertex 143 83.1962 3
      vertex 143 92.8038 3
    endloop
  endfacet
  facet normal 0 0 1
    outer loop
      vertex 137 92.8038 3
      vertex 137 83.1962 3
      vertex 143 83.1962 3
    endloop
  endfacet
  facet normal -0 0 1
    outer loop
      vertex 126 98 3
      vertex 137 92.8038 3
      vertex 134 98 3
    endloop
  endfacet
  facet normal 0 0 1
    outer loop
      vertex 123 92.8038 3
      vertex 137 92.8038 3
      vertex 126 98 3
    endloop
  endfacet
  facet normal 0 0 1
    outer loop
      vertex 163 23.1962 3
      vertex 177 23.1962 3
      vertex 163 32.8038 3
    endloop
  endfacet
  facet normal 0 0 1
    outer loop
      vertex 177 23.1962 3
      vertex 163 23.1962 3
      vertex 166 18 3
    endloop
  endfacet
  facet normal -0 0 1
    outer loop
      vertex 157 32.8038 3
      vertex 163 23.1962 3
      vertex 163 32.8038 3
    endloop
  endfacet
  facet normal 0 0 1
    outer loop
      vertex 157 32.8038 3
      vertex 157 23.1962 3
      vertex 163 23.1962 3
    endloop
  endfacet
  facet normal -0 0 1
    outer loop
      vertex 146 38 3
      vertex 157 32.8038 3
      vertex 154 38 3
    endloop
  endfacet
  facet normal 0 0 1
    outer loop
      vertex 143 32.8038 3
      vertex 157 32.8038 3
      vertex 146 38 3
    endloop
  endfacet
  facet normal 0 0 1
    outer loop
      vertex 163 43.1962 3
      vertex 177 43.1962 3
      vertex 163 52.8038 3
    endloop
  endfacet
  facet normal 0 0 1
    outer loop
      vertex 177 43.1962 3
      vertex 163 43.1962 3
      vertex 166 38 3
    endloop
  endfacet
  facet normal -0 0 1
    outer loop
      vertex 157 52.8038 3
      vertex 163 43.1962 3
      vertex 163 52.8038 3
    endloop
  endfacet
  facet normal 0 0 1
    outer loop
      vertex 157 52.8038 3
      vertex 157 43.1962 3
      vertex 163 43.1962 3
    endloop
  endfacet
  facet normal -0 0 1
    outer loop
      vertex 146 58 3
      vertex 157 52.8038 3
      vertex 154 58 3
    endloop
  endfacet
  facet normal 0 0 1
    outer loop
      vertex 143 52.8038 3
      vertex 157 52.8038 3
      vertex 146 58 3
    endloop
  endfacet
  facet normal 0 0 1
    outer loop
      vertex 163 63.1962 3
      vertex 177 63.1962 3
      vertex 163 72.8038 3
    endloop
  endfacet
  facet normal 0 0 1
    outer loop
      vertex 177 63.1962 3
      vertex 163 63.1962 3
      vertex 166 58 3
    endloop
  endfacet
  facet normal -0 0 1
    outer loop
      vertex 157 72.8038 3
      vertex 163 63.1962 3
      vertex 163 72.8038 3
    endloop
  endfacet
  facet normal 0 0 1
    outer loop
      vertex 157 72.8038 3
      vertex 157 63.1962 3
      vertex 163 63.1962 3
    endloop
  endfacet
  facet normal -0 0 1
    outer loop
      vertex 146 78 3
      vertex 157 72.8038 3
      vertex 154 78 3
    endloop
  endfacet
  facet normal 0 0 1
    outer loop
      vertex 143 72.8038 3
      vertex 157 72.8038 3
      vertex 146 78 3
    endloop
  endfacet
  facet normal 0 0 1
    outer loop
      vertex 163 83.1962 3
      vertex 177 83.1962 3
      vertex 163 92.8038 3
    endloop
  endfacet
  facet normal 0 0 1
    outer loop
      vertex 177 83.1962 3
      vertex 163 83.1962 3
      vertex 166 78 3
    endloop
  endfacet
  facet normal -0 0 1
    outer loop
      vertex 157 92.8038 3
      vertex 163 83.1962 3
      vertex 163 92.8038 3
    endloop
  endfacet
  facet normal 0 0 1
    outer loop
      vertex 157 92.8038 3
      vertex 157 83.1962 3
      vertex 163 83.1962 3
    endloop
  endfacet
  facet normal -0 0 1
    outer loop
      vertex 146 98 3
      vertex 157 92.8038 3
      vertex 154 98 3
    endloop
  endfacet
  facet normal 0 0 1
    outer loop
      vertex 143 92.8038 3
      vertex 157 92.8038 3
      vertex 146 98 3
    endloop
  endfacet
  facet normal -0 0 1
    outer loop
      vertex 22.3287 112.418 3
      vertex 37 103.196 3
      vertex 22.4569 112.952 3
    endloop
  endfacet
  facet normal -0 0 1
    outer loop
      vertex 22.1185 111.911 3
      vertex 37 103.196 3
      vertex 22.3287 112.418 3
    endloop
  endfacet
  facet normal 0 0 1
    outer loop
      vertex 37 103.196 3
      vertex 22.1185 111.911 3
      vertex 23 103.196 3
    endloop
  endfacet
  facet normal -0 0 1
    outer loop
      vertex 21.8316 111.443 3
      vertex 23 103.196 3
      vertex 22.1185 111.911 3
    endloop
  endfacet
  facet normal -0 0 1
    outer loop
      vertex 21.4749 111.025 3
      vertex 23 103.196 3
      vertex 21.8316 111.443 3
    endloop
  endfacet
  facet normal -0 0 1
    outer loop
      vertex 21.0572 110.668 3
      vertex 23 103.196 3
      vertex 21.4749 111.025 3
    endloop
  endfacet
  facet normal -0 0 1
    outer loop
      vertex 20.589 110.381 3
      vertex 23 103.196 3
      vertex 21.0572 110.668 3
    endloop
  endfacet
  facet normal -0 0 1
    outer loop
      vertex 20.0816 110.171 3
      vertex 23 103.196 3
      vertex 20.589 110.381 3
    endloop
  endfacet
  facet normal -0 0 1
    outer loop
      vertex 19.5475 110.043 3
      vertex 23 103.196 3
      vertex 20.0816 110.171 3
    endloop
  endfacet
  facet normal 0 0 1
    outer loop
      vertex 17 103.196 3
      vertex 19.5475 110.043 3
      vertex 19 110 3
    endloop
  endfacet
  facet normal 0 0 1
    outer loop
      vertex 17 103.196 3
      vertex 19 110 3
      vertex 18.4525 110.043 3
    endloop
  endfacet
  facet normal 0 0 1
    outer loop
      vertex 17 103.196 3
      vertex 18.4525 110.043 3
      vertex 17.9184 110.171 3
    endloop
  endfacet
  facet normal 0 0 1
    outer loop
      vertex 17 103.196 3
      vertex 17.9184 110.171 3
      vertex 17.411 110.381 3
    endloop
  endfacet
  facet normal 0 0 1
    outer loop
      vertex 19.5475 110.043 3
      vertex 17 103.196 3
      vertex 23 103.196 3
    endloop
  endfacet
  facet normal 0 0 1
    outer loop
      vertex 16.9428 110.668 3
      vertex 17 103.196 3
      vertex 17.411 110.381 3
    endloop
  endfacet
  facet normal 0 0 1
    outer loop
      vertex 16.5251 111.025 3
      vertex 17 103.196 3
      vertex 16.9428 110.668 3
    endloop
  endfacet
  facet normal 0 0 1
    outer loop
      vertex 16.1684 111.443 3
      vertex 17 103.196 3
      vertex 16.5251 111.025 3
    endloop
  endfacet
  facet normal 0 0 1
    outer loop
      vertex 15.8815 111.911 3
      vertex 17 103.196 3
      vertex 16.1684 111.443 3
    endloop
  endfacet
  facet normal 0 0 1
    outer loop
      vertex 7 117.75 3
      vertex 15.8815 111.911 3
      vertex 15.6713 112.418 3
    endloop
  endfacet
  facet normal -0 0 1
    outer loop
      vertex 7 117.75 3
      vertex 15.5 113.5 3
      vertex 13 117.75 3
    endloop
  endfacet
  facet normal -0 0 1
    outer loop
      vertex 14.3225 118.18 3
      vertex 16.5251 115.975 3
      vertex 14.591 118.409 3
    endloop
  endfacet
  facet normal 0 0 1
    outer loop
      vertex 16.5251 115.975 3
      vertex 14.3225 118.18 3
      vertex 16.1684 115.557 3
    endloop
  endfacet
  facet normal -0 0 1
    outer loop
      vertex 14.0215 117.995 3
      vertex 16.1684 115.557 3
      vertex 14.3225 118.18 3
    endloop
  endfacet
  facet normal -0 0 1
    outer loop
      vertex 13.6953 117.86 3
      vertex 16.1684 115.557 3
      vertex 14.0215 117.995 3
    endloop
  endfacet
  facet normal 0 0 1
    outer loop
      vertex 16.1684 115.557 3
      vertex 13.6953 117.86 3
      vertex 15.8815 115.089 3
    endloop
  endfacet
  facet normal -0 0 1
    outer loop
      vertex 13.352 117.778 3
      vertex 15.8815 115.089 3
      vertex 13.6953 117.86 3
    endloop
  endfacet
  facet normal 0 0 1
    outer loop
      vertex 15.8815 115.089 3
      vertex 13.352 117.778 3
      vertex 15.6713 114.582 3
    endloop
  endfacet
  facet normal -0 0 1
    outer loop
      vertex 13 117.75 3
      vertex 15.6713 114.582 3
      vertex 13.352 117.778 3
    endloop
  endfacet
  facet normal 0 0 1
    outer loop
      vertex 15.6713 114.582 3
      vertex 13 117.75 3
      vertex 15.5431 114.048 3
    endloop
  endfacet
  facet normal 0 0 1
    outer loop
      vertex 15.5431 114.048 3
      vertex 13 117.75 3
      vertex 15.5 113.5 3
    endloop
  endfacet
  facet normal 0 0 1
    outer loop
      vertex 15.5 113.5 3
      vertex 7 117.75 3
      vertex 15.5431 112.952 3
    endloop
  endfacet
  facet normal 0 0 1
    outer loop
      vertex 15.5431 112.952 3
      vertex 7 117.75 3
      vertex 15.6713 112.418 3
    endloop
  endfacet
  facet normal 0 0 1
    outer loop
      vertex 6.64802 117.778 3
      vertex 15.8815 111.911 3
      vertex 7 117.75 3
    endloop
  endfacet
  facet normal 0 0 1
    outer loop
      vertex 15.8815 111.911 3
      vertex 6.64802 117.778 3
      vertex 14 98 3
    endloop
  endfacet
  facet normal 0 0 1
    outer loop
      vertex 15.8815 111.911 3
      vertex 14 98 3
      vertex 17 103.196 3
    endloop
  endfacet
  facet normal -0 0 1
    outer loop
      vertex 183 32.8038 3
      vertex 186 18 3
      vertex 186 38 3
    endloop
  endfacet
  facet normal 0 0 1
    outer loop
      vertex 183 32.8038 3
      vertex 183 23.1962 3
      vertex 186 18 3
    endloop
  endfacet
  facet normal -0 0 1
    outer loop
      vertex 177 32.8038 3
      vertex 183 23.1962 3
      vertex 183 32.8038 3
    endloop
  endfacet
  facet normal 0 0 1
    outer loop
      vertex 177 32.8038 3
      vertex 177 23.1962 3
      vertex 183 23.1962 3
    endloop
  endfacet
  facet normal -0 0 1
    outer loop
      vertex 166 38 3
      vertex 177 32.8038 3
      vertex 174 38 3
    endloop
  endfacet
  facet normal 0 0 1
    outer loop
      vertex 163 32.8038 3
      vertex 177 32.8038 3
      vertex 166 38 3
    endloop
  endfacet
  facet normal -0 0 1
    outer loop
      vertex 183 52.8038 3
      vertex 186 38 3
      vertex 186 58 3
    endloop
  endfacet
  facet normal 0 0 1
    outer loop
      vertex 183 52.8038 3
      vertex 183 43.1962 3
      vertex 186 38 3
    endloop
  endfacet
  facet normal -0 0 1
    outer loop
      vertex 177 52.8038 3
      vertex 183 43.1962 3
      vertex 183 52.8038 3
    endloop
  endfacet
  facet normal 0 0 1
    outer loop
      vertex 177 52.8038 3
      vertex 177 43.1962 3
      vertex 183 43.1962 3
    endloop
  endfacet
  facet normal -0 0 1
    outer loop
      vertex 166 58 3
      vertex 177 52.8038 3
      vertex 174 58 3
    endloop
  endfacet
  facet normal 0 0 1
    outer loop
      vertex 163 52.8038 3
      vertex 177 52.8038 3
      vertex 166 58 3
    endloop
  endfacet
  facet normal -0 0 1
    outer loop
      vertex 183 72.8038 3
      vertex 186 58 3
      vertex 186 78 3
    endloop
  endfacet
  facet normal 0 0 1
    outer loop
      vertex 183 72.8038 3
      vertex 183 63.1962 3
      vertex 186 58 3
    endloop
  endfacet
  facet normal -0 0 1
    outer loop
      vertex 177 72.8038 3
      vertex 183 63.1962 3
      vertex 183 72.8038 3
    endloop
  endfacet
  facet normal 0 0 1
    outer loop
      vertex 177 72.8038 3
      vertex 177 63.1962 3
      vertex 183 63.1962 3
    endloop
  endfacet
  facet normal -0 0 1
    outer loop
      vertex 166 78 3
      vertex 177 72.8038 3
      vertex 174 78 3
    endloop
  endfacet
  facet normal 0 0 1
    outer loop
      vertex 163 72.8038 3
      vertex 177 72.8038 3
      vertex 166 78 3
    endloop
  endfacet
  facet normal -0 0 1
    outer loop
      vertex 183 92.8038 3
      vertex 186 78 3
      vertex 186 98 3
    endloop
  endfacet
  facet normal 0 0 1
    outer loop
      vertex 183 92.8038 3
      vertex 183 83.1962 3
      vertex 186 78 3
    endloop
  endfacet
  facet normal -0 0 1
    outer loop
      vertex 177 92.8038 3
      vertex 183 83.1962 3
      vertex 183 92.8038 3
    endloop
  endfacet
  facet normal 0 0 1
    outer loop
      vertex 177 92.8038 3
      vertex 177 83.1962 3
      vertex 183 83.1962 3
    endloop
  endfacet
  facet normal -0 0 1
    outer loop
      vertex 166 98 3
      vertex 177 92.8038 3
      vertex 174 98 3
    endloop
  endfacet
  facet normal 0 0 1
    outer loop
      vertex 163 92.8038 3
      vertex 177 92.8038 3
      vertex 166 98 3
    endloop
  endfacet
  facet normal 0 0 1
    outer loop
      vertex 186 78 3
      vertex 200 130 3
      vertex 195.14 119.305 3
    endloop
  endfacet
  facet normal 0 0 1
    outer loop
      vertex 200 0 3
      vertex 195.222 10.352 3
      vertex 195.25 10 3
    endloop
  endfacet
  facet normal 0 0 1
    outer loop
      vertex 200 130 3
      vertex 186 58 3
      vertex 200 0 3
    endloop
  endfacet
  facet normal 0 0 1
    outer loop
      vertex 200 0 3
      vertex 195.14 10.6953 3
      vertex 195.222 10.352 3
    endloop
  endfacet
  facet normal 0 0 1
    outer loop
      vertex 186 78 3
      vertex 195.14 119.305 3
      vertex 195.005 118.979 3
    endloop
  endfacet
  facet normal 0 0 1
    outer loop
      vertex 200 0 3
      vertex 186 58 3
      vertex 195.14 10.6953 3
    endloop
  endfacet
  facet normal 0 0 1
    outer loop
      vertex 186 78 3
      vertex 195.005 118.979 3
      vertex 194.82 118.677 3
    endloop
  endfacet
  facet normal 0 0 1
    outer loop
      vertex 195.14 10.6953 3
      vertex 186 58 3
      vertex 195.005 11.0215 3
    endloop
  endfacet
  facet normal 0 0 1
    outer loop
      vertex 186 98 3
      vertex 194.82 118.677 3
      vertex 194.591 118.409 3
    endloop
  endfacet
  facet normal -0 0 1
    outer loop
      vertex 186 38 3
      vertex 195.005 11.0215 3
      vertex 186 58 3
    endloop
  endfacet
  facet normal 0 0 1
    outer loop
      vertex 186 98 3
      vertex 194.591 118.409 3
      vertex 194.323 118.18 3
    endloop
  endfacet
  facet normal 0 0 1
    outer loop
      vertex 195.005 11.0215 3
      vertex 186 38 3
      vertex 194.82 11.3225 3
    endloop
  endfacet
  facet normal 0 0 1
    outer loop
      vertex 186 98 3
      vertex 194.323 118.18 3
      vertex 194.021 117.995 3
    endloop
  endfacet
  facet normal 0 0 1
    outer loop
      vertex 194.82 11.3225 3
      vertex 186 38 3
      vertex 194.591 11.591 3
    endloop
  endfacet
  facet normal 0 0 1
    outer loop
      vertex 186 98 3
      vertex 194.021 117.995 3
      vertex 193.695 117.86 3
    endloop
  endfacet
  facet normal 0 0 1
    outer loop
      vertex 194.591 11.591 3
      vertex 186 38 3
      vertex 194.323 11.8203 3
    endloop
  endfacet
  facet normal 0 0 1
    outer loop
      vertex 186 98 3
      vertex 193.695 117.86 3
      vertex 193.352 117.778 3
    endloop
  endfacet
  facet normal 0 0 1
    outer loop
      vertex 194.323 11.8203 3
      vertex 186 38 3
      vertex 194.021 12.0048 3
    endloop
  endfacet
  facet normal 0 0 1
    outer loop
      vertex 184.119 111.911 3
      vertex 193.352 117.778 3
      vertex 193 117.75 3
    endloop
  endfacet
  facet normal 0 0 1
    outer loop
      vertex 194.021 12.0048 3
      vertex 186 38 3
      vertex 193.695 12.1399 3
    endloop
  endfacet
  facet normal 0 0 1
    outer loop
      vertex 184.5 113.5 3
      vertex 193 117.75 3
      vertex 187 117.75 3
    endloop
  endfacet
  facet normal 0 0 1
    outer loop
      vertex 200 130 3
      vertex 186 78 3
      vertex 186 58 3
    endloop
  endfacet
  facet normal 0 0 1
    outer loop
      vertex 184.329 114.582 3
      vertex 187 117.75 3
      vertex 186.648 117.778 3
    endloop
  endfacet
  facet normal -0 0 1
    outer loop
      vertex 186 18 3
      vertex 193.695 12.1399 3
      vertex 186 38 3
    endloop
  endfacet
  facet normal 0 0 1
    outer loop
      vertex 184.119 115.089 3
      vertex 186.648 117.778 3
      vertex 186.305 117.86 3
    endloop
  endfacet
  facet normal 0 0 1
    outer loop
      vertex 193.695 12.1399 3
      vertex 186 18 3
      vertex 193.352 12.2223 3
    endloop
  endfacet
  facet normal 0 0 1
    outer loop
      vertex 194.82 118.677 3
      vertex 186 98 3
      vertex 186 78 3
    endloop
  endfacet
  facet normal 0 0 1
    outer loop
      vertex 183.832 115.557 3
      vertex 186.305 117.86 3
      vertex 185.979 117.995 3
    endloop
  endfacet
  facet normal 0 0 1
    outer loop
      vertex 183.832 115.557 3
      vertex 185.979 117.995 3
      vertex 185.677 118.18 3
    endloop
  endfacet
  facet normal 0 0 1
    outer loop
      vertex 183.475 115.975 3
      vertex 185.677 118.18 3
      vertex 185.409 118.409 3
    endloop
  endfacet
  facet normal 0 0 1
    outer loop
      vertex 183.057 116.332 3
      vertex 185.409 118.409 3
      vertex 185.18 118.677 3
    endloop
  endfacet
  facet normal 0 0 1
    outer loop
      vertex 182.589 116.619 3
      vertex 185.18 118.677 3
      vertex 184.995 118.979 3
    endloop
  endfacet
  facet normal 0 0 1
    outer loop
      vertex 182.589 116.619 3
      vertex 184.995 118.979 3
      vertex 184.86 119.305 3
    endloop
  endfacet
  facet normal 0 0 1
    outer loop
      vertex 182.082 116.829 3
      vertex 184.86 119.305 3
      vertex 184.778 119.648 3
    endloop
  endfacet
  facet normal 0 0 1
    outer loop
      vertex 181.548 116.957 3
      vertex 184.778 119.648 3
      vertex 184.75 120 3
    endloop
  endfacet
  facet normal 0 0 1
    outer loop
      vertex 193 117.75 3
      vertex 184.5 113.5 3
      vertex 184.457 112.952 3
    endloop
  endfacet
  facet normal 0 0 1
    outer loop
      vertex 193 117.75 3
      vertex 184.457 112.952 3
      vertex 184.329 112.418 3
    endloop
  endfacet
  facet normal 0 0 1
    outer loop
      vertex 184.119 111.911 3
      vertex 193 117.75 3
      vertex 184.329 112.418 3
    endloop
  endfacet
  facet normal 0 0 1
    outer loop
      vertex 193.352 117.778 3
      vertex 184.119 111.911 3
      vertex 186 98 3
    endloop
  endfacet
  facet normal 0 0 1
    outer loop
      vertex 183 103.196 3
      vertex 184.119 111.911 3
      vertex 183.832 111.443 3
    endloop
  endfacet
  facet normal 0 0 1
    outer loop
      vertex 183 103.196 3
      vertex 183.832 111.443 3
      vertex 183.475 111.025 3
    endloop
  endfacet
  facet normal 0 0 1
    outer loop
      vertex 183 103.196 3
      vertex 183.475 111.025 3
      vertex 183.057 110.668 3
    endloop
  endfacet
  facet normal 0 0 1
    outer loop
      vertex 184.119 111.911 3
      vertex 183 103.196 3
      vertex 186 98 3
    endloop
  endfacet
  facet normal -0 0 1
    outer loop
      vertex 182.589 110.381 3
      vertex 183 103.196 3
      vertex 183.057 110.668 3
    endloop
  endfacet
  facet normal -0 0 1
    outer loop
      vertex 182.082 110.171 3
      vertex 183 103.196 3
      vertex 182.589 110.381 3
    endloop
  endfacet
  facet normal -0 0 1
    outer loop
      vertex 181.548 110.043 3
      vertex 183 103.196 3
      vertex 182.082 110.171 3
    endloop
  endfacet
  facet normal -0 0 1
    outer loop
      vertex 181 110 3
      vertex 183 103.196 3
      vertex 181.548 110.043 3
    endloop
  endfacet
  facet normal 0 0 1
    outer loop
      vertex 180.452 110.043 3
      vertex 183 103.196 3
      vertex 181 110 3
    endloop
  endfacet
  facet normal 0 0 1
    outer loop
      vertex 177 103.196 3
      vertex 180.452 110.043 3
      vertex 179.918 110.171 3
    endloop
  endfacet
  facet normal 0 0 1
    outer loop
      vertex 177 103.196 3
      vertex 179.918 110.171 3
      vertex 179.411 110.381 3
    endloop
  endfacet
  facet normal 0 0 1
    outer loop
      vertex 177 103.196 3
      vertex 179.411 110.381 3
      vertex 178.943 110.668 3
    endloop
  endfacet
  facet normal 0 0 1
    outer loop
      vertex 177 103.196 3
      vertex 178.943 110.668 3
      vertex 178.525 111.025 3
    endloop
  endfacet
  facet normal 0 0 1
    outer loop
      vertex 177 103.196 3
      vertex 178.525 111.025 3
      vertex 178.168 111.443 3
    endloop
  endfacet
  facet normal 0 0 1
    outer loop
      vertex 177 103.196 3
      vertex 178.168 111.443 3
      vertex 177.881 111.911 3
    endloop
  endfacet
  facet normal 0 0 1
    outer loop
      vertex 180.452 110.043 3
      vertex 177 103.196 3
      vertex 183 103.196 3
    endloop
  endfacet
  facet normal 0 0 1
    outer loop
      vertex 163 103.196 3
      vertex 177.881 111.911 3
      vertex 177.671 112.418 3
    endloop
  endfacet
  facet normal 0 0 1
    outer loop
      vertex 163 103.196 3
      vertex 177.671 112.418 3
      vertex 177.543 112.952 3
    endloop
  endfacet
  facet normal 0 0 1
    outer loop
      vertex 163 103.196 3
      vertex 177.543 112.952 3
      vertex 177.5 113.5 3
    endloop
  endfacet
  facet normal 0 0 1
    outer loop
      vertex 195.222 119.648 3
      vertex 200 130 3
      vertex 195.25 120 3
    endloop
  endfacet
  facet normal 0 0 1
    outer loop
      vertex 200 130 3
      vertex 195.222 120.352 3
      vertex 195.25 120 3
    endloop
  endfacet
  facet normal 0 0 1
    outer loop
      vertex 200 130 3
      vertex 195.14 120.695 3
      vertex 195.222 120.352 3
    endloop
  endfacet
  facet normal 0 0 1
    outer loop
      vertex 200 130 3
      vertex 195.005 121.021 3
      vertex 195.14 120.695 3
    endloop
  endfacet
  facet normal 0 0 1
    outer loop
      vertex 200 130 3
      vertex 194.82 121.323 3
      vertex 195.005 121.021 3
    endloop
  endfacet
  facet normal 0 0 1
    outer loop
      vertex 200 130 3
      vertex 194.591 121.591 3
      vertex 194.82 121.323 3
    endloop
  endfacet
  facet normal 0 0 1
    outer loop
      vertex 200 130 3
      vertex 194.323 121.82 3
      vertex 194.591 121.591 3
    endloop
  endfacet
  facet normal 0 0 1
    outer loop
      vertex 200 130 3
      vertex 194.021 122.005 3
      vertex 194.323 121.82 3
    endloop
  endfacet
  facet normal 0 0 1
    outer loop
      vertex 200 130 3
      vertex 193.695 122.14 3
      vertex 194.021 122.005 3
    endloop
  endfacet
  facet normal 0 0 1
    outer loop
      vertex 200 130 3
      vertex 193.352 122.222 3
      vertex 193.695 122.14 3
    endloop
  endfacet
  facet normal 0 0 1
    outer loop
      vertex 200 130 3
      vertex 193 122.25 3
      vertex 193.352 122.222 3
    endloop
  endfacet
  facet normal 0 0 1
    outer loop
      vertex 200 130 3
      vertex 187 122.25 3
      vertex 193 122.25 3
    endloop
  endfacet
  facet normal 0 0 1
    outer loop
      vertex 200 130 3
      vertex 186.648 122.222 3
      vertex 187 122.25 3
    endloop
  endfacet
  facet normal 0 0 1
    outer loop
      vertex 200 130 3
      vertex 186.305 122.14 3
      vertex 186.648 122.222 3
    endloop
  endfacet
  facet normal 0 0 1
    outer loop
      vertex 200 130 3
      vertex 185.979 122.005 3
      vertex 186.305 122.14 3
    endloop
  endfacet
  facet normal 0 0 1
    outer loop
      vertex 187 117.75 3
      vertex 184.457 114.048 3
      vertex 184.5 113.5 3
    endloop
  endfacet
  facet normal 0 0 1
    outer loop
      vertex 187 117.75 3
      vertex 184.329 114.582 3
      vertex 184.457 114.048 3
    endloop
  endfacet
  facet normal 0 0 1
    outer loop
      vertex 186.648 117.778 3
      vertex 184.119 115.089 3
      vertex 184.329 114.582 3
    endloop
  endfacet
  facet normal 0 0 1
    outer loop
      vertex 181 117 3
      vertex 184.75 120 3
      vertex 184.778 120.352 3
    endloop
  endfacet
  facet normal 0 0 1
    outer loop
      vertex 186.305 117.86 3
      vertex 183.832 115.557 3
      vertex 184.119 115.089 3
    endloop
  endfacet
  facet normal 0 0 1
    outer loop
      vertex 185.677 118.18 3
      vertex 183.475 115.975 3
      vertex 183.832 115.557 3
    endloop
  endfacet
  facet normal 0 0 1
    outer loop
      vertex 180.452 116.957 3
      vertex 184.778 120.352 3
      vertex 184.86 120.695 3
    endloop
  endfacet
  facet normal 0 0 1
    outer loop
      vertex 185.409 118.409 3
      vertex 183.057 116.332 3
      vertex 183.475 115.975 3
    endloop
  endfacet
  facet normal 0 0 1
    outer loop
      vertex 185.18 118.677 3
      vertex 182.589 116.619 3
      vertex 183.057 116.332 3
    endloop
  endfacet
  facet normal 0 0 1
    outer loop
      vertex 180.452 116.957 3
      vertex 184.86 120.695 3
      vertex 184.995 121.021 3
    endloop
  endfacet
  facet normal 0 0 1
    outer loop
      vertex 184.86 119.305 3
      vertex 182.082 116.829 3
      vertex 182.589 116.619 3
    endloop
  endfacet
  facet normal 0 0 1
    outer loop
      vertex 179.918 116.829 3
      vertex 184.995 121.021 3
      vertex 185.18 121.323 3
    endloop
  endfacet
  facet normal 0 0 1
    outer loop
      vertex 184.778 119.648 3
      vertex 181.548 116.957 3
      vertex 182.082 116.829 3
    endloop
  endfacet
  facet normal 0 0 1
    outer loop
      vertex 184.75 120 3
      vertex 181 117 3
      vertex 181.548 116.957 3
    endloop
  endfacet
  facet normal 0 0 1
    outer loop
      vertex 179.411 116.619 3
      vertex 185.18 121.323 3
      vertex 185.409 121.591 3
    endloop
  endfacet
  facet normal 0 0 1
    outer loop
      vertex 184.778 120.352 3
      vertex 180.452 116.957 3
      vertex 181 117 3
    endloop
  endfacet
  facet normal 0 0 1
    outer loop
      vertex 184.995 121.021 3
      vertex 179.918 116.829 3
      vertex 180.452 116.957 3
    endloop
  endfacet
  facet normal 0 0 1
    outer loop
      vertex 185.18 121.323 3
      vertex 179.411 116.619 3
      vertex 179.918 116.829 3
    endloop
  endfacet
  facet normal 0 0 1
    outer loop
      vertex 137 103.196 3
      vertex 185.409 121.591 3
      vertex 185.677 121.82 3
    endloop
  endfacet
  facet normal 0 0 1
    outer loop
      vertex 185.409 121.591 3
      vertex 178.943 116.332 3
      vertex 179.411 116.619 3
    endloop
  endfacet
  facet normal 0 0 1
    outer loop
      vertex 177.881 111.911 3
      vertex 163 103.196 3
      vertex 177 103.196 3
    endloop
  endfacet
  facet normal 0 0 1
    outer loop
      vertex 163 103.196 3
      vertex 177.5 113.5 3
      vertex 177.543 114.048 3
    endloop
  endfacet
  facet normal 0 0 1
    outer loop
      vertex 177 83.1962 3
      vertex 166 78 3
      vertex 174 78 3
    endloop
  endfacet
  facet normal 0 0 1
    outer loop
      vertex 177 72.8038 3
      vertex 163 72.8038 3
      vertex 177 63.1962 3
    endloop
  endfacet
  facet normal 0 0 1
    outer loop
      vertex 177 52.8038 3
      vertex 163 52.8038 3
      vertex 177 43.1962 3
    endloop
  endfacet
  facet normal 0 0 1
    outer loop
      vertex 177 92.8038 3
      vertex 163 92.8038 3
      vertex 177 83.1962 3
    endloop
  endfacet
  facet normal 0 0 1
    outer loop
      vertex 177 103.196 3
      vertex 163 103.196 3
      vertex 174 98 3
    endloop
  endfacet
  facet normal 0 0 1
    outer loop
      vertex 163 103.196 3
      vertex 177.543 114.048 3
      vertex 177.671 114.582 3
    endloop
  endfacet
  facet normal 0 0 1
    outer loop
      vertex 163 103.196 3
      vertex 177.671 114.582 3
      vertex 177.881 115.089 3
    endloop
  endfacet
  facet normal 0 0 1
    outer loop
      vertex 157 103.196 3
      vertex 177.881 115.089 3
      vertex 178.168 115.557 3
    endloop
  endfacet
  facet normal 0 0 1
    outer loop
      vertex 174 98 3
      vertex 163 103.196 3
      vertex 166 98 3
    endloop
  endfacet
  facet normal 0 0 1
    outer loop
      vertex 157 103.196 3
      vertex 178.168 115.557 3
      vertex 178.525 115.975 3
    endloop
  endfacet
  facet normal 0 0 1
    outer loop
      vertex 143 103.196 3
      vertex 178.525 115.975 3
      vertex 178.943 116.332 3
    endloop
  endfacet
  facet normal 0 0 1
    outer loop
      vertex 177.881 115.089 3
      vertex 157 103.196 3
      vertex 163 103.196 3
    endloop
  endfacet
  facet normal 0 0 1
    outer loop
      vertex 185.409 121.591 3
      vertex 137 103.196 3
      vertex 178.943 116.332 3
    endloop
  endfacet
  facet normal 0 0 1
    outer loop
      vertex 157 83.1962 3
      vertex 146 78 3
      vertex 154 78 3
    endloop
  endfacet
  facet normal 0 0 1
    outer loop
      vertex 157 72.8038 3
      vertex 143 72.8038 3
      vertex 157 63.1962 3
    endloop
  endfacet
  facet normal 0 0 1
    outer loop
      vertex 157 52.8038 3
      vertex 143 52.8038 3
      vertex 157 43.1962 3
    endloop
  endfacet
  facet normal 0 0 1
    outer loop
      vertex 157 92.8038 3
      vertex 143 92.8038 3
      vertex 157 83.1962 3
    endloop
  endfacet
  facet normal 0 0 1
    outer loop
      vertex 157 103.196 3
      vertex 146 98 3
      vertex 154 98 3
    endloop
  endfacet
  facet normal 0 0 1
    outer loop
      vertex 178.525 115.975 3
      vertex 143 103.196 3
      vertex 157 103.196 3
    endloop
  endfacet
  facet normal 0 0 1
    outer loop
      vertex 123 103.196 3
      vertex 185.677 121.82 3
      vertex 185.979 122.005 3
    endloop
  endfacet
  facet normal 0 0 1
    outer loop
      vertex 157 103.196 3
      vertex 143 103.196 3
      vertex 146 98 3
    endloop
  endfacet
  facet normal 0 0 1
    outer loop
      vertex 103 103.196 3
      vertex 185.979 122.005 3
      vertex 200 130 3
    endloop
  endfacet
  facet normal 0 0 1
    outer loop
      vertex 178.943 116.332 3
      vertex 137 103.196 3
      vertex 143 103.196 3
    endloop
  endfacet
  facet normal 0 0 1
    outer loop
      vertex 137 83.1962 3
      vertex 126 78 3
      vertex 134 78 3
    endloop
  endfacet
  facet normal 0 0 1
    outer loop
      vertex 137 72.8038 3
      vertex 123 72.8038 3
      vertex 137 63.1962 3
    endloop
  endfacet
  facet normal 0 0 1
    outer loop
      vertex 137 52.8038 3
      vertex 123 52.8038 3
      vertex 137 43.1962 3
    endloop
  endfacet
  facet normal 0 0 1
    outer loop
      vertex 137 92.8038 3
      vertex 123 92.8038 3
      vertex 137 83.1962 3
    endloop
  endfacet
  facet normal 0 0 1
    outer loop
      vertex 137 103.196 3
      vertex 126 98 3
      vertex 134 98 3
    endloop
  endfacet
  facet normal 0 0 1
    outer loop
      vertex 137 103.196 3
      vertex 123 103.196 3
      vertex 126 98 3
    endloop
  endfacet
  facet normal 0 0 1
    outer loop
      vertex 185.677 121.82 3
      vertex 123 103.196 3
      vertex 137 103.196 3
    endloop
  endfacet
  facet normal 0 0 1
    outer loop
      vertex 185.979 122.005 3
      vertex 117 103.196 3
      vertex 123 103.196 3
    endloop
  endfacet
  facet normal 0 0 1
    outer loop
      vertex 117 83.1962 3
      vertex 106 78 3
      vertex 114 78 3
    endloop
  endfacet
  facet normal 0 0 1
    outer loop
      vertex 117 72.8038 3
      vertex 103 72.8038 3
      vertex 117 63.1962 3
    endloop
  endfacet
  facet normal 0 0 1
    outer loop
      vertex 117 52.8038 3
      vertex 103 52.8038 3
      vertex 117 43.1962 3
    endloop
  endfacet
  facet normal 0 0 1
    outer loop
      vertex 117 92.8038 3
      vertex 103 92.8038 3
      vertex 117 83.1962 3
    endloop
  endfacet
  facet normal 0 0 1
    outer loop
      vertex 117 103.196 3
      vertex 106 98 3
      vertex 114 98 3
    endloop
  endfacet
  facet normal 0 0 1
    outer loop
      vertex 117 103.196 3
      vertex 103 103.196 3
      vertex 106 98 3
    endloop
  endfacet
  facet normal 0 0 1
    outer loop
      vertex 185.979 122.005 3
      vertex 103 103.196 3
      vertex 117 103.196 3
    endloop
  endfacet
  facet normal 0 0 1
    outer loop
      vertex 200 130 3
      vertex 97 103.196 3
      vertex 103 103.196 3
    endloop
  endfacet
  facet normal 0 0 1
    outer loop
      vertex 97 83.1962 3
      vertex 86 78 3
      vertex 94 78 3
    endloop
  endfacet
  facet normal 0 0 1
    outer loop
      vertex 97 72.8038 3
      vertex 83 72.8038 3
      vertex 97 63.1962 3
    endloop
  endfacet
  facet normal 0 0 1
    outer loop
      vertex 97 52.8038 3
      vertex 83 52.8038 3
      vertex 97 43.1962 3
    endloop
  endfacet
  facet normal 0 0 1
    outer loop
      vertex 97 92.8038 3
      vertex 83 92.8038 3
      vertex 97 83.1962 3
    endloop
  endfacet
  facet normal 0 0 1
    outer loop
      vertex 97 103.196 3
      vertex 86 98 3
      vertex 94 98 3
    endloop
  endfacet
  facet normal 0 0 1
    outer loop
      vertex 97 103.196 3
      vertex 83 103.196 3
      vertex 86 98 3
    endloop
  endfacet
  facet normal -0 0 1
    outer loop
      vertex 0 130 3
      vertex 97 103.196 3
      vertex 200 130 3
    endloop
  endfacet
  facet normal -0 -0 1
    outer loop
      vertex 14.0215 122.005 3
      vertex 97 103.196 3
      vertex 0 130 3
    endloop
  endfacet
  facet normal 0 0 1
    outer loop
      vertex 77 83.1962 3
      vertex 66 78 3
      vertex 74 78 3
    endloop
  endfacet
  facet normal 0 0 1
    outer loop
      vertex 77 72.8038 3
      vertex 63 72.8038 3
      vertex 77 63.1962 3
    endloop
  endfacet
  facet normal 0 0 1
    outer loop
      vertex 77 52.8038 3
      vertex 63 52.8038 3
      vertex 77 43.1962 3
    endloop
  endfacet
  facet normal 0 0 1
    outer loop
      vertex 77 92.8038 3
      vertex 63 92.8038 3
      vertex 77 83.1962 3
    endloop
  endfacet
  facet normal 0 0 1
    outer loop
      vertex 77 103.196 3
      vertex 66 98 3
      vertex 74 98 3
    endloop
  endfacet
  facet normal 0 0 1
    outer loop
      vertex 77 103.196 3
      vertex 63 103.196 3
      vertex 66 98 3
    endloop
  endfacet
  facet normal 0 0 1
    outer loop
      vertex 97 103.196 3
      vertex 14.0215 122.005 3
      vertex 83 103.196 3
    endloop
  endfacet
  facet normal -0 -0 1
    outer loop
      vertex 14.3225 121.82 3
      vertex 77 103.196 3
      vertex 14.0215 122.005 3
    endloop
  endfacet
  facet normal 0 0 1
    outer loop
      vertex 57 83.1962 3
      vertex 46 78 3
      vertex 54 78 3
    endloop
  endfacet
  facet normal 0 0 1
    outer loop
      vertex 57 72.8038 3
      vertex 43 72.8038 3
      vertex 57 63.1962 3
    endloop
  endfacet
  facet normal 0 0 1
    outer loop
      vertex 57 52.8038 3
      vertex 43 52.8038 3
      vertex 57 43.1962 3
    endloop
  endfacet
  facet normal 0 0 1
    outer loop
      vertex 57 92.8038 3
      vertex 43 92.8038 3
      vertex 57 83.1962 3
    endloop
  endfacet
  facet normal 0 0 1
    outer loop
      vertex 57 103.196 3
      vertex 46 98 3
      vertex 54 98 3
    endloop
  endfacet
  facet normal 0 0 1
    outer loop
      vertex 57 103.196 3
      vertex 43 103.196 3
      vertex 46 98 3
    endloop
  endfacet
  facet normal -0 -0 1
    outer loop
      vertex 14.591 121.591 3
      vertex 63 103.196 3
      vertex 14.3225 121.82 3
    endloop
  endfacet
  facet normal 0 0 1
    outer loop
      vertex 63 103.196 3
      vertex 21.0572 116.332 3
      vertex 57 103.196 3
    endloop
  endfacet
  facet normal 0 0 1
    outer loop
      vertex 37 83.1962 3
      vertex 26 78 3
      vertex 34 78 3
    endloop
  endfacet
  facet normal 0 0 1
    outer loop
      vertex 37 72.8038 3
      vertex 23 72.8038 3
      vertex 37 63.1962 3
    endloop
  endfacet
  facet normal 0 0 1
    outer loop
      vertex 37 52.8038 3
      vertex 23 52.8038 3
      vertex 37 43.1962 3
    endloop
  endfacet
  facet normal 0 0 1
    outer loop
      vertex 37 92.8038 3
      vertex 23 92.8038 3
      vertex 37 83.1962 3
    endloop
  endfacet
  facet normal 0 0 1
    outer loop
      vertex 37 103.196 3
      vertex 26 98 3
      vertex 34 98 3
    endloop
  endfacet
  facet normal 0 0 1
    outer loop
      vertex 37 103.196 3
      vertex 23 103.196 3
      vertex 26 98 3
    endloop
  endfacet
  facet normal -0 -0 1
    outer loop
      vertex 21.8316 115.557 3
      vertex 43 103.196 3
      vertex 21.4749 115.975 3
    endloop
  endfacet
  facet normal -0 0 1
    outer loop
      vertex 22.4569 112.952 3
      vertex 37 103.196 3
      vertex 22.5 113.5 3
    endloop
  endfacet
  facet normal 0 0 1
    outer loop
      vertex 37 103.196 3
      vertex 22.4569 114.048 3
      vertex 22.5 113.5 3
    endloop
  endfacet
  facet normal 0 0 1
    outer loop
      vertex 37 103.196 3
      vertex 22.3287 114.582 3
      vertex 22.4569 114.048 3
    endloop
  endfacet
  facet normal 0 0 1
    outer loop
      vertex 37 103.196 3
      vertex 22.1185 115.089 3
      vertex 22.3287 114.582 3
    endloop
  endfacet
  facet normal 0 0 1
    outer loop
      vertex 43 103.196 3
      vertex 22.1185 115.089 3
      vertex 37 103.196 3
    endloop
  endfacet
  facet normal -0 -0 1
    outer loop
      vertex 22.1185 115.089 3
      vertex 43 103.196 3
      vertex 21.8316 115.557 3
    endloop
  endfacet
  facet normal 0 0 1
    outer loop
      vertex 57 103.196 3
      vertex 21.4749 115.975 3
      vertex 43 103.196 3
    endloop
  endfacet
  facet normal -0 -0 1
    outer loop
      vertex 21.4749 115.975 3
      vertex 57 103.196 3
      vertex 21.0572 116.332 3
    endloop
  endfacet
  facet normal 0 0 1
    outer loop
      vertex 21.0572 116.332 3
      vertex 14.591 121.591 3
      vertex 20.589 116.619 3
    endloop
  endfacet
  facet normal -0 -0 1
    outer loop
      vertex 14.8203 121.323 3
      vertex 20.589 116.619 3
      vertex 14.591 121.591 3
    endloop
  endfacet
  facet normal 0 0 1
    outer loop
      vertex 20.589 116.619 3
      vertex 14.8203 121.323 3
      vertex 20.0816 116.829 3
    endloop
  endfacet
  facet normal 0 0 1
    outer loop
      vertex 16.9428 116.332 3
      vertex 14.591 118.409 3
      vertex 16.5251 115.975 3
    endloop
  endfacet
  facet normal -0 0 1
    outer loop
      vertex 14.591 118.409 3
      vertex 16.9428 116.332 3
      vertex 14.8203 118.677 3
    endloop
  endfacet
  facet normal 0 0 1
    outer loop
      vertex 17.411 116.619 3
      vertex 14.8203 118.677 3
      vertex 16.9428 116.332 3
    endloop
  endfacet
  facet normal -0 0 1
    outer loop
      vertex 14.8203 118.677 3
      vertex 17.411 116.619 3
      vertex 15.0048 118.979 3
    endloop
  endfacet
  facet normal -0 0 1
    outer loop
      vertex 15.0048 118.979 3
      vertex 17.411 116.619 3
      vertex 15.1399 119.305 3
    endloop
  endfacet
  facet normal 0 0 1
    outer loop
      vertex 17.9184 116.829 3
      vertex 15.1399 119.305 3
      vertex 17.411 116.619 3
    endloop
  endfacet
  facet normal -0 0 1
    outer loop
      vertex 15.1399 119.305 3
      vertex 17.9184 116.829 3
      vertex 15.2223 119.648 3
    endloop
  endfacet
  facet normal 0 0 1
    outer loop
      vertex 18.4525 116.957 3
      vertex 15.2223 119.648 3
      vertex 17.9184 116.829 3
    endloop
  endfacet
  facet normal -0 0 1
    outer loop
      vertex 15.2223 119.648 3
      vertex 18.4525 116.957 3
      vertex 15.25 120 3
    endloop
  endfacet
  facet normal 0 0 1
    outer loop
      vertex 19 117 3
      vertex 15.25 120 3
      vertex 18.4525 116.957 3
    endloop
  endfacet
  facet normal -0 -0 1
    outer loop
      vertex 15.0048 121.021 3
      vertex 20.0816 116.829 3
      vertex 14.8203 121.323 3
    endloop
  endfacet
  facet normal 0 0 1
    outer loop
      vertex 19 117 3
      vertex 15.2223 120.352 3
      vertex 15.25 120 3
    endloop
  endfacet
  facet normal 0 0 1
    outer loop
      vertex 19.5475 116.957 3
      vertex 15.2223 120.352 3
      vertex 19 117 3
    endloop
  endfacet
  facet normal -0 -0 1
    outer loop
      vertex 15.2223 120.352 3
      vertex 19.5475 116.957 3
      vertex 15.1399 120.695 3
    endloop
  endfacet
  facet normal -0 -0 1
    outer loop
      vertex 15.1399 120.695 3
      vertex 19.5475 116.957 3
      vertex 15.0048 121.021 3
    endloop
  endfacet
  facet normal 0 0 1
    outer loop
      vertex 20.0816 116.829 3
      vertex 15.0048 121.021 3
      vertex 19.5475 116.957 3
    endloop
  endfacet
  facet normal -0 -0 1
    outer loop
      vertex 21.0572 116.332 3
      vertex 63 103.196 3
      vertex 14.591 121.591 3
    endloop
  endfacet
  facet normal 0 0 1
    outer loop
      vertex 77 103.196 3
      vertex 14.3225 121.82 3
      vertex 63 103.196 3
    endloop
  endfacet
  facet normal 0 0 1
    outer loop
      vertex 83 103.196 3
      vertex 14.0215 122.005 3
      vertex 77 103.196 3
    endloop
  endfacet
  facet normal 0 0 1
    outer loop
      vertex 14.0215 122.005 3
      vertex 0 130 3
      vertex 13.6953 122.14 3
    endloop
  endfacet
  facet normal 0 0 1
    outer loop
      vertex 13.6953 122.14 3
      vertex 0 130 3
      vertex 13.352 122.222 3
    endloop
  endfacet
  facet normal 0 0 1
    outer loop
      vertex 13.352 122.222 3
      vertex 0 130 3
      vertex 13 122.25 3
    endloop
  endfacet
  facet normal 0 0 1
    outer loop
      vertex 4.86012 10.6953 3
      vertex 0 0 3
      vertex 4.7777 10.352 3
    endloop
  endfacet
  facet normal 0 0 1
    outer loop
      vertex 4.7777 120.352 3
      vertex 0 130 3
      vertex 4.75 120 3
    endloop
  endfacet
  facet normal 0 0 1
    outer loop
      vertex 4.86012 120.695 3
      vertex 0 130 3
      vertex 4.7777 120.352 3
    endloop
  endfacet
  facet normal 0 0 1
    outer loop
      vertex 4.99523 121.021 3
      vertex 0 130 3
      vertex 4.86012 120.695 3
    endloop
  endfacet
  facet normal 0 0 1
    outer loop
      vertex 5.17971 121.323 3
      vertex 0 130 3
      vertex 4.99523 121.021 3
    endloop
  endfacet
  facet normal 0 0 1
    outer loop
      vertex 5.40901 121.591 3
      vertex 0 130 3
      vertex 5.17971 121.323 3
    endloop
  endfacet
  facet normal 0 0 1
    outer loop
      vertex 5.67748 121.82 3
      vertex 0 130 3
      vertex 5.40901 121.591 3
    endloop
  endfacet
  facet normal 0 0 1
    outer loop
      vertex 5.97852 122.005 3
      vertex 0 130 3
      vertex 5.67748 121.82 3
    endloop
  endfacet
  facet normal 0 0 1
    outer loop
      vertex 6.30471 122.14 3
      vertex 0 130 3
      vertex 5.97852 122.005 3
    endloop
  endfacet
  facet normal 0 0 1
    outer loop
      vertex 6.64802 122.222 3
      vertex 0 130 3
      vertex 6.30471 122.14 3
    endloop
  endfacet
  facet normal 0 0 1
    outer loop
      vertex 7 122.25 3
      vertex 0 130 3
      vertex 6.64802 122.222 3
    endloop
  endfacet
  facet normal 0 0 1
    outer loop
      vertex 13 122.25 3
      vertex 0 130 3
      vertex 7 122.25 3
    endloop
  endfacet
  facet normal 0 0 1
    outer loop
      vertex 195.14 119.305 3
      vertex 200 130 3
      vertex 195.222 119.648 3
    endloop
  endfacet
  facet normal -0 0 1
    outer loop
      vertex 195.222 9.64802 3
      vertex 200 0 3
      vertex 195.25 10 3
    endloop
  endfacet
  facet normal -0 0 1
    outer loop
      vertex 195.14 9.30471 3
      vertex 200 0 3
      vertex 195.222 9.64802 3
    endloop
  endfacet
  facet normal -0 0 1
    outer loop
      vertex 195.005 8.97852 3
      vertex 200 0 3
      vertex 195.14 9.30471 3
    endloop
  endfacet
  facet normal -0 0 1
    outer loop
      vertex 194.82 8.67748 3
      vertex 200 0 3
      vertex 195.005 8.97852 3
    endloop
  endfacet
  facet normal -0 0 1
    outer loop
      vertex 194.591 8.40901 3
      vertex 200 0 3
      vertex 194.82 8.67748 3
    endloop
  endfacet
  facet normal -0 0 1
    outer loop
      vertex 194.323 8.17971 3
      vertex 200 0 3
      vertex 194.591 8.40901 3
    endloop
  endfacet
  facet normal -0 0 1
    outer loop
      vertex 194.021 7.99523 3
      vertex 200 0 3
      vertex 194.323 8.17971 3
    endloop
  endfacet
  facet normal -0 0 1
    outer loop
      vertex 193.695 7.86012 3
      vertex 200 0 3
      vertex 194.021 7.99523 3
    endloop
  endfacet
  facet normal -0 0 1
    outer loop
      vertex 193.352 7.7777 3
      vertex 200 0 3
      vertex 193.695 7.86012 3
    endloop
  endfacet
  facet normal -0 0 1
    outer loop
      vertex 193 7.75 3
      vertex 200 0 3
      vertex 193.352 7.7777 3
    endloop
  endfacet
  facet normal -0 0 1
    outer loop
      vertex 187 7.75 3
      vertex 200 0 3
      vertex 193 7.75 3
    endloop
  endfacet
  facet normal 0 0 1
    outer loop
      vertex 186.648 7.7777 3
      vertex 200 0 3
      vertex 187 7.75 3
    endloop
  endfacet
  facet normal 0 0 1
    outer loop
      vertex 186.305 7.86012 3
      vertex 200 0 3
      vertex 186.648 7.7777 3
    endloop
  endfacet
  facet normal 0 0 1
    outer loop
      vertex 185.979 7.99523 3
      vertex 200 0 3
      vertex 186.305 7.86012 3
    endloop
  endfacet
  facet normal 0 0 1
    outer loop
      vertex 183 12.8038 3
      vertex 184.778 9.64802 3
      vertex 184.75 10 3
    endloop
  endfacet
  facet normal -0 0 1
    outer loop
      vertex 177 12.8038 3
      vertex 184.778 9.64802 3
      vertex 183 12.8038 3
    endloop
  endfacet
  facet normal 0 0 1
    outer loop
      vertex 184.778 9.64802 3
      vertex 177 12.8038 3
      vertex 184.86 9.30471 3
    endloop
  endfacet
  facet normal 0 0 1
    outer loop
      vertex 184.86 9.30471 3
      vertex 177 12.8038 3
      vertex 184.995 8.97852 3
    endloop
  endfacet
  facet normal 0 0 1
    outer loop
      vertex 177 12.8038 3
      vertex 185.18 8.67748 3
      vertex 184.995 8.97852 3
    endloop
  endfacet
  facet normal 0 0 1
    outer loop
      vertex 177 12.8038 3
      vertex 185.409 8.40901 3
      vertex 185.18 8.67748 3
    endloop
  endfacet
  facet normal 0 0 1
    outer loop
      vertex 177 12.8038 3
      vertex 185.677 8.17971 3
      vertex 185.409 8.40901 3
    endloop
  endfacet
  facet normal -0 0 1
    outer loop
      vertex 163 12.8038 3
      vertex 185.677 8.17971 3
      vertex 177 12.8038 3
    endloop
  endfacet
  facet normal 0 0 1
    outer loop
      vertex 185.677 8.17971 3
      vertex 163 12.8038 3
      vertex 185.979 7.99523 3
    endloop
  endfacet
  facet normal 0 0 1
    outer loop
      vertex 177 63.1962 3
      vertex 166 58 3
      vertex 174 58 3
    endloop
  endfacet
  facet normal 0 0 1
    outer loop
      vertex 177 43.1962 3
      vertex 166 38 3
      vertex 174 38 3
    endloop
  endfacet
  facet normal 0 0 1
    outer loop
      vertex 177 32.8038 3
      vertex 163 32.8038 3
      vertex 177 23.1962 3
    endloop
  endfacet
  facet normal 0 0 1
    outer loop
      vertex 177 23.1962 3
      vertex 166 18 3
      vertex 174 18 3
    endloop
  endfacet
  facet normal -0 0 1
    outer loop
      vertex 166 18 3
      vertex 177 12.8038 3
      vertex 174 18 3
    endloop
  endfacet
  facet normal 0 0 1
    outer loop
      vertex 163 12.8038 3
      vertex 177 12.8038 3
      vertex 166 18 3
    endloop
  endfacet
  facet normal 0 0 1
    outer loop
      vertex 185.979 7.99523 3
      vertex 163 12.8038 3
      vertex 200 0 3
    endloop
  endfacet
  facet normal -0 0 1
    outer loop
      vertex 157 12.8038 3
      vertex 200 0 3
      vertex 163 12.8038 3
    endloop
  endfacet
  facet normal 0 0 1
    outer loop
      vertex 157 63.1962 3
      vertex 146 58 3
      vertex 154 58 3
    endloop
  endfacet
  facet normal 0 0 1
    outer loop
      vertex 157 43.1962 3
      vertex 146 38 3
      vertex 154 38 3
    endloop
  endfacet
  facet normal 0 0 1
    outer loop
      vertex 157 32.8038 3
      vertex 143 32.8038 3
      vertex 157 23.1962 3
    endloop
  endfacet
  facet normal 0 0 1
    outer loop
      vertex 157 23.1962 3
      vertex 146 18 3
      vertex 154 18 3
    endloop
  endfacet
  facet normal -0 0 1
    outer loop
      vertex 146 18 3
      vertex 157 12.8038 3
      vertex 154 18 3
    endloop
  endfacet
  facet normal 0 0 1
    outer loop
      vertex 143 12.8038 3
      vertex 157 12.8038 3
      vertex 146 18 3
    endloop
  endfacet
  facet normal -0 0 1
    outer loop
      vertex 143 12.8038 3
      vertex 200 0 3
      vertex 157 12.8038 3
    endloop
  endfacet
  facet normal -0 0 1
    outer loop
      vertex 137 12.8038 3
      vertex 200 0 3
      vertex 143 12.8038 3
    endloop
  endfacet
  facet normal 0 0 1
    outer loop
      vertex 137 63.1962 3
      vertex 126 58 3
      vertex 134 58 3
    endloop
  endfacet
  facet normal 0 0 1
    outer loop
      vertex 137 43.1962 3
      vertex 126 38 3
      vertex 134 38 3
    endloop
  endfacet
  facet normal 0 0 1
    outer loop
      vertex 137 32.8038 3
      vertex 123 32.8038 3
      vertex 137 23.1962 3
    endloop
  endfacet
  facet normal 0 0 1
    outer loop
      vertex 137 23.1962 3
      vertex 126 18 3
      vertex 134 18 3
    endloop
  endfacet
  facet normal -0 0 1
    outer loop
      vertex 126 18 3
      vertex 137 12.8038 3
      vertex 134 18 3
    endloop
  endfacet
  facet normal 0 0 1
    outer loop
      vertex 123 12.8038 3
      vertex 137 12.8038 3
      vertex 126 18 3
    endloop
  endfacet
  facet normal -0 0 1
    outer loop
      vertex 123 12.8038 3
      vertex 200 0 3
      vertex 137 12.8038 3
    endloop
  endfacet
  facet normal -0 0 1
    outer loop
      vertex 117 12.8038 3
      vertex 200 0 3
      vertex 123 12.8038 3
    endloop
  endfacet
  facet normal 0 0 1
    outer loop
      vertex 117 63.1962 3
      vertex 106 58 3
      vertex 114 58 3
    endloop
  endfacet
  facet normal 0 0 1
    outer loop
      vertex 117 43.1962 3
      vertex 106 38 3
      vertex 114 38 3
    endloop
  endfacet
  facet normal 0 0 1
    outer loop
      vertex 117 32.8038 3
      vertex 103 32.8038 3
      vertex 117 23.1962 3
    endloop
  endfacet
  facet normal 0 0 1
    outer loop
      vertex 117 23.1962 3
      vertex 106 18 3
      vertex 114 18 3
    endloop
  endfacet
  facet normal -0 0 1
    outer loop
      vertex 106 18 3
      vertex 117 12.8038 3
      vertex 114 18 3
    endloop
  endfacet
  facet normal 0 0 1
    outer loop
      vertex 103 12.8038 3
      vertex 117 12.8038 3
      vertex 106 18 3
    endloop
  endfacet
  facet normal -0 0 1
    outer loop
      vertex 103 12.8038 3
      vertex 200 0 3
      vertex 117 12.8038 3
    endloop
  endfacet
  facet normal -0 0 1
    outer loop
      vertex 97 12.8038 3
      vertex 200 0 3
      vertex 103 12.8038 3
    endloop
  endfacet
  facet normal 0 0 1
    outer loop
      vertex 97 63.1962 3
      vertex 86 58 3
      vertex 94 58 3
    endloop
  endfacet
  facet normal 0 0 1
    outer loop
      vertex 97 43.1962 3
      vertex 86 38 3
      vertex 94 38 3
    endloop
  endfacet
  facet normal 0 0 1
    outer loop
      vertex 97 32.8038 3
      vertex 83 32.8038 3
      vertex 97 23.1962 3
    endloop
  endfacet
  facet normal 0 0 1
    outer loop
      vertex 97 23.1962 3
      vertex 86 18 3
      vertex 94 18 3
    endloop
  endfacet
  facet normal -0 0 1
    outer loop
      vertex 86 18 3
      vertex 97 12.8038 3
      vertex 94 18 3
    endloop
  endfacet
  facet normal 0 0 1
    outer loop
      vertex 83 12.8038 3
      vertex 97 12.8038 3
      vertex 86 18 3
    endloop
  endfacet
  facet normal 0 0 1
    outer loop
      vertex 0 0 3
      vertex 97 12.8038 3
      vertex 83 12.8038 3
    endloop
  endfacet
  facet normal 0 0 1
    outer loop
      vertex 0 0 3
      vertex 83 12.8038 3
      vertex 77 12.8038 3
    endloop
  endfacet
  facet normal 0 0 1
    outer loop
      vertex 77 63.1962 3
      vertex 66 58 3
      vertex 74 58 3
    endloop
  endfacet
  facet normal 0 0 1
    outer loop
      vertex 77 43.1962 3
      vertex 66 38 3
      vertex 74 38 3
    endloop
  endfacet
  facet normal 0 0 1
    outer loop
      vertex 77 32.8038 3
      vertex 63 32.8038 3
      vertex 77 23.1962 3
    endloop
  endfacet
  facet normal 0 0 1
    outer loop
      vertex 77 23.1962 3
      vertex 66 18 3
      vertex 74 18 3
    endloop
  endfacet
  facet normal -0 0 1
    outer loop
      vertex 66 18 3
      vertex 77 12.8038 3
      vertex 74 18 3
    endloop
  endfacet
  facet normal 0 0 1
    outer loop
      vertex 63 12.8038 3
      vertex 77 12.8038 3
      vertex 66 18 3
    endloop
  endfacet
  facet normal 0 0 1
    outer loop
      vertex 0 0 3
      vertex 77 12.8038 3
      vertex 63 12.8038 3
    endloop
  endfacet
  facet normal 0 0 1
    outer loop
      vertex 0 0 3
      vertex 63 12.8038 3
      vertex 57 12.8038 3
    endloop
  endfacet
  facet normal 0 0 1
    outer loop
      vertex 57 63.1962 3
      vertex 46 58 3
      vertex 54 58 3
    endloop
  endfacet
  facet normal 0 0 1
    outer loop
      vertex 57 43.1962 3
      vertex 46 38 3
      vertex 54 38 3
    endloop
  endfacet
  facet normal 0 0 1
    outer loop
      vertex 57 32.8038 3
      vertex 43 32.8038 3
      vertex 57 23.1962 3
    endloop
  endfacet
  facet normal 0 0 1
    outer loop
      vertex 57 23.1962 3
      vertex 46 18 3
      vertex 54 18 3
    endloop
  endfacet
  facet normal -0 0 1
    outer loop
      vertex 46 18 3
      vertex 57 12.8038 3
      vertex 54 18 3
    endloop
  endfacet
  facet normal 0 0 1
    outer loop
      vertex 43 12.8038 3
      vertex 57 12.8038 3
      vertex 46 18 3
    endloop
  endfacet
  facet normal 0 0 1
    outer loop
      vertex 0 0 3
      vertex 57 12.8038 3
      vertex 43 12.8038 3
    endloop
  endfacet
  facet normal 0 0 1
    outer loop
      vertex 0 0 3
      vertex 43 12.8038 3
      vertex 37 12.8038 3
    endloop
  endfacet
  facet normal 0 0 1
    outer loop
      vertex 37 63.1962 3
      vertex 26 58 3
      vertex 34 58 3
    endloop
  endfacet
  facet normal 0 0 1
    outer loop
      vertex 37 43.1962 3
      vertex 26 38 3
      vertex 34 38 3
    endloop
  endfacet
  facet normal 0 0 1
    outer loop
      vertex 37 32.8038 3
      vertex 23 32.8038 3
      vertex 37 23.1962 3
    endloop
  endfacet
  facet normal 0 0 1
    outer loop
      vertex 37 23.1962 3
      vertex 26 18 3
      vertex 34 18 3
    endloop
  endfacet
  facet normal -0 0 1
    outer loop
      vertex 26 18 3
      vertex 37 12.8038 3
      vertex 34 18 3
    endloop
  endfacet
  facet normal 0 0 1
    outer loop
      vertex 23 12.8038 3
      vertex 37 12.8038 3
      vertex 26 18 3
    endloop
  endfacet
  facet normal 0 0 1
    outer loop
      vertex 14.3225 8.17971 3
      vertex 37 12.8038 3
      vertex 23 12.8038 3
    endloop
  endfacet
  facet normal 0 0 1
    outer loop
      vertex 15.2223 9.64802 3
      vertex 23 12.8038 3
      vertex 17 12.8038 3
    endloop
  endfacet
  facet normal 0 0 1
    outer loop
      vertex 15.2223 9.64802 3
      vertex 17 12.8038 3
      vertex 15.25 10 3
    endloop
  endfacet
  facet normal 0 0 1
    outer loop
      vertex 23 12.8038 3
      vertex 15.2223 9.64802 3
      vertex 15.1399 9.30471 3
    endloop
  endfacet
  facet normal 0 0 1
    outer loop
      vertex 23 12.8038 3
      vertex 15.1399 9.30471 3
      vertex 15.0048 8.97852 3
    endloop
  endfacet
  facet normal 0 0 1
    outer loop
      vertex 14.8203 8.67748 3
      vertex 23 12.8038 3
      vertex 15.0048 8.97852 3
    endloop
  endfacet
  facet normal 0 0 1
    outer loop
      vertex 14.591 8.40901 3
      vertex 23 12.8038 3
      vertex 14.8203 8.67748 3
    endloop
  endfacet
  facet normal 0 0 1
    outer loop
      vertex 14.3225 8.17971 3
      vertex 23 12.8038 3
      vertex 14.591 8.40901 3
    endloop
  endfacet
  facet normal 0 0 1
    outer loop
      vertex 37 12.8038 3
      vertex 14.3225 8.17971 3
      vertex 14.0215 7.99523 3
    endloop
  endfacet
  facet normal 0 0 1
    outer loop
      vertex 0 0 3
      vertex 37 12.8038 3
      vertex 14.0215 7.99523 3
    endloop
  endfacet
  facet normal 0 0 1
    outer loop
      vertex 0 0 3
      vertex 14.0215 7.99523 3
      vertex 13.6953 7.86012 3
    endloop
  endfacet
  facet normal 0 0 1
    outer loop
      vertex 0 0 3
      vertex 13.6953 7.86012 3
      vertex 13.352 7.7777 3
    endloop
  endfacet
  facet normal 0 0 1
    outer loop
      vertex 0 0 3
      vertex 13.352 7.7777 3
      vertex 13 7.75 3
    endloop
  endfacet
  facet normal 0 0 1
    outer loop
      vertex 0 0 3
      vertex 13 7.75 3
      vertex 7 7.75 3
    endloop
  endfacet
  facet normal 0 0 1
    outer loop
      vertex 97 12.8038 3
      vertex 0 0 3
      vertex 200 0 3
    endloop
  endfacet
  facet normal 0 0 1
    outer loop
      vertex 6.64802 7.7777 3
      vertex 0 0 3
      vertex 7 7.75 3
    endloop
  endfacet
  facet normal 0 0 1
    outer loop
      vertex 6.30471 7.86012 3
      vertex 0 0 3
      vertex 6.64802 7.7777 3
    endloop
  endfacet
  facet normal 0 0 1
    outer loop
      vertex 5.97852 7.99523 3
      vertex 0 0 3
      vertex 6.30471 7.86012 3
    endloop
  endfacet
  facet normal 0 0 1
    outer loop
      vertex 5.67748 8.17971 3
      vertex 0 0 3
      vertex 5.97852 7.99523 3
    endloop
  endfacet
  facet normal 0 0 1
    outer loop
      vertex 5.40901 8.40901 3
      vertex 0 0 3
      vertex 5.67748 8.17971 3
    endloop
  endfacet
  facet normal 0 0 1
    outer loop
      vertex 5.17971 8.67748 3
      vertex 0 0 3
      vertex 5.40901 8.40901 3
    endloop
  endfacet
  facet normal 0 0 1
    outer loop
      vertex 4.99523 8.97852 3
      vertex 0 0 3
      vertex 5.17971 8.67748 3
    endloop
  endfacet
  facet normal 0 0 1
    outer loop
      vertex 4.86012 9.30471 3
      vertex 0 0 3
      vertex 4.99523 8.97852 3
    endloop
  endfacet
  facet normal 0 0 1
    outer loop
      vertex 4.7777 9.64802 3
      vertex 0 0 3
      vertex 4.86012 9.30471 3
    endloop
  endfacet
  facet normal 0 0 1
    outer loop
      vertex 4.75 10 3
      vertex 0 0 3
      vertex 4.7777 9.64802 3
    endloop
  endfacet
  facet normal 0 0 1
    outer loop
      vertex 4.7777 10.352 3
      vertex 0 0 3
      vertex 4.75 10 3
    endloop
  endfacet
  facet normal 0 0 1
    outer loop
      vertex 193.352 12.2223 3
      vertex 186 18 3
      vertex 193 12.25 3
    endloop
  endfacet
  facet normal 0 0 1
    outer loop
      vertex 193 12.25 3
      vertex 186 18 3
      vertex 187 12.25 3
    endloop
  endfacet
  facet normal 0 0 1
    outer loop
      vertex 187 12.25 3
      vertex 186 18 3
      vertex 186.648 12.2223 3
    endloop
  endfacet
  facet normal 0 0 1
    outer loop
      vertex 186.648 12.2223 3
      vertex 186 18 3
      vertex 186.305 12.1399 3
    endloop
  endfacet
  facet normal -0 0 1
    outer loop
      vertex 183 12.8038 3
      vertex 186.305 12.1399 3
      vertex 186 18 3
    endloop
  endfacet
  facet normal 0 0 1
    outer loop
      vertex 186.305 12.1399 3
      vertex 183 12.8038 3
      vertex 185.979 12.0048 3
    endloop
  endfacet
  facet normal 0 0 1
    outer loop
      vertex 185.979 12.0048 3
      vertex 183 12.8038 3
      vertex 185.677 11.8203 3
    endloop
  endfacet
  facet normal 0 0 1
    outer loop
      vertex 185.677 11.8203 3
      vertex 183 12.8038 3
      vertex 185.409 11.591 3
    endloop
  endfacet
  facet normal 0 0 1
    outer loop
      vertex 185.409 11.591 3
      vertex 183 12.8038 3
      vertex 185.18 11.3225 3
    endloop
  endfacet
  facet normal 0 0 1
    outer loop
      vertex 185.18 11.3225 3
      vertex 183 12.8038 3
      vertex 184.995 11.0215 3
    endloop
  endfacet
  facet normal 0 0 1
    outer loop
      vertex 184.995 11.0215 3
      vertex 183 12.8038 3
      vertex 184.86 10.6953 3
    endloop
  endfacet
  facet normal 0 0 1
    outer loop
      vertex 184.778 10.352 3
      vertex 183 12.8038 3
      vertex 184.75 10 3
    endloop
  endfacet
  facet normal 0 0 1
    outer loop
      vertex 184.86 10.6953 3
      vertex 183 12.8038 3
      vertex 184.778 10.352 3
    endloop
  endfacet
  facet normal 1 -0 0
    outer loop
      vertex 200 0 3
      vertex 200 130 0
      vertex 200 130 3
    endloop
  endfacet
  facet normal 1 0 0
    outer loop
      vertex 200 130 0
      vertex 200 0 3
      vertex 200 0 0
    endloop
  endfacet
  facet normal 0 0 -1
    outer loop
      vertex 37 103.196 0
      vertex 15.2223 119.648 0
      vertex 15.25 120 0
    endloop
  endfacet
  facet normal 0 0 -1
    outer loop
      vertex 23 103.196 0
      vertex 15.1399 119.305 0
      vertex 15.2223 119.648 0
    endloop
  endfacet
  facet normal 0 0 -1
    outer loop
      vertex 23 103.196 0
      vertex 15.0048 118.979 0
      vertex 15.1399 119.305 0
    endloop
  endfacet
  facet normal 0 0 -1
    outer loop
      vertex 23 103.196 0
      vertex 14.8203 118.677 0
      vertex 15.0048 118.979 0
    endloop
  endfacet
  facet normal 0 0 -1
    outer loop
      vertex 23 103.196 0
      vertex 14.591 118.409 0
      vertex 14.8203 118.677 0
    endloop
  endfacet
  facet normal 0 0 -1
    outer loop
      vertex 23 103.196 0
      vertex 14.3225 118.18 0
      vertex 14.591 118.409 0
    endloop
  endfacet
  facet normal 0 0 -1
    outer loop
      vertex 17 103.196 0
      vertex 14.0215 117.995 0
      vertex 14.3225 118.18 0
    endloop
  endfacet
  facet normal 0 0 -1
    outer loop
      vertex 6.64802 117.778 0
      vertex 17 103.196 0
      vertex 14 98 0
    endloop
  endfacet
  facet normal 0 0 -1
    outer loop
      vertex 6.30471 12.1399 0
      vertex 14 18 0
      vertex 6.64802 12.2223 0
    endloop
  endfacet
  facet normal 0 0 -1
    outer loop
      vertex 17 103.196 0
      vertex 13.6953 117.86 0
      vertex 14.0215 117.995 0
    endloop
  endfacet
  facet normal -0 0 -1
    outer loop
      vertex 14 18 0
      vertex 6.30471 12.1399 0
      vertex 14 38 0
    endloop
  endfacet
  facet normal 0 0 -1
    outer loop
      vertex 17 103.196 0
      vertex 13.352 117.778 0
      vertex 13.6953 117.86 0
    endloop
  endfacet
  facet normal 0 0 -1
    outer loop
      vertex 5.97852 12.0048 0
      vertex 14 38 0
      vertex 6.30471 12.1399 0
    endloop
  endfacet
  facet normal 0 0 -1
    outer loop
      vertex 17 103.196 0
      vertex 13 117.75 0
      vertex 13.352 117.778 0
    endloop
  endfacet
  facet normal 0 0 -1
    outer loop
      vertex 5.67748 11.8203 0
      vertex 14 38 0
      vertex 5.97852 12.0048 0
    endloop
  endfacet
  facet normal 0 0 -1
    outer loop
      vertex 17 103.196 0
      vertex 7 117.75 0
      vertex 13 117.75 0
    endloop
  endfacet
  facet normal 0 0 -1
    outer loop
      vertex 5.40901 11.591 0
      vertex 14 38 0
      vertex 5.67748 11.8203 0
    endloop
  endfacet
  facet normal 0 0 -1
    outer loop
      vertex 17 103.196 0
      vertex 6.64802 117.778 0
      vertex 7 117.75 0
    endloop
  endfacet
  facet normal 0 0 -1
    outer loop
      vertex 5.17971 11.3225 0
      vertex 14 38 0
      vertex 5.40901 11.591 0
    endloop
  endfacet
  facet normal 0 0 -1
    outer loop
      vertex 14 98 0
      vertex 6.30471 117.86 0
      vertex 6.64802 117.778 0
    endloop
  endfacet
  facet normal 0 0 -1
    outer loop
      vertex 4.99523 11.0215 0
      vertex 14 38 0
      vertex 5.17971 11.3225 0
    endloop
  endfacet
  facet normal 0 0 -1
    outer loop
      vertex 14 98 0
      vertex 5.97852 117.995 0
      vertex 6.30471 117.86 0
    endloop
  endfacet
  facet normal -0 0 -1
    outer loop
      vertex 14 38 0
      vertex 4.99523 11.0215 0
      vertex 14 58 0
    endloop
  endfacet
  facet normal 0 0 -1
    outer loop
      vertex 14 98 0
      vertex 5.67748 118.18 0
      vertex 5.97852 117.995 0
    endloop
  endfacet
  facet normal 0 0 -1
    outer loop
      vertex 4.86012 10.6953 0
      vertex 14 58 0
      vertex 4.99523 11.0215 0
    endloop
  endfacet
  facet normal 0 0 -1
    outer loop
      vertex 14 98 0
      vertex 5.40901 118.409 0
      vertex 5.67748 118.18 0
    endloop
  endfacet
  facet normal 0 0 -1
    outer loop
      vertex 0 0 0
      vertex 14 58 0
      vertex 4.86012 10.6953 0
    endloop
  endfacet
  facet normal 0 0 -1
    outer loop
      vertex 14 98 0
      vertex 5.17971 118.677 0
      vertex 5.40901 118.409 0
    endloop
  endfacet
  facet normal -0 -0 -1
    outer loop
      vertex 5.17971 118.677 0
      vertex 14 78 0
      vertex 4.99523 118.979 0
    endloop
  endfacet
  facet normal 0 0 -1
    outer loop
      vertex 14 78 0
      vertex 5.17971 118.677 0
      vertex 14 98 0
    endloop
  endfacet
  facet normal 0 0 -1
    outer loop
      vertex 0 130 0
      vertex 14 58 0
      vertex 0 0 0
    endloop
  endfacet
  facet normal 0 0 -1
    outer loop
      vertex 14 78 0
      vertex 4.86012 119.305 0
      vertex 4.99523 118.979 0
    endloop
  endfacet
  facet normal 0 0 -1
    outer loop
      vertex 0 0 0
      vertex 4.86012 10.6953 0
      vertex 4.7777 10.352 0
    endloop
  endfacet
  facet normal 0 0 -1
    outer loop
      vertex 14 58 0
      vertex 0 130 0
      vertex 14 78 0
    endloop
  endfacet
  facet normal 0 0 -1
    outer loop
      vertex 0 0 0
      vertex 4.7777 10.352 0
      vertex 4.75 10 0
    endloop
  endfacet
  facet normal 0 0 -1
    outer loop
      vertex 14 78 0
      vertex 0 130 0
      vertex 4.86012 119.305 0
    endloop
  endfacet
  facet normal 0 0 -1
    outer loop
      vertex 23 92.8038 0
      vertex 37 92.8038 0
      vertex 23 83.1962 0
    endloop
  endfacet
  facet normal 0 0 -1
    outer loop
      vertex 37 92.8038 0
      vertex 23 92.8038 0
      vertex 26 98 0
    endloop
  endfacet
  facet normal 0 0 -1
    outer loop
      vertex 17 83.1962 0
      vertex 23 92.8038 0
      vertex 23 83.1962 0
    endloop
  endfacet
  facet normal 0 0 -1
    outer loop
      vertex 17 83.1962 0
      vertex 17 92.8038 0
      vertex 23 92.8038 0
    endloop
  endfacet
  facet normal 0 0 -1
    outer loop
      vertex 14 78 0
      vertex 17 92.8038 0
      vertex 17 83.1962 0
    endloop
  endfacet
  facet normal -0 0 -1
    outer loop
      vertex 17 92.8038 0
      vertex 14 78 0
      vertex 14 98 0
    endloop
  endfacet
  facet normal 0 0 -1
    outer loop
      vertex 23 72.8038 0
      vertex 37 72.8038 0
      vertex 23 63.1962 0
    endloop
  endfacet
  facet normal 0 0 -1
    outer loop
      vertex 37 72.8038 0
      vertex 23 72.8038 0
      vertex 26 78 0
    endloop
  endfacet
  facet normal 0 0 -1
    outer loop
      vertex 17 63.1962 0
      vertex 23 72.8038 0
      vertex 23 63.1962 0
    endloop
  endfacet
  facet normal 0 0 -1
    outer loop
      vertex 17 63.1962 0
      vertex 17 72.8038 0
      vertex 23 72.8038 0
    endloop
  endfacet
  facet normal 0 0 -1
    outer loop
      vertex 14 58 0
      vertex 17 72.8038 0
      vertex 17 63.1962 0
    endloop
  endfacet
  facet normal -0 0 -1
    outer loop
      vertex 17 72.8038 0
      vertex 14 58 0
      vertex 14 78 0
    endloop
  endfacet
  facet normal 0 0 -1
    outer loop
      vertex 23 52.8038 0
      vertex 37 52.8038 0
      vertex 23 43.1962 0
    endloop
  endfacet
  facet normal 0 0 -1
    outer loop
      vertex 37 52.8038 0
      vertex 23 52.8038 0
      vertex 26 58 0
    endloop
  endfacet
  facet normal 0 0 -1
    outer loop
      vertex 17 43.1962 0
      vertex 23 52.8038 0
      vertex 23 43.1962 0
    endloop
  endfacet
  facet normal 0 0 -1
    outer loop
      vertex 17 43.1962 0
      vertex 17 52.8038 0
      vertex 23 52.8038 0
    endloop
  endfacet
  facet normal 0 0 -1
    outer loop
      vertex 14 38 0
      vertex 17 52.8038 0
      vertex 17 43.1962 0
    endloop
  endfacet
  facet normal -0 0 -1
    outer loop
      vertex 17 52.8038 0
      vertex 14 38 0
      vertex 14 58 0
    endloop
  endfacet
  facet normal 0 0 -1
    outer loop
      vertex 23 32.8038 0
      vertex 37 32.8038 0
      vertex 23 23.1962 0
    endloop
  endfacet
  facet normal 0 0 -1
    outer loop
      vertex 37 32.8038 0
      vertex 23 32.8038 0
      vertex 26 38 0
    endloop
  endfacet
  facet normal 0 0 -1
    outer loop
      vertex 17 23.1962 0
      vertex 23 32.8038 0
      vertex 23 23.1962 0
    endloop
  endfacet
  facet normal 0 0 -1
    outer loop
      vertex 17 23.1962 0
      vertex 17 32.8038 0
      vertex 23 32.8038 0
    endloop
  endfacet
  facet normal 0 0 -1
    outer loop
      vertex 14 18 0
      vertex 17 32.8038 0
      vertex 17 23.1962 0
    endloop
  endfacet
  facet normal -0 0 -1
    outer loop
      vertex 17 32.8038 0
      vertex 14 18 0
      vertex 14 38 0
    endloop
  endfacet
  facet normal 0 0 -1
    outer loop
      vertex 43 92.8038 0
      vertex 57 92.8038 0
      vertex 43 83.1962 0
    endloop
  endfacet
  facet normal 0 0 -1
    outer loop
      vertex 57 92.8038 0
      vertex 43 92.8038 0
      vertex 46 98 0
    endloop
  endfacet
  facet normal 0 0 -1
    outer loop
      vertex 37 83.1962 0
      vertex 43 92.8038 0
      vertex 43 83.1962 0
    endloop
  endfacet
  facet normal 0 0 -1
    outer loop
      vertex 37 83.1962 0
      vertex 37 92.8038 0
      vertex 43 92.8038 0
    endloop
  endfacet
  facet normal 0 0 -1
    outer loop
      vertex 26 78 0
      vertex 37 83.1962 0
      vertex 34 78 0
    endloop
  endfacet
  facet normal 0 0 -1
    outer loop
      vertex 23 83.1962 0
      vertex 37 83.1962 0
      vertex 26 78 0
    endloop
  endfacet
  facet normal 0 0 -1
    outer loop
      vertex 43 72.8038 0
      vertex 57 72.8038 0
      vertex 43 63.1962 0
    endloop
  endfacet
  facet normal 0 0 -1
    outer loop
      vertex 57 72.8038 0
      vertex 43 72.8038 0
      vertex 46 78 0
    endloop
  endfacet
  facet normal 0 0 -1
    outer loop
      vertex 37 63.1962 0
      vertex 43 72.8038 0
      vertex 43 63.1962 0
    endloop
  endfacet
  facet normal 0 0 -1
    outer loop
      vertex 37 63.1962 0
      vertex 37 72.8038 0
      vertex 43 72.8038 0
    endloop
  endfacet
  facet normal 0 0 -1
    outer loop
      vertex 26 58 0
      vertex 37 63.1962 0
      vertex 34 58 0
    endloop
  endfacet
  facet normal 0 0 -1
    outer loop
      vertex 23 63.1962 0
      vertex 37 63.1962 0
      vertex 26 58 0
    endloop
  endfacet
  facet normal 0 0 -1
    outer loop
      vertex 43 52.8038 0
      vertex 57 52.8038 0
      vertex 43 43.1962 0
    endloop
  endfacet
  facet normal 0 0 -1
    outer loop
      vertex 57 52.8038 0
      vertex 43 52.8038 0
      vertex 46 58 0
    endloop
  endfacet
  facet normal 0 0 -1
    outer loop
      vertex 37 43.1962 0
      vertex 43 52.8038 0
      vertex 43 43.1962 0
    endloop
  endfacet
  facet normal 0 0 -1
    outer loop
      vertex 37 43.1962 0
      vertex 37 52.8038 0
      vertex 43 52.8038 0
    endloop
  endfacet
  facet normal 0 0 -1
    outer loop
      vertex 26 38 0
      vertex 37 43.1962 0
      vertex 34 38 0
    endloop
  endfacet
  facet normal 0 0 -1
    outer loop
      vertex 23 43.1962 0
      vertex 37 43.1962 0
      vertex 26 38 0
    endloop
  endfacet
  facet normal 0 0 -1
    outer loop
      vertex 43 32.8038 0
      vertex 57 32.8038 0
      vertex 43 23.1962 0
    endloop
  endfacet
  facet normal 0 0 -1
    outer loop
      vertex 57 32.8038 0
      vertex 43 32.8038 0
      vertex 46 38 0
    endloop
  endfacet
  facet normal 0 0 -1
    outer loop
      vertex 37 23.1962 0
      vertex 43 32.8038 0
      vertex 43 23.1962 0
    endloop
  endfacet
  facet normal 0 0 -1
    outer loop
      vertex 37 23.1962 0
      vertex 37 32.8038 0
      vertex 43 32.8038 0
    endloop
  endfacet
  facet normal 0 0 -1
    outer loop
      vertex 26 18 0
      vertex 37 23.1962 0
      vertex 34 18 0
    endloop
  endfacet
  facet normal 0 0 -1
    outer loop
      vertex 23 23.1962 0
      vertex 37 23.1962 0
      vertex 26 18 0
    endloop
  endfacet
  facet normal 0 0 -1
    outer loop
      vertex 63 92.8038 0
      vertex 77 92.8038 0
      vertex 63 83.1962 0
    endloop
  endfacet
  facet normal 0 0 -1
    outer loop
      vertex 77 92.8038 0
      vertex 63 92.8038 0
      vertex 66 98 0
    endloop
  endfacet
  facet normal 0 0 -1
    outer loop
      vertex 57 83.1962 0
      vertex 63 92.8038 0
      vertex 63 83.1962 0
    endloop
  endfacet
  facet normal 0 0 -1
    outer loop
      vertex 57 83.1962 0
      vertex 57 92.8038 0
      vertex 63 92.8038 0
    endloop
  endfacet
  facet normal 0 0 -1
    outer loop
      vertex 46 78 0
      vertex 57 83.1962 0
      vertex 54 78 0
    endloop
  endfacet
  facet normal 0 0 -1
    outer loop
      vertex 43 83.1962 0
      vertex 57 83.1962 0
      vertex 46 78 0
    endloop
  endfacet
  facet normal 0 0 -1
    outer loop
      vertex 63 72.8038 0
      vertex 77 72.8038 0
      vertex 63 63.1962 0
    endloop
  endfacet
  facet normal 0 0 -1
    outer loop
      vertex 77 72.8038 0
      vertex 63 72.8038 0
      vertex 66 78 0
    endloop
  endfacet
  facet normal 0 0 -1
    outer loop
      vertex 57 63.1962 0
      vertex 63 72.8038 0
      vertex 63 63.1962 0
    endloop
  endfacet
  facet normal 0 0 -1
    outer loop
      vertex 57 63.1962 0
      vertex 57 72.8038 0
      vertex 63 72.8038 0
    endloop
  endfacet
  facet normal 0 0 -1
    outer loop
      vertex 46 58 0
      vertex 57 63.1962 0
      vertex 54 58 0
    endloop
  endfacet
  facet normal 0 0 -1
    outer loop
      vertex 43 63.1962 0
      vertex 57 63.1962 0
      vertex 46 58 0
    endloop
  endfacet
  facet normal 0 0 -1
    outer loop
      vertex 63 52.8038 0
      vertex 77 52.8038 0
      vertex 63 43.1962 0
    endloop
  endfacet
  facet normal 0 0 -1
    outer loop
      vertex 77 52.8038 0
      vertex 63 52.8038 0
      vertex 66 58 0
    endloop
  endfacet
  facet normal 0 0 -1
    outer loop
      vertex 57 43.1962 0
      vertex 63 52.8038 0
      vertex 63 43.1962 0
    endloop
  endfacet
  facet normal 0 0 -1
    outer loop
      vertex 57 43.1962 0
      vertex 57 52.8038 0
      vertex 63 52.8038 0
    endloop
  endfacet
  facet normal 0 0 -1
    outer loop
      vertex 46 38 0
      vertex 57 43.1962 0
      vertex 54 38 0
    endloop
  endfacet
  facet normal 0 0 -1
    outer loop
      vertex 43 43.1962 0
      vertex 57 43.1962 0
      vertex 46 38 0
    endloop
  endfacet
  facet normal 0 0 -1
    outer loop
      vertex 63 32.8038 0
      vertex 77 32.8038 0
      vertex 63 23.1962 0
    endloop
  endfacet
  facet normal 0 0 -1
    outer loop
      vertex 77 32.8038 0
      vertex 63 32.8038 0
      vertex 66 38 0
    endloop
  endfacet
  facet normal 0 0 -1
    outer loop
      vertex 57 23.1962 0
      vertex 63 32.8038 0
      vertex 63 23.1962 0
    endloop
  endfacet
  facet normal 0 0 -1
    outer loop
      vertex 57 23.1962 0
      vertex 57 32.8038 0
      vertex 63 32.8038 0
    endloop
  endfacet
  facet normal 0 0 -1
    outer loop
      vertex 46 18 0
      vertex 57 23.1962 0
      vertex 54 18 0
    endloop
  endfacet
  facet normal 0 0 -1
    outer loop
      vertex 43 23.1962 0
      vertex 57 23.1962 0
      vertex 46 18 0
    endloop
  endfacet
  facet normal 0 0 -1
    outer loop
      vertex 83 92.8038 0
      vertex 97 92.8038 0
      vertex 83 83.1962 0
    endloop
  endfacet
  facet normal 0 0 -1
    outer loop
      vertex 97 92.8038 0
      vertex 83 92.8038 0
      vertex 86 98 0
    endloop
  endfacet
  facet normal 0 0 -1
    outer loop
      vertex 77 83.1962 0
      vertex 83 92.8038 0
      vertex 83 83.1962 0
    endloop
  endfacet
  facet normal 0 0 -1
    outer loop
      vertex 77 83.1962 0
      vertex 77 92.8038 0
      vertex 83 92.8038 0
    endloop
  endfacet
  facet normal 0 0 -1
    outer loop
      vertex 66 78 0
      vertex 77 83.1962 0
      vertex 74 78 0
    endloop
  endfacet
  facet normal 0 0 -1
    outer loop
      vertex 63 83.1962 0
      vertex 77 83.1962 0
      vertex 66 78 0
    endloop
  endfacet
  facet normal 0 0 -1
    outer loop
      vertex 83 72.8038 0
      vertex 97 72.8038 0
      vertex 83 63.1962 0
    endloop
  endfacet
  facet normal 0 0 -1
    outer loop
      vertex 97 72.8038 0
      vertex 83 72.8038 0
      vertex 86 78 0
    endloop
  endfacet
  facet normal 0 0 -1
    outer loop
      vertex 77 63.1962 0
      vertex 83 72.8038 0
      vertex 83 63.1962 0
    endloop
  endfacet
  facet normal 0 0 -1
    outer loop
      vertex 77 63.1962 0
      vertex 77 72.8038 0
      vertex 83 72.8038 0
    endloop
  endfacet
  facet normal 0 0 -1
    outer loop
      vertex 66 58 0
      vertex 77 63.1962 0
      vertex 74 58 0
    endloop
  endfacet
  facet normal 0 0 -1
    outer loop
      vertex 63 63.1962 0
      vertex 77 63.1962 0
      vertex 66 58 0
    endloop
  endfacet
  facet normal 0 0 -1
    outer loop
      vertex 83 52.8038 0
      vertex 97 52.8038 0
      vertex 83 43.1962 0
    endloop
  endfacet
  facet normal 0 0 -1
    outer loop
      vertex 97 52.8038 0
      vertex 83 52.8038 0
      vertex 86 58 0
    endloop
  endfacet
  facet normal 0 0 -1
    outer loop
      vertex 77 43.1962 0
      vertex 83 52.8038 0
      vertex 83 43.1962 0
    endloop
  endfacet
  facet normal 0 0 -1
    outer loop
      vertex 77 43.1962 0
      vertex 77 52.8038 0
      vertex 83 52.8038 0
    endloop
  endfacet
  facet normal 0 0 -1
    outer loop
      vertex 66 38 0
      vertex 77 43.1962 0
      vertex 74 38 0
    endloop
  endfacet
  facet normal 0 0 -1
    outer loop
      vertex 63 43.1962 0
      vertex 77 43.1962 0
      vertex 66 38 0
    endloop
  endfacet
  facet normal 0 0 -1
    outer loop
      vertex 83 32.8038 0
      vertex 97 32.8038 0
      vertex 83 23.1962 0
    endloop
  endfacet
  facet normal 0 0 -1
    outer loop
      vertex 97 32.8038 0
      vertex 83 32.8038 0
      vertex 86 38 0
    endloop
  endfacet
  facet normal 0 0 -1
    outer loop
      vertex 77 23.1962 0
      vertex 83 32.8038 0
      vertex 83 23.1962 0
    endloop
  endfacet
  facet normal 0 0 -1
    outer loop
      vertex 77 23.1962 0
      vertex 77 32.8038 0
      vertex 83 32.8038 0
    endloop
  endfacet
  facet normal 0 0 -1
    outer loop
      vertex 66 18 0
      vertex 77 23.1962 0
      vertex 74 18 0
    endloop
  endfacet
  facet normal 0 0 -1
    outer loop
      vertex 63 23.1962 0
      vertex 77 23.1962 0
      vertex 66 18 0
    endloop
  endfacet
  facet normal 0 0 -1
    outer loop
      vertex 103 92.8038 0
      vertex 117 92.8038 0
      vertex 103 83.1962 0
    endloop
  endfacet
  facet normal 0 0 -1
    outer loop
      vertex 117 92.8038 0
      vertex 103 92.8038 0
      vertex 106 98 0
    endloop
  endfacet
  facet normal 0 0 -1
    outer loop
      vertex 97 83.1962 0
      vertex 103 92.8038 0
      vertex 103 83.1962 0
    endloop
  endfacet
  facet normal 0 0 -1
    outer loop
      vertex 97 83.1962 0
      vertex 97 92.8038 0
      vertex 103 92.8038 0
    endloop
  endfacet
  facet normal 0 0 -1
    outer loop
      vertex 86 78 0
      vertex 97 83.1962 0
      vertex 94 78 0
    endloop
  endfacet
  facet normal 0 0 -1
    outer loop
      vertex 83 83.1962 0
      vertex 97 83.1962 0
      vertex 86 78 0
    endloop
  endfacet
  facet normal 0 0 -1
    outer loop
      vertex 103 72.8038 0
      vertex 117 72.8038 0
      vertex 103 63.1962 0
    endloop
  endfacet
  facet normal 0 0 -1
    outer loop
      vertex 117 72.8038 0
      vertex 103 72.8038 0
      vertex 106 78 0
    endloop
  endfacet
  facet normal 0 0 -1
    outer loop
      vertex 97 63.1962 0
      vertex 103 72.8038 0
      vertex 103 63.1962 0
    endloop
  endfacet
  facet normal 0 0 -1
    outer loop
      vertex 97 63.1962 0
      vertex 97 72.8038 0
      vertex 103 72.8038 0
    endloop
  endfacet
  facet normal 0 0 -1
    outer loop
      vertex 86 58 0
      vertex 97 63.1962 0
      vertex 94 58 0
    endloop
  endfacet
  facet normal 0 0 -1
    outer loop
      vertex 83 63.1962 0
      vertex 97 63.1962 0
      vertex 86 58 0
    endloop
  endfacet
  facet normal 0 0 -1
    outer loop
      vertex 103 52.8038 0
      vertex 117 52.8038 0
      vertex 103 43.1962 0
    endloop
  endfacet
  facet normal 0 0 -1
    outer loop
      vertex 117 52.8038 0
      vertex 103 52.8038 0
      vertex 106 58 0
    endloop
  endfacet
  facet normal 0 0 -1
    outer loop
      vertex 97 43.1962 0
      vertex 103 52.8038 0
      vertex 103 43.1962 0
    endloop
  endfacet
  facet normal 0 0 -1
    outer loop
      vertex 97 43.1962 0
      vertex 97 52.8038 0
      vertex 103 52.8038 0
    endloop
  endfacet
  facet normal 0 0 -1
    outer loop
      vertex 86 38 0
      vertex 97 43.1962 0
      vertex 94 38 0
    endloop
  endfacet
  facet normal 0 0 -1
    outer loop
      vertex 83 43.1962 0
      vertex 97 43.1962 0
      vertex 86 38 0
    endloop
  endfacet
  facet normal 0 0 -1
    outer loop
      vertex 103 32.8038 0
      vertex 117 32.8038 0
      vertex 103 23.1962 0
    endloop
  endfacet
  facet normal 0 0 -1
    outer loop
      vertex 117 32.8038 0
      vertex 103 32.8038 0
      vertex 106 38 0
    endloop
  endfacet
  facet normal 0 0 -1
    outer loop
      vertex 97 23.1962 0
      vertex 103 32.8038 0
      vertex 103 23.1962 0
    endloop
  endfacet
  facet normal 0 0 -1
    outer loop
      vertex 97 23.1962 0
      vertex 97 32.8038 0
      vertex 103 32.8038 0
    endloop
  endfacet
  facet normal 0 0 -1
    outer loop
      vertex 86 18 0
      vertex 97 23.1962 0
      vertex 94 18 0
    endloop
  endfacet
  facet normal 0 0 -1
    outer loop
      vertex 83 23.1962 0
      vertex 97 23.1962 0
      vertex 86 18 0
    endloop
  endfacet
  facet normal 0 0 -1
    outer loop
      vertex 123 92.8038 0
      vertex 137 92.8038 0
      vertex 123 83.1962 0
    endloop
  endfacet
  facet normal 0 0 -1
    outer loop
      vertex 137 92.8038 0
      vertex 123 92.8038 0
      vertex 126 98 0
    endloop
  endfacet
  facet normal 0 0 -1
    outer loop
      vertex 117 83.1962 0
      vertex 123 92.8038 0
      vertex 123 83.1962 0
    endloop
  endfacet
  facet normal 0 0 -1
    outer loop
      vertex 117 83.1962 0
      vertex 117 92.8038 0
      vertex 123 92.8038 0
    endloop
  endfacet
  facet normal 0 0 -1
    outer loop
      vertex 106 78 0
      vertex 117 83.1962 0
      vertex 114 78 0
    endloop
  endfacet
  facet normal 0 0 -1
    outer loop
      vertex 103 83.1962 0
      vertex 117 83.1962 0
      vertex 106 78 0
    endloop
  endfacet
  facet normal 0 0 -1
    outer loop
      vertex 123 72.8038 0
      vertex 137 72.8038 0
      vertex 123 63.1962 0
    endloop
  endfacet
  facet normal 0 0 -1
    outer loop
      vertex 137 72.8038 0
      vertex 123 72.8038 0
      vertex 126 78 0
    endloop
  endfacet
  facet normal 0 0 -1
    outer loop
      vertex 117 63.1962 0
      vertex 123 72.8038 0
      vertex 123 63.1962 0
    endloop
  endfacet
  facet normal 0 0 -1
    outer loop
      vertex 117 63.1962 0
      vertex 117 72.8038 0
      vertex 123 72.8038 0
    endloop
  endfacet
  facet normal 0 0 -1
    outer loop
      vertex 106 58 0
      vertex 117 63.1962 0
      vertex 114 58 0
    endloop
  endfacet
  facet normal 0 0 -1
    outer loop
      vertex 103 63.1962 0
      vertex 117 63.1962 0
      vertex 106 58 0
    endloop
  endfacet
  facet normal 0 0 -1
    outer loop
      vertex 123 52.8038 0
      vertex 137 52.8038 0
      vertex 123 43.1962 0
    endloop
  endfacet
  facet normal 0 0 -1
    outer loop
      vertex 137 52.8038 0
      vertex 123 52.8038 0
      vertex 126 58 0
    endloop
  endfacet
  facet normal 0 0 -1
    outer loop
      vertex 117 43.1962 0
      vertex 123 52.8038 0
      vertex 123 43.1962 0
    endloop
  endfacet
  facet normal 0 0 -1
    outer loop
      vertex 117 43.1962 0
      vertex 117 52.8038 0
      vertex 123 52.8038 0
    endloop
  endfacet
  facet normal 0 0 -1
    outer loop
      vertex 106 38 0
      vertex 117 43.1962 0
      vertex 114 38 0
    endloop
  endfacet
  facet normal 0 0 -1
    outer loop
      vertex 103 43.1962 0
      vertex 117 43.1962 0
      vertex 106 38 0
    endloop
  endfacet
  facet normal 0 0 -1
    outer loop
      vertex 123 32.8038 0
      vertex 137 32.8038 0
      vertex 123 23.1962 0
    endloop
  endfacet
  facet normal 0 0 -1
    outer loop
      vertex 137 32.8038 0
      vertex 123 32.8038 0
      vertex 126 38 0
    endloop
  endfacet
  facet normal 0 0 -1
    outer loop
      vertex 117 23.1962 0
      vertex 123 32.8038 0
      vertex 123 23.1962 0
    endloop
  endfacet
  facet normal 0 0 -1
    outer loop
      vertex 117 23.1962 0
      vertex 117 32.8038 0
      vertex 123 32.8038 0
    endloop
  endfacet
  facet normal 0 0 -1
    outer loop
      vertex 106 18 0
      vertex 117 23.1962 0
      vertex 114 18 0
    endloop
  endfacet
  facet normal 0 0 -1
    outer loop
      vertex 103 23.1962 0
      vertex 117 23.1962 0
      vertex 106 18 0
    endloop
  endfacet
  facet normal 0 0 -1
    outer loop
      vertex 143 92.8038 0
      vertex 157 92.8038 0
      vertex 143 83.1962 0
    endloop
  endfacet
  facet normal 0 0 -1
    outer loop
      vertex 157 92.8038 0
      vertex 143 92.8038 0
      vertex 146 98 0
    endloop
  endfacet
  facet normal 0 0 -1
    outer loop
      vertex 137 83.1962 0
      vertex 143 92.8038 0
      vertex 143 83.1962 0
    endloop
  endfacet
  facet normal 0 0 -1
    outer loop
      vertex 137 83.1962 0
      vertex 137 92.8038 0
      vertex 143 92.8038 0
    endloop
  endfacet
  facet normal 0 0 -1
    outer loop
      vertex 126 78 0
      vertex 137 83.1962 0
      vertex 134 78 0
    endloop
  endfacet
  facet normal 0 0 -1
    outer loop
      vertex 123 83.1962 0
      vertex 137 83.1962 0
      vertex 126 78 0
    endloop
  endfacet
  facet normal 0 0 -1
    outer loop
      vertex 143 72.8038 0
      vertex 157 72.8038 0
      vertex 143 63.1962 0
    endloop
  endfacet
  facet normal 0 0 -1
    outer loop
      vertex 157 72.8038 0
      vertex 143 72.8038 0
      vertex 146 78 0
    endloop
  endfacet
  facet normal 0 0 -1
    outer loop
      vertex 137 63.1962 0
      vertex 143 72.8038 0
      vertex 143 63.1962 0
    endloop
  endfacet
  facet normal 0 0 -1
    outer loop
      vertex 137 63.1962 0
      vertex 137 72.8038 0
      vertex 143 72.8038 0
    endloop
  endfacet
  facet normal 0 0 -1
    outer loop
      vertex 126 58 0
      vertex 137 63.1962 0
      vertex 134 58 0
    endloop
  endfacet
  facet normal 0 0 -1
    outer loop
      vertex 123 63.1962 0
      vertex 137 63.1962 0
      vertex 126 58 0
    endloop
  endfacet
  facet normal 0 0 -1
    outer loop
      vertex 143 52.8038 0
      vertex 157 52.8038 0
      vertex 143 43.1962 0
    endloop
  endfacet
  facet normal 0 0 -1
    outer loop
      vertex 157 52.8038 0
      vertex 143 52.8038 0
      vertex 146 58 0
    endloop
  endfacet
  facet normal 0 0 -1
    outer loop
      vertex 137 43.1962 0
      vertex 143 52.8038 0
      vertex 143 43.1962 0
    endloop
  endfacet
  facet normal 0 0 -1
    outer loop
      vertex 137 43.1962 0
      vertex 137 52.8038 0
      vertex 143 52.8038 0
    endloop
  endfacet
  facet normal 0 0 -1
    outer loop
      vertex 126 38 0
      vertex 137 43.1962 0
      vertex 134 38 0
    endloop
  endfacet
  facet normal 0 0 -1
    outer loop
      vertex 123 43.1962 0
      vertex 137 43.1962 0
      vertex 126 38 0
    endloop
  endfacet
  facet normal 0 0 -1
    outer loop
      vertex 143 32.8038 0
      vertex 157 32.8038 0
      vertex 143 23.1962 0
    endloop
  endfacet
  facet normal 0 0 -1
    outer loop
      vertex 157 32.8038 0
      vertex 143 32.8038 0
      vertex 146 38 0
    endloop
  endfacet
  facet normal 0 0 -1
    outer loop
      vertex 137 23.1962 0
      vertex 143 32.8038 0
      vertex 143 23.1962 0
    endloop
  endfacet
  facet normal 0 0 -1
    outer loop
      vertex 137 23.1962 0
      vertex 137 32.8038 0
      vertex 143 32.8038 0
    endloop
  endfacet
  facet normal 0 0 -1
    outer loop
      vertex 126 18 0
      vertex 137 23.1962 0
      vertex 134 18 0
    endloop
  endfacet
  facet normal 0 0 -1
    outer loop
      vertex 123 23.1962 0
      vertex 137 23.1962 0
      vertex 126 18 0
    endloop
  endfacet
  facet normal 0 0 -1
    outer loop
      vertex 163 92.8038 0
      vertex 177 92.8038 0
      vertex 163 83.1962 0
    endloop
  endfacet
  facet normal 0 0 -1
    outer loop
      vertex 177 92.8038 0
      vertex 163 92.8038 0
      vertex 166 98 0
    endloop
  endfacet
  facet normal 0 0 -1
    outer loop
      vertex 157 83.1962 0
      vertex 163 92.8038 0
      vertex 163 83.1962 0
    endloop
  endfacet
  facet normal 0 0 -1
    outer loop
      vertex 157 83.1962 0
      vertex 157 92.8038 0
      vertex 163 92.8038 0
    endloop
  endfacet
  facet normal 0 0 -1
    outer loop
      vertex 146 78 0
      vertex 157 83.1962 0
      vertex 154 78 0
    endloop
  endfacet
  facet normal 0 0 -1
    outer loop
      vertex 143 83.1962 0
      vertex 157 83.1962 0
      vertex 146 78 0
    endloop
  endfacet
  facet normal 0 0 -1
    outer loop
      vertex 163 72.8038 0
      vertex 177 72.8038 0
      vertex 163 63.1962 0
    endloop
  endfacet
  facet normal 0 0 -1
    outer loop
      vertex 177 72.8038 0
      vertex 163 72.8038 0
      vertex 166 78 0
    endloop
  endfacet
  facet normal 0 0 -1
    outer loop
      vertex 157 63.1962 0
      vertex 163 72.8038 0
      vertex 163 63.1962 0
    endloop
  endfacet
  facet normal 0 0 -1
    outer loop
      vertex 157 63.1962 0
      vertex 157 72.8038 0
      vertex 163 72.8038 0
    endloop
  endfacet
  facet normal 0 0 -1
    outer loop
      vertex 146 58 0
      vertex 157 63.1962 0
      vertex 154 58 0
    endloop
  endfacet
  facet normal 0 0 -1
    outer loop
      vertex 143 63.1962 0
      vertex 157 63.1962 0
      vertex 146 58 0
    endloop
  endfacet
  facet normal 0 0 -1
    outer loop
      vertex 163 52.8038 0
      vertex 177 52.8038 0
      vertex 163 43.1962 0
    endloop
  endfacet
  facet normal 0 0 -1
    outer loop
      vertex 177 52.8038 0
      vertex 163 52.8038 0
      vertex 166 58 0
    endloop
  endfacet
  facet normal 0 0 -1
    outer loop
      vertex 157 43.1962 0
      vertex 163 52.8038 0
      vertex 163 43.1962 0
    endloop
  endfacet
  facet normal 0 0 -1
    outer loop
      vertex 157 43.1962 0
      vertex 157 52.8038 0
      vertex 163 52.8038 0
    endloop
  endfacet
  facet normal 0 0 -1
    outer loop
      vertex 146 38 0
      vertex 157 43.1962 0
      vertex 154 38 0
    endloop
  endfacet
  facet normal 0 0 -1
    outer loop
      vertex 143 43.1962 0
      vertex 157 43.1962 0
      vertex 146 38 0
    endloop
  endfacet
  facet normal 0 0 -1
    outer loop
      vertex 163 32.8038 0
      vertex 177 32.8038 0
      vertex 163 23.1962 0
    endloop
  endfacet
  facet normal 0 0 -1
    outer loop
      vertex 177 32.8038 0
      vertex 163 32.8038 0
      vertex 166 38 0
    endloop
  endfacet
  facet normal 0 0 -1
    outer loop
      vertex 157 23.1962 0
      vertex 163 32.8038 0
      vertex 163 23.1962 0
    endloop
  endfacet
  facet normal 0 0 -1
    outer loop
      vertex 157 23.1962 0
      vertex 157 32.8038 0
      vertex 163 32.8038 0
    endloop
  endfacet
  facet normal 0 0 -1
    outer loop
      vertex 146 18 0
      vertex 157 23.1962 0
      vertex 154 18 0
    endloop
  endfacet
  facet normal 0 0 -1
    outer loop
      vertex 143 23.1962 0
      vertex 157 23.1962 0
      vertex 146 18 0
    endloop
  endfacet
  facet normal 0 0 -1
    outer loop
      vertex 15.2223 10.352 0
      vertex 17 12.8038 0
      vertex 15.25 10 0
    endloop
  endfacet
  facet normal 0 0 -1
    outer loop
      vertex 15.1399 10.6953 0
      vertex 17 12.8038 0
      vertex 15.2223 10.352 0
    endloop
  endfacet
  facet normal 0 0 -1
    outer loop
      vertex 15.0048 11.0215 0
      vertex 17 12.8038 0
      vertex 15.1399 10.6953 0
    endloop
  endfacet
  facet normal 0 0 -1
    outer loop
      vertex 14.8203 11.3225 0
      vertex 17 12.8038 0
      vertex 15.0048 11.0215 0
    endloop
  endfacet
  facet normal 0 0 -1
    outer loop
      vertex 14.591 11.591 0
      vertex 17 12.8038 0
      vertex 14.8203 11.3225 0
    endloop
  endfacet
  facet normal 0 0 -1
    outer loop
      vertex 14.3225 11.8203 0
      vertex 17 12.8038 0
      vertex 14.591 11.591 0
    endloop
  endfacet
  facet normal 0 0 -1
    outer loop
      vertex 14.0215 12.0048 0
      vertex 17 12.8038 0
      vertex 14.3225 11.8203 0
    endloop
  endfacet
  facet normal 0 0 -1
    outer loop
      vertex 13.6953 12.1399 0
      vertex 17 12.8038 0
      vertex 14.0215 12.0048 0
    endloop
  endfacet
  facet normal 0 0 -1
    outer loop
      vertex 13.352 12.2223 0
      vertex 14 18 0
      vertex 13.6953 12.1399 0
    endloop
  endfacet
  facet normal 0 0 -1
    outer loop
      vertex 13 12.25 0
      vertex 14 18 0
      vertex 13.352 12.2223 0
    endloop
  endfacet
  facet normal 0 0 -1
    outer loop
      vertex 7 12.25 0
      vertex 14 18 0
      vertex 13 12.25 0
    endloop
  endfacet
  facet normal 0 0 -1
    outer loop
      vertex 6.64802 12.2223 0
      vertex 14 18 0
      vertex 7 12.25 0
    endloop
  endfacet
  facet normal -0 0 -1
    outer loop
      vertex 17 12.8038 0
      vertex 13.6953 12.1399 0
      vertex 14 18 0
    endloop
  endfacet
  facet normal 0 0 -1
    outer loop
      vertex 183 83.1962 0
      vertex 186 98 0
      vertex 186 78 0
    endloop
  endfacet
  facet normal 0 0 -1
    outer loop
      vertex 183 83.1962 0
      vertex 183 92.8038 0
      vertex 186 98 0
    endloop
  endfacet
  facet normal 0 0 -1
    outer loop
      vertex 177 83.1962 0
      vertex 183 92.8038 0
      vertex 183 83.1962 0
    endloop
  endfacet
  facet normal 0 0 -1
    outer loop
      vertex 177 83.1962 0
      vertex 177 92.8038 0
      vertex 183 92.8038 0
    endloop
  endfacet
  facet normal 0 0 -1
    outer loop
      vertex 166 78 0
      vertex 177 83.1962 0
      vertex 174 78 0
    endloop
  endfacet
  facet normal 0 0 -1
    outer loop
      vertex 163 83.1962 0
      vertex 177 83.1962 0
      vertex 166 78 0
    endloop
  endfacet
  facet normal 0 0 -1
    outer loop
      vertex 183 63.1962 0
      vertex 186 78 0
      vertex 186 58 0
    endloop
  endfacet
  facet normal 0 0 -1
    outer loop
      vertex 183 63.1962 0
      vertex 183 72.8038 0
      vertex 186 78 0
    endloop
  endfacet
  facet normal 0 0 -1
    outer loop
      vertex 177 63.1962 0
      vertex 183 72.8038 0
      vertex 183 63.1962 0
    endloop
  endfacet
  facet normal 0 0 -1
    outer loop
      vertex 177 63.1962 0
      vertex 177 72.8038 0
      vertex 183 72.8038 0
    endloop
  endfacet
  facet normal 0 0 -1
    outer loop
      vertex 166 58 0
      vertex 177 63.1962 0
      vertex 174 58 0
    endloop
  endfacet
  facet normal 0 0 -1
    outer loop
      vertex 163 63.1962 0
      vertex 177 63.1962 0
      vertex 166 58 0
    endloop
  endfacet
  facet normal 0 0 -1
    outer loop
      vertex 183 43.1962 0
      vertex 186 58 0
      vertex 186 38 0
    endloop
  endfacet
  facet normal 0 0 -1
    outer loop
      vertex 183 43.1962 0
      vertex 183 52.8038 0
      vertex 186 58 0
    endloop
  endfacet
  facet normal 0 0 -1
    outer loop
      vertex 177 43.1962 0
      vertex 183 52.8038 0
      vertex 183 43.1962 0
    endloop
  endfacet
  facet normal 0 0 -1
    outer loop
      vertex 177 43.1962 0
      vertex 177 52.8038 0
      vertex 183 52.8038 0
    endloop
  endfacet
  facet normal 0 0 -1
    outer loop
      vertex 166 38 0
      vertex 177 43.1962 0
      vertex 174 38 0
    endloop
  endfacet
  facet normal 0 0 -1
    outer loop
      vertex 163 43.1962 0
      vertex 177 43.1962 0
      vertex 166 38 0
    endloop
  endfacet
  facet normal 0 0 -1
    outer loop
      vertex 183 23.1962 0
      vertex 186 38 0
      vertex 186 18 0
    endloop
  endfacet
  facet normal 0 0 -1
    outer loop
      vertex 183 23.1962 0
      vertex 183 32.8038 0
      vertex 186 38 0
    endloop
  endfacet
  facet normal 0 0 -1
    outer loop
      vertex 177 23.1962 0
      vertex 183 32.8038 0
      vertex 183 23.1962 0
    endloop
  endfacet
  facet normal 0 0 -1
    outer loop
      vertex 177 23.1962 0
      vertex 177 32.8038 0
      vertex 183 32.8038 0
    endloop
  endfacet
  facet normal 0 0 -1
    outer loop
      vertex 166 18 0
      vertex 177 23.1962 0
      vertex 174 18 0
    endloop
  endfacet
  facet normal 0 0 -1
    outer loop
      vertex 163 23.1962 0
      vertex 177 23.1962 0
      vertex 166 18 0
    endloop
  endfacet
  facet normal 0 0 -1
    outer loop
      vertex 186 58 0
      vertex 200 0 0
      vertex 195.14 10.6953 0
    endloop
  endfacet
  facet normal 0 0 -1
    outer loop
      vertex 200 130 0
      vertex 195.222 119.648 0
      vertex 195.25 120 0
    endloop
  endfacet
  facet normal 0 0 -1
    outer loop
      vertex 200 0 0
      vertex 186 58 0
      vertex 200 130 0
    endloop
  endfacet
  facet normal 0 0 -1
    outer loop
      vertex 200 130 0
      vertex 195.14 119.305 0
      vertex 195.222 119.648 0
    endloop
  endfacet
  facet normal 0 0 -1
    outer loop
      vertex 186 58 0
      vertex 195.14 10.6953 0
      vertex 195.005 11.0215 0
    endloop
  endfacet
  facet normal 0 0 -1
    outer loop
      vertex 186 78 0
      vertex 200 130 0
      vertex 186 58 0
    endloop
  endfacet
  facet normal 0 0 -1
    outer loop
      vertex 186 38 0
      vertex 195.005 11.0215 0
      vertex 194.82 11.3225 0
    endloop
  endfacet
  facet normal 0 0 -1
    outer loop
      vertex 200 130 0
      vertex 186 78 0
      vertex 195.14 119.305 0
    endloop
  endfacet
  facet normal 0 0 -1
    outer loop
      vertex 186 38 0
      vertex 194.82 11.3225 0
      vertex 194.591 11.591 0
    endloop
  endfacet
  facet normal 0 0 -1
    outer loop
      vertex 195.14 119.305 0
      vertex 186 78 0
      vertex 195.005 118.979 0
    endloop
  endfacet
  facet normal 0 0 -1
    outer loop
      vertex 186 38 0
      vertex 194.591 11.591 0
      vertex 194.323 11.8203 0
    endloop
  endfacet
  facet normal 0 0 -1
    outer loop
      vertex 195.005 118.979 0
      vertex 186 78 0
      vertex 194.82 118.677 0
    endloop
  endfacet
  facet normal 0 0 -1
    outer loop
      vertex 186 38 0
      vertex 194.323 11.8203 0
      vertex 194.021 12.0048 0
    endloop
  endfacet
  facet normal 0 0 -1
    outer loop
      vertex 186 98 0
      vertex 194.82 118.677 0
      vertex 186 78 0
    endloop
  endfacet
  facet normal 0 0 -1
    outer loop
      vertex 186 38 0
      vertex 194.021 12.0048 0
      vertex 193.695 12.1399 0
    endloop
  endfacet
  facet normal 0 0 -1
    outer loop
      vertex 194.82 118.677 0
      vertex 186 98 0
      vertex 194.591 118.409 0
    endloop
  endfacet
  facet normal 0 0 -1
    outer loop
      vertex 186 18 0
      vertex 193.695 12.1399 0
      vertex 193.352 12.2223 0
    endloop
  endfacet
  facet normal 0 0 -1
    outer loop
      vertex 194.591 118.409 0
      vertex 186 98 0
      vertex 194.323 118.18 0
    endloop
  endfacet
  facet normal 0 0 -1
    outer loop
      vertex 186 18 0
      vertex 193.352 12.2223 0
      vertex 193 12.25 0
    endloop
  endfacet
  facet normal 0 0 -1
    outer loop
      vertex 194.323 118.18 0
      vertex 186 98 0
      vertex 194.021 117.995 0
    endloop
  endfacet
  facet normal 0 0 -1
    outer loop
      vertex 186 18 0
      vertex 193 12.25 0
      vertex 187 12.25 0
    endloop
  endfacet
  facet normal 0 0 -1
    outer loop
      vertex 195.005 11.0215 0
      vertex 186 38 0
      vertex 186 58 0
    endloop
  endfacet
  facet normal 0 0 -1
    outer loop
      vertex 186 18 0
      vertex 187 12.25 0
      vertex 186.648 12.2223 0
    endloop
  endfacet
  facet normal 0 0 -1
    outer loop
      vertex 193.695 117.86 0
      vertex 186 98 0
      vertex 193.352 117.778 0
    endloop
  endfacet
  facet normal 0 0 -1
    outer loop
      vertex 186 18 0
      vertex 186.648 12.2223 0
      vertex 186.305 12.1399 0
    endloop
  endfacet
  facet normal 0 0 -1
    outer loop
      vertex 194.021 117.995 0
      vertex 186 98 0
      vertex 193.695 117.86 0
    endloop
  endfacet
  facet normal 0 0 -1
    outer loop
      vertex 193.695 12.1399 0
      vertex 186 18 0
      vertex 186 38 0
    endloop
  endfacet
  facet normal 0 0 -1
    outer loop
      vertex 183 12.8038 0
      vertex 186.305 12.1399 0
      vertex 185.979 12.0048 0
    endloop
  endfacet
  facet normal 0 0 -1
    outer loop
      vertex 183 12.8038 0
      vertex 185.979 12.0048 0
      vertex 185.677 11.8203 0
    endloop
  endfacet
  facet normal 0 0 -1
    outer loop
      vertex 183 12.8038 0
      vertex 185.677 11.8203 0
      vertex 185.409 11.591 0
    endloop
  endfacet
  facet normal 0 0 -1
    outer loop
      vertex 183 12.8038 0
      vertex 185.409 11.591 0
      vertex 185.18 11.3225 0
    endloop
  endfacet
  facet normal 0 0 -1
    outer loop
      vertex 183 12.8038 0
      vertex 185.18 11.3225 0
      vertex 184.995 11.0215 0
    endloop
  endfacet
  facet normal 0 0 -1
    outer loop
      vertex 183 12.8038 0
      vertex 184.995 11.0215 0
      vertex 184.86 10.6953 0
    endloop
  endfacet
  facet normal 0 0 -1
    outer loop
      vertex 183 12.8038 0
      vertex 184.86 10.6953 0
      vertex 184.778 10.352 0
    endloop
  endfacet
  facet normal 0 0 -1
    outer loop
      vertex 186.305 12.1399 0
      vertex 183 12.8038 0
      vertex 186 18 0
    endloop
  endfacet
  facet normal 0 0 -1
    outer loop
      vertex 183 12.8038 0
      vertex 184.778 10.352 0
      vertex 184.75 10 0
    endloop
  endfacet
  facet normal 0 0 -1
    outer loop
      vertex 195.222 10.352 0
      vertex 200 0 0
      vertex 195.25 10 0
    endloop
  endfacet
  facet normal 0 0 -1
    outer loop
      vertex 200 0 0
      vertex 195.222 9.64802 0
      vertex 195.25 10 0
    endloop
  endfacet
  facet normal 0 0 -1
    outer loop
      vertex 200 0 0
      vertex 195.14 9.30471 0
      vertex 195.222 9.64802 0
    endloop
  endfacet
  facet normal 0 0 -1
    outer loop
      vertex 200 0 0
      vertex 195.005 8.97852 0
      vertex 195.14 9.30471 0
    endloop
  endfacet
  facet normal 0 0 -1
    outer loop
      vertex 200 0 0
      vertex 194.82 8.67748 0
      vertex 195.005 8.97852 0
    endloop
  endfacet
  facet normal 0 0 -1
    outer loop
      vertex 200 0 0
      vertex 194.591 8.40901 0
      vertex 194.82 8.67748 0
    endloop
  endfacet
  facet normal 0 0 -1
    outer loop
      vertex 200 0 0
      vertex 194.323 8.17971 0
      vertex 194.591 8.40901 0
    endloop
  endfacet
  facet normal 0 0 -1
    outer loop
      vertex 200 0 0
      vertex 194.021 7.99523 0
      vertex 194.323 8.17971 0
    endloop
  endfacet
  facet normal 0 0 -1
    outer loop
      vertex 200 0 0
      vertex 193.695 7.86012 0
      vertex 194.021 7.99523 0
    endloop
  endfacet
  facet normal 0 0 -1
    outer loop
      vertex 200 0 0
      vertex 193.352 7.7777 0
      vertex 193.695 7.86012 0
    endloop
  endfacet
  facet normal 0 0 -1
    outer loop
      vertex 200 0 0
      vertex 193 7.75 0
      vertex 193.352 7.7777 0
    endloop
  endfacet
  facet normal 0 0 -1
    outer loop
      vertex 200 0 0
      vertex 187 7.75 0
      vertex 193 7.75 0
    endloop
  endfacet
  facet normal 0 0 -1
    outer loop
      vertex 200 0 0
      vertex 186.648 7.7777 0
      vertex 187 7.75 0
    endloop
  endfacet
  facet normal 0 0 -1
    outer loop
      vertex 200 0 0
      vertex 186.305 7.86012 0
      vertex 186.648 7.7777 0
    endloop
  endfacet
  facet normal 0 0 -1
    outer loop
      vertex 200 0 0
      vertex 185.979 7.99523 0
      vertex 186.305 7.86012 0
    endloop
  endfacet
  facet normal 0 0 -1
    outer loop
      vertex 184.778 9.64802 0
      vertex 183 12.8038 0
      vertex 184.75 10 0
    endloop
  endfacet
  facet normal 0 0 -1
    outer loop
      vertex 177 12.8038 0
      vertex 184.778 9.64802 0
      vertex 184.86 9.30471 0
    endloop
  endfacet
  facet normal 0 0 -1
    outer loop
      vertex 177 12.8038 0
      vertex 184.86 9.30471 0
      vertex 184.995 8.97852 0
    endloop
  endfacet
  facet normal 0 0 -1
    outer loop
      vertex 184.778 9.64802 0
      vertex 177 12.8038 0
      vertex 183 12.8038 0
    endloop
  endfacet
  facet normal 0 0 -1
    outer loop
      vertex 185.18 8.67748 0
      vertex 177 12.8038 0
      vertex 184.995 8.97852 0
    endloop
  endfacet
  facet normal 0 0 -1
    outer loop
      vertex 185.409 8.40901 0
      vertex 177 12.8038 0
      vertex 185.18 8.67748 0
    endloop
  endfacet
  facet normal 0 0 -1
    outer loop
      vertex 185.677 8.17971 0
      vertex 177 12.8038 0
      vertex 185.409 8.40901 0
    endloop
  endfacet
  facet normal 0 0 -1
    outer loop
      vertex 163 12.8038 0
      vertex 185.677 8.17971 0
      vertex 185.979 7.99523 0
    endloop
  endfacet
  facet normal 0 0 -1
    outer loop
      vertex 163 12.8038 0
      vertex 185.979 7.99523 0
      vertex 200 0 0
    endloop
  endfacet
  facet normal 0 0 -1
    outer loop
      vertex 177 32.8038 0
      vertex 166 38 0
      vertex 174 38 0
    endloop
  endfacet
  facet normal 0 0 -1
    outer loop
      vertex 177 43.1962 0
      vertex 163 43.1962 0
      vertex 177 52.8038 0
    endloop
  endfacet
  facet normal 0 0 -1
    outer loop
      vertex 177 63.1962 0
      vertex 163 63.1962 0
      vertex 177 72.8038 0
    endloop
  endfacet
  facet normal 0 0 -1
    outer loop
      vertex 177 23.1962 0
      vertex 163 23.1962 0
      vertex 177 32.8038 0
    endloop
  endfacet
  facet normal 0 0 -1
    outer loop
      vertex 177 12.8038 0
      vertex 166 18 0
      vertex 174 18 0
    endloop
  endfacet
  facet normal 0 0 -1
    outer loop
      vertex 185.677 8.17971 0
      vertex 163 12.8038 0
      vertex 177 12.8038 0
    endloop
  endfacet
  facet normal 0 0 -1
    outer loop
      vertex 177 12.8038 0
      vertex 163 12.8038 0
      vertex 166 18 0
    endloop
  endfacet
  facet normal 0 0 -1
    outer loop
      vertex 200 0 0
      vertex 157 12.8038 0
      vertex 163 12.8038 0
    endloop
  endfacet
  facet normal 0 0 -1
    outer loop
      vertex 157 32.8038 0
      vertex 146 38 0
      vertex 154 38 0
    endloop
  endfacet
  facet normal 0 0 -1
    outer loop
      vertex 157 43.1962 0
      vertex 143 43.1962 0
      vertex 157 52.8038 0
    endloop
  endfacet
  facet normal 0 0 -1
    outer loop
      vertex 157 63.1962 0
      vertex 143 63.1962 0
      vertex 157 72.8038 0
    endloop
  endfacet
  facet normal 0 0 -1
    outer loop
      vertex 157 23.1962 0
      vertex 143 23.1962 0
      vertex 157 32.8038 0
    endloop
  endfacet
  facet normal 0 0 -1
    outer loop
      vertex 157 12.8038 0
      vertex 146 18 0
      vertex 154 18 0
    endloop
  endfacet
  facet normal 0 0 -1
    outer loop
      vertex 157 12.8038 0
      vertex 143 12.8038 0
      vertex 146 18 0
    endloop
  endfacet
  facet normal 0 0 -1
    outer loop
      vertex 200 0 0
      vertex 143 12.8038 0
      vertex 157 12.8038 0
    endloop
  endfacet
  facet normal 0 0 -1
    outer loop
      vertex 200 0 0
      vertex 137 12.8038 0
      vertex 143 12.8038 0
    endloop
  endfacet
  facet normal 0 0 -1
    outer loop
      vertex 137 32.8038 0
      vertex 126 38 0
      vertex 134 38 0
    endloop
  endfacet
  facet normal 0 0 -1
    outer loop
      vertex 137 43.1962 0
      vertex 123 43.1962 0
      vertex 137 52.8038 0
    endloop
  endfacet
  facet normal 0 0 -1
    outer loop
      vertex 137 63.1962 0
      vertex 123 63.1962 0
      vertex 137 72.8038 0
    endloop
  endfacet
  facet normal 0 0 -1
    outer loop
      vertex 137 23.1962 0
      vertex 123 23.1962 0
      vertex 137 32.8038 0
    endloop
  endfacet
  facet normal 0 0 -1
    outer loop
      vertex 137 12.8038 0
      vertex 126 18 0
      vertex 134 18 0
    endloop
  endfacet
  facet normal 0 0 -1
    outer loop
      vertex 137 12.8038 0
      vertex 123 12.8038 0
      vertex 126 18 0
    endloop
  endfacet
  facet normal 0 0 -1
    outer loop
      vertex 200 0 0
      vertex 123 12.8038 0
      vertex 137 12.8038 0
    endloop
  endfacet
  facet normal 0 0 -1
    outer loop
      vertex 200 0 0
      vertex 117 12.8038 0
      vertex 123 12.8038 0
    endloop
  endfacet
  facet normal 0 0 -1
    outer loop
      vertex 117 32.8038 0
      vertex 106 38 0
      vertex 114 38 0
    endloop
  endfacet
  facet normal 0 0 -1
    outer loop
      vertex 117 43.1962 0
      vertex 103 43.1962 0
      vertex 117 52.8038 0
    endloop
  endfacet
  facet normal 0 0 -1
    outer loop
      vertex 117 63.1962 0
      vertex 103 63.1962 0
      vertex 117 72.8038 0
    endloop
  endfacet
  facet normal 0 0 -1
    outer loop
      vertex 117 23.1962 0
      vertex 103 23.1962 0
      vertex 117 32.8038 0
    endloop
  endfacet
  facet normal 0 0 -1
    outer loop
      vertex 117 12.8038 0
      vertex 106 18 0
      vertex 114 18 0
    endloop
  endfacet
  facet normal 0 0 -1
    outer loop
      vertex 117 12.8038 0
      vertex 103 12.8038 0
      vertex 106 18 0
    endloop
  endfacet
  facet normal 0 0 -1
    outer loop
      vertex 200 0 0
      vertex 103 12.8038 0
      vertex 117 12.8038 0
    endloop
  endfacet
  facet normal 0 0 -1
    outer loop
      vertex 200 0 0
      vertex 97 12.8038 0
      vertex 103 12.8038 0
    endloop
  endfacet
  facet normal 0 0 -1
    outer loop
      vertex 97 32.8038 0
      vertex 86 38 0
      vertex 94 38 0
    endloop
  endfacet
  facet normal 0 0 -1
    outer loop
      vertex 97 43.1962 0
      vertex 83 43.1962 0
      vertex 97 52.8038 0
    endloop
  endfacet
  facet normal 0 0 -1
    outer loop
      vertex 97 63.1962 0
      vertex 83 63.1962 0
      vertex 97 72.8038 0
    endloop
  endfacet
  facet normal 0 0 -1
    outer loop
      vertex 97 23.1962 0
      vertex 83 23.1962 0
      vertex 97 32.8038 0
    endloop
  endfacet
  facet normal 0 0 -1
    outer loop
      vertex 97 12.8038 0
      vertex 86 18 0
      vertex 94 18 0
    endloop
  endfacet
  facet normal 0 0 -1
    outer loop
      vertex 97 12.8038 0
      vertex 83 12.8038 0
      vertex 86 18 0
    endloop
  endfacet
  facet normal 0 0 -1
    outer loop
      vertex 0 0 0
      vertex 97 12.8038 0
      vertex 200 0 0
    endloop
  endfacet
  facet normal -0 0 -1
    outer loop
      vertex 97 12.8038 0
      vertex 0 0 0
      vertex 83 12.8038 0
    endloop
  endfacet
  facet normal 0 0 -1
    outer loop
      vertex 77 32.8038 0
      vertex 66 38 0
      vertex 74 38 0
    endloop
  endfacet
  facet normal 0 0 -1
    outer loop
      vertex 77 43.1962 0
      vertex 63 43.1962 0
      vertex 77 52.8038 0
    endloop
  endfacet
  facet normal 0 0 -1
    outer loop
      vertex 77 63.1962 0
      vertex 63 63.1962 0
      vertex 77 72.8038 0
    endloop
  endfacet
  facet normal 0 0 -1
    outer loop
      vertex 77 23.1962 0
      vertex 63 23.1962 0
      vertex 77 32.8038 0
    endloop
  endfacet
  facet normal 0 0 -1
    outer loop
      vertex 77 12.8038 0
      vertex 66 18 0
      vertex 74 18 0
    endloop
  endfacet
  facet normal 0 0 -1
    outer loop
      vertex 77 12.8038 0
      vertex 63 12.8038 0
      vertex 66 18 0
    endloop
  endfacet
  facet normal -0 0 -1
    outer loop
      vertex 83 12.8038 0
      vertex 0 0 0
      vertex 77 12.8038 0
    endloop
  endfacet
  facet normal -0 0 -1
    outer loop
      vertex 77 12.8038 0
      vertex 0 0 0
      vertex 63 12.8038 0
    endloop
  endfacet
  facet normal 0 0 -1
    outer loop
      vertex 57 32.8038 0
      vertex 46 38 0
      vertex 54 38 0
    endloop
  endfacet
  facet normal 0 0 -1
    outer loop
      vertex 57 43.1962 0
      vertex 43 43.1962 0
      vertex 57 52.8038 0
    endloop
  endfacet
  facet normal 0 0 -1
    outer loop
      vertex 57 63.1962 0
      vertex 43 63.1962 0
      vertex 57 72.8038 0
    endloop
  endfacet
  facet normal 0 0 -1
    outer loop
      vertex 57 23.1962 0
      vertex 43 23.1962 0
      vertex 57 32.8038 0
    endloop
  endfacet
  facet normal 0 0 -1
    outer loop
      vertex 57 12.8038 0
      vertex 46 18 0
      vertex 54 18 0
    endloop
  endfacet
  facet normal 0 0 -1
    outer loop
      vertex 57 12.8038 0
      vertex 43 12.8038 0
      vertex 46 18 0
    endloop
  endfacet
  facet normal -0 0 -1
    outer loop
      vertex 63 12.8038 0
      vertex 0 0 0
      vertex 57 12.8038 0
    endloop
  endfacet
  facet normal -0 0 -1
    outer loop
      vertex 57 12.8038 0
      vertex 0 0 0
      vertex 43 12.8038 0
    endloop
  endfacet
  facet normal 0 0 -1
    outer loop
      vertex 37 32.8038 0
      vertex 26 38 0
      vertex 34 38 0
    endloop
  endfacet
  facet normal 0 0 -1
    outer loop
      vertex 37 43.1962 0
      vertex 23 43.1962 0
      vertex 37 52.8038 0
    endloop
  endfacet
  facet normal 0 0 -1
    outer loop
      vertex 37 63.1962 0
      vertex 23 63.1962 0
      vertex 37 72.8038 0
    endloop
  endfacet
  facet normal 0 0 -1
    outer loop
      vertex 37 23.1962 0
      vertex 23 23.1962 0
      vertex 37 32.8038 0
    endloop
  endfacet
  facet normal 0 0 -1
    outer loop
      vertex 37 12.8038 0
      vertex 26 18 0
      vertex 34 18 0
    endloop
  endfacet
  facet normal 0 0 -1
    outer loop
      vertex 37 12.8038 0
      vertex 23 12.8038 0
      vertex 26 18 0
    endloop
  endfacet
  facet normal -0 0 -1
    outer loop
      vertex 43 12.8038 0
      vertex 0 0 0
      vertex 37 12.8038 0
    endloop
  endfacet
  facet normal 0 -0 -1
    outer loop
      vertex 14.3225 8.17971 0
      vertex 37 12.8038 0
      vertex 14.0215 7.99523 0
    endloop
  endfacet
  facet normal 0 -0 -1
    outer loop
      vertex 15.1399 9.30471 0
      vertex 23 12.8038 0
      vertex 15.0048 8.97852 0
    endloop
  endfacet
  facet normal 0 0 -1
    outer loop
      vertex 17 12.8038 0
      vertex 15.2223 9.64802 0
      vertex 15.25 10 0
    endloop
  endfacet
  facet normal -0 0 -1
    outer loop
      vertex 23 12.8038 0
      vertex 15.2223 9.64802 0
      vertex 17 12.8038 0
    endloop
  endfacet
  facet normal 0 -0 -1
    outer loop
      vertex 15.2223 9.64802 0
      vertex 23 12.8038 0
      vertex 15.1399 9.30471 0
    endloop
  endfacet
  facet normal 0 0 -1
    outer loop
      vertex 23 12.8038 0
      vertex 14.8203 8.67748 0
      vertex 15.0048 8.97852 0
    endloop
  endfacet
  facet normal 0 0 -1
    outer loop
      vertex 23 12.8038 0
      vertex 14.591 8.40901 0
      vertex 14.8203 8.67748 0
    endloop
  endfacet
  facet normal 0 0 -1
    outer loop
      vertex 23 12.8038 0
      vertex 14.3225 8.17971 0
      vertex 14.591 8.40901 0
    endloop
  endfacet
  facet normal -0 0 -1
    outer loop
      vertex 37 12.8038 0
      vertex 14.3225 8.17971 0
      vertex 23 12.8038 0
    endloop
  endfacet
  facet normal 0 0 -1
    outer loop
      vertex 37 12.8038 0
      vertex 0 0 0
      vertex 14.0215 7.99523 0
    endloop
  endfacet
  facet normal 0 0 -1
    outer loop
      vertex 14.0215 7.99523 0
      vertex 0 0 0
      vertex 13.6953 7.86012 0
    endloop
  endfacet
  facet normal 0 0 -1
    outer loop
      vertex 13.6953 7.86012 0
      vertex 0 0 0
      vertex 13.352 7.7777 0
    endloop
  endfacet
  facet normal 0 0 -1
    outer loop
      vertex 13.352 7.7777 0
      vertex 0 0 0
      vertex 13 7.75 0
    endloop
  endfacet
  facet normal 0 0 -1
    outer loop
      vertex 4.86012 119.305 0
      vertex 0 130 0
      vertex 4.7777 119.648 0
    endloop
  endfacet
  facet normal -0 0 -1
    outer loop
      vertex 4.7777 9.64802 0
      vertex 0 0 0
      vertex 4.75 10 0
    endloop
  endfacet
  facet normal -0 0 -1
    outer loop
      vertex 4.86012 9.30471 0
      vertex 0 0 0
      vertex 4.7777 9.64802 0
    endloop
  endfacet
  facet normal -0 0 -1
    outer loop
      vertex 4.99523 8.97852 0
      vertex 0 0 0
      vertex 4.86012 9.30471 0
    endloop
  endfacet
  facet normal -0 0 -1
    outer loop
      vertex 5.17971 8.67748 0
      vertex 0 0 0
      vertex 4.99523 8.97852 0
    endloop
  endfacet
  facet normal -0 0 -1
    outer loop
      vertex 5.40901 8.40901 0
      vertex 0 0 0
      vertex 5.17971 8.67748 0
    endloop
  endfacet
  facet normal -0 0 -1
    outer loop
      vertex 5.67748 8.17971 0
      vertex 0 0 0
      vertex 5.40901 8.40901 0
    endloop
  endfacet
  facet normal -0 0 -1
    outer loop
      vertex 5.97852 7.99523 0
      vertex 0 0 0
      vertex 5.67748 8.17971 0
    endloop
  endfacet
  facet normal -0 0 -1
    outer loop
      vertex 6.30471 7.86012 0
      vertex 0 0 0
      vertex 5.97852 7.99523 0
    endloop
  endfacet
  facet normal -0 0 -1
    outer loop
      vertex 6.64802 7.7777 0
      vertex 0 0 0
      vertex 6.30471 7.86012 0
    endloop
  endfacet
  facet normal -0 0 -1
    outer loop
      vertex 7 7.75 0
      vertex 0 0 0
      vertex 6.64802 7.7777 0
    endloop
  endfacet
  facet normal -0 0 -1
    outer loop
      vertex 13 7.75 0
      vertex 0 0 0
      vertex 7 7.75 0
    endloop
  endfacet
  facet normal 0 0 -1
    outer loop
      vertex 195.14 10.6953 0
      vertex 200 0 0
      vertex 195.222 10.352 0
    endloop
  endfacet
  facet normal 0 0 -1
    outer loop
      vertex 195.222 120.352 0
      vertex 200 130 0
      vertex 195.25 120 0
    endloop
  endfacet
  facet normal 0 0 -1
    outer loop
      vertex 195.14 120.695 0
      vertex 200 130 0
      vertex 195.222 120.352 0
    endloop
  endfacet
  facet normal 0 0 -1
    outer loop
      vertex 195.005 121.021 0
      vertex 200 130 0
      vertex 195.14 120.695 0
    endloop
  endfacet
  facet normal 0 0 -1
    outer loop
      vertex 194.82 121.323 0
      vertex 200 130 0
      vertex 195.005 121.021 0
    endloop
  endfacet
  facet normal 0 0 -1
    outer loop
      vertex 194.591 121.591 0
      vertex 200 130 0
      vertex 194.82 121.323 0
    endloop
  endfacet
  facet normal 0 0 -1
    outer loop
      vertex 194.323 121.82 0
      vertex 200 130 0
      vertex 194.591 121.591 0
    endloop
  endfacet
  facet normal 0 0 -1
    outer loop
      vertex 194.021 122.005 0
      vertex 200 130 0
      vertex 194.323 121.82 0
    endloop
  endfacet
  facet normal 0 0 -1
    outer loop
      vertex 193.695 122.14 0
      vertex 200 130 0
      vertex 194.021 122.005 0
    endloop
  endfacet
  facet normal 0 0 -1
    outer loop
      vertex 193.352 122.222 0
      vertex 200 130 0
      vertex 193.695 122.14 0
    endloop
  endfacet
  facet normal 0 0 -1
    outer loop
      vertex 193 122.25 0
      vertex 200 130 0
      vertex 193.352 122.222 0
    endloop
  endfacet
  facet normal 0 0 -1
    outer loop
      vertex 187 122.25 0
      vertex 200 130 0
      vertex 193 122.25 0
    endloop
  endfacet
  facet normal 0 0 -1
    outer loop
      vertex 186.648 122.222 0
      vertex 200 130 0
      vertex 187 122.25 0
    endloop
  endfacet
  facet normal 0 0 -1
    outer loop
      vertex 186.305 122.14 0
      vertex 200 130 0
      vertex 186.648 122.222 0
    endloop
  endfacet
  facet normal 0 0 -1
    outer loop
      vertex 185.979 122.005 0
      vertex 200 130 0
      vertex 186.305 122.14 0
    endloop
  endfacet
  facet normal 0 0 -1
    outer loop
      vertex 163 103.196 0
      vertex 184.778 119.648 0
      vertex 177 103.196 0
    endloop
  endfacet
  facet normal -0 0 -1
    outer loop
      vertex 184.778 119.648 0
      vertex 163 103.196 0
      vertex 184.75 120 0
    endloop
  endfacet
  facet normal -0 0 -1
    outer loop
      vertex 184.75 120 0
      vertex 163 103.196 0
      vertex 184.778 120.352 0
    endloop
  endfacet
  facet normal -0 0 -1
    outer loop
      vertex 184.778 120.352 0
      vertex 163 103.196 0
      vertex 184.86 120.695 0
    endloop
  endfacet
  facet normal 0 0 -1
    outer loop
      vertex 163 103.196 0
      vertex 177 103.196 0
      vertex 174 98 0
    endloop
  endfacet
  facet normal 0 0 -1
    outer loop
      vertex 177 52.8038 0
      vertex 166 58 0
      vertex 174 58 0
    endloop
  endfacet
  facet normal 0 0 -1
    outer loop
      vertex 177 72.8038 0
      vertex 166 78 0
      vertex 174 78 0
    endloop
  endfacet
  facet normal 0 0 -1
    outer loop
      vertex 177 83.1962 0
      vertex 163 83.1962 0
      vertex 177 92.8038 0
    endloop
  endfacet
  facet normal 0 0 -1
    outer loop
      vertex 177 92.8038 0
      vertex 166 98 0
      vertex 174 98 0
    endloop
  endfacet
  facet normal 0 0 -1
    outer loop
      vertex 163 103.196 0
      vertex 174 98 0
      vertex 166 98 0
    endloop
  endfacet
  facet normal 0 0 -1
    outer loop
      vertex 157 103.196 0
      vertex 184.86 120.695 0
      vertex 163 103.196 0
    endloop
  endfacet
  facet normal -0 0 -1
    outer loop
      vertex 184.86 120.695 0
      vertex 157 103.196 0
      vertex 184.995 121.021 0
    endloop
  endfacet
  facet normal -0 0 -1
    outer loop
      vertex 184.995 121.021 0
      vertex 157 103.196 0
      vertex 185.18 121.323 0
    endloop
  endfacet
  facet normal 0 0 -1
    outer loop
      vertex 143 103.196 0
      vertex 185.18 121.323 0
      vertex 157 103.196 0
    endloop
  endfacet
  facet normal -0 0 -1
    outer loop
      vertex 185.18 121.323 0
      vertex 143 103.196 0
      vertex 185.409 121.591 0
    endloop
  endfacet
  facet normal 0 0 -1
    outer loop
      vertex 157 52.8038 0
      vertex 146 58 0
      vertex 154 58 0
    endloop
  endfacet
  facet normal 0 0 -1
    outer loop
      vertex 157 72.8038 0
      vertex 146 78 0
      vertex 154 78 0
    endloop
  endfacet
  facet normal 0 0 -1
    outer loop
      vertex 157 83.1962 0
      vertex 143 83.1962 0
      vertex 157 92.8038 0
    endloop
  endfacet
  facet normal 0 0 -1
    outer loop
      vertex 157 92.8038 0
      vertex 146 98 0
      vertex 154 98 0
    endloop
  endfacet
  facet normal 0 0 -1
    outer loop
      vertex 146 98 0
      vertex 157 103.196 0
      vertex 154 98 0
    endloop
  endfacet
  facet normal 0 0 -1
    outer loop
      vertex 143 103.196 0
      vertex 157 103.196 0
      vertex 146 98 0
    endloop
  endfacet
  facet normal 0 0 -1
    outer loop
      vertex 137 103.196 0
      vertex 185.409 121.591 0
      vertex 143 103.196 0
    endloop
  endfacet
  facet normal -0 0 -1
    outer loop
      vertex 185.409 121.591 0
      vertex 137 103.196 0
      vertex 185.677 121.82 0
    endloop
  endfacet
  facet normal 0 0 -1
    outer loop
      vertex 123 103.196 0
      vertex 185.677 121.82 0
      vertex 137 103.196 0
    endloop
  endfacet
  facet normal -0 0 -1
    outer loop
      vertex 185.677 121.82 0
      vertex 123 103.196 0
      vertex 185.979 122.005 0
    endloop
  endfacet
  facet normal 0 0 -1
    outer loop
      vertex 137 52.8038 0
      vertex 126 58 0
      vertex 134 58 0
    endloop
  endfacet
  facet normal 0 0 -1
    outer loop
      vertex 137 72.8038 0
      vertex 126 78 0
      vertex 134 78 0
    endloop
  endfacet
  facet normal 0 0 -1
    outer loop
      vertex 137 83.1962 0
      vertex 123 83.1962 0
      vertex 137 92.8038 0
    endloop
  endfacet
  facet normal 0 0 -1
    outer loop
      vertex 137 92.8038 0
      vertex 126 98 0
      vertex 134 98 0
    endloop
  endfacet
  facet normal 0 0 -1
    outer loop
      vertex 126 98 0
      vertex 137 103.196 0
      vertex 134 98 0
    endloop
  endfacet
  facet normal 0 0 -1
    outer loop
      vertex 123 103.196 0
      vertex 137 103.196 0
      vertex 126 98 0
    endloop
  endfacet
  facet normal 0 0 -1
    outer loop
      vertex 117 103.196 0
      vertex 185.979 122.005 0
      vertex 123 103.196 0
    endloop
  endfacet
  facet normal 0 0 -1
    outer loop
      vertex 103 103.196 0
      vertex 185.979 122.005 0
      vertex 117 103.196 0
    endloop
  endfacet
  facet normal 0 0 -1
    outer loop
      vertex 117 52.8038 0
      vertex 106 58 0
      vertex 114 58 0
    endloop
  endfacet
  facet normal 0 0 -1
    outer loop
      vertex 117 72.8038 0
      vertex 106 78 0
      vertex 114 78 0
    endloop
  endfacet
  facet normal 0 0 -1
    outer loop
      vertex 117 83.1962 0
      vertex 103 83.1962 0
      vertex 117 92.8038 0
    endloop
  endfacet
  facet normal 0 0 -1
    outer loop
      vertex 117 92.8038 0
      vertex 106 98 0
      vertex 114 98 0
    endloop
  endfacet
  facet normal 0 0 -1
    outer loop
      vertex 106 98 0
      vertex 117 103.196 0
      vertex 114 98 0
    endloop
  endfacet
  facet normal 0 0 -1
    outer loop
      vertex 103 103.196 0
      vertex 117 103.196 0
      vertex 106 98 0
    endloop
  endfacet
  facet normal -0 0 -1
    outer loop
      vertex 185.979 122.005 0
      vertex 103 103.196 0
      vertex 200 130 0
    endloop
  endfacet
  facet normal 0 0 -1
    outer loop
      vertex 97 103.196 0
      vertex 200 130 0
      vertex 103 103.196 0
    endloop
  endfacet
  facet normal 0 0 -1
    outer loop
      vertex 97 52.8038 0
      vertex 86 58 0
      vertex 94 58 0
    endloop
  endfacet
  facet normal 0 0 -1
    outer loop
      vertex 97 72.8038 0
      vertex 86 78 0
      vertex 94 78 0
    endloop
  endfacet
  facet normal 0 0 -1
    outer loop
      vertex 97 83.1962 0
      vertex 83 83.1962 0
      vertex 97 92.8038 0
    endloop
  endfacet
  facet normal 0 0 -1
    outer loop
      vertex 97 92.8038 0
      vertex 86 98 0
      vertex 94 98 0
    endloop
  endfacet
  facet normal 0 0 -1
    outer loop
      vertex 86 98 0
      vertex 97 103.196 0
      vertex 94 98 0
    endloop
  endfacet
  facet normal 0 0 -1
    outer loop
      vertex 83 103.196 0
      vertex 97 103.196 0
      vertex 86 98 0
    endloop
  endfacet
  facet normal 0 0 -1
    outer loop
      vertex 14.0215 122.005 0
      vertex 97 103.196 0
      vertex 83 103.196 0
    endloop
  endfacet
  facet normal 0 0 -1
    outer loop
      vertex 14.0215 122.005 0
      vertex 83 103.196 0
      vertex 77 103.196 0
    endloop
  endfacet
  facet normal 0 0 -1
    outer loop
      vertex 77 52.8038 0
      vertex 66 58 0
      vertex 74 58 0
    endloop
  endfacet
  facet normal 0 0 -1
    outer loop
      vertex 77 72.8038 0
      vertex 66 78 0
      vertex 74 78 0
    endloop
  endfacet
  facet normal 0 0 -1
    outer loop
      vertex 77 83.1962 0
      vertex 63 83.1962 0
      vertex 77 92.8038 0
    endloop
  endfacet
  facet normal 0 0 -1
    outer loop
      vertex 77 92.8038 0
      vertex 66 98 0
      vertex 74 98 0
    endloop
  endfacet
  facet normal 0 0 -1
    outer loop
      vertex 66 98 0
      vertex 77 103.196 0
      vertex 74 98 0
    endloop
  endfacet
  facet normal 0 0 -1
    outer loop
      vertex 63 103.196 0
      vertex 77 103.196 0
      vertex 66 98 0
    endloop
  endfacet
  facet normal 0 0 -1
    outer loop
      vertex 14.3225 121.82 0
      vertex 77 103.196 0
      vertex 63 103.196 0
    endloop
  endfacet
  facet normal 0 0 -1
    outer loop
      vertex 14.591 121.591 0
      vertex 63 103.196 0
      vertex 57 103.196 0
    endloop
  endfacet
  facet normal 0 0 -1
    outer loop
      vertex 57 52.8038 0
      vertex 46 58 0
      vertex 54 58 0
    endloop
  endfacet
  facet normal 0 0 -1
    outer loop
      vertex 57 72.8038 0
      vertex 46 78 0
      vertex 54 78 0
    endloop
  endfacet
  facet normal 0 0 -1
    outer loop
      vertex 57 83.1962 0
      vertex 43 83.1962 0
      vertex 57 92.8038 0
    endloop
  endfacet
  facet normal 0 0 -1
    outer loop
      vertex 57 92.8038 0
      vertex 46 98 0
      vertex 54 98 0
    endloop
  endfacet
  facet normal 0 0 -1
    outer loop
      vertex 46 98 0
      vertex 57 103.196 0
      vertex 54 98 0
    endloop
  endfacet
  facet normal 0 0 -1
    outer loop
      vertex 43 103.196 0
      vertex 57 103.196 0
      vertex 46 98 0
    endloop
  endfacet
  facet normal 0 0 -1
    outer loop
      vertex 14.8203 121.323 0
      vertex 57 103.196 0
      vertex 43 103.196 0
    endloop
  endfacet
  facet normal 0 0 -1
    outer loop
      vertex 15.1399 120.695 0
      vertex 43 103.196 0
      vertex 37 103.196 0
    endloop
  endfacet
  facet normal 0 0 -1
    outer loop
      vertex 37 52.8038 0
      vertex 26 58 0
      vertex 34 58 0
    endloop
  endfacet
  facet normal 0 0 -1
    outer loop
      vertex 37 72.8038 0
      vertex 26 78 0
      vertex 34 78 0
    endloop
  endfacet
  facet normal 0 0 -1
    outer loop
      vertex 37 83.1962 0
      vertex 23 83.1962 0
      vertex 37 92.8038 0
    endloop
  endfacet
  facet normal 0 0 -1
    outer loop
      vertex 37 92.8038 0
      vertex 26 98 0
      vertex 34 98 0
    endloop
  endfacet
  facet normal 0 0 -1
    outer loop
      vertex 26 98 0
      vertex 37 103.196 0
      vertex 34 98 0
    endloop
  endfacet
  facet normal 0 0 -1
    outer loop
      vertex 23 103.196 0
      vertex 37 103.196 0
      vertex 26 98 0
    endloop
  endfacet
  facet normal 0 0 -1
    outer loop
      vertex 15.2223 119.648 0
      vertex 37 103.196 0
      vertex 23 103.196 0
    endloop
  endfacet
  facet normal 0 0 -1
    outer loop
      vertex 14.3225 118.18 0
      vertex 23 103.196 0
      vertex 17 103.196 0
    endloop
  endfacet
  facet normal 0 0 -1
    outer loop
      vertex 37 103.196 0
      vertex 15.25 120 0
      vertex 15.2223 120.352 0
    endloop
  endfacet
  facet normal 0 0 -1
    outer loop
      vertex 37 103.196 0
      vertex 15.2223 120.352 0
      vertex 15.1399 120.695 0
    endloop
  endfacet
  facet normal 0 0 -1
    outer loop
      vertex 43 103.196 0
      vertex 15.1399 120.695 0
      vertex 15.0048 121.021 0
    endloop
  endfacet
  facet normal 0 0 -1
    outer loop
      vertex 43 103.196 0
      vertex 15.0048 121.021 0
      vertex 14.8203 121.323 0
    endloop
  endfacet
  facet normal 0 0 -1
    outer loop
      vertex 57 103.196 0
      vertex 14.8203 121.323 0
      vertex 14.591 121.591 0
    endloop
  endfacet
  facet normal 0 0 -1
    outer loop
      vertex 63 103.196 0
      vertex 14.591 121.591 0
      vertex 14.3225 121.82 0
    endloop
  endfacet
  facet normal 0 0 -1
    outer loop
      vertex 77 103.196 0
      vertex 14.3225 121.82 0
      vertex 14.0215 122.005 0
    endloop
  endfacet
  facet normal 0 0 -1
    outer loop
      vertex 97 103.196 0
      vertex 14.0215 122.005 0
      vertex 0 130 0
    endloop
  endfacet
  facet normal 0 0 -1
    outer loop
      vertex 0 130 0
      vertex 14.0215 122.005 0
      vertex 13.6953 122.14 0
    endloop
  endfacet
  facet normal 0 0 -1
    outer loop
      vertex 0 130 0
      vertex 13.6953 122.14 0
      vertex 13.352 122.222 0
    endloop
  endfacet
  facet normal 0 0 -1
    outer loop
      vertex 0 130 0
      vertex 13.352 122.222 0
      vertex 13 122.25 0
    endloop
  endfacet
  facet normal 0 0 -1
    outer loop
      vertex 0 130 0
      vertex 13 122.25 0
      vertex 7 122.25 0
    endloop
  endfacet
  facet normal 0 0 -1
    outer loop
      vertex 97 103.196 0
      vertex 0 130 0
      vertex 200 130 0
    endloop
  endfacet
  facet normal 0 0 -1
    outer loop
      vertex 6.64802 122.222 0
      vertex 0 130 0
      vertex 7 122.25 0
    endloop
  endfacet
  facet normal 0 0 -1
    outer loop
      vertex 6.30471 122.14 0
      vertex 0 130 0
      vertex 6.64802 122.222 0
    endloop
  endfacet
  facet normal 0 0 -1
    outer loop
      vertex 5.97852 122.005 0
      vertex 0 130 0
      vertex 6.30471 122.14 0
    endloop
  endfacet
  facet normal 0 0 -1
    outer loop
      vertex 5.67748 121.82 0
      vertex 0 130 0
      vertex 5.97852 122.005 0
    endloop
  endfacet
  facet normal 0 0 -1
    outer loop
      vertex 5.40901 121.591 0
      vertex 0 130 0
      vertex 5.67748 121.82 0
    endloop
  endfacet
  facet normal 0 0 -1
    outer loop
      vertex 5.17971 121.323 0
      vertex 0 130 0
      vertex 5.40901 121.591 0
    endloop
  endfacet
  facet normal 0 0 -1
    outer loop
      vertex 4.99523 121.021 0
      vertex 0 130 0
      vertex 5.17971 121.323 0
    endloop
  endfacet
  facet normal 0 0 -1
    outer loop
      vertex 4.86012 120.695 0
      vertex 0 130 0
      vertex 4.99523 121.021 0
    endloop
  endfacet
  facet normal 0 0 -1
    outer loop
      vertex 4.7777 120.352 0
      vertex 0 130 0
      vertex 4.86012 120.695 0
    endloop
  endfacet
  facet normal 0 0 -1
    outer loop
      vertex 4.75 120 0
      vertex 0 130 0
      vertex 4.7777 120.352 0
    endloop
  endfacet
  facet normal 0 0 -1
    outer loop
      vertex 4.7777 119.648 0
      vertex 0 130 0
      vertex 4.75 120 0
    endloop
  endfacet
  facet normal 0 0 -1
    outer loop
      vertex 183 103.196 0
      vertex 193.352 117.778 0
      vertex 186 98 0
    endloop
  endfacet
  facet normal 0 0 -1
    outer loop
      vertex 193.352 117.778 0
      vertex 183 103.196 0
      vertex 193 117.75 0
    endloop
  endfacet
  facet normal -0 0 -1
    outer loop
      vertex 193 117.75 0
      vertex 183 103.196 0
      vertex 187 117.75 0
    endloop
  endfacet
  facet normal -0 0 -1
    outer loop
      vertex 187 117.75 0
      vertex 183 103.196 0
      vertex 186.648 117.778 0
    endloop
  endfacet
  facet normal -0 0 -1
    outer loop
      vertex 186.648 117.778 0
      vertex 183 103.196 0
      vertex 186.305 117.86 0
    endloop
  endfacet
  facet normal -0 0 -1
    outer loop
      vertex 186.305 117.86 0
      vertex 183 103.196 0
      vertex 185.979 117.995 0
    endloop
  endfacet
  facet normal -0 0 -1
    outer loop
      vertex 185.979 117.995 0
      vertex 183 103.196 0
      vertex 185.677 118.18 0
    endloop
  endfacet
  facet normal 0 0 -1
    outer loop
      vertex 177 103.196 0
      vertex 185.677 118.18 0
      vertex 183 103.196 0
    endloop
  endfacet
  facet normal -0 0 -1
    outer loop
      vertex 185.677 118.18 0
      vertex 177 103.196 0
      vertex 185.409 118.409 0
    endloop
  endfacet
  facet normal -0 0 -1
    outer loop
      vertex 185.409 118.409 0
      vertex 177 103.196 0
      vertex 185.18 118.677 0
    endloop
  endfacet
  facet normal -0 0 -1
    outer loop
      vertex 185.18 118.677 0
      vertex 177 103.196 0
      vertex 184.995 118.979 0
    endloop
  endfacet
  facet normal -0 0 -1
    outer loop
      vertex 184.995 118.979 0
      vertex 177 103.196 0
      vertex 184.86 119.305 0
    endloop
  endfacet
  facet normal -0 0 -1
    outer loop
      vertex 184.86 119.305 0
      vertex 177 103.196 0
      vertex 184.778 119.648 0
    endloop
  endfacet
  facet normal 0 -1 0
    outer loop
      vertex 0 0 0
      vertex 200 0 3
      vertex 0 0 3
    endloop
  endfacet
  facet normal 0 -1 -0
    outer loop
      vertex 200 0 3
      vertex 0 0 0
      vertex 200 0 0
    endloop
  endfacet
  facet normal 0 1 -0
    outer loop
      vertex 200 130 0
      vertex 0 130 3
      vertex 200 130 3
    endloop
  endfacet
  facet normal 0 1 0
    outer loop
      vertex 0 130 3
      vertex 200 130 0
      vertex 0 130 0
    endloop
  endfacet
  facet normal 0.996916 0.0784787 0
    outer loop
      vertex 22.5 16.5 11
      vertex 22.4569 17.0475 0
      vertex 22.4569 17.0475 11
    endloop
  endfacet
  facet normal 0.996916 0.0784787 0
    outer loop
      vertex 22.4569 17.0475 0
      vertex 22.5 16.5 11
      vertex 22.5 16.5 0
    endloop
  endfacet
  facet normal -0.0784787 0.996916 0
    outer loop
      vertex 19 20 0
      vertex 18.4525 19.9569 11
      vertex 19 20 11
    endloop
  endfacet
  facet normal -0.0784787 0.996916 0
    outer loop
      vertex 18.4525 19.9569 11
      vertex 19 20 0
      vertex 18.4525 19.9569 0
    endloop
  endfacet
  facet normal 0.649396 0.76045 -0
    outer loop
      vertex 21.4749 18.9749 0
      vertex 21.0572 19.3316 11
      vertex 21.4749 18.9749 11
    endloop
  endfacet
  facet normal 0.649396 0.76045 0
    outer loop
      vertex 21.0572 19.3316 11
      vertex 21.4749 18.9749 0
      vertex 21.0572 19.3316 0
    endloop
  endfacet
  facet normal -0.76045 0.649396 0
    outer loop
      vertex 16.1684 18.5572 0
      vertex 16.5251 18.9749 11
      vertex 16.5251 18.9749 0
    endloop
  endfacet
  facet normal -0.76045 0.649396 0
    outer loop
      vertex 16.5251 18.9749 11
      vertex 16.1684 18.5572 0
      vertex 16.1684 18.5572 11
    endloop
  endfacet
  facet normal -0.382727 0.923861 0
    outer loop
      vertex 17.9184 19.8287 0
      vertex 17.411 19.6185 11
      vertex 17.9184 19.8287 11
    endloop
  endfacet
  facet normal -0.382727 0.923861 0
    outer loop
      vertex 17.411 19.6185 11
      vertex 17.9184 19.8287 0
      vertex 17.411 19.6185 0
    endloop
  endfacet
  facet normal 0.852651 -0.522481 0
    outer loop
      vertex 21.8316 14.4428 11
      vertex 22.1185 14.911 0
      vertex 22.1185 14.911 11
    endloop
  endfacet
  facet normal 0.852651 -0.522481 0
    outer loop
      vertex 22.1185 14.911 0
      vertex 21.8316 14.4428 11
      vertex 21.8316 14.4428 0
    endloop
  endfacet
  facet normal 0.923861 0.382727 0
    outer loop
      vertex 22.3287 17.5816 11
      vertex 22.1185 18.089 0
      vertex 22.1185 18.089 11
    endloop
  endfacet
  facet normal 0.923861 0.382727 0
    outer loop
      vertex 22.1185 18.089 0
      vertex 22.3287 17.5816 11
      vertex 22.3287 17.5816 0
    endloop
  endfacet
  facet normal 0.972381 0.2334 0
    outer loop
      vertex 22.4569 17.0475 11
      vertex 22.3287 17.5816 0
      vertex 22.3287 17.5816 11
    endloop
  endfacet
  facet normal 0.972381 0.2334 0
    outer loop
      vertex 22.3287 17.5816 0
      vertex 22.4569 17.0475 11
      vertex 22.4569 17.0475 0
    endloop
  endfacet
  facet normal 0.2334 0.972381 -0
    outer loop
      vertex 20.0816 19.8287 0
      vertex 19.5475 19.9569 11
      vertex 20.0816 19.8287 11
    endloop
  endfacet
  facet normal 0.2334 0.972381 0
    outer loop
      vertex 19.5475 19.9569 11
      vertex 20.0816 19.8287 0
      vertex 19.5475 19.9569 0
    endloop
  endfacet
  facet normal 0.0784787 0.996916 -0
    outer loop
      vertex 19.5475 19.9569 0
      vertex 19 20 11
      vertex 19.5475 19.9569 11
    endloop
  endfacet
  facet normal 0.0784787 0.996916 0
    outer loop
      vertex 19 20 11
      vertex 19.5475 19.9569 0
      vertex 19 20 0
    endloop
  endfacet
  facet normal 0.522481 0.852651 -0
    outer loop
      vertex 21.0572 19.3316 0
      vertex 20.589 19.6185 11
      vertex 21.0572 19.3316 11
    endloop
  endfacet
  facet normal 0.522481 0.852651 0
    outer loop
      vertex 20.589 19.6185 11
      vertex 21.0572 19.3316 0
      vertex 20.589 19.6185 0
    endloop
  endfacet
  facet normal -0.972381 0.2334 0
    outer loop
      vertex 15.5431 17.0475 0
      vertex 15.6713 17.5816 11
      vertex 15.6713 17.5816 0
    endloop
  endfacet
  facet normal -0.972381 0.2334 0
    outer loop
      vertex 15.6713 17.5816 11
      vertex 15.5431 17.0475 0
      vertex 15.5431 17.0475 11
    endloop
  endfacet
  facet normal 0 0 -1
    outer loop
      vertex 22.4569 15.9525 0
      vertex 22.4569 17.0475 0
      vertex 22.5 16.5 0
    endloop
  endfacet
  facet normal 0 0 -1
    outer loop
      vertex 22.3287 15.4184 0
      vertex 22.4569 17.0475 0
      vertex 22.4569 15.9525 0
    endloop
  endfacet
  facet normal 0 0 -1
    outer loop
      vertex 22.3287 15.4184 0
      vertex 22.3287 17.5816 0
      vertex 22.4569 17.0475 0
    endloop
  endfacet
  facet normal 0 0 -1
    outer loop
      vertex 22.1185 14.911 0
      vertex 22.3287 17.5816 0
      vertex 22.3287 15.4184 0
    endloop
  endfacet
  facet normal 0 0 -1
    outer loop
      vertex 22.1185 14.911 0
      vertex 22.1185 18.089 0
      vertex 22.3287 17.5816 0
    endloop
  endfacet
  facet normal 0 0 -1
    outer loop
      vertex 21.8316 14.4428 0
      vertex 22.1185 18.089 0
      vertex 22.1185 14.911 0
    endloop
  endfacet
  facet normal 0 0 -1
    outer loop
      vertex 21.8316 14.4428 0
      vertex 21.8316 18.5572 0
      vertex 22.1185 18.089 0
    endloop
  endfacet
  facet normal 0 0 -1
    outer loop
      vertex 21.4749 14.0251 0
      vertex 21.8316 18.5572 0
      vertex 21.8316 14.4428 0
    endloop
  endfacet
  facet normal 0 0 -1
    outer loop
      vertex 21.4749 14.0251 0
      vertex 21.4749 18.9749 0
      vertex 21.8316 18.5572 0
    endloop
  endfacet
  facet normal 0 0 -1
    outer loop
      vertex 21.0572 13.6684 0
      vertex 21.4749 18.9749 0
      vertex 21.4749 14.0251 0
    endloop
  endfacet
  facet normal 0 0 -1
    outer loop
      vertex 21.0572 13.6684 0
      vertex 21.0572 19.3316 0
      vertex 21.4749 18.9749 0
    endloop
  endfacet
  facet normal 0 0 -1
    outer loop
      vertex 20.589 13.3815 0
      vertex 21.0572 19.3316 0
      vertex 21.0572 13.6684 0
    endloop
  endfacet
  facet normal 0 0 -1
    outer loop
      vertex 20.589 13.3815 0
      vertex 20.589 19.6185 0
      vertex 21.0572 19.3316 0
    endloop
  endfacet
  facet normal 0 0 -1
    outer loop
      vertex 20.0816 13.1713 0
      vertex 20.589 19.6185 0
      vertex 20.589 13.3815 0
    endloop
  endfacet
  facet normal 0 0 -1
    outer loop
      vertex 20.0816 13.1713 0
      vertex 20.0816 19.8287 0
      vertex 20.589 19.6185 0
    endloop
  endfacet
  facet normal 0 0 -1
    outer loop
      vertex 19.5475 13.0431 0
      vertex 20.0816 19.8287 0
      vertex 20.0816 13.1713 0
    endloop
  endfacet
  facet normal 0 0 -1
    outer loop
      vertex 19.5475 13.0431 0
      vertex 19.5475 19.9569 0
      vertex 20.0816 19.8287 0
    endloop
  endfacet
  facet normal 0 0 -1
    outer loop
      vertex 19 13 0
      vertex 19.5475 19.9569 0
      vertex 19.5475 13.0431 0
    endloop
  endfacet
  facet normal 0 0 -1
    outer loop
      vertex 19 13 0
      vertex 19 20 0
      vertex 19.5475 19.9569 0
    endloop
  endfacet
  facet normal 0 0 -1
    outer loop
      vertex 18.4525 13.0431 0
      vertex 19 20 0
      vertex 19 13 0
    endloop
  endfacet
  facet normal 0 0 -1
    outer loop
      vertex 18.4525 13.0431 0
      vertex 18.4525 19.9569 0
      vertex 19 20 0
    endloop
  endfacet
  facet normal 0 0 -1
    outer loop
      vertex 17.9184 13.1713 0
      vertex 18.4525 19.9569 0
      vertex 18.4525 13.0431 0
    endloop
  endfacet
  facet normal 0 0 -1
    outer loop
      vertex 17.9184 13.1713 0
      vertex 17.9184 19.8287 0
      vertex 18.4525 19.9569 0
    endloop
  endfacet
  facet normal 0 0 -1
    outer loop
      vertex 17.411 13.3815 0
      vertex 17.9184 19.8287 0
      vertex 17.9184 13.1713 0
    endloop
  endfacet
  facet normal 0 0 -1
    outer loop
      vertex 17.411 13.3815 0
      vertex 17.411 19.6185 0
      vertex 17.9184 19.8287 0
    endloop
  endfacet
  facet normal 0 0 -1
    outer loop
      vertex 16.9428 13.6684 0
      vertex 17.411 19.6185 0
      vertex 17.411 13.3815 0
    endloop
  endfacet
  facet normal 0 0 -1
    outer loop
      vertex 16.9428 13.6684 0
      vertex 16.9428 19.3316 0
      vertex 17.411 19.6185 0
    endloop
  endfacet
  facet normal 0 0 -1
    outer loop
      vertex 16.5251 14.0251 0
      vertex 16.9428 19.3316 0
      vertex 16.9428 13.6684 0
    endloop
  endfacet
  facet normal 0 0 -1
    outer loop
      vertex 16.5251 14.0251 0
      vertex 16.5251 18.9749 0
      vertex 16.9428 19.3316 0
    endloop
  endfacet
  facet normal 0 0 -1
    outer loop
      vertex 16.1684 14.4428 0
      vertex 16.5251 18.9749 0
      vertex 16.5251 14.0251 0
    endloop
  endfacet
  facet normal 0 0 -1
    outer loop
      vertex 16.1684 14.4428 0
      vertex 16.1684 18.5572 0
      vertex 16.5251 18.9749 0
    endloop
  endfacet
  facet normal 0 0 -1
    outer loop
      vertex 15.8815 14.911 0
      vertex 16.1684 18.5572 0
      vertex 16.1684 14.4428 0
    endloop
  endfacet
  facet normal 0 0 -1
    outer loop
      vertex 15.8815 14.911 0
      vertex 15.8815 18.089 0
      vertex 16.1684 18.5572 0
    endloop
  endfacet
  facet normal 0 0 -1
    outer loop
      vertex 15.6713 15.4184 0
      vertex 15.8815 18.089 0
      vertex 15.8815 14.911 0
    endloop
  endfacet
  facet normal 0 0 -1
    outer loop
      vertex 15.6713 15.4184 0
      vertex 15.6713 17.5816 0
      vertex 15.8815 18.089 0
    endloop
  endfacet
  facet normal 0 0 -1
    outer loop
      vertex 15.5431 15.9525 0
      vertex 15.6713 17.5816 0
      vertex 15.6713 15.4184 0
    endloop
  endfacet
  facet normal 0 0 -1
    outer loop
      vertex 15.5431 15.9525 0
      vertex 15.5431 17.0475 0
      vertex 15.6713 17.5816 0
    endloop
  endfacet
  facet normal 0 -0 -1
    outer loop
      vertex 15.5431 17.0475 0
      vertex 15.5431 15.9525 0
      vertex 15.5 16.5 0
    endloop
  endfacet
  facet normal -0.852651 0.522481 0
    outer loop
      vertex 15.8815 18.089 0
      vertex 16.1684 18.5572 11
      vertex 16.1684 18.5572 0
    endloop
  endfacet
  facet normal -0.852651 0.522481 0
    outer loop
      vertex 16.1684 18.5572 11
      vertex 15.8815 18.089 0
      vertex 15.8815 18.089 11
    endloop
  endfacet
  facet normal -0.996916 0.0784787 0
    outer loop
      vertex 15.5 16.5 0
      vertex 15.5431 17.0475 11
      vertex 15.5431 17.0475 0
    endloop
  endfacet
  facet normal -0.996916 0.0784787 0
    outer loop
      vertex 15.5431 17.0475 11
      vertex 15.5 16.5 0
      vertex 15.5 16.5 11
    endloop
  endfacet
  facet normal 0 0 1
    outer loop
      vertex 20.3 16.5 11
      vertex 22.5 16.5 11
      vertex 22.4569 17.0475 11
    endloop
  endfacet
  facet normal 0 0 1
    outer loop
      vertex 20.284 16.7034 11
      vertex 22.4569 17.0475 11
      vertex 22.3287 17.5816 11
    endloop
  endfacet
  facet normal 0 0 1
    outer loop
      vertex 22.5 16.5 11
      vertex 20.3 16.5 11
      vertex 22.4569 15.9525 11
    endloop
  endfacet
  facet normal 0 0 1
    outer loop
      vertex 20.2364 16.9017 11
      vertex 22.3287 17.5816 11
      vertex 22.1185 18.089 11
    endloop
  endfacet
  facet normal -0 0 1
    outer loop
      vertex 20.284 16.2966 11
      vertex 22.4569 15.9525 11
      vertex 20.3 16.5 11
    endloop
  endfacet
  facet normal 0 0 1
    outer loop
      vertex 20.1583 17.0902 11
      vertex 22.1185 18.089 11
      vertex 21.8316 18.5572 11
    endloop
  endfacet
  facet normal 0 0 1
    outer loop
      vertex 22.4569 15.9525 11
      vertex 20.284 16.2966 11
      vertex 22.3287 15.4184 11
    endloop
  endfacet
  facet normal 0 0 1
    outer loop
      vertex 20.0517 17.2641 11
      vertex 21.8316 18.5572 11
      vertex 21.4749 18.9749 11
    endloop
  endfacet
  facet normal -0 0 1
    outer loop
      vertex 20.2364 16.0983 11
      vertex 22.3287 15.4184 11
      vertex 20.284 16.2966 11
    endloop
  endfacet
  facet normal 0 0 1
    outer loop
      vertex 19.9192 17.4192 11
      vertex 21.4749 18.9749 11
      vertex 21.0572 19.3316 11
    endloop
  endfacet
  facet normal 0 0 1
    outer loop
      vertex 22.3287 15.4184 11
      vertex 20.2364 16.0983 11
      vertex 22.1185 14.911 11
    endloop
  endfacet
  facet normal 0 0 1
    outer loop
      vertex 19.7641 17.5517 11
      vertex 21.0572 19.3316 11
      vertex 20.589 19.6185 11
    endloop
  endfacet
  facet normal -0 0 1
    outer loop
      vertex 20.1583 15.9098 11
      vertex 22.1185 14.911 11
      vertex 20.2364 16.0983 11
    endloop
  endfacet
  facet normal 0 0 1
    outer loop
      vertex 22.1185 14.911 11
      vertex 20.1583 15.9098 11
      vertex 21.8316 14.4428 11
    endloop
  endfacet
  facet normal 0 0 1
    outer loop
      vertex 22.4569 17.0475 11
      vertex 20.284 16.7034 11
      vertex 20.3 16.5 11
    endloop
  endfacet
  facet normal 0 0 1
    outer loop
      vertex 22.3287 17.5816 11
      vertex 20.2364 16.9017 11
      vertex 20.284 16.7034 11
    endloop
  endfacet
  facet normal 0 0 1
    outer loop
      vertex 22.1185 18.089 11
      vertex 20.1583 17.0902 11
      vertex 20.2364 16.9017 11
    endloop
  endfacet
  facet normal 0 0 1
    outer loop
      vertex 19.5902 17.6583 11
      vertex 20.589 19.6185 11
      vertex 20.0816 19.8287 11
    endloop
  endfacet
  facet normal 0 0 1
    outer loop
      vertex 21.8316 18.5572 11
      vertex 20.0517 17.2641 11
      vertex 20.1583 17.0902 11
    endloop
  endfacet
  facet normal 0 0 1
    outer loop
      vertex 21.4749 18.9749 11
      vertex 19.9192 17.4192 11
      vertex 20.0517 17.2641 11
    endloop
  endfacet
  facet normal 0 0 1
    outer loop
      vertex 21.0572 19.3316 11
      vertex 19.7641 17.5517 11
      vertex 19.9192 17.4192 11
    endloop
  endfacet
  facet normal 0 0 1
    outer loop
      vertex 20.589 19.6185 11
      vertex 19.5902 17.6583 11
      vertex 19.7641 17.5517 11
    endloop
  endfacet
  facet normal 0 0 1
    outer loop
      vertex 19.4017 17.7364 11
      vertex 20.0816 19.8287 11
      vertex 19.5475 19.9569 11
    endloop
  endfacet
  facet normal 0 0 1
    outer loop
      vertex 20.0816 19.8287 11
      vertex 19.4017 17.7364 11
      vertex 19.5902 17.6583 11
    endloop
  endfacet
  facet normal 0 0 1
    outer loop
      vertex 19.5475 19.9569 11
      vertex 19.2034 17.784 11
      vertex 19.4017 17.7364 11
    endloop
  endfacet
  facet normal 0 0 1
    outer loop
      vertex 19 20 11
      vertex 19.2034 17.784 11
      vertex 19.5475 19.9569 11
    endloop
  endfacet
  facet normal 0 0 1
    outer loop
      vertex 19 20 11
      vertex 19 17.8 11
      vertex 19.2034 17.784 11
    endloop
  endfacet
  facet normal 0 0 1
    outer loop
      vertex 19 20 11
      vertex 18.7966 17.784 11
      vertex 19 17.8 11
    endloop
  endfacet
  facet normal -0 0 1
    outer loop
      vertex 18.4525 19.9569 11
      vertex 18.7966 17.784 11
      vertex 19 20 11
    endloop
  endfacet
  facet normal 0 0 1
    outer loop
      vertex 18.7966 17.784 11
      vertex 18.4525 19.9569 11
      vertex 18.5983 17.7364 11
    endloop
  endfacet
  facet normal -0 0 1
    outer loop
      vertex 17.9184 19.8287 11
      vertex 18.5983 17.7364 11
      vertex 18.4525 19.9569 11
    endloop
  endfacet
  facet normal 0 0 1
    outer loop
      vertex 18.5983 17.7364 11
      vertex 17.9184 19.8287 11
      vertex 18.4098 17.6583 11
    endloop
  endfacet
  facet normal -0 0 1
    outer loop
      vertex 17.411 19.6185 11
      vertex 18.4098 17.6583 11
      vertex 17.9184 19.8287 11
    endloop
  endfacet
  facet normal 0 0 1
    outer loop
      vertex 18.4098 17.6583 11
      vertex 17.411 19.6185 11
      vertex 18.2359 17.5517 11
    endloop
  endfacet
  facet normal -0 0 1
    outer loop
      vertex 16.9428 19.3316 11
      vertex 18.2359 17.5517 11
      vertex 17.411 19.6185 11
    endloop
  endfacet
  facet normal 0 0 1
    outer loop
      vertex 18.2359 17.5517 11
      vertex 16.9428 19.3316 11
      vertex 18.0808 17.4192 11
    endloop
  endfacet
  facet normal -0 0 1
    outer loop
      vertex 16.5251 18.9749 11
      vertex 18.0808 17.4192 11
      vertex 16.9428 19.3316 11
    endloop
  endfacet
  facet normal 0 0 1
    outer loop
      vertex 18.0808 17.4192 11
      vertex 16.5251 18.9749 11
      vertex 17.9483 17.2641 11
    endloop
  endfacet
  facet normal -0 0 1
    outer loop
      vertex 16.1684 18.5572 11
      vertex 17.9483 17.2641 11
      vertex 16.5251 18.9749 11
    endloop
  endfacet
  facet normal 0 0 1
    outer loop
      vertex 17.9483 17.2641 11
      vertex 16.1684 18.5572 11
      vertex 17.8417 17.0902 11
    endloop
  endfacet
  facet normal -0 0 1
    outer loop
      vertex 20.0517 15.7359 11
      vertex 21.8316 14.4428 11
      vertex 20.1583 15.9098 11
    endloop
  endfacet
  facet normal 0 0 1
    outer loop
      vertex 21.8316 14.4428 11
      vertex 20.0517 15.7359 11
      vertex 21.4749 14.0251 11
    endloop
  endfacet
  facet normal -0 0 1
    outer loop
      vertex 19.9192 15.5808 11
      vertex 21.4749 14.0251 11
      vertex 20.0517 15.7359 11
    endloop
  endfacet
  facet normal 0 0 1
    outer loop
      vertex 21.4749 14.0251 11
      vertex 19.9192 15.5808 11
      vertex 21.0572 13.6684 11
    endloop
  endfacet
  facet normal -0 0 1
    outer loop
      vertex 19.7641 15.4483 11
      vertex 21.0572 13.6684 11
      vertex 19.9192 15.5808 11
    endloop
  endfacet
  facet normal 0 0 1
    outer loop
      vertex 21.0572 13.6684 11
      vertex 19.7641 15.4483 11
      vertex 20.589 13.3815 11
    endloop
  endfacet
  facet normal -0 0 1
    outer loop
      vertex 19.5902 15.3417 11
      vertex 20.589 13.3815 11
      vertex 19.7641 15.4483 11
    endloop
  endfacet
  facet normal 0 0 1
    outer loop
      vertex 20.589 13.3815 11
      vertex 19.5902 15.3417 11
      vertex 20.0816 13.1713 11
    endloop
  endfacet
  facet normal -0 0 1
    outer loop
      vertex 19.4017 15.2636 11
      vertex 20.0816 13.1713 11
      vertex 19.5902 15.3417 11
    endloop
  endfacet
  facet normal 0 0 1
    outer loop
      vertex 20.0816 13.1713 11
      vertex 19.4017 15.2636 11
      vertex 19.5475 13.0431 11
    endloop
  endfacet
  facet normal -0 0 1
    outer loop
      vertex 19.2034 15.216 11
      vertex 19.5475 13.0431 11
      vertex 19.4017 15.2636 11
    endloop
  endfacet
  facet normal -0 0 1
    outer loop
      vertex 19 15.2 11
      vertex 19.5475 13.0431 11
      vertex 19.2034 15.216 11
    endloop
  endfacet
  facet normal 0 0 1
    outer loop
      vertex 19 15.2 11
      vertex 19 13 11
      vertex 19.5475 13.0431 11
    endloop
  endfacet
  facet normal 0 0 1
    outer loop
      vertex 18.7966 15.216 11
      vertex 19 13 11
      vertex 19 15.2 11
    endloop
  endfacet
  facet normal 0 0 1
    outer loop
      vertex 18.4525 13.0431 11
      vertex 18.7966 15.216 11
      vertex 18.5983 15.2636 11
    endloop
  endfacet
  facet normal 0 0 1
    outer loop
      vertex 18.7966 15.216 11
      vertex 18.4525 13.0431 11
      vertex 19 13 11
    endloop
  endfacet
  facet normal 0 0 1
    outer loop
      vertex 17.9184 13.1713 11
      vertex 18.5983 15.2636 11
      vertex 18.4098 15.3417 11
    endloop
  endfacet
  facet normal 0 0 1
    outer loop
      vertex 17.411 13.3815 11
      vertex 18.4098 15.3417 11
      vertex 18.2359 15.4483 11
    endloop
  endfacet
  facet normal 0 0 1
    outer loop
      vertex 16.9428 13.6684 11
      vertex 18.2359 15.4483 11
      vertex 18.0808 15.5808 11
    endloop
  endfacet
  facet normal 0 0 1
    outer loop
      vertex 16.5251 14.0251 11
      vertex 18.0808 15.5808 11
      vertex 17.9483 15.7359 11
    endloop
  endfacet
  facet normal 0 0 1
    outer loop
      vertex 18.5983 15.2636 11
      vertex 17.9184 13.1713 11
      vertex 18.4525 13.0431 11
    endloop
  endfacet
  facet normal 0 0 1
    outer loop
      vertex 16.1684 14.4428 11
      vertex 17.9483 15.7359 11
      vertex 17.8417 15.9098 11
    endloop
  endfacet
  facet normal 0 0 1
    outer loop
      vertex 15.8815 14.911 11
      vertex 17.8417 15.9098 11
      vertex 17.7636 16.0983 11
    endloop
  endfacet
  facet normal 0 0 1
    outer loop
      vertex 15.6713 15.4184 11
      vertex 17.7636 16.0983 11
      vertex 17.716 16.2966 11
    endloop
  endfacet
  facet normal 0 0 1
    outer loop
      vertex 15.5431 15.9525 11
      vertex 17.716 16.2966 11
      vertex 17.7 16.5 11
    endloop
  endfacet
  facet normal -0 0 1
    outer loop
      vertex 15.8815 18.089 11
      vertex 17.8417 17.0902 11
      vertex 16.1684 18.5572 11
    endloop
  endfacet
  facet normal 0 0 1
    outer loop
      vertex 18.4098 15.3417 11
      vertex 17.411 13.3815 11
      vertex 17.9184 13.1713 11
    endloop
  endfacet
  facet normal 0 0 1
    outer loop
      vertex 17.8417 17.0902 11
      vertex 15.8815 18.089 11
      vertex 17.7636 16.9017 11
    endloop
  endfacet
  facet normal 0 0 1
    outer loop
      vertex 18.2359 15.4483 11
      vertex 16.9428 13.6684 11
      vertex 17.411 13.3815 11
    endloop
  endfacet
  facet normal -0 0 1
    outer loop
      vertex 15.6713 17.5816 11
      vertex 17.7636 16.9017 11
      vertex 15.8815 18.089 11
    endloop
  endfacet
  facet normal 0 0 1
    outer loop
      vertex 18.0808 15.5808 11
      vertex 16.5251 14.0251 11
      vertex 16.9428 13.6684 11
    endloop
  endfacet
  facet normal 0 0 1
    outer loop
      vertex 17.7636 16.9017 11
      vertex 15.6713 17.5816 11
      vertex 17.716 16.7034 11
    endloop
  endfacet
  facet normal 0 0 1
    outer loop
      vertex 17.9483 15.7359 11
      vertex 16.1684 14.4428 11
      vertex 16.5251 14.0251 11
    endloop
  endfacet
  facet normal -0 0 1
    outer loop
      vertex 15.5431 17.0475 11
      vertex 17.716 16.7034 11
      vertex 15.6713 17.5816 11
    endloop
  endfacet
  facet normal 0 0 1
    outer loop
      vertex 17.8417 15.9098 11
      vertex 15.8815 14.911 11
      vertex 16.1684 14.4428 11
    endloop
  endfacet
  facet normal 0 0 1
    outer loop
      vertex 17.716 16.7034 11
      vertex 15.5431 17.0475 11
      vertex 17.7 16.5 11
    endloop
  endfacet
  facet normal 0 0 1
    outer loop
      vertex 17.7636 16.0983 11
      vertex 15.6713 15.4184 11
      vertex 15.8815 14.911 11
    endloop
  endfacet
  facet normal 0 0 1
    outer loop
      vertex 15.5 16.5 11
      vertex 17.7 16.5 11
      vertex 15.5431 17.0475 11
    endloop
  endfacet
  facet normal 0 0 1
    outer loop
      vertex 17.716 16.2966 11
      vertex 15.5431 15.9525 11
      vertex 15.6713 15.4184 11
    endloop
  endfacet
  facet normal 0 0 1
    outer loop
      vertex 17.7 16.5 11
      vertex 15.5 16.5 11
      vertex 15.5431 15.9525 11
    endloop
  endfacet
  facet normal -0.2334 0.972381 0
    outer loop
      vertex 18.4525 19.9569 0
      vertex 17.9184 19.8287 11
      vertex 18.4525 19.9569 11
    endloop
  endfacet
  facet normal -0.2334 0.972381 0
    outer loop
      vertex 17.9184 19.8287 11
      vertex 18.4525 19.9569 0
      vertex 17.9184 19.8287 0
    endloop
  endfacet
  facet normal 0.2334 -0.972381 0
    outer loop
      vertex 19.5475 13.0431 0
      vertex 20.0816 13.1713 11
      vertex 19.5475 13.0431 11
    endloop
  endfacet
  facet normal 0.2334 -0.972381 0
    outer loop
      vertex 20.0816 13.1713 11
      vertex 19.5475 13.0431 0
      vertex 20.0816 13.1713 0
    endloop
  endfacet
  facet normal -0.2334 -0.972381 0
    outer loop
      vertex 17.9184 13.1713 0
      vertex 18.4525 13.0431 11
      vertex 17.9184 13.1713 11
    endloop
  endfacet
  facet normal -0.2334 -0.972381 -0
    outer loop
      vertex 18.4525 13.0431 11
      vertex 17.9184 13.1713 0
      vertex 18.4525 13.0431 0
    endloop
  endfacet
  facet normal -0.522481 -0.852651 0
    outer loop
      vertex 16.9428 13.6684 0
      vertex 17.411 13.3815 11
      vertex 16.9428 13.6684 11
    endloop
  endfacet
  facet normal -0.522481 -0.852651 -0
    outer loop
      vertex 17.411 13.3815 11
      vertex 16.9428 13.6684 0
      vertex 17.411 13.3815 0
    endloop
  endfacet
  facet normal -0.0784787 -0.996916 0
    outer loop
      vertex 18.4525 13.0431 0
      vertex 19 13 11
      vertex 18.4525 13.0431 11
    endloop
  endfacet
  facet normal -0.0784787 -0.996916 -0
    outer loop
      vertex 19 13 11
      vertex 18.4525 13.0431 0
      vertex 19 13 0
    endloop
  endfacet
  facet normal -0.972381 -0.2334 0
    outer loop
      vertex 15.6713 15.4184 0
      vertex 15.5431 15.9525 11
      vertex 15.5431 15.9525 0
    endloop
  endfacet
  facet normal -0.972381 -0.2334 0
    outer loop
      vertex 15.5431 15.9525 11
      vertex 15.6713 15.4184 0
      vertex 15.6713 15.4184 11
    endloop
  endfacet
  facet normal 0.76045 0.649396 0
    outer loop
      vertex 21.8316 18.5572 11
      vertex 21.4749 18.9749 0
      vertex 21.4749 18.9749 11
    endloop
  endfacet
  facet normal 0.76045 0.649396 0
    outer loop
      vertex 21.4749 18.9749 0
      vertex 21.8316 18.5572 11
      vertex 21.8316 18.5572 0
    endloop
  endfacet
  facet normal 0.852651 0.522481 0
    outer loop
      vertex 22.1185 18.089 11
      vertex 21.8316 18.5572 0
      vertex 21.8316 18.5572 11
    endloop
  endfacet
  facet normal 0.852651 0.522481 0
    outer loop
      vertex 21.8316 18.5572 0
      vertex 22.1185 18.089 11
      vertex 22.1185 18.089 0
    endloop
  endfacet
  facet normal 0.382727 0.923861 -0
    outer loop
      vertex 20.589 19.6185 0
      vertex 20.0816 19.8287 11
      vertex 20.589 19.6185 11
    endloop
  endfacet
  facet normal 0.382727 0.923861 0
    outer loop
      vertex 20.0816 19.8287 11
      vertex 20.589 19.6185 0
      vertex 20.0816 19.8287 0
    endloop
  endfacet
  facet normal -0.923861 0.382727 0
    outer loop
      vertex 15.6713 17.5816 0
      vertex 15.8815 18.089 11
      vertex 15.8815 18.089 0
    endloop
  endfacet
  facet normal -0.923861 0.382727 0
    outer loop
      vertex 15.8815 18.089 11
      vertex 15.6713 17.5816 0
      vertex 15.6713 17.5816 11
    endloop
  endfacet
  facet normal -0.996916 -0.0784787 0
    outer loop
      vertex 15.5431 15.9525 0
      vertex 15.5 16.5 11
      vertex 15.5 16.5 0
    endloop
  endfacet
  facet normal -0.996916 -0.0784787 0
    outer loop
      vertex 15.5 16.5 11
      vertex 15.5431 15.9525 0
      vertex 15.5431 15.9525 11
    endloop
  endfacet
  facet normal -0.522481 0.852651 0
    outer loop
      vertex 17.411 19.6185 0
      vertex 16.9428 19.3316 11
      vertex 17.411 19.6185 11
    endloop
  endfacet
  facet normal -0.522481 0.852651 0
    outer loop
      vertex 16.9428 19.3316 11
      vertex 17.411 19.6185 0
      vertex 16.9428 19.3316 0
    endloop
  endfacet
  facet normal -0.649396 0.76045 0
    outer loop
      vertex 16.9428 19.3316 0
      vertex 16.5251 18.9749 11
      vertex 16.9428 19.3316 11
    endloop
  endfacet
  facet normal -0.649396 0.76045 0
    outer loop
      vertex 16.5251 18.9749 11
      vertex 16.9428 19.3316 0
      vertex 16.5251 18.9749 0
    endloop
  endfacet
  facet normal 0.382727 -0.923861 0
    outer loop
      vertex 20.0816 13.1713 0
      vertex 20.589 13.3815 11
      vertex 20.0816 13.1713 11
    endloop
  endfacet
  facet normal 0.382727 -0.923861 0
    outer loop
      vertex 20.589 13.3815 11
      vertex 20.0816 13.1713 0
      vertex 20.589 13.3815 0
    endloop
  endfacet
  facet normal 0.76045 -0.649396 0
    outer loop
      vertex 21.4749 14.0251 11
      vertex 21.8316 14.4428 0
      vertex 21.8316 14.4428 11
    endloop
  endfacet
  facet normal 0.76045 -0.649396 0
    outer loop
      vertex 21.8316 14.4428 0
      vertex 21.4749 14.0251 11
      vertex 21.4749 14.0251 0
    endloop
  endfacet
  facet normal 0.522481 -0.852651 0
    outer loop
      vertex 20.589 13.3815 0
      vertex 21.0572 13.6684 11
      vertex 20.589 13.3815 11
    endloop
  endfacet
  facet normal 0.522481 -0.852651 0
    outer loop
      vertex 21.0572 13.6684 11
      vertex 20.589 13.3815 0
      vertex 21.0572 13.6684 0
    endloop
  endfacet
  facet normal 0.972381 -0.2334 0
    outer loop
      vertex 22.3287 15.4184 11
      vertex 22.4569 15.9525 0
      vertex 22.4569 15.9525 11
    endloop
  endfacet
  facet normal 0.972381 -0.2334 0
    outer loop
      vertex 22.4569 15.9525 0
      vertex 22.3287 15.4184 11
      vertex 22.3287 15.4184 0
    endloop
  endfacet
  facet normal -0.382727 -0.923861 0
    outer loop
      vertex 17.411 13.3815 0
      vertex 17.9184 13.1713 11
      vertex 17.411 13.3815 11
    endloop
  endfacet
  facet normal -0.382727 -0.923861 -0
    outer loop
      vertex 17.9184 13.1713 11
      vertex 17.411 13.3815 0
      vertex 17.9184 13.1713 0
    endloop
  endfacet
  facet normal 0.0784787 -0.996916 0
    outer loop
      vertex 19 13 0
      vertex 19.5475 13.0431 11
      vertex 19 13 11
    endloop
  endfacet
  facet normal 0.0784787 -0.996916 0
    outer loop
      vertex 19.5475 13.0431 11
      vertex 19 13 0
      vertex 19.5475 13.0431 0
    endloop
  endfacet
  facet normal -0.852651 -0.522481 0
    outer loop
      vertex 16.1684 14.4428 0
      vertex 15.8815 14.911 11
      vertex 15.8815 14.911 0
    endloop
  endfacet
  facet normal -0.852651 -0.522481 0
    outer loop
      vertex 15.8815 14.911 11
      vertex 16.1684 14.4428 0
      vertex 16.1684 14.4428 11
    endloop
  endfacet
  facet normal -0.649396 -0.76045 0
    outer loop
      vertex 16.5251 14.0251 0
      vertex 16.9428 13.6684 11
      vertex 16.5251 14.0251 11
    endloop
  endfacet
  facet normal -0.649396 -0.76045 -0
    outer loop
      vertex 16.9428 13.6684 11
      vertex 16.5251 14.0251 0
      vertex 16.9428 13.6684 0
    endloop
  endfacet
  facet normal -0.923861 -0.382727 0
    outer loop
      vertex 15.8815 14.911 0
      vertex 15.6713 15.4184 11
      vertex 15.6713 15.4184 0
    endloop
  endfacet
  facet normal -0.923861 -0.382727 0
    outer loop
      vertex 15.6713 15.4184 11
      vertex 15.8815 14.911 0
      vertex 15.8815 14.911 11
    endloop
  endfacet
  facet normal 0.649396 -0.76045 0
    outer loop
      vertex 21.0572 13.6684 0
      vertex 21.4749 14.0251 11
      vertex 21.0572 13.6684 11
    endloop
  endfacet
  facet normal 0.649396 -0.76045 0
    outer loop
      vertex 21.4749 14.0251 11
      vertex 21.0572 13.6684 0
      vertex 21.4749 14.0251 0
    endloop
  endfacet
  facet normal 0.923861 -0.382727 0
    outer loop
      vertex 22.1185 14.911 11
      vertex 22.3287 15.4184 0
      vertex 22.3287 15.4184 11
    endloop
  endfacet
  facet normal 0.923861 -0.382727 0
    outer loop
      vertex 22.3287 15.4184 0
      vertex 22.1185 14.911 11
      vertex 22.1185 14.911 0
    endloop
  endfacet
  facet normal 0.996916 -0.0784787 0
    outer loop
      vertex 22.4569 15.9525 11
      vertex 22.5 16.5 0
      vertex 22.5 16.5 11
    endloop
  endfacet
  facet normal 0.996916 -0.0784787 0
    outer loop
      vertex 22.5 16.5 0
      vertex 22.4569 15.9525 11
      vertex 22.4569 15.9525 0
    endloop
  endfacet
  facet normal -0.76045 -0.649396 0
    outer loop
      vertex 16.5251 14.0251 0
      vertex 16.1684 14.4428 11
      vertex 16.1684 14.4428 0
    endloop
  endfacet
  facet normal -0.76045 -0.649396 0
    outer loop
      vertex 16.1684 14.4428 11
      vertex 16.5251 14.0251 0
      vertex 16.5251 14.0251 11
    endloop
  endfacet
  facet normal 0.996921 0.0784075 0
    outer loop
      vertex 22.5 113.5 11
      vertex 22.4569 114.048 3
      vertex 22.4569 114.048 11
    endloop
  endfacet
  facet normal 0.996921 0.0784075 0
    outer loop
      vertex 22.4569 114.048 3
      vertex 22.5 113.5 11
      vertex 22.5 113.5 3
    endloop
  endfacet
  facet normal -0.0782977 0.99693 0
    outer loop
      vertex 19 117 3
      vertex 18.4525 116.957 11
      vertex 19 117 11
    endloop
  endfacet
  facet normal -0.0782977 0.99693 0
    outer loop
      vertex 18.4525 116.957 11
      vertex 19 117 3
      vertex 18.4525 116.957 3
    endloop
  endfacet
  facet normal 0.649712 0.760181 -0
    outer loop
      vertex 21.4749 115.975 3
      vertex 21.0572 116.332 11
      vertex 21.4749 115.975 11
    endloop
  endfacet
  facet normal 0.649712 0.760181 0
    outer loop
      vertex 21.0572 116.332 11
      vertex 21.4749 115.975 3
      vertex 21.0572 116.332 3
    endloop
  endfacet
  facet normal -0.760681 0.649126 0
    outer loop
      vertex 16.1684 115.557 3
      vertex 16.5251 115.975 11
      vertex 16.5251 115.975 3
    endloop
  endfacet
  facet normal -0.760681 0.649126 0
    outer loop
      vertex 16.5251 115.975 11
      vertex 16.1684 115.557 3
      vertex 16.1684 115.557 11
    endloop
  endfacet
  facet normal -0.382416 0.92399 0
    outer loop
      vertex 17.9184 116.829 3
      vertex 17.411 116.619 11
      vertex 17.9184 116.829 11
    endloop
  endfacet
  facet normal -0.382416 0.92399 0
    outer loop
      vertex 17.411 116.619 11
      vertex 17.9184 116.829 3
      vertex 17.411 116.619 3
    endloop
  endfacet
  facet normal 0.852552 -0.522643 0
    outer loop
      vertex 21.8316 111.443 11
      vertex 22.1185 111.911 3
      vertex 22.1185 111.911 11
    endloop
  endfacet
  facet normal 0.852552 -0.522643 0
    outer loop
      vertex 22.1185 111.911 3
      vertex 21.8316 111.443 11
      vertex 21.8316 111.443 3
    endloop
  endfacet
  facet normal 0.923755 0.382985 0
    outer loop
      vertex 22.3287 114.582 11
      vertex 22.1185 115.089 3
      vertex 22.1185 115.089 11
    endloop
  endfacet
  facet normal 0.923755 0.382985 0
    outer loop
      vertex 22.1185 115.089 3
      vertex 22.3287 114.582 11
      vertex 22.3287 114.582 3
    endloop
  endfacet
  facet normal 0.972371 0.233442 0
    outer loop
      vertex 22.4569 114.048 11
      vertex 22.3287 114.582 3
      vertex 22.3287 114.582 11
    endloop
  endfacet
  facet normal 0.972371 0.233442 0
    outer loop
      vertex 22.3287 114.582 3
      vertex 22.4569 114.048 11
      vertex 22.4569 114.048 3
    endloop
  endfacet
  facet normal 0.233056 0.972463 -0
    outer loop
      vertex 20.0816 116.829 3
      vertex 19.5475 116.957 11
      vertex 20.0816 116.829 11
    endloop
  endfacet
  facet normal 0.233056 0.972463 0
    outer loop
      vertex 19.5475 116.957 11
      vertex 20.0816 116.829 3
      vertex 19.5475 116.957 3
    endloop
  endfacet
  facet normal 0.0782977 0.99693 -0
    outer loop
      vertex 19.5475 116.957 3
      vertex 19 117 11
      vertex 19.5475 116.957 11
    endloop
  endfacet
  facet normal 0.0782977 0.99693 0
    outer loop
      vertex 19 117 11
      vertex 19.5475 116.957 3
      vertex 19 117 3
    endloop
  endfacet
  facet normal 0.522613 0.85257 -0
    outer loop
      vertex 21.0572 116.332 3
      vertex 20.589 116.619 11
      vertex 21.0572 116.332 11
    endloop
  endfacet
  facet normal 0.522613 0.85257 0
    outer loop
      vertex 20.589 116.619 11
      vertex 21.0572 116.332 3
      vertex 20.589 116.619 3
    endloop
  endfacet
  facet normal -0.923755 0.382985 0
    outer loop
      vertex 15.6713 114.582 3
      vertex 15.8815 115.089 11
      vertex 15.8815 115.089 3
    endloop
  endfacet
  facet normal -0.923755 0.382985 0
    outer loop
      vertex 15.8815 115.089 11
      vertex 15.6713 114.582 3
      vertex 15.6713 114.582 11
    endloop
  endfacet
  facet normal -0.852552 0.522643 0
    outer loop
      vertex 15.8815 115.089 3
      vertex 16.1684 115.557 11
      vertex 16.1684 115.557 3
    endloop
  endfacet
  facet normal -0.852552 0.522643 0
    outer loop
      vertex 16.1684 115.557 11
      vertex 15.8815 115.089 3
      vertex 15.8815 115.089 11
    endloop
  endfacet
  facet normal -0.996921 0.0784075 0
    outer loop
      vertex 15.5 113.5 3
      vertex 15.5431 114.048 11
      vertex 15.5431 114.048 3
    endloop
  endfacet
  facet normal -0.996921 0.0784075 0
    outer loop
      vertex 15.5431 114.048 11
      vertex 15.5 113.5 3
      vertex 15.5 113.5 11
    endloop
  endfacet
  facet normal 0 0 1
    outer loop
      vertex 20.3 113.5 11
      vertex 22.5 113.5 11
      vertex 22.4569 114.048 11
    endloop
  endfacet
  facet normal 0 0 1
    outer loop
      vertex 20.284 113.703 11
      vertex 22.4569 114.048 11
      vertex 22.3287 114.582 11
    endloop
  endfacet
  facet normal 0 0 1
    outer loop
      vertex 22.5 113.5 11
      vertex 20.3 113.5 11
      vertex 22.4569 112.952 11
    endloop
  endfacet
  facet normal 0 0 1
    outer loop
      vertex 20.2364 113.902 11
      vertex 22.3287 114.582 11
      vertex 22.1185 115.089 11
    endloop
  endfacet
  facet normal -0 0 1
    outer loop
      vertex 20.284 113.297 11
      vertex 22.4569 112.952 11
      vertex 20.3 113.5 11
    endloop
  endfacet
  facet normal 0 0 1
    outer loop
      vertex 20.1583 114.09 11
      vertex 22.1185 115.089 11
      vertex 21.8316 115.557 11
    endloop
  endfacet
  facet normal 0 0 1
    outer loop
      vertex 22.4569 112.952 11
      vertex 20.284 113.297 11
      vertex 22.3287 112.418 11
    endloop
  endfacet
  facet normal 0 0 1
    outer loop
      vertex 20.0517 114.264 11
      vertex 21.8316 115.557 11
      vertex 21.4749 115.975 11
    endloop
  endfacet
  facet normal -0 0 1
    outer loop
      vertex 20.2364 113.098 11
      vertex 22.3287 112.418 11
      vertex 20.284 113.297 11
    endloop
  endfacet
  facet normal 0 0 1
    outer loop
      vertex 19.9192 114.419 11
      vertex 21.4749 115.975 11
      vertex 21.0572 116.332 11
    endloop
  endfacet
  facet normal 0 0 1
    outer loop
      vertex 22.3287 112.418 11
      vertex 20.2364 113.098 11
      vertex 22.1185 111.911 11
    endloop
  endfacet
  facet normal 0 0 1
    outer loop
      vertex 19.7641 114.552 11
      vertex 21.0572 116.332 11
      vertex 20.589 116.619 11
    endloop
  endfacet
  facet normal -0 0 1
    outer loop
      vertex 20.1583 112.91 11
      vertex 22.1185 111.911 11
      vertex 20.2364 113.098 11
    endloop
  endfacet
  facet normal 0 0 1
    outer loop
      vertex 22.1185 111.911 11
      vertex 20.1583 112.91 11
      vertex 21.8316 111.443 11
    endloop
  endfacet
  facet normal 0 0 1
    outer loop
      vertex 22.4569 114.048 11
      vertex 20.284 113.703 11
      vertex 20.3 113.5 11
    endloop
  endfacet
  facet normal 0 0 1
    outer loop
      vertex 22.3287 114.582 11
      vertex 20.2364 113.902 11
      vertex 20.284 113.703 11
    endloop
  endfacet
  facet normal 0 0 1
    outer loop
      vertex 22.1185 115.089 11
      vertex 20.1583 114.09 11
      vertex 20.2364 113.902 11
    endloop
  endfacet
  facet normal 0 0 1
    outer loop
      vertex 19.5902 114.658 11
      vertex 20.589 116.619 11
      vertex 20.0816 116.829 11
    endloop
  endfacet
  facet normal 0 0 1
    outer loop
      vertex 21.8316 115.557 11
      vertex 20.0517 114.264 11
      vertex 20.1583 114.09 11
    endloop
  endfacet
  facet normal 0 0 1
    outer loop
      vertex 21.4749 115.975 11
      vertex 19.9192 114.419 11
      vertex 20.0517 114.264 11
    endloop
  endfacet
  facet normal 0 0 1
    outer loop
      vertex 21.0572 116.332 11
      vertex 19.7641 114.552 11
      vertex 19.9192 114.419 11
    endloop
  endfacet
  facet normal 0 0 1
    outer loop
      vertex 20.589 116.619 11
      vertex 19.5902 114.658 11
      vertex 19.7641 114.552 11
    endloop
  endfacet
  facet normal 0 0 1
    outer loop
      vertex 19.4017 114.736 11
      vertex 20.0816 116.829 11
      vertex 19.5475 116.957 11
    endloop
  endfacet
  facet normal 0 0 1
    outer loop
      vertex 20.0816 116.829 11
      vertex 19.4017 114.736 11
      vertex 19.5902 114.658 11
    endloop
  endfacet
  facet normal 0 0 1
    outer loop
      vertex 19.5475 116.957 11
      vertex 19.2034 114.784 11
      vertex 19.4017 114.736 11
    endloop
  endfacet
  facet normal 0 0 1
    outer loop
      vertex 19 117 11
      vertex 19.2034 114.784 11
      vertex 19.5475 116.957 11
    endloop
  endfacet
  facet normal 0 0 1
    outer loop
      vertex 19 117 11
      vertex 19 114.8 11
      vertex 19.2034 114.784 11
    endloop
  endfacet
  facet normal 0 0 1
    outer loop
      vertex 19 117 11
      vertex 18.7966 114.784 11
      vertex 19 114.8 11
    endloop
  endfacet
  facet normal -0 0 1
    outer loop
      vertex 18.4525 116.957 11
      vertex 18.7966 114.784 11
      vertex 19 117 11
    endloop
  endfacet
  facet normal 0 0 1
    outer loop
      vertex 18.7966 114.784 11
      vertex 18.4525 116.957 11
      vertex 18.5983 114.736 11
    endloop
  endfacet
  facet normal -0 0 1
    outer loop
      vertex 17.9184 116.829 11
      vertex 18.5983 114.736 11
      vertex 18.4525 116.957 11
    endloop
  endfacet
  facet normal 0 0 1
    outer loop
      vertex 18.5983 114.736 11
      vertex 17.9184 116.829 11
      vertex 18.4098 114.658 11
    endloop
  endfacet
  facet normal -0 0 1
    outer loop
      vertex 17.411 116.619 11
      vertex 18.4098 114.658 11
      vertex 17.9184 116.829 11
    endloop
  endfacet
  facet normal 0 0 1
    outer loop
      vertex 18.4098 114.658 11
      vertex 17.411 116.619 11
      vertex 18.2359 114.552 11
    endloop
  endfacet
  facet normal -0 0 1
    outer loop
      vertex 16.9428 116.332 11
      vertex 18.2359 114.552 11
      vertex 17.411 116.619 11
    endloop
  endfacet
  facet normal 0 0 1
    outer loop
      vertex 18.2359 114.552 11
      vertex 16.9428 116.332 11
      vertex 18.0808 114.419 11
    endloop
  endfacet
  facet normal -0 0 1
    outer loop
      vertex 16.5251 115.975 11
      vertex 18.0808 114.419 11
      vertex 16.9428 116.332 11
    endloop
  endfacet
  facet normal 0 0 1
    outer loop
      vertex 18.0808 114.419 11
      vertex 16.5251 115.975 11
      vertex 17.9483 114.264 11
    endloop
  endfacet
  facet normal -0 0 1
    outer loop
      vertex 16.1684 115.557 11
      vertex 17.9483 114.264 11
      vertex 16.5251 115.975 11
    endloop
  endfacet
  facet normal 0 0 1
    outer loop
      vertex 17.9483 114.264 11
      vertex 16.1684 115.557 11
      vertex 17.8417 114.09 11
    endloop
  endfacet
  facet normal -0 0 1
    outer loop
      vertex 20.0517 112.736 11
      vertex 21.8316 111.443 11
      vertex 20.1583 112.91 11
    endloop
  endfacet
  facet normal 0 0 1
    outer loop
      vertex 21.8316 111.443 11
      vertex 20.0517 112.736 11
      vertex 21.4749 111.025 11
    endloop
  endfacet
  facet normal -0 0 1
    outer loop
      vertex 19.9192 112.581 11
      vertex 21.4749 111.025 11
      vertex 20.0517 112.736 11
    endloop
  endfacet
  facet normal 0 0 1
    outer loop
      vertex 21.4749 111.025 11
      vertex 19.9192 112.581 11
      vertex 21.0572 110.668 11
    endloop
  endfacet
  facet normal -0 0 1
    outer loop
      vertex 19.7641 112.448 11
      vertex 21.0572 110.668 11
      vertex 19.9192 112.581 11
    endloop
  endfacet
  facet normal 0 0 1
    outer loop
      vertex 21.0572 110.668 11
      vertex 19.7641 112.448 11
      vertex 20.589 110.381 11
    endloop
  endfacet
  facet normal -0 0 1
    outer loop
      vertex 19.5902 112.342 11
      vertex 20.589 110.381 11
      vertex 19.7641 112.448 11
    endloop
  endfacet
  facet normal 0 0 1
    outer loop
      vertex 20.589 110.381 11
      vertex 19.5902 112.342 11
      vertex 20.0816 110.171 11
    endloop
  endfacet
  facet normal -0 0 1
    outer loop
      vertex 19.4017 112.264 11
      vertex 20.0816 110.171 11
      vertex 19.5902 112.342 11
    endloop
  endfacet
  facet normal 0 0 1
    outer loop
      vertex 20.0816 110.171 11
      vertex 19.4017 112.264 11
      vertex 19.5475 110.043 11
    endloop
  endfacet
  facet normal -0 0 1
    outer loop
      vertex 19.2034 112.216 11
      vertex 19.5475 110.043 11
      vertex 19.4017 112.264 11
    endloop
  endfacet
  facet normal -0 0 1
    outer loop
      vertex 19 112.2 11
      vertex 19.5475 110.043 11
      vertex 19.2034 112.216 11
    endloop
  endfacet
  facet normal 0 0 1
    outer loop
      vertex 19 112.2 11
      vertex 19 110 11
      vertex 19.5475 110.043 11
    endloop
  endfacet
  facet normal 0 0 1
    outer loop
      vertex 18.7966 112.216 11
      vertex 19 110 11
      vertex 19 112.2 11
    endloop
  endfacet
  facet normal 0 0 1
    outer loop
      vertex 18.4525 110.043 11
      vertex 18.7966 112.216 11
      vertex 18.5983 112.264 11
    endloop
  endfacet
  facet normal 0 0 1
    outer loop
      vertex 18.7966 112.216 11
      vertex 18.4525 110.043 11
      vertex 19 110 11
    endloop
  endfacet
  facet normal 0 0 1
    outer loop
      vertex 17.9184 110.171 11
      vertex 18.5983 112.264 11
      vertex 18.4098 112.342 11
    endloop
  endfacet
  facet normal 0 0 1
    outer loop
      vertex 17.411 110.381 11
      vertex 18.4098 112.342 11
      vertex 18.2359 112.448 11
    endloop
  endfacet
  facet normal 0 0 1
    outer loop
      vertex 16.9428 110.668 11
      vertex 18.2359 112.448 11
      vertex 18.0808 112.581 11
    endloop
  endfacet
  facet normal 0 0 1
    outer loop
      vertex 16.5251 111.025 11
      vertex 18.0808 112.581 11
      vertex 17.9483 112.736 11
    endloop
  endfacet
  facet normal 0 0 1
    outer loop
      vertex 18.5983 112.264 11
      vertex 17.9184 110.171 11
      vertex 18.4525 110.043 11
    endloop
  endfacet
  facet normal 0 0 1
    outer loop
      vertex 16.1684 111.443 11
      vertex 17.9483 112.736 11
      vertex 17.8417 112.91 11
    endloop
  endfacet
  facet normal 0 0 1
    outer loop
      vertex 15.8815 111.911 11
      vertex 17.8417 112.91 11
      vertex 17.7636 113.098 11
    endloop
  endfacet
  facet normal 0 0 1
    outer loop
      vertex 15.6713 112.418 11
      vertex 17.7636 113.098 11
      vertex 17.716 113.297 11
    endloop
  endfacet
  facet normal 0 0 1
    outer loop
      vertex 15.5431 112.952 11
      vertex 17.716 113.297 11
      vertex 17.7 113.5 11
    endloop
  endfacet
  facet normal -0 0 1
    outer loop
      vertex 15.8815 115.089 11
      vertex 17.8417 114.09 11
      vertex 16.1684 115.557 11
    endloop
  endfacet
  facet normal 0 0 1
    outer loop
      vertex 18.4098 112.342 11
      vertex 17.411 110.381 11
      vertex 17.9184 110.171 11
    endloop
  endfacet
  facet normal 0 0 1
    outer loop
      vertex 17.8417 114.09 11
      vertex 15.8815 115.089 11
      vertex 17.7636 113.902 11
    endloop
  endfacet
  facet normal 0 0 1
    outer loop
      vertex 18.2359 112.448 11
      vertex 16.9428 110.668 11
      vertex 17.411 110.381 11
    endloop
  endfacet
  facet normal -0 0 1
    outer loop
      vertex 15.6713 114.582 11
      vertex 17.7636 113.902 11
      vertex 15.8815 115.089 11
    endloop
  endfacet
  facet normal 0 0 1
    outer loop
      vertex 18.0808 112.581 11
      vertex 16.5251 111.025 11
      vertex 16.9428 110.668 11
    endloop
  endfacet
  facet normal 0 0 1
    outer loop
      vertex 17.7636 113.902 11
      vertex 15.6713 114.582 11
      vertex 17.716 113.703 11
    endloop
  endfacet
  facet normal 0 0 1
    outer loop
      vertex 17.9483 112.736 11
      vertex 16.1684 111.443 11
      vertex 16.5251 111.025 11
    endloop
  endfacet
  facet normal -0 0 1
    outer loop
      vertex 15.5431 114.048 11
      vertex 17.716 113.703 11
      vertex 15.6713 114.582 11
    endloop
  endfacet
  facet normal 0 0 1
    outer loop
      vertex 17.8417 112.91 11
      vertex 15.8815 111.911 11
      vertex 16.1684 111.443 11
    endloop
  endfacet
  facet normal 0 0 1
    outer loop
      vertex 17.716 113.703 11
      vertex 15.5431 114.048 11
      vertex 17.7 113.5 11
    endloop
  endfacet
  facet normal 0 0 1
    outer loop
      vertex 17.7636 113.098 11
      vertex 15.6713 112.418 11
      vertex 15.8815 111.911 11
    endloop
  endfacet
  facet normal 0 0 1
    outer loop
      vertex 15.5 113.5 11
      vertex 17.7 113.5 11
      vertex 15.5431 114.048 11
    endloop
  endfacet
  facet normal 0 0 1
    outer loop
      vertex 17.716 113.297 11
      vertex 15.5431 112.952 11
      vertex 15.6713 112.418 11
    endloop
  endfacet
  facet normal 0 0 1
    outer loop
      vertex 17.7 113.5 11
      vertex 15.5 113.5 11
      vertex 15.5431 112.952 11
    endloop
  endfacet
  facet normal -0.649712 0.760181 0
    outer loop
      vertex 16.9428 116.332 3
      vertex 16.5251 115.975 11
      vertex 16.9428 116.332 11
    endloop
  endfacet
  facet normal -0.649712 0.760181 0
    outer loop
      vertex 16.5251 115.975 11
      vertex 16.9428 116.332 3
      vertex 16.5251 115.975 3
    endloop
  endfacet
  facet normal -0.233056 0.972463 0
    outer loop
      vertex 18.4525 116.957 3
      vertex 17.9184 116.829 11
      vertex 18.4525 116.957 11
    endloop
  endfacet
  facet normal -0.233056 0.972463 0
    outer loop
      vertex 17.9184 116.829 11
      vertex 18.4525 116.957 3
      vertex 17.9184 116.829 3
    endloop
  endfacet
  facet normal 0.996921 -0.0784075 0
    outer loop
      vertex 22.4569 112.952 11
      vertex 22.5 113.5 3
      vertex 22.5 113.5 11
    endloop
  endfacet
  facet normal 0.996921 -0.0784075 0
    outer loop
      vertex 22.5 113.5 3
      vertex 22.4569 112.952 11
      vertex 22.4569 112.952 3
    endloop
  endfacet
  facet normal 0.233056 -0.972463 0
    outer loop
      vertex 19.5475 110.043 3
      vertex 20.0816 110.171 11
      vertex 19.5475 110.043 11
    endloop
  endfacet
  facet normal 0.233056 -0.972463 0
    outer loop
      vertex 20.0816 110.171 11
      vertex 19.5475 110.043 3
      vertex 20.0816 110.171 3
    endloop
  endfacet
  facet normal -0.522613 -0.85257 0
    outer loop
      vertex 16.9428 110.668 3
      vertex 17.411 110.381 11
      vertex 16.9428 110.668 11
    endloop
  endfacet
  facet normal -0.522613 -0.85257 -0
    outer loop
      vertex 17.411 110.381 11
      vertex 16.9428 110.668 3
      vertex 17.411 110.381 3
    endloop
  endfacet
  facet normal -0.0782977 -0.99693 0
    outer loop
      vertex 18.4525 110.043 3
      vertex 19 110 11
      vertex 18.4525 110.043 11
    endloop
  endfacet
  facet normal -0.0782977 -0.99693 -0
    outer loop
      vertex 19 110 11
      vertex 18.4525 110.043 3
      vertex 19 110 3
    endloop
  endfacet
  facet normal -0.649712 -0.760181 0
    outer loop
      vertex 16.5251 111.025 3
      vertex 16.9428 110.668 11
      vertex 16.5251 111.025 11
    endloop
  endfacet
  facet normal -0.649712 -0.760181 -0
    outer loop
      vertex 16.9428 110.668 11
      vertex 16.5251 111.025 3
      vertex 16.9428 110.668 3
    endloop
  endfacet
  facet normal -0.972371 -0.233442 0
    outer loop
      vertex 15.6713 112.418 3
      vertex 15.5431 112.952 11
      vertex 15.5431 112.952 3
    endloop
  endfacet
  facet normal -0.972371 -0.233442 0
    outer loop
      vertex 15.5431 112.952 11
      vertex 15.6713 112.418 3
      vertex 15.6713 112.418 11
    endloop
  endfacet
  facet normal 0.760681 0.649126 0
    outer loop
      vertex 21.8316 115.557 11
      vertex 21.4749 115.975 3
      vertex 21.4749 115.975 11
    endloop
  endfacet
  facet normal 0.760681 0.649126 0
    outer loop
      vertex 21.4749 115.975 3
      vertex 21.8316 115.557 11
      vertex 21.8316 115.557 3
    endloop
  endfacet
  facet normal 0.852552 0.522643 0
    outer loop
      vertex 22.1185 115.089 11
      vertex 21.8316 115.557 3
      vertex 21.8316 115.557 11
    endloop
  endfacet
  facet normal 0.852552 0.522643 0
    outer loop
      vertex 21.8316 115.557 3
      vertex 22.1185 115.089 11
      vertex 22.1185 115.089 3
    endloop
  endfacet
  facet normal -0.972371 0.233442 0
    outer loop
      vertex 15.5431 114.048 3
      vertex 15.6713 114.582 11
      vertex 15.6713 114.582 3
    endloop
  endfacet
  facet normal -0.972371 0.233442 0
    outer loop
      vertex 15.6713 114.582 11
      vertex 15.5431 114.048 3
      vertex 15.5431 114.048 11
    endloop
  endfacet
  facet normal -0.996921 -0.0784075 0
    outer loop
      vertex 15.5431 112.952 3
      vertex 15.5 113.5 11
      vertex 15.5 113.5 3
    endloop
  endfacet
  facet normal -0.996921 -0.0784075 0
    outer loop
      vertex 15.5 113.5 11
      vertex 15.5431 112.952 3
      vertex 15.5431 112.952 11
    endloop
  endfacet
  facet normal -0.522613 0.85257 0
    outer loop
      vertex 17.411 116.619 3
      vertex 16.9428 116.332 11
      vertex 17.411 116.619 11
    endloop
  endfacet
  facet normal -0.522613 0.85257 0
    outer loop
      vertex 16.9428 116.332 11
      vertex 17.411 116.619 3
      vertex 16.9428 116.332 3
    endloop
  endfacet
  facet normal 0.382416 -0.92399 0
    outer loop
      vertex 20.0816 110.171 3
      vertex 20.589 110.381 11
      vertex 20.0816 110.171 11
    endloop
  endfacet
  facet normal 0.382416 -0.92399 0
    outer loop
      vertex 20.589 110.381 11
      vertex 20.0816 110.171 3
      vertex 20.589 110.381 3
    endloop
  endfacet
  facet normal 0.522613 -0.85257 0
    outer loop
      vertex 20.589 110.381 3
      vertex 21.0572 110.668 11
      vertex 20.589 110.381 11
    endloop
  endfacet
  facet normal 0.522613 -0.85257 0
    outer loop
      vertex 21.0572 110.668 11
      vertex 20.589 110.381 3
      vertex 21.0572 110.668 3
    endloop
  endfacet
  facet normal 0.760681 -0.649126 0
    outer loop
      vertex 21.4749 111.025 11
      vertex 21.8316 111.443 3
      vertex 21.8316 111.443 11
    endloop
  endfacet
  facet normal 0.760681 -0.649126 0
    outer loop
      vertex 21.8316 111.443 3
      vertex 21.4749 111.025 11
      vertex 21.4749 111.025 3
    endloop
  endfacet
  facet normal 0.649712 -0.760181 0
    outer loop
      vertex 21.0572 110.668 3
      vertex 21.4749 111.025 11
      vertex 21.0572 110.668 11
    endloop
  endfacet
  facet normal 0.649712 -0.760181 0
    outer loop
      vertex 21.4749 111.025 11
      vertex 21.0572 110.668 3
      vertex 21.4749 111.025 3
    endloop
  endfacet
  facet normal -0.382416 -0.92399 0
    outer loop
      vertex 17.411 110.381 3
      vertex 17.9184 110.171 11
      vertex 17.411 110.381 11
    endloop
  endfacet
  facet normal -0.382416 -0.92399 -0
    outer loop
      vertex 17.9184 110.171 11
      vertex 17.411 110.381 3
      vertex 17.9184 110.171 3
    endloop
  endfacet
  facet normal -0.233056 -0.972463 0
    outer loop
      vertex 17.9184 110.171 3
      vertex 18.4525 110.043 11
      vertex 17.9184 110.171 11
    endloop
  endfacet
  facet normal -0.233056 -0.972463 -0
    outer loop
      vertex 18.4525 110.043 11
      vertex 17.9184 110.171 3
      vertex 18.4525 110.043 3
    endloop
  endfacet
  facet normal 0.0782977 -0.99693 0
    outer loop
      vertex 19 110 3
      vertex 19.5475 110.043 11
      vertex 19 110 11
    endloop
  endfacet
  facet normal 0.0782977 -0.99693 0
    outer loop
      vertex 19.5475 110.043 11
      vertex 19 110 3
      vertex 19.5475 110.043 3
    endloop
  endfacet
  facet normal -0.852552 -0.522643 0
    outer loop
      vertex 16.1684 111.443 3
      vertex 15.8815 111.911 11
      vertex 15.8815 111.911 3
    endloop
  endfacet
  facet normal -0.852552 -0.522643 0
    outer loop
      vertex 15.8815 111.911 11
      vertex 16.1684 111.443 3
      vertex 16.1684 111.443 11
    endloop
  endfacet
  facet normal -0.923755 -0.382985 0
    outer loop
      vertex 15.8815 111.911 3
      vertex 15.6713 112.418 11
      vertex 15.6713 112.418 3
    endloop
  endfacet
  facet normal -0.923755 -0.382985 0
    outer loop
      vertex 15.6713 112.418 11
      vertex 15.8815 111.911 3
      vertex 15.8815 111.911 11
    endloop
  endfacet
  facet normal 0.382416 0.92399 -0
    outer loop
      vertex 20.589 116.619 3
      vertex 20.0816 116.829 11
      vertex 20.589 116.619 11
    endloop
  endfacet
  facet normal 0.382416 0.92399 0
    outer loop
      vertex 20.0816 116.829 11
      vertex 20.589 116.619 3
      vertex 20.0816 116.829 3
    endloop
  endfacet
  facet normal 0.923755 -0.382985 0
    outer loop
      vertex 22.1185 111.911 11
      vertex 22.3287 112.418 3
      vertex 22.3287 112.418 11
    endloop
  endfacet
  facet normal 0.923755 -0.382985 0
    outer loop
      vertex 22.3287 112.418 3
      vertex 22.1185 111.911 11
      vertex 22.1185 111.911 3
    endloop
  endfacet
  facet normal 0.972371 -0.233442 0
    outer loop
      vertex 22.3287 112.418 11
      vertex 22.4569 112.952 3
      vertex 22.4569 112.952 11
    endloop
  endfacet
  facet normal 0.972371 -0.233442 0
    outer loop
      vertex 22.4569 112.952 3
      vertex 22.3287 112.418 11
      vertex 22.3287 112.418 3
    endloop
  endfacet
  facet normal -0.760681 -0.649126 0
    outer loop
      vertex 16.5251 111.025 3
      vertex 16.1684 111.443 11
      vertex 16.1684 111.443 3
    endloop
  endfacet
  facet normal -0.760681 -0.649126 0
    outer loop
      vertex 16.1684 111.443 11
      vertex 16.5251 111.025 3
      vertex 16.5251 111.025 11
    endloop
  endfacet
  facet normal 0.99693 0.0782977 0
    outer loop
      vertex 184.5 16.5 11
      vertex 184.457 17.0475 0
      vertex 184.457 17.0475 11
    endloop
  endfacet
  facet normal 0.99693 0.0782977 0
    outer loop
      vertex 184.457 17.0475 0
      vertex 184.5 16.5 11
      vertex 184.5 16.5 0
    endloop
  endfacet
  facet normal -0.0784075 0.996921 0
    outer loop
      vertex 181 20 0
      vertex 180.452 19.9569 11
      vertex 181 20 11
    endloop
  endfacet
  facet normal -0.0784075 0.996921 0
    outer loop
      vertex 180.452 19.9569 11
      vertex 181 20 0
      vertex 180.452 19.9569 0
    endloop
  endfacet
  facet normal 0.649126 0.760681 -0
    outer loop
      vertex 183.475 18.9749 0
      vertex 183.057 19.3316 11
      vertex 183.475 18.9749 11
    endloop
  endfacet
  facet normal 0.649126 0.760681 0
    outer loop
      vertex 183.057 19.3316 11
      vertex 183.475 18.9749 0
      vertex 183.057 19.3316 0
    endloop
  endfacet
  facet normal -0.760181 0.649712 0
    outer loop
      vertex 178.168 18.5572 0
      vertex 178.525 18.9749 11
      vertex 178.525 18.9749 0
    endloop
  endfacet
  facet normal -0.760181 0.649712 0
    outer loop
      vertex 178.525 18.9749 11
      vertex 178.168 18.5572 0
      vertex 178.168 18.5572 11
    endloop
  endfacet
  facet normal -0.382985 0.923755 0
    outer loop
      vertex 179.918 19.8287 0
      vertex 179.411 19.6185 11
      vertex 179.918 19.8287 11
    endloop
  endfacet
  facet normal -0.382985 0.923755 0
    outer loop
      vertex 179.411 19.6185 11
      vertex 179.918 19.8287 0
      vertex 179.411 19.6185 0
    endloop
  endfacet
  facet normal 0.85257 -0.522613 0
    outer loop
      vertex 183.832 14.4428 11
      vertex 184.119 14.911 0
      vertex 184.119 14.911 11
    endloop
  endfacet
  facet normal 0.85257 -0.522613 0
    outer loop
      vertex 184.119 14.911 0
      vertex 183.832 14.4428 11
      vertex 183.832 14.4428 0
    endloop
  endfacet
  facet normal 0.92399 0.382416 0
    outer loop
      vertex 184.329 17.5816 11
      vertex 184.119 18.089 0
      vertex 184.119 18.089 11
    endloop
  endfacet
  facet normal 0.92399 0.382416 0
    outer loop
      vertex 184.119 18.089 0
      vertex 184.329 17.5816 11
      vertex 184.329 17.5816 0
    endloop
  endfacet
  facet normal 0.972463 0.233056 0
    outer loop
      vertex 184.457 17.0475 11
      vertex 184.329 17.5816 0
      vertex 184.329 17.5816 11
    endloop
  endfacet
  facet normal 0.972463 0.233056 0
    outer loop
      vertex 184.329 17.5816 0
      vertex 184.457 17.0475 11
      vertex 184.457 17.0475 0
    endloop
  endfacet
  facet normal 0.233442 0.972371 -0
    outer loop
      vertex 182.082 19.8287 0
      vertex 181.548 19.9569 11
      vertex 182.082 19.8287 11
    endloop
  endfacet
  facet normal 0.233442 0.972371 0
    outer loop
      vertex 181.548 19.9569 11
      vertex 182.082 19.8287 0
      vertex 181.548 19.9569 0
    endloop
  endfacet
  facet normal 0.0784075 0.996921 -0
    outer loop
      vertex 181.548 19.9569 0
      vertex 181 20 11
      vertex 181.548 19.9569 11
    endloop
  endfacet
  facet normal 0.0784075 0.996921 0
    outer loop
      vertex 181 20 11
      vertex 181.548 19.9569 0
      vertex 181 20 0
    endloop
  endfacet
  facet normal 0.522643 0.852552 -0
    outer loop
      vertex 183.057 19.3316 0
      vertex 182.589 19.6185 11
      vertex 183.057 19.3316 11
    endloop
  endfacet
  facet normal 0.522643 0.852552 0
    outer loop
      vertex 182.589 19.6185 11
      vertex 183.057 19.3316 0
      vertex 182.589 19.6185 0
    endloop
  endfacet
  facet normal -0.972463 0.233056 0
    outer loop
      vertex 177.543 17.0475 0
      vertex 177.671 17.5816 11
      vertex 177.671 17.5816 0
    endloop
  endfacet
  facet normal -0.972463 0.233056 0
    outer loop
      vertex 177.671 17.5816 11
      vertex 177.543 17.0475 0
      vertex 177.543 17.0475 11
    endloop
  endfacet
  facet normal 0 0 -1
    outer loop
      vertex 184.457 15.9525 0
      vertex 184.457 17.0475 0
      vertex 184.5 16.5 0
    endloop
  endfacet
  facet normal 0 0 -1
    outer loop
      vertex 184.329 15.4184 0
      vertex 184.457 17.0475 0
      vertex 184.457 15.9525 0
    endloop
  endfacet
  facet normal 0 0 -1
    outer loop
      vertex 184.329 15.4184 0
      vertex 184.329 17.5816 0
      vertex 184.457 17.0475 0
    endloop
  endfacet
  facet normal 0 0 -1
    outer loop
      vertex 184.119 14.911 0
      vertex 184.329 17.5816 0
      vertex 184.329 15.4184 0
    endloop
  endfacet
  facet normal 0 0 -1
    outer loop
      vertex 184.119 14.911 0
      vertex 184.119 18.089 0
      vertex 184.329 17.5816 0
    endloop
  endfacet
  facet normal 0 0 -1
    outer loop
      vertex 183.832 14.4428 0
      vertex 184.119 18.089 0
      vertex 184.119 14.911 0
    endloop
  endfacet
  facet normal 0 0 -1
    outer loop
      vertex 183.832 14.4428 0
      vertex 183.832 18.5572 0
      vertex 184.119 18.089 0
    endloop
  endfacet
  facet normal 0 0 -1
    outer loop
      vertex 183.475 14.0251 0
      vertex 183.832 18.5572 0
      vertex 183.832 14.4428 0
    endloop
  endfacet
  facet normal 0 0 -1
    outer loop
      vertex 183.475 14.0251 0
      vertex 183.475 18.9749 0
      vertex 183.832 18.5572 0
    endloop
  endfacet
  facet normal 0 0 -1
    outer loop
      vertex 183.057 13.6684 0
      vertex 183.475 18.9749 0
      vertex 183.475 14.0251 0
    endloop
  endfacet
  facet normal 0 0 -1
    outer loop
      vertex 183.057 13.6684 0
      vertex 183.057 19.3316 0
      vertex 183.475 18.9749 0
    endloop
  endfacet
  facet normal 0 0 -1
    outer loop
      vertex 182.589 13.3815 0
      vertex 183.057 19.3316 0
      vertex 183.057 13.6684 0
    endloop
  endfacet
  facet normal 0 0 -1
    outer loop
      vertex 182.589 13.3815 0
      vertex 182.589 19.6185 0
      vertex 183.057 19.3316 0
    endloop
  endfacet
  facet normal 0 0 -1
    outer loop
      vertex 182.082 13.1713 0
      vertex 182.589 19.6185 0
      vertex 182.589 13.3815 0
    endloop
  endfacet
  facet normal 0 0 -1
    outer loop
      vertex 182.082 13.1713 0
      vertex 182.082 19.8287 0
      vertex 182.589 19.6185 0
    endloop
  endfacet
  facet normal 0 0 -1
    outer loop
      vertex 181.548 13.0431 0
      vertex 182.082 19.8287 0
      vertex 182.082 13.1713 0
    endloop
  endfacet
  facet normal 0 0 -1
    outer loop
      vertex 181.548 13.0431 0
      vertex 181.548 19.9569 0
      vertex 182.082 19.8287 0
    endloop
  endfacet
  facet normal 0 0 -1
    outer loop
      vertex 181 13 0
      vertex 181.548 19.9569 0
      vertex 181.548 13.0431 0
    endloop
  endfacet
  facet normal 0 0 -1
    outer loop
      vertex 181 13 0
      vertex 181 20 0
      vertex 181.548 19.9569 0
    endloop
  endfacet
  facet normal 0 0 -1
    outer loop
      vertex 180.452 13.0431 0
      vertex 181 20 0
      vertex 181 13 0
    endloop
  endfacet
  facet normal 0 0 -1
    outer loop
      vertex 180.452 13.0431 0
      vertex 180.452 19.9569 0
      vertex 181 20 0
    endloop
  endfacet
  facet normal 0 0 -1
    outer loop
      vertex 179.918 13.1713 0
      vertex 180.452 19.9569 0
      vertex 180.452 13.0431 0
    endloop
  endfacet
  facet normal 0 0 -1
    outer loop
      vertex 179.918 13.1713 0
      vertex 179.918 19.8287 0
      vertex 180.452 19.9569 0
    endloop
  endfacet
  facet normal 0 0 -1
    outer loop
      vertex 179.411 13.3815 0
      vertex 179.918 19.8287 0
      vertex 179.918 13.1713 0
    endloop
  endfacet
  facet normal 0 0 -1
    outer loop
      vertex 179.411 13.3815 0
      vertex 179.411 19.6185 0
      vertex 179.918 19.8287 0
    endloop
  endfacet
  facet normal 0 0 -1
    outer loop
      vertex 178.943 13.6684 0
      vertex 179.411 19.6185 0
      vertex 179.411 13.3815 0
    endloop
  endfacet
  facet normal 0 0 -1
    outer loop
      vertex 178.943 13.6684 0
      vertex 178.943 19.3316 0
      vertex 179.411 19.6185 0
    endloop
  endfacet
  facet normal 0 0 -1
    outer loop
      vertex 178.525 14.0251 0
      vertex 178.943 19.3316 0
      vertex 178.943 13.6684 0
    endloop
  endfacet
  facet normal 0 0 -1
    outer loop
      vertex 178.525 14.0251 0
      vertex 178.525 18.9749 0
      vertex 178.943 19.3316 0
    endloop
  endfacet
  facet normal 0 0 -1
    outer loop
      vertex 178.168 14.4428 0
      vertex 178.525 18.9749 0
      vertex 178.525 14.0251 0
    endloop
  endfacet
  facet normal 0 0 -1
    outer loop
      vertex 178.168 14.4428 0
      vertex 178.168 18.5572 0
      vertex 178.525 18.9749 0
    endloop
  endfacet
  facet normal 0 0 -1
    outer loop
      vertex 177.881 14.911 0
      vertex 178.168 18.5572 0
      vertex 178.168 14.4428 0
    endloop
  endfacet
  facet normal 0 0 -1
    outer loop
      vertex 177.881 14.911 0
      vertex 177.881 18.089 0
      vertex 178.168 18.5572 0
    endloop
  endfacet
  facet normal 0 0 -1
    outer loop
      vertex 177.671 15.4184 0
      vertex 177.881 18.089 0
      vertex 177.881 14.911 0
    endloop
  endfacet
  facet normal 0 0 -1
    outer loop
      vertex 177.671 15.4184 0
      vertex 177.671 17.5816 0
      vertex 177.881 18.089 0
    endloop
  endfacet
  facet normal 0 0 -1
    outer loop
      vertex 177.543 15.9525 0
      vertex 177.671 17.5816 0
      vertex 177.671 15.4184 0
    endloop
  endfacet
  facet normal 0 0 -1
    outer loop
      vertex 177.543 15.9525 0
      vertex 177.543 17.0475 0
      vertex 177.671 17.5816 0
    endloop
  endfacet
  facet normal 0 -0 -1
    outer loop
      vertex 177.543 17.0475 0
      vertex 177.543 15.9525 0
      vertex 177.5 16.5 0
    endloop
  endfacet
  facet normal -0.85257 0.522613 0
    outer loop
      vertex 177.881 18.089 0
      vertex 178.168 18.5572 11
      vertex 178.168 18.5572 0
    endloop
  endfacet
  facet normal -0.85257 0.522613 0
    outer loop
      vertex 178.168 18.5572 11
      vertex 177.881 18.089 0
      vertex 177.881 18.089 11
    endloop
  endfacet
  facet normal -0.99693 0.0782977 0
    outer loop
      vertex 177.5 16.5 0
      vertex 177.543 17.0475 11
      vertex 177.543 17.0475 0
    endloop
  endfacet
  facet normal -0.99693 0.0782977 0
    outer loop
      vertex 177.543 17.0475 11
      vertex 177.5 16.5 0
      vertex 177.5 16.5 11
    endloop
  endfacet
  facet normal 0 0 1
    outer loop
      vertex 182.3 16.5 11
      vertex 184.5 16.5 11
      vertex 184.457 17.0475 11
    endloop
  endfacet
  facet normal 0 0 1
    outer loop
      vertex 182.284 16.7034 11
      vertex 184.457 17.0475 11
      vertex 184.329 17.5816 11
    endloop
  endfacet
  facet normal 0 0 1
    outer loop
      vertex 184.5 16.5 11
      vertex 182.3 16.5 11
      vertex 184.457 15.9525 11
    endloop
  endfacet
  facet normal 0 0 1
    outer loop
      vertex 182.236 16.9017 11
      vertex 184.329 17.5816 11
      vertex 184.119 18.089 11
    endloop
  endfacet
  facet normal -0 0 1
    outer loop
      vertex 182.284 16.2966 11
      vertex 184.457 15.9525 11
      vertex 182.3 16.5 11
    endloop
  endfacet
  facet normal 0 0 1
    outer loop
      vertex 182.158 17.0902 11
      vertex 184.119 18.089 11
      vertex 183.832 18.5572 11
    endloop
  endfacet
  facet normal 0 0 1
    outer loop
      vertex 184.457 15.9525 11
      vertex 182.284 16.2966 11
      vertex 184.329 15.4184 11
    endloop
  endfacet
  facet normal 0 0 1
    outer loop
      vertex 182.052 17.2641 11
      vertex 183.832 18.5572 11
      vertex 183.475 18.9749 11
    endloop
  endfacet
  facet normal -0 0 1
    outer loop
      vertex 182.236 16.0983 11
      vertex 184.329 15.4184 11
      vertex 182.284 16.2966 11
    endloop
  endfacet
  facet normal 0 0 1
    outer loop
      vertex 181.919 17.4192 11
      vertex 183.475 18.9749 11
      vertex 183.057 19.3316 11
    endloop
  endfacet
  facet normal 0 0 1
    outer loop
      vertex 184.329 15.4184 11
      vertex 182.236 16.0983 11
      vertex 184.119 14.911 11
    endloop
  endfacet
  facet normal 0 0 1
    outer loop
      vertex 181.764 17.5517 11
      vertex 183.057 19.3316 11
      vertex 182.589 19.6185 11
    endloop
  endfacet
  facet normal -0 0 1
    outer loop
      vertex 182.158 15.9098 11
      vertex 184.119 14.911 11
      vertex 182.236 16.0983 11
    endloop
  endfacet
  facet normal 0 0 1
    outer loop
      vertex 184.119 14.911 11
      vertex 182.158 15.9098 11
      vertex 183.832 14.4428 11
    endloop
  endfacet
  facet normal 0 0 1
    outer loop
      vertex 184.457 17.0475 11
      vertex 182.284 16.7034 11
      vertex 182.3 16.5 11
    endloop
  endfacet
  facet normal 0 0 1
    outer loop
      vertex 184.329 17.5816 11
      vertex 182.236 16.9017 11
      vertex 182.284 16.7034 11
    endloop
  endfacet
  facet normal 0 0 1
    outer loop
      vertex 184.119 18.089 11
      vertex 182.158 17.0902 11
      vertex 182.236 16.9017 11
    endloop
  endfacet
  facet normal 0 0 1
    outer loop
      vertex 181.59 17.6583 11
      vertex 182.589 19.6185 11
      vertex 182.082 19.8287 11
    endloop
  endfacet
  facet normal 0 0 1
    outer loop
      vertex 183.832 18.5572 11
      vertex 182.052 17.2641 11
      vertex 182.158 17.0902 11
    endloop
  endfacet
  facet normal 0 0 1
    outer loop
      vertex 183.475 18.9749 11
      vertex 181.919 17.4192 11
      vertex 182.052 17.2641 11
    endloop
  endfacet
  facet normal 0 0 1
    outer loop
      vertex 183.057 19.3316 11
      vertex 181.764 17.5517 11
      vertex 181.919 17.4192 11
    endloop
  endfacet
  facet normal 0 0 1
    outer loop
      vertex 182.589 19.6185 11
      vertex 181.59 17.6583 11
      vertex 181.764 17.5517 11
    endloop
  endfacet
  facet normal 0 0 1
    outer loop
      vertex 181.402 17.7364 11
      vertex 182.082 19.8287 11
      vertex 181.548 19.9569 11
    endloop
  endfacet
  facet normal 0 0 1
    outer loop
      vertex 182.082 19.8287 11
      vertex 181.402 17.7364 11
      vertex 181.59 17.6583 11
    endloop
  endfacet
  facet normal 0 0 1
    outer loop
      vertex 181.548 19.9569 11
      vertex 181.203 17.784 11
      vertex 181.402 17.7364 11
    endloop
  endfacet
  facet normal 0 0 1
    outer loop
      vertex 181 20 11
      vertex 181.203 17.784 11
      vertex 181.548 19.9569 11
    endloop
  endfacet
  facet normal 0 0 1
    outer loop
      vertex 181 20 11
      vertex 181 17.8 11
      vertex 181.203 17.784 11
    endloop
  endfacet
  facet normal 0 0 1
    outer loop
      vertex 181 20 11
      vertex 180.797 17.784 11
      vertex 181 17.8 11
    endloop
  endfacet
  facet normal -0 0 1
    outer loop
      vertex 180.452 19.9569 11
      vertex 180.797 17.784 11
      vertex 181 20 11
    endloop
  endfacet
  facet normal 0 0 1
    outer loop
      vertex 180.797 17.784 11
      vertex 180.452 19.9569 11
      vertex 180.598 17.7364 11
    endloop
  endfacet
  facet normal -0 0 1
    outer loop
      vertex 179.918 19.8287 11
      vertex 180.598 17.7364 11
      vertex 180.452 19.9569 11
    endloop
  endfacet
  facet normal 0 0 1
    outer loop
      vertex 180.598 17.7364 11
      vertex 179.918 19.8287 11
      vertex 180.41 17.6583 11
    endloop
  endfacet
  facet normal -0 0 1
    outer loop
      vertex 179.411 19.6185 11
      vertex 180.41 17.6583 11
      vertex 179.918 19.8287 11
    endloop
  endfacet
  facet normal 0 0 1
    outer loop
      vertex 180.41 17.6583 11
      vertex 179.411 19.6185 11
      vertex 180.236 17.5517 11
    endloop
  endfacet
  facet normal -0 0 1
    outer loop
      vertex 178.943 19.3316 11
      vertex 180.236 17.5517 11
      vertex 179.411 19.6185 11
    endloop
  endfacet
  facet normal 0 0 1
    outer loop
      vertex 180.236 17.5517 11
      vertex 178.943 19.3316 11
      vertex 180.081 17.4192 11
    endloop
  endfacet
  facet normal -0 0 1
    outer loop
      vertex 178.525 18.9749 11
      vertex 180.081 17.4192 11
      vertex 178.943 19.3316 11
    endloop
  endfacet
  facet normal 0 0 1
    outer loop
      vertex 180.081 17.4192 11
      vertex 178.525 18.9749 11
      vertex 179.948 17.2641 11
    endloop
  endfacet
  facet normal -0 0 1
    outer loop
      vertex 178.168 18.5572 11
      vertex 179.948 17.2641 11
      vertex 178.525 18.9749 11
    endloop
  endfacet
  facet normal 0 0 1
    outer loop
      vertex 179.948 17.2641 11
      vertex 178.168 18.5572 11
      vertex 179.842 17.0902 11
    endloop
  endfacet
  facet normal -0 0 1
    outer loop
      vertex 182.052 15.7359 11
      vertex 183.832 14.4428 11
      vertex 182.158 15.9098 11
    endloop
  endfacet
  facet normal 0 0 1
    outer loop
      vertex 183.832 14.4428 11
      vertex 182.052 15.7359 11
      vertex 183.475 14.0251 11
    endloop
  endfacet
  facet normal -0 0 1
    outer loop
      vertex 181.919 15.5808 11
      vertex 183.475 14.0251 11
      vertex 182.052 15.7359 11
    endloop
  endfacet
  facet normal 0 0 1
    outer loop
      vertex 183.475 14.0251 11
      vertex 181.919 15.5808 11
      vertex 183.057 13.6684 11
    endloop
  endfacet
  facet normal -0 0 1
    outer loop
      vertex 181.764 15.4483 11
      vertex 183.057 13.6684 11
      vertex 181.919 15.5808 11
    endloop
  endfacet
  facet normal 0 0 1
    outer loop
      vertex 183.057 13.6684 11
      vertex 181.764 15.4483 11
      vertex 182.589 13.3815 11
    endloop
  endfacet
  facet normal -0 0 1
    outer loop
      vertex 181.59 15.3417 11
      vertex 182.589 13.3815 11
      vertex 181.764 15.4483 11
    endloop
  endfacet
  facet normal 0 0 1
    outer loop
      vertex 182.589 13.3815 11
      vertex 181.59 15.3417 11
      vertex 182.082 13.1713 11
    endloop
  endfacet
  facet normal -0 0 1
    outer loop
      vertex 181.402 15.2636 11
      vertex 182.082 13.1713 11
      vertex 181.59 15.3417 11
    endloop
  endfacet
  facet normal 0 0 1
    outer loop
      vertex 182.082 13.1713 11
      vertex 181.402 15.2636 11
      vertex 181.548 13.0431 11
    endloop
  endfacet
  facet normal -0 0 1
    outer loop
      vertex 181.203 15.216 11
      vertex 181.548 13.0431 11
      vertex 181.402 15.2636 11
    endloop
  endfacet
  facet normal -0 0 1
    outer loop
      vertex 181 15.2 11
      vertex 181.548 13.0431 11
      vertex 181.203 15.216 11
    endloop
  endfacet
  facet normal 0 0 1
    outer loop
      vertex 181 15.2 11
      vertex 181 13 11
      vertex 181.548 13.0431 11
    endloop
  endfacet
  facet normal 0 0 1
    outer loop
      vertex 180.797 15.216 11
      vertex 181 13 11
      vertex 181 15.2 11
    endloop
  endfacet
  facet normal 0 0 1
    outer loop
      vertex 180.452 13.0431 11
      vertex 180.797 15.216 11
      vertex 180.598 15.2636 11
    endloop
  endfacet
  facet normal 0 0 1
    outer loop
      vertex 180.797 15.216 11
      vertex 180.452 13.0431 11
      vertex 181 13 11
    endloop
  endfacet
  facet normal 0 0 1
    outer loop
      vertex 179.918 13.1713 11
      vertex 180.598 15.2636 11
      vertex 180.41 15.3417 11
    endloop
  endfacet
  facet normal 0 0 1
    outer loop
      vertex 179.411 13.3815 11
      vertex 180.41 15.3417 11
      vertex 180.236 15.4483 11
    endloop
  endfacet
  facet normal 0 0 1
    outer loop
      vertex 178.943 13.6684 11
      vertex 180.236 15.4483 11
      vertex 180.081 15.5808 11
    endloop
  endfacet
  facet normal 0 0 1
    outer loop
      vertex 178.525 14.0251 11
      vertex 180.081 15.5808 11
      vertex 179.948 15.7359 11
    endloop
  endfacet
  facet normal 0 0 1
    outer loop
      vertex 180.598 15.2636 11
      vertex 179.918 13.1713 11
      vertex 180.452 13.0431 11
    endloop
  endfacet
  facet normal 0 0 1
    outer loop
      vertex 178.168 14.4428 11
      vertex 179.948 15.7359 11
      vertex 179.842 15.9098 11
    endloop
  endfacet
  facet normal 0 0 1
    outer loop
      vertex 177.881 14.911 11
      vertex 179.842 15.9098 11
      vertex 179.764 16.0983 11
    endloop
  endfacet
  facet normal 0 0 1
    outer loop
      vertex 177.671 15.4184 11
      vertex 179.764 16.0983 11
      vertex 179.716 16.2966 11
    endloop
  endfacet
  facet normal 0 0 1
    outer loop
      vertex 177.543 15.9525 11
      vertex 179.716 16.2966 11
      vertex 179.7 16.5 11
    endloop
  endfacet
  facet normal -0 0 1
    outer loop
      vertex 177.881 18.089 11
      vertex 179.842 17.0902 11
      vertex 178.168 18.5572 11
    endloop
  endfacet
  facet normal 0 0 1
    outer loop
      vertex 180.41 15.3417 11
      vertex 179.411 13.3815 11
      vertex 179.918 13.1713 11
    endloop
  endfacet
  facet normal 0 0 1
    outer loop
      vertex 179.842 17.0902 11
      vertex 177.881 18.089 11
      vertex 179.764 16.9017 11
    endloop
  endfacet
  facet normal 0 0 1
    outer loop
      vertex 180.236 15.4483 11
      vertex 178.943 13.6684 11
      vertex 179.411 13.3815 11
    endloop
  endfacet
  facet normal -0 0 1
    outer loop
      vertex 177.671 17.5816 11
      vertex 179.764 16.9017 11
      vertex 177.881 18.089 11
    endloop
  endfacet
  facet normal 0 0 1
    outer loop
      vertex 180.081 15.5808 11
      vertex 178.525 14.0251 11
      vertex 178.943 13.6684 11
    endloop
  endfacet
  facet normal 0 0 1
    outer loop
      vertex 179.764 16.9017 11
      vertex 177.671 17.5816 11
      vertex 179.716 16.7034 11
    endloop
  endfacet
  facet normal 0 0 1
    outer loop
      vertex 179.948 15.7359 11
      vertex 178.168 14.4428 11
      vertex 178.525 14.0251 11
    endloop
  endfacet
  facet normal -0 0 1
    outer loop
      vertex 177.543 17.0475 11
      vertex 179.716 16.7034 11
      vertex 177.671 17.5816 11
    endloop
  endfacet
  facet normal 0 0 1
    outer loop
      vertex 179.842 15.9098 11
      vertex 177.881 14.911 11
      vertex 178.168 14.4428 11
    endloop
  endfacet
  facet normal 0 0 1
    outer loop
      vertex 179.716 16.7034 11
      vertex 177.543 17.0475 11
      vertex 179.7 16.5 11
    endloop
  endfacet
  facet normal 0 0 1
    outer loop
      vertex 179.764 16.0983 11
      vertex 177.671 15.4184 11
      vertex 177.881 14.911 11
    endloop
  endfacet
  facet normal 0 0 1
    outer loop
      vertex 177.5 16.5 11
      vertex 179.7 16.5 11
      vertex 177.543 17.0475 11
    endloop
  endfacet
  facet normal 0 0 1
    outer loop
      vertex 179.716 16.2966 11
      vertex 177.543 15.9525 11
      vertex 177.671 15.4184 11
    endloop
  endfacet
  facet normal 0 0 1
    outer loop
      vertex 179.7 16.5 11
      vertex 177.5 16.5 11
      vertex 177.543 15.9525 11
    endloop
  endfacet
  facet normal -0.233442 0.972371 0
    outer loop
      vertex 180.452 19.9569 0
      vertex 179.918 19.8287 11
      vertex 180.452 19.9569 11
    endloop
  endfacet
  facet normal -0.233442 0.972371 0
    outer loop
      vertex 179.918 19.8287 11
      vertex 180.452 19.9569 0
      vertex 179.918 19.8287 0
    endloop
  endfacet
  facet normal 0.99693 -0.0782977 0
    outer loop
      vertex 184.457 15.9525 11
      vertex 184.5 16.5 0
      vertex 184.5 16.5 11
    endloop
  endfacet
  facet normal 0.99693 -0.0782977 0
    outer loop
      vertex 184.5 16.5 0
      vertex 184.457 15.9525 11
      vertex 184.457 15.9525 0
    endloop
  endfacet
  facet normal 0.233442 -0.972371 0
    outer loop
      vertex 181.548 13.0431 0
      vertex 182.082 13.1713 11
      vertex 181.548 13.0431 11
    endloop
  endfacet
  facet normal 0.233442 -0.972371 0
    outer loop
      vertex 182.082 13.1713 11
      vertex 181.548 13.0431 0
      vertex 182.082 13.1713 0
    endloop
  endfacet
  facet normal -0.522643 -0.852552 0
    outer loop
      vertex 178.943 13.6684 0
      vertex 179.411 13.3815 11
      vertex 178.943 13.6684 11
    endloop
  endfacet
  facet normal -0.522643 -0.852552 -0
    outer loop
      vertex 179.411 13.3815 11
      vertex 178.943 13.6684 0
      vertex 179.411 13.3815 0
    endloop
  endfacet
  facet normal -0.0784075 -0.996921 0
    outer loop
      vertex 180.452 13.0431 0
      vertex 181 13 11
      vertex 180.452 13.0431 11
    endloop
  endfacet
  facet normal -0.0784075 -0.996921 -0
    outer loop
      vertex 181 13 11
      vertex 180.452 13.0431 0
      vertex 181 13 0
    endloop
  endfacet
  facet normal -0.972463 -0.233056 0
    outer loop
      vertex 177.671 15.4184 0
      vertex 177.543 15.9525 11
      vertex 177.543 15.9525 0
    endloop
  endfacet
  facet normal -0.972463 -0.233056 0
    outer loop
      vertex 177.543 15.9525 11
      vertex 177.671 15.4184 0
      vertex 177.671 15.4184 11
    endloop
  endfacet
  facet normal 0.760181 0.649712 0
    outer loop
      vertex 183.832 18.5572 11
      vertex 183.475 18.9749 0
      vertex 183.475 18.9749 11
    endloop
  endfacet
  facet normal 0.760181 0.649712 0
    outer loop
      vertex 183.475 18.9749 0
      vertex 183.832 18.5572 11
      vertex 183.832 18.5572 0
    endloop
  endfacet
  facet normal 0.85257 0.522613 0
    outer loop
      vertex 184.119 18.089 11
      vertex 183.832 18.5572 0
      vertex 183.832 18.5572 11
    endloop
  endfacet
  facet normal 0.85257 0.522613 0
    outer loop
      vertex 183.832 18.5572 0
      vertex 184.119 18.089 11
      vertex 184.119 18.089 0
    endloop
  endfacet
  facet normal 0.382985 0.923755 -0
    outer loop
      vertex 182.589 19.6185 0
      vertex 182.082 19.8287 11
      vertex 182.589 19.6185 11
    endloop
  endfacet
  facet normal 0.382985 0.923755 0
    outer loop
      vertex 182.082 19.8287 11
      vertex 182.589 19.6185 0
      vertex 182.082 19.8287 0
    endloop
  endfacet
  facet normal -0.92399 0.382416 0
    outer loop
      vertex 177.671 17.5816 0
      vertex 177.881 18.089 11
      vertex 177.881 18.089 0
    endloop
  endfacet
  facet normal -0.92399 0.382416 0
    outer loop
      vertex 177.881 18.089 11
      vertex 177.671 17.5816 0
      vertex 177.671 17.5816 11
    endloop
  endfacet
  facet normal -0.99693 -0.0782977 0
    outer loop
      vertex 177.543 15.9525 0
      vertex 177.5 16.5 11
      vertex 177.5 16.5 0
    endloop
  endfacet
  facet normal -0.99693 -0.0782977 0
    outer loop
      vertex 177.5 16.5 11
      vertex 177.543 15.9525 0
      vertex 177.543 15.9525 11
    endloop
  endfacet
  facet normal -0.522643 0.852552 0
    outer loop
      vertex 179.411 19.6185 0
      vertex 178.943 19.3316 11
      vertex 179.411 19.6185 11
    endloop
  endfacet
  facet normal -0.522643 0.852552 0
    outer loop
      vertex 178.943 19.3316 11
      vertex 179.411 19.6185 0
      vertex 178.943 19.3316 0
    endloop
  endfacet
  facet normal -0.649126 0.760681 0
    outer loop
      vertex 178.943 19.3316 0
      vertex 178.525 18.9749 11
      vertex 178.943 19.3316 11
    endloop
  endfacet
  facet normal -0.649126 0.760681 0
    outer loop
      vertex 178.525 18.9749 11
      vertex 178.943 19.3316 0
      vertex 178.525 18.9749 0
    endloop
  endfacet
  facet normal 0.382985 -0.923755 0
    outer loop
      vertex 182.082 13.1713 0
      vertex 182.589 13.3815 11
      vertex 182.082 13.1713 11
    endloop
  endfacet
  facet normal 0.382985 -0.923755 0
    outer loop
      vertex 182.589 13.3815 11
      vertex 182.082 13.1713 0
      vertex 182.589 13.3815 0
    endloop
  endfacet
  facet normal 0.760181 -0.649712 0
    outer loop
      vertex 183.475 14.0251 11
      vertex 183.832 14.4428 0
      vertex 183.832 14.4428 11
    endloop
  endfacet
  facet normal 0.760181 -0.649712 0
    outer loop
      vertex 183.832 14.4428 0
      vertex 183.475 14.0251 11
      vertex 183.475 14.0251 0
    endloop
  endfacet
  facet normal 0.522643 -0.852552 0
    outer loop
      vertex 182.589 13.3815 0
      vertex 183.057 13.6684 11
      vertex 182.589 13.3815 11
    endloop
  endfacet
  facet normal 0.522643 -0.852552 0
    outer loop
      vertex 183.057 13.6684 11
      vertex 182.589 13.3815 0
      vertex 183.057 13.6684 0
    endloop
  endfacet
  facet normal 0.972463 -0.233056 0
    outer loop
      vertex 184.329 15.4184 11
      vertex 184.457 15.9525 0
      vertex 184.457 15.9525 11
    endloop
  endfacet
  facet normal 0.972463 -0.233056 0
    outer loop
      vertex 184.457 15.9525 0
      vertex 184.329 15.4184 11
      vertex 184.329 15.4184 0
    endloop
  endfacet
  facet normal -0.382985 -0.923755 0
    outer loop
      vertex 179.411 13.3815 0
      vertex 179.918 13.1713 11
      vertex 179.411 13.3815 11
    endloop
  endfacet
  facet normal -0.382985 -0.923755 -0
    outer loop
      vertex 179.918 13.1713 11
      vertex 179.411 13.3815 0
      vertex 179.918 13.1713 0
    endloop
  endfacet
  facet normal 0.0784075 -0.996921 0
    outer loop
      vertex 181 13 0
      vertex 181.548 13.0431 11
      vertex 181 13 11
    endloop
  endfacet
  facet normal 0.0784075 -0.996921 0
    outer loop
      vertex 181.548 13.0431 11
      vertex 181 13 0
      vertex 181.548 13.0431 0
    endloop
  endfacet
  facet normal -0.85257 -0.522613 0
    outer loop
      vertex 178.168 14.4428 0
      vertex 177.881 14.911 11
      vertex 177.881 14.911 0
    endloop
  endfacet
  facet normal -0.85257 -0.522613 0
    outer loop
      vertex 177.881 14.911 11
      vertex 178.168 14.4428 0
      vertex 178.168 14.4428 11
    endloop
  endfacet
  facet normal -0.649126 -0.760681 0
    outer loop
      vertex 178.525 14.0251 0
      vertex 178.943 13.6684 11
      vertex 178.525 14.0251 11
    endloop
  endfacet
  facet normal -0.649126 -0.760681 -0
    outer loop
      vertex 178.943 13.6684 11
      vertex 178.525 14.0251 0
      vertex 178.943 13.6684 0
    endloop
  endfacet
  facet normal -0.92399 -0.382416 0
    outer loop
      vertex 177.881 14.911 0
      vertex 177.671 15.4184 11
      vertex 177.671 15.4184 0
    endloop
  endfacet
  facet normal -0.92399 -0.382416 0
    outer loop
      vertex 177.671 15.4184 11
      vertex 177.881 14.911 0
      vertex 177.881 14.911 11
    endloop
  endfacet
  facet normal 0.649126 -0.760681 0
    outer loop
      vertex 183.057 13.6684 0
      vertex 183.475 14.0251 11
      vertex 183.057 13.6684 11
    endloop
  endfacet
  facet normal 0.649126 -0.760681 0
    outer loop
      vertex 183.475 14.0251 11
      vertex 183.057 13.6684 0
      vertex 183.475 14.0251 0
    endloop
  endfacet
  facet normal 0.92399 -0.382416 0
    outer loop
      vertex 184.119 14.911 11
      vertex 184.329 15.4184 0
      vertex 184.329 15.4184 11
    endloop
  endfacet
  facet normal 0.92399 -0.382416 0
    outer loop
      vertex 184.329 15.4184 0
      vertex 184.119 14.911 11
      vertex 184.119 14.911 0
    endloop
  endfacet
  facet normal -0.233442 -0.972371 0
    outer loop
      vertex 179.918 13.1713 0
      vertex 180.452 13.0431 11
      vertex 179.918 13.1713 11
    endloop
  endfacet
  facet normal -0.233442 -0.972371 -0
    outer loop
      vertex 180.452 13.0431 11
      vertex 179.918 13.1713 0
      vertex 180.452 13.0431 0
    endloop
  endfacet
  facet normal -0.760181 -0.649712 0
    outer loop
      vertex 178.525 14.0251 0
      vertex 178.168 14.4428 11
      vertex 178.168 14.4428 0
    endloop
  endfacet
  facet normal -0.760181 -0.649712 0
    outer loop
      vertex 178.168 14.4428 11
      vertex 178.525 14.0251 0
      vertex 178.525 14.0251 11
    endloop
  endfacet
  facet normal 0.996936 0.0782267 0
    outer loop
      vertex 184.5 113.5 11
      vertex 184.457 114.048 3
      vertex 184.457 114.048 11
    endloop
  endfacet
  facet normal 0.996936 0.0782267 0
    outer loop
      vertex 184.457 114.048 3
      vertex 184.5 113.5 11
      vertex 184.5 113.5 3
    endloop
  endfacet
  facet normal -0.0782267 0.996936 0
    outer loop
      vertex 181 117 3
      vertex 180.452 116.957 11
      vertex 181 117 11
    endloop
  endfacet
  facet normal -0.0782267 0.996936 0
    outer loop
      vertex 180.452 116.957 11
      vertex 181 117 3
      vertex 180.452 116.957 3
    endloop
  endfacet
  facet normal 0.649442 0.760411 -0
    outer loop
      vertex 183.475 115.975 3
      vertex 183.057 116.332 11
      vertex 183.475 115.975 11
    endloop
  endfacet
  facet normal 0.649442 0.760411 0
    outer loop
      vertex 183.057 116.332 11
      vertex 183.475 115.975 3
      vertex 183.057 116.332 3
    endloop
  endfacet
  facet normal -0.760411 0.649442 0
    outer loop
      vertex 178.168 115.557 3
      vertex 178.525 115.975 11
      vertex 178.525 115.975 3
    endloop
  endfacet
  facet normal -0.760411 0.649442 0
    outer loop
      vertex 178.525 115.975 11
      vertex 178.168 115.557 3
      vertex 178.168 115.557 11
    endloop
  endfacet
  facet normal -0.382674 0.923884 0
    outer loop
      vertex 179.918 116.829 3
      vertex 179.411 116.619 11
      vertex 179.918 116.829 11
    endloop
  endfacet
  facet normal -0.382674 0.923884 0
    outer loop
      vertex 179.411 116.619 11
      vertex 179.918 116.829 3
      vertex 179.411 116.619 3
    endloop
  endfacet
  facet normal 0.85247 -0.522776 0
    outer loop
      vertex 183.832 111.443 11
      vertex 184.119 111.911 3
      vertex 184.119 111.911 11
    endloop
  endfacet
  facet normal 0.85247 -0.522776 0
    outer loop
      vertex 184.119 111.911 3
      vertex 183.832 111.443 11
      vertex 183.832 111.443 3
    endloop
  endfacet
  facet normal 0.923884 0.382674 0
    outer loop
      vertex 184.329 114.582 11
      vertex 184.119 115.089 3
      vertex 184.119 115.089 11
    endloop
  endfacet
  facet normal 0.923884 0.382674 0
    outer loop
      vertex 184.119 115.089 3
      vertex 184.329 114.582 11
      vertex 184.329 114.582 3
    endloop
  endfacet
  facet normal 0.972453 0.233097 0
    outer loop
      vertex 184.457 114.048 11
      vertex 184.329 114.582 3
      vertex 184.329 114.582 11
    endloop
  endfacet
  facet normal 0.972453 0.233097 0
    outer loop
      vertex 184.329 114.582 3
      vertex 184.457 114.048 11
      vertex 184.457 114.048 3
    endloop
  endfacet
  facet normal 0.233097 0.972453 -0
    outer loop
      vertex 182.082 116.829 3
      vertex 181.548 116.957 11
      vertex 182.082 116.829 11
    endloop
  endfacet
  facet normal 0.233097 0.972453 0
    outer loop
      vertex 181.548 116.957 11
      vertex 182.082 116.829 3
      vertex 181.548 116.957 3
    endloop
  endfacet
  facet normal 0.0782267 0.996936 -0
    outer loop
      vertex 181.548 116.957 3
      vertex 181 117 11
      vertex 181.548 116.957 11
    endloop
  endfacet
  facet normal 0.0782267 0.996936 0
    outer loop
      vertex 181 117 11
      vertex 181.548 116.957 3
      vertex 181 117 3
    endloop
  endfacet
  facet normal 0.522776 0.85247 -0
    outer loop
      vertex 183.057 116.332 3
      vertex 182.589 116.619 11
      vertex 183.057 116.332 11
    endloop
  endfacet
  facet normal 0.522776 0.85247 0
    outer loop
      vertex 182.589 116.619 11
      vertex 183.057 116.332 3
      vertex 182.589 116.619 3
    endloop
  endfacet
  facet normal -0.972453 0.233097 0
    outer loop
      vertex 177.543 114.048 3
      vertex 177.671 114.582 11
      vertex 177.671 114.582 3
    endloop
  endfacet
  facet normal -0.972453 0.233097 0
    outer loop
      vertex 177.671 114.582 11
      vertex 177.543 114.048 3
      vertex 177.543 114.048 11
    endloop
  endfacet
  facet normal -0.85247 0.522776 0
    outer loop
      vertex 177.881 115.089 3
      vertex 178.168 115.557 11
      vertex 178.168 115.557 3
    endloop
  endfacet
  facet normal -0.85247 0.522776 0
    outer loop
      vertex 178.168 115.557 11
      vertex 177.881 115.089 3
      vertex 177.881 115.089 11
    endloop
  endfacet
  facet normal -0.996936 0.0782267 0
    outer loop
      vertex 177.5 113.5 3
      vertex 177.543 114.048 11
      vertex 177.543 114.048 3
    endloop
  endfacet
  facet normal -0.996936 0.0782267 0
    outer loop
      vertex 177.543 114.048 11
      vertex 177.5 113.5 3
      vertex 177.5 113.5 11
    endloop
  endfacet
  facet normal 0 0 1
    outer loop
      vertex 182.3 113.5 11
      vertex 184.5 113.5 11
      vertex 184.457 114.048 11
    endloop
  endfacet
  facet normal 0 0 1
    outer loop
      vertex 182.284 113.703 11
      vertex 184.457 114.048 11
      vertex 184.329 114.582 11
    endloop
  endfacet
  facet normal 0 0 1
    outer loop
      vertex 184.5 113.5 11
      vertex 182.3 113.5 11
      vertex 184.457 112.952 11
    endloop
  endfacet
  facet normal 0 0 1
    outer loop
      vertex 182.236 113.902 11
      vertex 184.329 114.582 11
      vertex 184.119 115.089 11
    endloop
  endfacet
  facet normal -0 0 1
    outer loop
      vertex 182.284 113.297 11
      vertex 184.457 112.952 11
      vertex 182.3 113.5 11
    endloop
  endfacet
  facet normal 0 0 1
    outer loop
      vertex 182.158 114.09 11
      vertex 184.119 115.089 11
      vertex 183.832 115.557 11
    endloop
  endfacet
  facet normal 0 0 1
    outer loop
      vertex 184.457 112.952 11
      vertex 182.284 113.297 11
      vertex 184.329 112.418 11
    endloop
  endfacet
  facet normal 0 0 1
    outer loop
      vertex 182.052 114.264 11
      vertex 183.832 115.557 11
      vertex 183.475 115.975 11
    endloop
  endfacet
  facet normal -0 0 1
    outer loop
      vertex 182.236 113.098 11
      vertex 184.329 112.418 11
      vertex 182.284 113.297 11
    endloop
  endfacet
  facet normal 0 0 1
    outer loop
      vertex 181.919 114.419 11
      vertex 183.475 115.975 11
      vertex 183.057 116.332 11
    endloop
  endfacet
  facet normal 0 0 1
    outer loop
      vertex 184.329 112.418 11
      vertex 182.236 113.098 11
      vertex 184.119 111.911 11
    endloop
  endfacet
  facet normal 0 0 1
    outer loop
      vertex 181.764 114.552 11
      vertex 183.057 116.332 11
      vertex 182.589 116.619 11
    endloop
  endfacet
  facet normal -0 0 1
    outer loop
      vertex 182.158 112.91 11
      vertex 184.119 111.911 11
      vertex 182.236 113.098 11
    endloop
  endfacet
  facet normal 0 0 1
    outer loop
      vertex 184.119 111.911 11
      vertex 182.158 112.91 11
      vertex 183.832 111.443 11
    endloop
  endfacet
  facet normal 0 0 1
    outer loop
      vertex 184.457 114.048 11
      vertex 182.284 113.703 11
      vertex 182.3 113.5 11
    endloop
  endfacet
  facet normal 0 0 1
    outer loop
      vertex 184.329 114.582 11
      vertex 182.236 113.902 11
      vertex 182.284 113.703 11
    endloop
  endfacet
  facet normal 0 0 1
    outer loop
      vertex 184.119 115.089 11
      vertex 182.158 114.09 11
      vertex 182.236 113.902 11
    endloop
  endfacet
  facet normal 0 0 1
    outer loop
      vertex 181.59 114.658 11
      vertex 182.589 116.619 11
      vertex 182.082 116.829 11
    endloop
  endfacet
  facet normal 0 0 1
    outer loop
      vertex 183.832 115.557 11
      vertex 182.052 114.264 11
      vertex 182.158 114.09 11
    endloop
  endfacet
  facet normal 0 0 1
    outer loop
      vertex 183.475 115.975 11
      vertex 181.919 114.419 11
      vertex 182.052 114.264 11
    endloop
  endfacet
  facet normal 0 0 1
    outer loop
      vertex 183.057 116.332 11
      vertex 181.764 114.552 11
      vertex 181.919 114.419 11
    endloop
  endfacet
  facet normal 0 0 1
    outer loop
      vertex 182.589 116.619 11
      vertex 181.59 114.658 11
      vertex 181.764 114.552 11
    endloop
  endfacet
  facet normal 0 0 1
    outer loop
      vertex 181.402 114.736 11
      vertex 182.082 116.829 11
      vertex 181.548 116.957 11
    endloop
  endfacet
  facet normal 0 0 1
    outer loop
      vertex 182.082 116.829 11
      vertex 181.402 114.736 11
      vertex 181.59 114.658 11
    endloop
  endfacet
  facet normal 0 0 1
    outer loop
      vertex 181.548 116.957 11
      vertex 181.203 114.784 11
      vertex 181.402 114.736 11
    endloop
  endfacet
  facet normal 0 0 1
    outer loop
      vertex 181 117 11
      vertex 181.203 114.784 11
      vertex 181.548 116.957 11
    endloop
  endfacet
  facet normal 0 0 1
    outer loop
      vertex 181 117 11
      vertex 181 114.8 11
      vertex 181.203 114.784 11
    endloop
  endfacet
  facet normal 0 0 1
    outer loop
      vertex 181 117 11
      vertex 180.797 114.784 11
      vertex 181 114.8 11
    endloop
  endfacet
  facet normal -0 0 1
    outer loop
      vertex 180.452 116.957 11
      vertex 180.797 114.784 11
      vertex 181 117 11
    endloop
  endfacet
  facet normal 0 0 1
    outer loop
      vertex 180.797 114.784 11
      vertex 180.452 116.957 11
      vertex 180.598 114.736 11
    endloop
  endfacet
  facet normal -0 0 1
    outer loop
      vertex 179.918 116.829 11
      vertex 180.598 114.736 11
      vertex 180.452 116.957 11
    endloop
  endfacet
  facet normal 0 0 1
    outer loop
      vertex 180.598 114.736 11
      vertex 179.918 116.829 11
      vertex 180.41 114.658 11
    endloop
  endfacet
  facet normal -0 0 1
    outer loop
      vertex 179.411 116.619 11
      vertex 180.41 114.658 11
      vertex 179.918 116.829 11
    endloop
  endfacet
  facet normal 0 0 1
    outer loop
      vertex 180.41 114.658 11
      vertex 179.411 116.619 11
      vertex 180.236 114.552 11
    endloop
  endfacet
  facet normal -0 0 1
    outer loop
      vertex 178.943 116.332 11
      vertex 180.236 114.552 11
      vertex 179.411 116.619 11
    endloop
  endfacet
  facet normal 0 0 1
    outer loop
      vertex 180.236 114.552 11
      vertex 178.943 116.332 11
      vertex 180.081 114.419 11
    endloop
  endfacet
  facet normal -0 0 1
    outer loop
      vertex 178.525 115.975 11
      vertex 180.081 114.419 11
      vertex 178.943 116.332 11
    endloop
  endfacet
  facet normal 0 0 1
    outer loop
      vertex 180.081 114.419 11
      vertex 178.525 115.975 11
      vertex 179.948 114.264 11
    endloop
  endfacet
  facet normal -0 0 1
    outer loop
      vertex 178.168 115.557 11
      vertex 179.948 114.264 11
      vertex 178.525 115.975 11
    endloop
  endfacet
  facet normal 0 0 1
    outer loop
      vertex 179.948 114.264 11
      vertex 178.168 115.557 11
      vertex 179.842 114.09 11
    endloop
  endfacet
  facet normal -0 0 1
    outer loop
      vertex 182.052 112.736 11
      vertex 183.832 111.443 11
      vertex 182.158 112.91 11
    endloop
  endfacet
  facet normal 0 0 1
    outer loop
      vertex 183.832 111.443 11
      vertex 182.052 112.736 11
      vertex 183.475 111.025 11
    endloop
  endfacet
  facet normal -0 0 1
    outer loop
      vertex 181.919 112.581 11
      vertex 183.475 111.025 11
      vertex 182.052 112.736 11
    endloop
  endfacet
  facet normal 0 0 1
    outer loop
      vertex 183.475 111.025 11
      vertex 181.919 112.581 11
      vertex 183.057 110.668 11
    endloop
  endfacet
  facet normal -0 0 1
    outer loop
      vertex 181.764 112.448 11
      vertex 183.057 110.668 11
      vertex 181.919 112.581 11
    endloop
  endfacet
  facet normal 0 0 1
    outer loop
      vertex 183.057 110.668 11
      vertex 181.764 112.448 11
      vertex 182.589 110.381 11
    endloop
  endfacet
  facet normal -0 0 1
    outer loop
      vertex 181.59 112.342 11
      vertex 182.589 110.381 11
      vertex 181.764 112.448 11
    endloop
  endfacet
  facet normal 0 0 1
    outer loop
      vertex 182.589 110.381 11
      vertex 181.59 112.342 11
      vertex 182.082 110.171 11
    endloop
  endfacet
  facet normal -0 0 1
    outer loop
      vertex 181.402 112.264 11
      vertex 182.082 110.171 11
      vertex 181.59 112.342 11
    endloop
  endfacet
  facet normal 0 0 1
    outer loop
      vertex 182.082 110.171 11
      vertex 181.402 112.264 11
      vertex 181.548 110.043 11
    endloop
  endfacet
  facet normal -0 0 1
    outer loop
      vertex 181.203 112.216 11
      vertex 181.548 110.043 11
      vertex 181.402 112.264 11
    endloop
  endfacet
  facet normal -0 0 1
    outer loop
      vertex 181 112.2 11
      vertex 181.548 110.043 11
      vertex 181.203 112.216 11
    endloop
  endfacet
  facet normal 0 0 1
    outer loop
      vertex 181 112.2 11
      vertex 181 110 11
      vertex 181.548 110.043 11
    endloop
  endfacet
  facet normal 0 0 1
    outer loop
      vertex 180.797 112.216 11
      vertex 181 110 11
      vertex 181 112.2 11
    endloop
  endfacet
  facet normal 0 0 1
    outer loop
      vertex 180.452 110.043 11
      vertex 180.797 112.216 11
      vertex 180.598 112.264 11
    endloop
  endfacet
  facet normal 0 0 1
    outer loop
      vertex 180.797 112.216 11
      vertex 180.452 110.043 11
      vertex 181 110 11
    endloop
  endfacet
  facet normal 0 0 1
    outer loop
      vertex 179.918 110.171 11
      vertex 180.598 112.264 11
      vertex 180.41 112.342 11
    endloop
  endfacet
  facet normal 0 0 1
    outer loop
      vertex 179.411 110.381 11
      vertex 180.41 112.342 11
      vertex 180.236 112.448 11
    endloop
  endfacet
  facet normal 0 0 1
    outer loop
      vertex 178.943 110.668 11
      vertex 180.236 112.448 11
      vertex 180.081 112.581 11
    endloop
  endfacet
  facet normal 0 0 1
    outer loop
      vertex 178.525 111.025 11
      vertex 180.081 112.581 11
      vertex 179.948 112.736 11
    endloop
  endfacet
  facet normal 0 0 1
    outer loop
      vertex 180.598 112.264 11
      vertex 179.918 110.171 11
      vertex 180.452 110.043 11
    endloop
  endfacet
  facet normal 0 0 1
    outer loop
      vertex 178.168 111.443 11
      vertex 179.948 112.736 11
      vertex 179.842 112.91 11
    endloop
  endfacet
  facet normal 0 0 1
    outer loop
      vertex 177.881 111.911 11
      vertex 179.842 112.91 11
      vertex 179.764 113.098 11
    endloop
  endfacet
  facet normal 0 0 1
    outer loop
      vertex 177.671 112.418 11
      vertex 179.764 113.098 11
      vertex 179.716 113.297 11
    endloop
  endfacet
  facet normal 0 0 1
    outer loop
      vertex 177.543 112.952 11
      vertex 179.716 113.297 11
      vertex 179.7 113.5 11
    endloop
  endfacet
  facet normal -0 0 1
    outer loop
      vertex 177.881 115.089 11
      vertex 179.842 114.09 11
      vertex 178.168 115.557 11
    endloop
  endfacet
  facet normal 0 0 1
    outer loop
      vertex 180.41 112.342 11
      vertex 179.411 110.381 11
      vertex 179.918 110.171 11
    endloop
  endfacet
  facet normal 0 0 1
    outer loop
      vertex 179.842 114.09 11
      vertex 177.881 115.089 11
      vertex 179.764 113.902 11
    endloop
  endfacet
  facet normal 0 0 1
    outer loop
      vertex 180.236 112.448 11
      vertex 178.943 110.668 11
      vertex 179.411 110.381 11
    endloop
  endfacet
  facet normal -0 0 1
    outer loop
      vertex 177.671 114.582 11
      vertex 179.764 113.902 11
      vertex 177.881 115.089 11
    endloop
  endfacet
  facet normal 0 0 1
    outer loop
      vertex 180.081 112.581 11
      vertex 178.525 111.025 11
      vertex 178.943 110.668 11
    endloop
  endfacet
  facet normal 0 0 1
    outer loop
      vertex 179.764 113.902 11
      vertex 177.671 114.582 11
      vertex 179.716 113.703 11
    endloop
  endfacet
  facet normal 0 0 1
    outer loop
      vertex 179.948 112.736 11
      vertex 178.168 111.443 11
      vertex 178.525 111.025 11
    endloop
  endfacet
  facet normal -0 0 1
    outer loop
      vertex 177.543 114.048 11
      vertex 179.716 113.703 11
      vertex 177.671 114.582 11
    endloop
  endfacet
  facet normal 0 0 1
    outer loop
      vertex 179.842 112.91 11
      vertex 177.881 111.911 11
      vertex 178.168 111.443 11
    endloop
  endfacet
  facet normal 0 0 1
    outer loop
      vertex 179.716 113.703 11
      vertex 177.543 114.048 11
      vertex 179.7 113.5 11
    endloop
  endfacet
  facet normal 0 0 1
    outer loop
      vertex 179.764 113.098 11
      vertex 177.671 112.418 11
      vertex 177.881 111.911 11
    endloop
  endfacet
  facet normal 0 0 1
    outer loop
      vertex 177.5 113.5 11
      vertex 179.7 113.5 11
      vertex 177.543 114.048 11
    endloop
  endfacet
  facet normal 0 0 1
    outer loop
      vertex 179.716 113.297 11
      vertex 177.543 112.952 11
      vertex 177.671 112.418 11
    endloop
  endfacet
  facet normal 0 0 1
    outer loop
      vertex 179.7 113.5 11
      vertex 177.5 113.5 11
      vertex 177.543 112.952 11
    endloop
  endfacet
  facet normal -0.233097 0.972453 0
    outer loop
      vertex 180.452 116.957 3
      vertex 179.918 116.829 11
      vertex 180.452 116.957 11
    endloop
  endfacet
  facet normal -0.233097 0.972453 0
    outer loop
      vertex 179.918 116.829 11
      vertex 180.452 116.957 3
      vertex 179.918 116.829 3
    endloop
  endfacet
  facet normal 0.996936 -0.0782267 0
    outer loop
      vertex 184.457 112.952 11
      vertex 184.5 113.5 3
      vertex 184.5 113.5 11
    endloop
  endfacet
  facet normal 0.996936 -0.0782267 0
    outer loop
      vertex 184.5 113.5 3
      vertex 184.457 112.952 11
      vertex 184.457 112.952 3
    endloop
  endfacet
  facet normal 0.233097 -0.972453 0
    outer loop
      vertex 181.548 110.043 3
      vertex 182.082 110.171 11
      vertex 181.548 110.043 11
    endloop
  endfacet
  facet normal 0.233097 -0.972453 0
    outer loop
      vertex 182.082 110.171 11
      vertex 181.548 110.043 3
      vertex 182.082 110.171 3
    endloop
  endfacet
  facet normal -0.522776 -0.85247 0
    outer loop
      vertex 178.943 110.668 3
      vertex 179.411 110.381 11
      vertex 178.943 110.668 11
    endloop
  endfacet
  facet normal -0.522776 -0.85247 -0
    outer loop
      vertex 179.411 110.381 11
      vertex 178.943 110.668 3
      vertex 179.411 110.381 3
    endloop
  endfacet
  facet normal -0.0782267 -0.996936 0
    outer loop
      vertex 180.452 110.043 3
      vertex 181 110 11
      vertex 180.452 110.043 11
    endloop
  endfacet
  facet normal -0.0782267 -0.996936 -0
    outer loop
      vertex 181 110 11
      vertex 180.452 110.043 3
      vertex 181 110 3
    endloop
  endfacet
  facet normal -0.972453 -0.233097 0
    outer loop
      vertex 177.671 112.418 3
      vertex 177.543 112.952 11
      vertex 177.543 112.952 3
    endloop
  endfacet
  facet normal -0.972453 -0.233097 0
    outer loop
      vertex 177.543 112.952 11
      vertex 177.671 112.418 3
      vertex 177.671 112.418 11
    endloop
  endfacet
  facet normal 0.760411 0.649442 0
    outer loop
      vertex 183.832 115.557 11
      vertex 183.475 115.975 3
      vertex 183.475 115.975 11
    endloop
  endfacet
  facet normal 0.760411 0.649442 0
    outer loop
      vertex 183.475 115.975 3
      vertex 183.832 115.557 11
      vertex 183.832 115.557 3
    endloop
  endfacet
  facet normal 0.85247 0.522776 0
    outer loop
      vertex 184.119 115.089 11
      vertex 183.832 115.557 3
      vertex 183.832 115.557 11
    endloop
  endfacet
  facet normal 0.85247 0.522776 0
    outer loop
      vertex 183.832 115.557 3
      vertex 184.119 115.089 11
      vertex 184.119 115.089 3
    endloop
  endfacet
  facet normal 0.382674 0.923884 -0
    outer loop
      vertex 182.589 116.619 3
      vertex 182.082 116.829 11
      vertex 182.589 116.619 11
    endloop
  endfacet
  facet normal 0.382674 0.923884 0
    outer loop
      vertex 182.082 116.829 11
      vertex 182.589 116.619 3
      vertex 182.082 116.829 3
    endloop
  endfacet
  facet normal -0.923884 0.382674 0
    outer loop
      vertex 177.671 114.582 3
      vertex 177.881 115.089 11
      vertex 177.881 115.089 3
    endloop
  endfacet
  facet normal -0.923884 0.382674 0
    outer loop
      vertex 177.881 115.089 11
      vertex 177.671 114.582 3
      vertex 177.671 114.582 11
    endloop
  endfacet
  facet normal -0.996936 -0.0782267 0
    outer loop
      vertex 177.543 112.952 3
      vertex 177.5 113.5 11
      vertex 177.5 113.5 3
    endloop
  endfacet
  facet normal -0.996936 -0.0782267 0
    outer loop
      vertex 177.5 113.5 11
      vertex 177.543 112.952 3
      vertex 177.543 112.952 11
    endloop
  endfacet
  facet normal -0.522776 0.85247 0
    outer loop
      vertex 179.411 116.619 3
      vertex 178.943 116.332 11
      vertex 179.411 116.619 11
    endloop
  endfacet
  facet normal -0.522776 0.85247 0
    outer loop
      vertex 178.943 116.332 11
      vertex 179.411 116.619 3
      vertex 178.943 116.332 3
    endloop
  endfacet
  facet normal -0.649442 0.760411 0
    outer loop
      vertex 178.943 116.332 3
      vertex 178.525 115.975 11
      vertex 178.943 116.332 11
    endloop
  endfacet
  facet normal -0.649442 0.760411 0
    outer loop
      vertex 178.525 115.975 11
      vertex 178.943 116.332 3
      vertex 178.525 115.975 3
    endloop
  endfacet
  facet normal 0.382674 -0.923884 0
    outer loop
      vertex 182.082 110.171 3
      vertex 182.589 110.381 11
      vertex 182.082 110.171 11
    endloop
  endfacet
  facet normal 0.382674 -0.923884 0
    outer loop
      vertex 182.589 110.381 11
      vertex 182.082 110.171 3
      vertex 182.589 110.381 3
    endloop
  endfacet
  facet normal 0.760411 -0.649442 0
    outer loop
      vertex 183.475 111.025 11
      vertex 183.832 111.443 3
      vertex 183.832 111.443 11
    endloop
  endfacet
  facet normal 0.760411 -0.649442 0
    outer loop
      vertex 183.832 111.443 3
      vertex 183.475 111.025 11
      vertex 183.475 111.025 3
    endloop
  endfacet
  facet normal 0.522776 -0.85247 0
    outer loop
      vertex 182.589 110.381 3
      vertex 183.057 110.668 11
      vertex 182.589 110.381 11
    endloop
  endfacet
  facet normal 0.522776 -0.85247 0
    outer loop
      vertex 183.057 110.668 11
      vertex 182.589 110.381 3
      vertex 183.057 110.668 3
    endloop
  endfacet
  facet normal 0.972453 -0.233097 0
    outer loop
      vertex 184.329 112.418 11
      vertex 184.457 112.952 3
      vertex 184.457 112.952 11
    endloop
  endfacet
  facet normal 0.972453 -0.233097 0
    outer loop
      vertex 184.457 112.952 3
      vertex 184.329 112.418 11
      vertex 184.329 112.418 3
    endloop
  endfacet
  facet normal -0.382674 -0.923884 0
    outer loop
      vertex 179.411 110.381 3
      vertex 179.918 110.171 11
      vertex 179.411 110.381 11
    endloop
  endfacet
  facet normal -0.382674 -0.923884 -0
    outer loop
      vertex 179.918 110.171 11
      vertex 179.411 110.381 3
      vertex 179.918 110.171 3
    endloop
  endfacet
  facet normal 0.0782267 -0.996936 0
    outer loop
      vertex 181 110 3
      vertex 181.548 110.043 11
      vertex 181 110 11
    endloop
  endfacet
  facet normal 0.0782267 -0.996936 0
    outer loop
      vertex 181.548 110.043 11
      vertex 181 110 3
      vertex 181.548 110.043 3
    endloop
  endfacet
  facet normal -0.85247 -0.522776 0
    outer loop
      vertex 178.168 111.443 3
      vertex 177.881 111.911 11
      vertex 177.881 111.911 3
    endloop
  endfacet
  facet normal -0.85247 -0.522776 0
    outer loop
      vertex 177.881 111.911 11
      vertex 178.168 111.443 3
      vertex 178.168 111.443 11
    endloop
  endfacet
  facet normal -0.649442 -0.760411 0
    outer loop
      vertex 178.525 111.025 3
      vertex 178.943 110.668 11
      vertex 178.525 111.025 11
    endloop
  endfacet
  facet normal -0.649442 -0.760411 -0
    outer loop
      vertex 178.943 110.668 11
      vertex 178.525 111.025 3
      vertex 178.943 110.668 3
    endloop
  endfacet
  facet normal -0.923884 -0.382674 0
    outer loop
      vertex 177.881 111.911 3
      vertex 177.671 112.418 11
      vertex 177.671 112.418 3
    endloop
  endfacet
  facet normal -0.923884 -0.382674 0
    outer loop
      vertex 177.671 112.418 11
      vertex 177.881 111.911 3
      vertex 177.881 111.911 11
    endloop
  endfacet
  facet normal 0.649442 -0.760411 0
    outer loop
      vertex 183.057 110.668 3
      vertex 183.475 111.025 11
      vertex 183.057 110.668 11
    endloop
  endfacet
  facet normal 0.649442 -0.760411 0
    outer loop
      vertex 183.475 111.025 11
      vertex 183.057 110.668 3
      vertex 183.475 111.025 3
    endloop
  endfacet
  facet normal 0.923884 -0.382674 0
    outer loop
      vertex 184.119 111.911 11
      vertex 184.329 112.418 3
      vertex 184.329 112.418 11
    endloop
  endfacet
  facet normal 0.923884 -0.382674 0
    outer loop
      vertex 184.329 112.418 3
      vertex 184.119 111.911 11
      vertex 184.119 111.911 3
    endloop
  endfacet
  facet normal -0.233097 -0.972453 0
    outer loop
      vertex 179.918 110.171 3
      vertex 180.452 110.043 11
      vertex 179.918 110.171 11
    endloop
  endfacet
  facet normal -0.233097 -0.972453 -0
    outer loop
      vertex 180.452 110.043 11
      vertex 179.918 110.171 3
      vertex 180.452 110.043 3
    endloop
  endfacet
  facet normal -0.760411 -0.649442 0
    outer loop
      vertex 178.525 111.025 3
      vertex 178.168 111.443 11
      vertex 178.168 111.443 3
    endloop
  endfacet
  facet normal -0.760411 -0.649442 0
    outer loop
      vertex 178.168 111.443 11
      vertex 178.525 111.025 3
      vertex 178.525 111.025 11
    endloop
  endfacet
  facet normal -0.99692 -0.0784205 0
    outer loop
      vertex 20.3 16.5 1
      vertex 20.284 16.7034 11
      vertex 20.284 16.7034 1
    endloop
  endfacet
  facet normal -0.99692 -0.0784205 0
    outer loop
      vertex 20.284 16.7034 11
      vertex 20.3 16.5 1
      vertex 20.3 16.5 11
    endloop
  endfacet
  facet normal 0.0784205 -0.99692 0
    outer loop
      vertex 18.7966 17.784 1
      vertex 19 17.8 11
      vertex 18.7966 17.784 11
    endloop
  endfacet
  facet normal 0.0784205 -0.99692 0
    outer loop
      vertex 19 17.8 11
      vertex 18.7966 17.784 1
      vertex 19 17.8 1
    endloop
  endfacet
  facet normal -0.649539 -0.760328 0
    outer loop
      vertex 19.7641 17.5517 1
      vertex 19.9192 17.4192 11
      vertex 19.7641 17.5517 11
    endloop
  endfacet
  facet normal -0.649539 -0.760328 -0
    outer loop
      vertex 19.9192 17.4192 11
      vertex 19.7641 17.5517 1
      vertex 19.9192 17.4192 1
    endloop
  endfacet
  facet normal 0.760328 -0.649539 0
    outer loop
      vertex 17.9483 17.2641 11
      vertex 18.0808 17.4192 1
      vertex 18.0808 17.4192 11
    endloop
  endfacet
  facet normal 0.760328 -0.649539 0
    outer loop
      vertex 18.0808 17.4192 1
      vertex 17.9483 17.2641 11
      vertex 17.9483 17.2641 1
    endloop
  endfacet
  facet normal 0.38277 -0.923844 0
    outer loop
      vertex 18.4098 17.6583 1
      vertex 18.5983 17.7364 11
      vertex 18.4098 17.6583 11
    endloop
  endfacet
  facet normal 0.38277 -0.923844 0
    outer loop
      vertex 18.5983 17.7364 11
      vertex 18.4098 17.6583 1
      vertex 18.5983 17.7364 1
    endloop
  endfacet
  facet normal -0.923844 -0.38277 0
    outer loop
      vertex 20.2364 16.9017 1
      vertex 20.1583 17.0902 11
      vertex 20.1583 17.0902 1
    endloop
  endfacet
  facet normal -0.923844 -0.38277 0
    outer loop
      vertex 20.1583 17.0902 11
      vertex 20.2364 16.9017 1
      vertex 20.2364 16.9017 11
    endloop
  endfacet
  facet normal -0.972378 -0.23341 0
    outer loop
      vertex 20.284 16.7034 1
      vertex 20.2364 16.9017 11
      vertex 20.2364 16.9017 1
    endloop
  endfacet
  facet normal -0.972378 -0.23341 0
    outer loop
      vertex 20.2364 16.9017 11
      vertex 20.284 16.7034 1
      vertex 20.284 16.7034 11
    endloop
  endfacet
  facet normal -0.852566 -0.52262 0
    outer loop
      vertex 20.1583 17.0902 1
      vertex 20.0517 17.2641 11
      vertex 20.0517 17.2641 1
    endloop
  endfacet
  facet normal -0.852566 -0.52262 0
    outer loop
      vertex 20.0517 17.2641 11
      vertex 20.1583 17.0902 1
      vertex 20.1583 17.0902 11
    endloop
  endfacet
  facet normal -0.23341 -0.972378 0
    outer loop
      vertex 19.2034 17.784 1
      vertex 19.4017 17.7364 11
      vertex 19.2034 17.784 11
    endloop
  endfacet
  facet normal -0.23341 -0.972378 -0
    outer loop
      vertex 19.4017 17.7364 11
      vertex 19.2034 17.784 1
      vertex 19.4017 17.7364 1
    endloop
  endfacet
  facet normal -0.0784205 -0.99692 0
    outer loop
      vertex 19 17.8 1
      vertex 19.2034 17.784 11
      vertex 19 17.8 11
    endloop
  endfacet
  facet normal -0.0784205 -0.99692 -0
    outer loop
      vertex 19.2034 17.784 11
      vertex 19 17.8 1
      vertex 19.2034 17.784 1
    endloop
  endfacet
  facet normal -0.52262 -0.852566 0
    outer loop
      vertex 19.5902 17.6583 1
      vertex 19.7641 17.5517 11
      vertex 19.5902 17.6583 11
    endloop
  endfacet
  facet normal -0.52262 -0.852566 -0
    outer loop
      vertex 19.7641 17.5517 11
      vertex 19.5902 17.6583 1
      vertex 19.7641 17.5517 1
    endloop
  endfacet
  facet normal 0.923844 -0.38277 0
    outer loop
      vertex 17.7636 16.9017 11
      vertex 17.8417 17.0902 1
      vertex 17.8417 17.0902 11
    endloop
  endfacet
  facet normal 0.923844 -0.38277 0
    outer loop
      vertex 17.8417 17.0902 1
      vertex 17.7636 16.9017 11
      vertex 17.7636 16.9017 1
    endloop
  endfacet
  facet normal 0 0 1
    outer loop
      vertex 20.284 16.7034 1
      vertex 20.284 16.2966 1
      vertex 20.3 16.5 1
    endloop
  endfacet
  facet normal 0 0 1
    outer loop
      vertex 20.2364 16.9017 1
      vertex 20.284 16.2966 1
      vertex 20.284 16.7034 1
    endloop
  endfacet
  facet normal 0 0 1
    outer loop
      vertex 20.2364 16.9017 1
      vertex 20.2364 16.0983 1
      vertex 20.284 16.2966 1
    endloop
  endfacet
  facet normal 0 0 1
    outer loop
      vertex 20.1583 17.0902 1
      vertex 20.2364 16.0983 1
      vertex 20.2364 16.9017 1
    endloop
  endfacet
  facet normal 0 0 1
    outer loop
      vertex 20.1583 17.0902 1
      vertex 20.1583 15.9098 1
      vertex 20.2364 16.0983 1
    endloop
  endfacet
  facet normal 0 0 1
    outer loop
      vertex 20.0517 17.2641 1
      vertex 20.1583 15.9098 1
      vertex 20.1583 17.0902 1
    endloop
  endfacet
  facet normal 0 0 1
    outer loop
      vertex 20.0517 17.2641 1
      vertex 20.0517 15.7359 1
      vertex 20.1583 15.9098 1
    endloop
  endfacet
  facet normal 0 0 1
    outer loop
      vertex 19.9192 17.4192 1
      vertex 20.0517 15.7359 1
      vertex 20.0517 17.2641 1
    endloop
  endfacet
  facet normal 0 0 1
    outer loop
      vertex 19.9192 17.4192 1
      vertex 19.9192 15.5808 1
      vertex 20.0517 15.7359 1
    endloop
  endfacet
  facet normal 0 0 1
    outer loop
      vertex 19.7641 17.5517 1
      vertex 19.9192 15.5808 1
      vertex 19.9192 17.4192 1
    endloop
  endfacet
  facet normal 0 0 1
    outer loop
      vertex 19.7641 17.5517 1
      vertex 19.7641 15.4483 1
      vertex 19.9192 15.5808 1
    endloop
  endfacet
  facet normal 0 0 1
    outer loop
      vertex 19.5902 17.6583 1
      vertex 19.7641 15.4483 1
      vertex 19.7641 17.5517 1
    endloop
  endfacet
  facet normal 0 0 1
    outer loop
      vertex 19.5902 17.6583 1
      vertex 19.5902 15.3417 1
      vertex 19.7641 15.4483 1
    endloop
  endfacet
  facet normal 0 0 1
    outer loop
      vertex 19.4017 17.7364 1
      vertex 19.5902 15.3417 1
      vertex 19.5902 17.6583 1
    endloop
  endfacet
  facet normal 0 0 1
    outer loop
      vertex 19.4017 17.7364 1
      vertex 19.4017 15.2636 1
      vertex 19.5902 15.3417 1
    endloop
  endfacet
  facet normal 0 0 1
    outer loop
      vertex 19.2034 17.784 1
      vertex 19.4017 15.2636 1
      vertex 19.4017 17.7364 1
    endloop
  endfacet
  facet normal 0 0 1
    outer loop
      vertex 19.2034 17.784 1
      vertex 19.2034 15.216 1
      vertex 19.4017 15.2636 1
    endloop
  endfacet
  facet normal 0 0 1
    outer loop
      vertex 19 17.8 1
      vertex 19.2034 15.216 1
      vertex 19.2034 17.784 1
    endloop
  endfacet
  facet normal 0 0 1
    outer loop
      vertex 19 17.8 1
      vertex 19 15.2 1
      vertex 19.2034 15.216 1
    endloop
  endfacet
  facet normal -0 0 1
    outer loop
      vertex 18.7966 17.784 1
      vertex 19 15.2 1
      vertex 19 17.8 1
    endloop
  endfacet
  facet normal 0 0 1
    outer loop
      vertex 18.7966 17.784 1
      vertex 18.7966 15.216 1
      vertex 19 15.2 1
    endloop
  endfacet
  facet normal -0 0 1
    outer loop
      vertex 18.5983 17.7364 1
      vertex 18.7966 15.216 1
      vertex 18.7966 17.784 1
    endloop
  endfacet
  facet normal 0 0 1
    outer loop
      vertex 18.5983 17.7364 1
      vertex 18.5983 15.2636 1
      vertex 18.7966 15.216 1
    endloop
  endfacet
  facet normal -0 0 1
    outer loop
      vertex 18.4098 17.6583 1
      vertex 18.5983 15.2636 1
      vertex 18.5983 17.7364 1
    endloop
  endfacet
  facet normal 0 0 1
    outer loop
      vertex 18.4098 17.6583 1
      vertex 18.4098 15.3417 1
      vertex 18.5983 15.2636 1
    endloop
  endfacet
  facet normal -0 0 1
    outer loop
      vertex 18.2359 17.5517 1
      vertex 18.4098 15.3417 1
      vertex 18.4098 17.6583 1
    endloop
  endfacet
  facet normal 0 0 1
    outer loop
      vertex 18.2359 17.5517 1
      vertex 18.2359 15.4483 1
      vertex 18.4098 15.3417 1
    endloop
  endfacet
  facet normal -0 0 1
    outer loop
      vertex 18.0808 17.4192 1
      vertex 18.2359 15.4483 1
      vertex 18.2359 17.5517 1
    endloop
  endfacet
  facet normal 0 0 1
    outer loop
      vertex 18.0808 17.4192 1
      vertex 18.0808 15.5808 1
      vertex 18.2359 15.4483 1
    endloop
  endfacet
  facet normal -0 0 1
    outer loop
      vertex 17.9483 17.2641 1
      vertex 18.0808 15.5808 1
      vertex 18.0808 17.4192 1
    endloop
  endfacet
  facet normal 0 0 1
    outer loop
      vertex 17.9483 17.2641 1
      vertex 17.9483 15.7359 1
      vertex 18.0808 15.5808 1
    endloop
  endfacet
  facet normal -0 0 1
    outer loop
      vertex 17.8417 17.0902 1
      vertex 17.9483 15.7359 1
      vertex 17.9483 17.2641 1
    endloop
  endfacet
  facet normal 0 0 1
    outer loop
      vertex 17.8417 17.0902 1
      vertex 17.8417 15.9098 1
      vertex 17.9483 15.7359 1
    endloop
  endfacet
  facet normal -0 0 1
    outer loop
      vertex 17.7636 16.9017 1
      vertex 17.8417 15.9098 1
      vertex 17.8417 17.0902 1
    endloop
  endfacet
  facet normal 0 0 1
    outer loop
      vertex 17.7636 16.9017 1
      vertex 17.7636 16.0983 1
      vertex 17.8417 15.9098 1
    endloop
  endfacet
  facet normal -0 0 1
    outer loop
      vertex 17.716 16.7034 1
      vertex 17.7636 16.0983 1
      vertex 17.7636 16.9017 1
    endloop
  endfacet
  facet normal 0 0 1
    outer loop
      vertex 17.716 16.7034 1
      vertex 17.716 16.2966 1
      vertex 17.7636 16.0983 1
    endloop
  endfacet
  facet normal 0 -0 1
    outer loop
      vertex 17.716 16.2966 1
      vertex 17.716 16.7034 1
      vertex 17.7 16.5 1
    endloop
  endfacet
  facet normal 0.852566 -0.52262 0
    outer loop
      vertex 17.8417 17.0902 11
      vertex 17.9483 17.2641 1
      vertex 17.9483 17.2641 11
    endloop
  endfacet
  facet normal 0.852566 -0.52262 0
    outer loop
      vertex 17.9483 17.2641 1
      vertex 17.8417 17.0902 11
      vertex 17.8417 17.0902 1
    endloop
  endfacet
  facet normal 0.99692 -0.0784205 0
    outer loop
      vertex 17.7 16.5 11
      vertex 17.716 16.7034 1
      vertex 17.716 16.7034 11
    endloop
  endfacet
  facet normal 0.99692 -0.0784205 0
    outer loop
      vertex 17.716 16.7034 1
      vertex 17.7 16.5 11
      vertex 17.7 16.5 1
    endloop
  endfacet
  facet normal 0.52262 -0.852566 0
    outer loop
      vertex 18.2359 17.5517 1
      vertex 18.4098 17.6583 11
      vertex 18.2359 17.5517 11
    endloop
  endfacet
  facet normal 0.52262 -0.852566 0
    outer loop
      vertex 18.4098 17.6583 11
      vertex 18.2359 17.5517 1
      vertex 18.4098 17.6583 1
    endloop
  endfacet
  facet normal 0.23341 -0.972378 0
    outer loop
      vertex 18.5983 17.7364 1
      vertex 18.7966 17.784 11
      vertex 18.5983 17.7364 11
    endloop
  endfacet
  facet normal 0.23341 -0.972378 0
    outer loop
      vertex 18.7966 17.784 11
      vertex 18.5983 17.7364 1
      vertex 18.7966 17.784 1
    endloop
  endfacet
  facet normal -0.99692 0.0784205 0
    outer loop
      vertex 20.284 16.2966 1
      vertex 20.3 16.5 11
      vertex 20.3 16.5 1
    endloop
  endfacet
  facet normal -0.99692 0.0784205 0
    outer loop
      vertex 20.3 16.5 11
      vertex 20.284 16.2966 1
      vertex 20.284 16.2966 11
    endloop
  endfacet
  facet normal -0.23341 0.972378 0
    outer loop
      vertex 19.4017 15.2636 1
      vertex 19.2034 15.216 11
      vertex 19.4017 15.2636 11
    endloop
  endfacet
  facet normal -0.23341 0.972378 0
    outer loop
      vertex 19.2034 15.216 11
      vertex 19.4017 15.2636 1
      vertex 19.2034 15.216 1
    endloop
  endfacet
  facet normal -0.760328 0.649539 0
    outer loop
      vertex 19.9192 15.5808 1
      vertex 20.0517 15.7359 11
      vertex 20.0517 15.7359 1
    endloop
  endfacet
  facet normal -0.760328 0.649539 0
    outer loop
      vertex 20.0517 15.7359 11
      vertex 19.9192 15.5808 1
      vertex 19.9192 15.5808 11
    endloop
  endfacet
  facet normal -0.52262 0.852566 0
    outer loop
      vertex 19.7641 15.4483 1
      vertex 19.5902 15.3417 11
      vertex 19.7641 15.4483 11
    endloop
  endfacet
  facet normal -0.52262 0.852566 0
    outer loop
      vertex 19.5902 15.3417 11
      vertex 19.7641 15.4483 1
      vertex 19.5902 15.3417 1
    endloop
  endfacet
  facet normal -0.852566 0.52262 0
    outer loop
      vertex 20.0517 15.7359 1
      vertex 20.1583 15.9098 11
      vertex 20.1583 15.9098 1
    endloop
  endfacet
  facet normal -0.852566 0.52262 0
    outer loop
      vertex 20.1583 15.9098 11
      vertex 20.0517 15.7359 1
      vertex 20.0517 15.7359 11
    endloop
  endfacet
  facet normal -0.923844 0.38277 0
    outer loop
      vertex 20.1583 15.9098 1
      vertex 20.2364 16.0983 11
      vertex 20.2364 16.0983 1
    endloop
  endfacet
  facet normal -0.923844 0.38277 0
    outer loop
      vertex 20.2364 16.0983 11
      vertex 20.1583 15.9098 1
      vertex 20.1583 15.9098 11
    endloop
  endfacet
  facet normal 0.23341 0.972378 -0
    outer loop
      vertex 18.7966 15.216 1
      vertex 18.5983 15.2636 11
      vertex 18.7966 15.216 11
    endloop
  endfacet
  facet normal 0.23341 0.972378 0
    outer loop
      vertex 18.5983 15.2636 11
      vertex 18.7966 15.216 1
      vertex 18.5983 15.2636 1
    endloop
  endfacet
  facet normal 0.52262 0.852566 -0
    outer loop
      vertex 18.4098 15.3417 1
      vertex 18.2359 15.4483 11
      vertex 18.4098 15.3417 11
    endloop
  endfacet
  facet normal 0.52262 0.852566 0
    outer loop
      vertex 18.2359 15.4483 11
      vertex 18.4098 15.3417 1
      vertex 18.2359 15.4483 1
    endloop
  endfacet
  facet normal 0.0784205 0.99692 -0
    outer loop
      vertex 19 15.2 1
      vertex 18.7966 15.216 11
      vertex 19 15.2 11
    endloop
  endfacet
  facet normal 0.0784205 0.99692 0
    outer loop
      vertex 18.7966 15.216 11
      vertex 19 15.2 1
      vertex 18.7966 15.216 1
    endloop
  endfacet
  facet normal 0.852566 0.52262 0
    outer loop
      vertex 17.9483 15.7359 11
      vertex 17.8417 15.9098 1
      vertex 17.8417 15.9098 11
    endloop
  endfacet
  facet normal 0.852566 0.52262 0
    outer loop
      vertex 17.8417 15.9098 1
      vertex 17.9483 15.7359 11
      vertex 17.9483 15.7359 1
    endloop
  endfacet
  facet normal 0.760328 0.649539 0
    outer loop
      vertex 18.0808 15.5808 11
      vertex 17.9483 15.7359 1
      vertex 17.9483 15.7359 11
    endloop
  endfacet
  facet normal 0.760328 0.649539 0
    outer loop
      vertex 17.9483 15.7359 1
      vertex 18.0808 15.5808 11
      vertex 18.0808 15.5808 1
    endloop
  endfacet
  facet normal 0.972378 0.23341 0
    outer loop
      vertex 17.7636 16.0983 11
      vertex 17.716 16.2966 1
      vertex 17.716 16.2966 11
    endloop
  endfacet
  facet normal 0.972378 0.23341 0
    outer loop
      vertex 17.716 16.2966 1
      vertex 17.7636 16.0983 11
      vertex 17.7636 16.0983 1
    endloop
  endfacet
  facet normal 0.972378 -0.23341 0
    outer loop
      vertex 17.716 16.7034 11
      vertex 17.7636 16.9017 1
      vertex 17.7636 16.9017 11
    endloop
  endfacet
  facet normal 0.972378 -0.23341 0
    outer loop
      vertex 17.7636 16.9017 1
      vertex 17.716 16.7034 11
      vertex 17.716 16.7034 1
    endloop
  endfacet
  facet normal 0.99692 0.0784205 0
    outer loop
      vertex 17.716 16.2966 11
      vertex 17.7 16.5 1
      vertex 17.7 16.5 11
    endloop
  endfacet
  facet normal 0.99692 0.0784205 0
    outer loop
      vertex 17.7 16.5 1
      vertex 17.716 16.2966 11
      vertex 17.716 16.2966 1
    endloop
  endfacet
  facet normal -0.38277 0.923844 0
    outer loop
      vertex 19.5902 15.3417 1
      vertex 19.4017 15.2636 11
      vertex 19.5902 15.3417 11
    endloop
  endfacet
  facet normal -0.38277 0.923844 0
    outer loop
      vertex 19.4017 15.2636 11
      vertex 19.5902 15.3417 1
      vertex 19.4017 15.2636 1
    endloop
  endfacet
  facet normal -0.649539 0.760328 0
    outer loop
      vertex 19.9192 15.5808 1
      vertex 19.7641 15.4483 11
      vertex 19.9192 15.5808 11
    endloop
  endfacet
  facet normal -0.649539 0.760328 0
    outer loop
      vertex 19.7641 15.4483 11
      vertex 19.9192 15.5808 1
      vertex 19.7641 15.4483 1
    endloop
  endfacet
  facet normal 0.38277 0.923844 -0
    outer loop
      vertex 18.5983 15.2636 1
      vertex 18.4098 15.3417 11
      vertex 18.5983 15.2636 11
    endloop
  endfacet
  facet normal 0.38277 0.923844 0
    outer loop
      vertex 18.4098 15.3417 11
      vertex 18.5983 15.2636 1
      vertex 18.4098 15.3417 1
    endloop
  endfacet
  facet normal -0.0784205 0.99692 0
    outer loop
      vertex 19.2034 15.216 1
      vertex 19 15.2 11
      vertex 19.2034 15.216 11
    endloop
  endfacet
  facet normal -0.0784205 0.99692 0
    outer loop
      vertex 19 15.2 11
      vertex 19.2034 15.216 1
      vertex 19 15.2 1
    endloop
  endfacet
  facet normal 0.649539 0.760328 -0
    outer loop
      vertex 18.2359 15.4483 1
      vertex 18.0808 15.5808 11
      vertex 18.2359 15.4483 11
    endloop
  endfacet
  facet normal 0.649539 0.760328 0
    outer loop
      vertex 18.0808 15.5808 11
      vertex 18.2359 15.4483 1
      vertex 18.0808 15.5808 1
    endloop
  endfacet
  facet normal 0.923844 0.38277 0
    outer loop
      vertex 17.8417 15.9098 11
      vertex 17.7636 16.0983 1
      vertex 17.7636 16.0983 11
    endloop
  endfacet
  facet normal 0.923844 0.38277 0
    outer loop
      vertex 17.7636 16.0983 1
      vertex 17.8417 15.9098 11
      vertex 17.8417 15.9098 1
    endloop
  endfacet
  facet normal -0.760328 -0.649539 0
    outer loop
      vertex 20.0517 17.2641 1
      vertex 19.9192 17.4192 11
      vertex 19.9192 17.4192 1
    endloop
  endfacet
  facet normal -0.760328 -0.649539 0
    outer loop
      vertex 19.9192 17.4192 11
      vertex 20.0517 17.2641 1
      vertex 20.0517 17.2641 11
    endloop
  endfacet
  facet normal -0.38277 -0.923844 0
    outer loop
      vertex 19.4017 17.7364 1
      vertex 19.5902 17.6583 11
      vertex 19.4017 17.7364 11
    endloop
  endfacet
  facet normal -0.38277 -0.923844 -0
    outer loop
      vertex 19.5902 17.6583 11
      vertex 19.4017 17.7364 1
      vertex 19.5902 17.6583 1
    endloop
  endfacet
  facet normal 0.649539 -0.760328 0
    outer loop
      vertex 18.0808 17.4192 1
      vertex 18.2359 17.5517 11
      vertex 18.0808 17.4192 11
    endloop
  endfacet
  facet normal 0.649539 -0.760328 0
    outer loop
      vertex 18.2359 17.5517 11
      vertex 18.0808 17.4192 1
      vertex 18.2359 17.5517 1
    endloop
  endfacet
  facet normal -0.972378 0.23341 0
    outer loop
      vertex 20.2364 16.0983 1
      vertex 20.284 16.2966 11
      vertex 20.284 16.2966 1
    endloop
  endfacet
  facet normal -0.972378 0.23341 0
    outer loop
      vertex 20.284 16.2966 11
      vertex 20.2364 16.0983 1
      vertex 20.2364 16.0983 11
    endloop
  endfacet
  facet normal -0.996908 -0.0785741 0
    outer loop
      vertex 20.3 113.5 1
      vertex 20.284 113.703 11
      vertex 20.284 113.703 1
    endloop
  endfacet
  facet normal -0.996908 -0.0785741 0
    outer loop
      vertex 20.284 113.703 11
      vertex 20.3 113.5 1
      vertex 20.3 113.5 11
    endloop
  endfacet
  facet normal 0.0784205 -0.99692 0
    outer loop
      vertex 18.7966 114.784 1
      vertex 19 114.8 11
      vertex 18.7966 114.784 11
    endloop
  endfacet
  facet normal 0.0784205 -0.99692 0
    outer loop
      vertex 19 114.8 11
      vertex 18.7966 114.784 1
      vertex 19 114.8 1
    endloop
  endfacet
  facet normal -0.650953 -0.759118 0
    outer loop
      vertex 19.7641 114.552 1
      vertex 19.9192 114.419 11
      vertex 19.7641 114.552 11
    endloop
  endfacet
  facet normal -0.650953 -0.759118 -0
    outer loop
      vertex 19.9192 114.419 11
      vertex 19.7641 114.552 1
      vertex 19.9192 114.419 1
    endloop
  endfacet
  facet normal 0.760121 -0.649781 0
    outer loop
      vertex 17.9483 114.264 11
      vertex 18.0808 114.419 1
      vertex 18.0808 114.419 11
    endloop
  endfacet
  facet normal 0.760121 -0.649781 0
    outer loop
      vertex 18.0808 114.419 1
      vertex 17.9483 114.264 11
      vertex 17.9483 114.264 1
    endloop
  endfacet
  facet normal 0.382352 -0.924017 0
    outer loop
      vertex 18.4098 114.658 1
      vertex 18.5983 114.736 11
      vertex 18.4098 114.658 11
    endloop
  endfacet
  facet normal 0.382352 -0.924017 0
    outer loop
      vertex 18.5983 114.736 11
      vertex 18.4098 114.658 1
      vertex 18.5983 114.736 1
    endloop
  endfacet
  facet normal -0.923483 -0.383639 0
    outer loop
      vertex 20.2364 113.902 1
      vertex 20.1583 114.09 11
      vertex 20.1583 114.09 1
    endloop
  endfacet
  facet normal -0.923483 -0.383639 0
    outer loop
      vertex 20.1583 114.09 11
      vertex 20.2364 113.902 1
      vertex 20.2364 113.902 11
    endloop
  endfacet
  facet normal -0.972564 -0.232634 0
    outer loop
      vertex 20.284 113.703 1
      vertex 20.2364 113.902 11
      vertex 20.2364 113.902 1
    endloop
  endfacet
  facet normal -0.972564 -0.232634 0
    outer loop
      vertex 20.2364 113.902 11
      vertex 20.284 113.703 1
      vertex 20.284 113.703 11
    endloop
  endfacet
  facet normal -0.8527 -0.522401 0
    outer loop
      vertex 20.1583 114.09 1
      vertex 20.0517 114.264 11
      vertex 20.0517 114.264 1
    endloop
  endfacet
  facet normal -0.8527 -0.522401 0
    outer loop
      vertex 20.0517 114.264 11
      vertex 20.1583 114.09 1
      vertex 20.1583 114.09 11
    endloop
  endfacet
  facet normal -0.235263 -0.971932 0
    outer loop
      vertex 19.2034 114.784 1
      vertex 19.4017 114.736 11
      vertex 19.2034 114.784 11
    endloop
  endfacet
  facet normal -0.235263 -0.971932 -0
    outer loop
      vertex 19.4017 114.736 11
      vertex 19.2034 114.784 1
      vertex 19.4017 114.736 1
    endloop
  endfacet
  facet normal -0.0784205 -0.99692 0
    outer loop
      vertex 19 114.8 1
      vertex 19.2034 114.784 11
      vertex 19 114.8 11
    endloop
  endfacet
  facet normal -0.0784205 -0.99692 -0
    outer loop
      vertex 19.2034 114.784 11
      vertex 19 114.8 1
      vertex 19.2034 114.784 1
    endloop
  endfacet
  facet normal -0.520476 -0.853876 0
    outer loop
      vertex 19.5902 114.658 1
      vertex 19.7641 114.552 11
      vertex 19.5902 114.658 11
    endloop
  endfacet
  facet normal -0.520476 -0.853876 -0
    outer loop
      vertex 19.7641 114.552 11
      vertex 19.5902 114.658 1
      vertex 19.7641 114.552 1
    endloop
  endfacet
  facet normal 0.923483 -0.383639 0
    outer loop
      vertex 17.7636 113.902 11
      vertex 17.8417 114.09 1
      vertex 17.8417 114.09 11
    endloop
  endfacet
  facet normal 0.923483 -0.383639 0
    outer loop
      vertex 17.8417 114.09 1
      vertex 17.7636 113.902 11
      vertex 17.7636 113.902 1
    endloop
  endfacet
  facet normal 0 0 1
    outer loop
      vertex 20.284 113.703 1
      vertex 20.284 113.297 1
      vertex 20.3 113.5 1
    endloop
  endfacet
  facet normal 0 0 1
    outer loop
      vertex 20.2364 113.902 1
      vertex 20.284 113.297 1
      vertex 20.284 113.703 1
    endloop
  endfacet
  facet normal 0 0 1
    outer loop
      vertex 20.2364 113.902 1
      vertex 20.2364 113.098 1
      vertex 20.284 113.297 1
    endloop
  endfacet
  facet normal 0 0 1
    outer loop
      vertex 20.1583 114.09 1
      vertex 20.2364 113.098 1
      vertex 20.2364 113.902 1
    endloop
  endfacet
  facet normal 0 0 1
    outer loop
      vertex 20.1583 114.09 1
      vertex 20.1583 112.91 1
      vertex 20.2364 113.098 1
    endloop
  endfacet
  facet normal 0 0 1
    outer loop
      vertex 20.0517 114.264 1
      vertex 20.1583 112.91 1
      vertex 20.1583 114.09 1
    endloop
  endfacet
  facet normal 0 0 1
    outer loop
      vertex 20.0517 114.264 1
      vertex 20.0517 112.736 1
      vertex 20.1583 112.91 1
    endloop
  endfacet
  facet normal 0 0 1
    outer loop
      vertex 19.9192 114.419 1
      vertex 20.0517 112.736 1
      vertex 20.0517 114.264 1
    endloop
  endfacet
  facet normal 0 0 1
    outer loop
      vertex 19.9192 114.419 1
      vertex 19.9192 112.581 1
      vertex 20.0517 112.736 1
    endloop
  endfacet
  facet normal 0 0 1
    outer loop
      vertex 19.7641 114.552 1
      vertex 19.9192 112.581 1
      vertex 19.9192 114.419 1
    endloop
  endfacet
  facet normal 0 0 1
    outer loop
      vertex 19.7641 114.552 1
      vertex 19.7641 112.448 1
      vertex 19.9192 112.581 1
    endloop
  endfacet
  facet normal 0 0 1
    outer loop
      vertex 19.5902 114.658 1
      vertex 19.7641 112.448 1
      vertex 19.7641 114.552 1
    endloop
  endfacet
  facet normal 0 0 1
    outer loop
      vertex 19.5902 114.658 1
      vertex 19.5902 112.342 1
      vertex 19.7641 112.448 1
    endloop
  endfacet
  facet normal 0 0 1
    outer loop
      vertex 19.4017 114.736 1
      vertex 19.5902 112.342 1
      vertex 19.5902 114.658 1
    endloop
  endfacet
  facet normal 0 0 1
    outer loop
      vertex 19.4017 114.736 1
      vertex 19.4017 112.264 1
      vertex 19.5902 112.342 1
    endloop
  endfacet
  facet normal 0 0 1
    outer loop
      vertex 19.2034 114.784 1
      vertex 19.4017 112.264 1
      vertex 19.4017 114.736 1
    endloop
  endfacet
  facet normal 0 0 1
    outer loop
      vertex 19.2034 114.784 1
      vertex 19.2034 112.216 1
      vertex 19.4017 112.264 1
    endloop
  endfacet
  facet normal 0 0 1
    outer loop
      vertex 19 114.8 1
      vertex 19.2034 112.216 1
      vertex 19.2034 114.784 1
    endloop
  endfacet
  facet normal 0 0 1
    outer loop
      vertex 19 114.8 1
      vertex 19 112.2 1
      vertex 19.2034 112.216 1
    endloop
  endfacet
  facet normal -0 0 1
    outer loop
      vertex 18.7966 114.784 1
      vertex 19 112.2 1
      vertex 19 114.8 1
    endloop
  endfacet
  facet normal 0 0 1
    outer loop
      vertex 18.7966 114.784 1
      vertex 18.7966 112.216 1
      vertex 19 112.2 1
    endloop
  endfacet
  facet normal -0 0 1
    outer loop
      vertex 18.5983 114.736 1
      vertex 18.7966 112.216 1
      vertex 18.7966 114.784 1
    endloop
  endfacet
  facet normal 0 0 1
    outer loop
      vertex 18.5983 114.736 1
      vertex 18.5983 112.264 1
      vertex 18.7966 112.216 1
    endloop
  endfacet
  facet normal -0 0 1
    outer loop
      vertex 18.4098 114.658 1
      vertex 18.5983 112.264 1
      vertex 18.5983 114.736 1
    endloop
  endfacet
  facet normal 0 0 1
    outer loop
      vertex 18.4098 114.658 1
      vertex 18.4098 112.342 1
      vertex 18.5983 112.264 1
    endloop
  endfacet
  facet normal -0 0 1
    outer loop
      vertex 18.2359 114.552 1
      vertex 18.4098 112.342 1
      vertex 18.4098 114.658 1
    endloop
  endfacet
  facet normal 0 0 1
    outer loop
      vertex 18.2359 114.552 1
      vertex 18.2359 112.448 1
      vertex 18.4098 112.342 1
    endloop
  endfacet
  facet normal -0 0 1
    outer loop
      vertex 18.0808 114.419 1
      vertex 18.2359 112.448 1
      vertex 18.2359 114.552 1
    endloop
  endfacet
  facet normal 0 0 1
    outer loop
      vertex 18.0808 114.419 1
      vertex 18.0808 112.581 1
      vertex 18.2359 112.448 1
    endloop
  endfacet
  facet normal -0 0 1
    outer loop
      vertex 17.9483 114.264 1
      vertex 18.0808 112.581 1
      vertex 18.0808 114.419 1
    endloop
  endfacet
  facet normal 0 0 1
    outer loop
      vertex 17.9483 114.264 1
      vertex 17.9483 112.736 1
      vertex 18.0808 112.581 1
    endloop
  endfacet
  facet normal -0 0 1
    outer loop
      vertex 17.8417 114.09 1
      vertex 17.9483 112.736 1
      vertex 17.9483 114.264 1
    endloop
  endfacet
  facet normal 0 0 1
    outer loop
      vertex 17.8417 114.09 1
      vertex 17.8417 112.91 1
      vertex 17.9483 112.736 1
    endloop
  endfacet
  facet normal -0 0 1
    outer loop
      vertex 17.7636 113.902 1
      vertex 17.8417 112.91 1
      vertex 17.8417 114.09 1
    endloop
  endfacet
  facet normal 0 0 1
    outer loop
      vertex 17.7636 113.902 1
      vertex 17.7636 113.098 1
      vertex 17.8417 112.91 1
    endloop
  endfacet
  facet normal -0 0 1
    outer loop
      vertex 17.716 113.703 1
      vertex 17.7636 113.098 1
      vertex 17.7636 113.902 1
    endloop
  endfacet
  facet normal 0 0 1
    outer loop
      vertex 17.716 113.703 1
      vertex 17.716 113.297 1
      vertex 17.7636 113.098 1
    endloop
  endfacet
  facet normal 0 -0 1
    outer loop
      vertex 17.716 113.297 1
      vertex 17.716 113.703 1
      vertex 17.7 113.5 1
    endloop
  endfacet
  facet normal 0.8527 -0.522401 0
    outer loop
      vertex 17.8417 114.09 11
      vertex 17.9483 114.264 1
      vertex 17.9483 114.264 11
    endloop
  endfacet
  facet normal 0.8527 -0.522401 0
    outer loop
      vertex 17.9483 114.264 1
      vertex 17.8417 114.09 11
      vertex 17.8417 114.09 1
    endloop
  endfacet
  facet normal 0.996908 -0.0785741 0
    outer loop
      vertex 17.7 113.5 11
      vertex 17.716 113.703 1
      vertex 17.716 113.703 11
    endloop
  endfacet
  facet normal 0.996908 -0.0785741 0
    outer loop
      vertex 17.716 113.703 1
      vertex 17.7 113.5 11
      vertex 17.7 113.5 1
    endloop
  endfacet
  facet normal 0.520476 -0.853876 0
    outer loop
      vertex 18.2359 114.552 1
      vertex 18.4098 114.658 11
      vertex 18.2359 114.552 11
    endloop
  endfacet
  facet normal 0.520476 -0.853876 0
    outer loop
      vertex 18.4098 114.658 11
      vertex 18.2359 114.552 1
      vertex 18.4098 114.658 1
    endloop
  endfacet
  facet normal 0.235263 -0.971932 0
    outer loop
      vertex 18.5983 114.736 1
      vertex 18.7966 114.784 11
      vertex 18.5983 114.736 11
    endloop
  endfacet
  facet normal 0.235263 -0.971932 0
    outer loop
      vertex 18.7966 114.784 11
      vertex 18.5983 114.736 1
      vertex 18.7966 114.784 1
    endloop
  endfacet
  facet normal -0.235263 0.971932 0
    outer loop
      vertex 19.4017 112.264 1
      vertex 19.2034 112.216 11
      vertex 19.4017 112.264 11
    endloop
  endfacet
  facet normal -0.235263 0.971932 0
    outer loop
      vertex 19.2034 112.216 11
      vertex 19.4017 112.264 1
      vertex 19.2034 112.216 1
    endloop
  endfacet
  facet normal -0.760121 0.649781 0
    outer loop
      vertex 19.9192 112.581 1
      vertex 20.0517 112.736 11
      vertex 20.0517 112.736 1
    endloop
  endfacet
  facet normal -0.760121 0.649781 0
    outer loop
      vertex 20.0517 112.736 11
      vertex 19.9192 112.581 1
      vertex 19.9192 112.581 11
    endloop
  endfacet
  facet normal -0.520476 0.853876 0
    outer loop
      vertex 19.7641 112.448 1
      vertex 19.5902 112.342 11
      vertex 19.7641 112.448 11
    endloop
  endfacet
  facet normal -0.520476 0.853876 0
    outer loop
      vertex 19.5902 112.342 11
      vertex 19.7641 112.448 1
      vertex 19.5902 112.342 1
    endloop
  endfacet
  facet normal -0.8527 0.522401 0
    outer loop
      vertex 20.0517 112.736 1
      vertex 20.1583 112.91 11
      vertex 20.1583 112.91 1
    endloop
  endfacet
  facet normal -0.8527 0.522401 0
    outer loop
      vertex 20.1583 112.91 11
      vertex 20.0517 112.736 1
      vertex 20.0517 112.736 11
    endloop
  endfacet
  facet normal -0.923483 0.383639 0
    outer loop
      vertex 20.1583 112.91 1
      vertex 20.2364 113.098 11
      vertex 20.2364 113.098 1
    endloop
  endfacet
  facet normal -0.923483 0.383639 0
    outer loop
      vertex 20.2364 113.098 11
      vertex 20.1583 112.91 1
      vertex 20.1583 112.91 11
    endloop
  endfacet
  facet normal -0.996908 0.0785741 0
    outer loop
      vertex 20.284 113.297 1
      vertex 20.3 113.5 11
      vertex 20.3 113.5 1
    endloop
  endfacet
  facet normal -0.996908 0.0785741 0
    outer loop
      vertex 20.3 113.5 11
      vertex 20.284 113.297 1
      vertex 20.284 113.297 11
    endloop
  endfacet
  facet normal 0.235263 0.971932 -0
    outer loop
      vertex 18.7966 112.216 1
      vertex 18.5983 112.264 11
      vertex 18.7966 112.216 11
    endloop
  endfacet
  facet normal 0.235263 0.971932 0
    outer loop
      vertex 18.5983 112.264 11
      vertex 18.7966 112.216 1
      vertex 18.5983 112.264 1
    endloop
  endfacet
  facet normal 0.520476 0.853876 -0
    outer loop
      vertex 18.4098 112.342 1
      vertex 18.2359 112.448 11
      vertex 18.4098 112.342 11
    endloop
  endfacet
  facet normal 0.520476 0.853876 0
    outer loop
      vertex 18.2359 112.448 11
      vertex 18.4098 112.342 1
      vertex 18.2359 112.448 1
    endloop
  endfacet
  facet normal 0.0784205 0.99692 -0
    outer loop
      vertex 19 112.2 1
      vertex 18.7966 112.216 11
      vertex 19 112.2 11
    endloop
  endfacet
  facet normal 0.0784205 0.99692 0
    outer loop
      vertex 18.7966 112.216 11
      vertex 19 112.2 1
      vertex 18.7966 112.216 1
    endloop
  endfacet
  facet normal 0.8527 0.522401 0
    outer loop
      vertex 17.9483 112.736 11
      vertex 17.8417 112.91 1
      vertex 17.8417 112.91 11
    endloop
  endfacet
  facet normal 0.8527 0.522401 0
    outer loop
      vertex 17.8417 112.91 1
      vertex 17.9483 112.736 11
      vertex 17.9483 112.736 1
    endloop
  endfacet
  facet normal 0.760121 0.649781 0
    outer loop
      vertex 18.0808 112.581 11
      vertex 17.9483 112.736 1
      vertex 17.9483 112.736 11
    endloop
  endfacet
  facet normal 0.760121 0.649781 0
    outer loop
      vertex 17.9483 112.736 1
      vertex 18.0808 112.581 11
      vertex 18.0808 112.581 1
    endloop
  endfacet
  facet normal 0.972564 0.232634 0
    outer loop
      vertex 17.7636 113.098 11
      vertex 17.716 113.297 1
      vertex 17.716 113.297 11
    endloop
  endfacet
  facet normal 0.972564 0.232634 0
    outer loop
      vertex 17.716 113.297 1
      vertex 17.7636 113.098 11
      vertex 17.7636 113.098 1
    endloop
  endfacet
  facet normal 0.972564 -0.232634 0
    outer loop
      vertex 17.716 113.703 11
      vertex 17.7636 113.902 1
      vertex 17.7636 113.902 11
    endloop
  endfacet
  facet normal 0.972564 -0.232634 0
    outer loop
      vertex 17.7636 113.902 1
      vertex 17.716 113.703 11
      vertex 17.716 113.703 1
    endloop
  endfacet
  facet normal 0.996908 0.0785741 0
    outer loop
      vertex 17.716 113.297 11
      vertex 17.7 113.5 1
      vertex 17.7 113.5 11
    endloop
  endfacet
  facet normal 0.996908 0.0785741 0
    outer loop
      vertex 17.7 113.5 1
      vertex 17.716 113.297 11
      vertex 17.716 113.297 1
    endloop
  endfacet
  facet normal -0.382352 0.924017 0
    outer loop
      vertex 19.5902 112.342 1
      vertex 19.4017 112.264 11
      vertex 19.5902 112.342 11
    endloop
  endfacet
  facet normal -0.382352 0.924017 0
    outer loop
      vertex 19.4017 112.264 11
      vertex 19.5902 112.342 1
      vertex 19.4017 112.264 1
    endloop
  endfacet
  facet normal -0.650953 0.759118 0
    outer loop
      vertex 19.9192 112.581 1
      vertex 19.7641 112.448 11
      vertex 19.9192 112.581 11
    endloop
  endfacet
  facet normal -0.650953 0.759118 0
    outer loop
      vertex 19.7641 112.448 11
      vertex 19.9192 112.581 1
      vertex 19.7641 112.448 1
    endloop
  endfacet
  facet normal 0.382352 0.924017 -0
    outer loop
      vertex 18.5983 112.264 1
      vertex 18.4098 112.342 11
      vertex 18.5983 112.264 11
    endloop
  endfacet
  facet normal 0.382352 0.924017 0
    outer loop
      vertex 18.4098 112.342 11
      vertex 18.5983 112.264 1
      vertex 18.4098 112.342 1
    endloop
  endfacet
  facet normal -0.0784205 0.99692 0
    outer loop
      vertex 19.2034 112.216 1
      vertex 19 112.2 11
      vertex 19.2034 112.216 11
    endloop
  endfacet
  facet normal -0.0784205 0.99692 0
    outer loop
      vertex 19 112.2 11
      vertex 19.2034 112.216 1
      vertex 19 112.2 1
    endloop
  endfacet
  facet normal 0.650953 0.759118 -0
    outer loop
      vertex 18.2359 112.448 1
      vertex 18.0808 112.581 11
      vertex 18.2359 112.448 11
    endloop
  endfacet
  facet normal 0.650953 0.759118 0
    outer loop
      vertex 18.0808 112.581 11
      vertex 18.2359 112.448 1
      vertex 18.0808 112.581 1
    endloop
  endfacet
  facet normal 0.923483 0.383639 0
    outer loop
      vertex 17.8417 112.91 11
      vertex 17.7636 113.098 1
      vertex 17.7636 113.098 11
    endloop
  endfacet
  facet normal 0.923483 0.383639 0
    outer loop
      vertex 17.7636 113.098 1
      vertex 17.8417 112.91 11
      vertex 17.8417 112.91 1
    endloop
  endfacet
  facet normal -0.760121 -0.649781 0
    outer loop
      vertex 20.0517 114.264 1
      vertex 19.9192 114.419 11
      vertex 19.9192 114.419 1
    endloop
  endfacet
  facet normal -0.760121 -0.649781 0
    outer loop
      vertex 19.9192 114.419 11
      vertex 20.0517 114.264 1
      vertex 20.0517 114.264 11
    endloop
  endfacet
  facet normal -0.382352 -0.924017 0
    outer loop
      vertex 19.4017 114.736 1
      vertex 19.5902 114.658 11
      vertex 19.4017 114.736 11
    endloop
  endfacet
  facet normal -0.382352 -0.924017 -0
    outer loop
      vertex 19.5902 114.658 11
      vertex 19.4017 114.736 1
      vertex 19.5902 114.658 1
    endloop
  endfacet
  facet normal 0.650953 -0.759118 0
    outer loop
      vertex 18.0808 114.419 1
      vertex 18.2359 114.552 11
      vertex 18.0808 114.419 11
    endloop
  endfacet
  facet normal 0.650953 -0.759118 0
    outer loop
      vertex 18.2359 114.552 11
      vertex 18.0808 114.419 1
      vertex 18.2359 114.552 1
    endloop
  endfacet
  facet normal -0.972564 0.232634 0
    outer loop
      vertex 20.2364 113.098 1
      vertex 20.284 113.297 11
      vertex 20.284 113.297 1
    endloop
  endfacet
  facet normal -0.972564 0.232634 0
    outer loop
      vertex 20.284 113.297 11
      vertex 20.2364 113.098 1
      vertex 20.2364 113.098 11
    endloop
  endfacet
  facet normal -0.99692 -0.0784205 0
    outer loop
      vertex 182.3 16.5 1
      vertex 182.284 16.7034 11
      vertex 182.284 16.7034 1
    endloop
  endfacet
  facet normal -0.99692 -0.0784205 0
    outer loop
      vertex 182.284 16.7034 11
      vertex 182.3 16.5 1
      vertex 182.3 16.5 11
    endloop
  endfacet
  facet normal 0.0785741 -0.996908 0
    outer loop
      vertex 180.797 17.784 1
      vertex 181 17.8 11
      vertex 180.797 17.784 11
    endloop
  endfacet
  facet normal 0.0785741 -0.996908 0
    outer loop
      vertex 181 17.8 11
      vertex 180.797 17.784 1
      vertex 181 17.8 1
    endloop
  endfacet
  facet normal -0.649781 -0.760121 0
    outer loop
      vertex 181.764 17.5517 1
      vertex 181.919 17.4192 11
      vertex 181.764 17.5517 11
    endloop
  endfacet
  facet normal -0.649781 -0.760121 -0
    outer loop
      vertex 181.919 17.4192 11
      vertex 181.764 17.5517 1
      vertex 181.919 17.4192 1
    endloop
  endfacet
  facet normal 0.759118 -0.650953 0
    outer loop
      vertex 179.948 17.2641 11
      vertex 180.081 17.4192 1
      vertex 180.081 17.4192 11
    endloop
  endfacet
  facet normal 0.759118 -0.650953 0
    outer loop
      vertex 180.081 17.4192 1
      vertex 179.948 17.2641 11
      vertex 179.948 17.2641 1
    endloop
  endfacet
  facet normal 0.383639 -0.923483 0
    outer loop
      vertex 180.41 17.6583 1
      vertex 180.598 17.7364 11
      vertex 180.41 17.6583 11
    endloop
  endfacet
  facet normal 0.383639 -0.923483 0
    outer loop
      vertex 180.598 17.7364 11
      vertex 180.41 17.6583 1
      vertex 180.598 17.7364 1
    endloop
  endfacet
  facet normal -0.924017 -0.382352 0
    outer loop
      vertex 182.236 16.9017 1
      vertex 182.158 17.0902 11
      vertex 182.158 17.0902 1
    endloop
  endfacet
  facet normal -0.924017 -0.382352 0
    outer loop
      vertex 182.158 17.0902 11
      vertex 182.236 16.9017 1
      vertex 182.236 16.9017 11
    endloop
  endfacet
  facet normal -0.971932 -0.235263 0
    outer loop
      vertex 182.284 16.7034 1
      vertex 182.236 16.9017 11
      vertex 182.236 16.9017 1
    endloop
  endfacet
  facet normal -0.971932 -0.235263 0
    outer loop
      vertex 182.236 16.9017 11
      vertex 182.284 16.7034 1
      vertex 182.284 16.7034 11
    endloop
  endfacet
  facet normal -0.853876 -0.520476 0
    outer loop
      vertex 182.158 17.0902 1
      vertex 182.052 17.2641 11
      vertex 182.052 17.2641 1
    endloop
  endfacet
  facet normal -0.853876 -0.520476 0
    outer loop
      vertex 182.052 17.2641 11
      vertex 182.158 17.0902 1
      vertex 182.158 17.0902 11
    endloop
  endfacet
  facet normal -0.232634 -0.972564 0
    outer loop
      vertex 181.203 17.784 1
      vertex 181.402 17.7364 11
      vertex 181.203 17.784 11
    endloop
  endfacet
  facet normal -0.232634 -0.972564 -0
    outer loop
      vertex 181.402 17.7364 11
      vertex 181.203 17.784 1
      vertex 181.402 17.7364 1
    endloop
  endfacet
  facet normal -0.0785741 -0.996908 0
    outer loop
      vertex 181 17.8 1
      vertex 181.203 17.784 11
      vertex 181 17.8 11
    endloop
  endfacet
  facet normal -0.0785741 -0.996908 -0
    outer loop
      vertex 181.203 17.784 11
      vertex 181 17.8 1
      vertex 181.203 17.784 1
    endloop
  endfacet
  facet normal -0.522401 -0.8527 0
    outer loop
      vertex 181.59 17.6583 1
      vertex 181.764 17.5517 11
      vertex 181.59 17.6583 11
    endloop
  endfacet
  facet normal -0.522401 -0.8527 -0
    outer loop
      vertex 181.764 17.5517 11
      vertex 181.59 17.6583 1
      vertex 181.764 17.5517 1
    endloop
  endfacet
  facet normal 0.971932 -0.235263 0
    outer loop
      vertex 179.716 16.7034 11
      vertex 179.764 16.9017 1
      vertex 179.764 16.9017 11
    endloop
  endfacet
  facet normal 0.971932 -0.235263 0
    outer loop
      vertex 179.764 16.9017 1
      vertex 179.716 16.7034 11
      vertex 179.716 16.7034 1
    endloop
  endfacet
  facet normal 0 0 1
    outer loop
      vertex 182.284 16.7034 1
      vertex 182.284 16.2966 1
      vertex 182.3 16.5 1
    endloop
  endfacet
  facet normal 0 0 1
    outer loop
      vertex 182.236 16.9017 1
      vertex 182.284 16.2966 1
      vertex 182.284 16.7034 1
    endloop
  endfacet
  facet normal 0 0 1
    outer loop
      vertex 182.236 16.9017 1
      vertex 182.236 16.0983 1
      vertex 182.284 16.2966 1
    endloop
  endfacet
  facet normal 0 0 1
    outer loop
      vertex 182.158 17.0902 1
      vertex 182.236 16.0983 1
      vertex 182.236 16.9017 1
    endloop
  endfacet
  facet normal 0 0 1
    outer loop
      vertex 182.158 17.0902 1
      vertex 182.158 15.9098 1
      vertex 182.236 16.0983 1
    endloop
  endfacet
  facet normal 0 0 1
    outer loop
      vertex 182.052 17.2641 1
      vertex 182.158 15.9098 1
      vertex 182.158 17.0902 1
    endloop
  endfacet
  facet normal 0 0 1
    outer loop
      vertex 182.052 17.2641 1
      vertex 182.052 15.7359 1
      vertex 182.158 15.9098 1
    endloop
  endfacet
  facet normal 0 0 1
    outer loop
      vertex 181.919 17.4192 1
      vertex 182.052 15.7359 1
      vertex 182.052 17.2641 1
    endloop
  endfacet
  facet normal 0 0 1
    outer loop
      vertex 181.919 17.4192 1
      vertex 181.919 15.5808 1
      vertex 182.052 15.7359 1
    endloop
  endfacet
  facet normal 0 0 1
    outer loop
      vertex 181.764 17.5517 1
      vertex 181.919 15.5808 1
      vertex 181.919 17.4192 1
    endloop
  endfacet
  facet normal 0 0 1
    outer loop
      vertex 181.764 17.5517 1
      vertex 181.764 15.4483 1
      vertex 181.919 15.5808 1
    endloop
  endfacet
  facet normal 0 0 1
    outer loop
      vertex 181.59 17.6583 1
      vertex 181.764 15.4483 1
      vertex 181.764 17.5517 1
    endloop
  endfacet
  facet normal 0 0 1
    outer loop
      vertex 181.59 17.6583 1
      vertex 181.59 15.3417 1
      vertex 181.764 15.4483 1
    endloop
  endfacet
  facet normal 0 0 1
    outer loop
      vertex 181.402 17.7364 1
      vertex 181.59 15.3417 1
      vertex 181.59 17.6583 1
    endloop
  endfacet
  facet normal 0 0 1
    outer loop
      vertex 181.402 17.7364 1
      vertex 181.402 15.2636 1
      vertex 181.59 15.3417 1
    endloop
  endfacet
  facet normal 0 0 1
    outer loop
      vertex 181.203 17.784 1
      vertex 181.402 15.2636 1
      vertex 181.402 17.7364 1
    endloop
  endfacet
  facet normal 0 0 1
    outer loop
      vertex 181.203 17.784 1
      vertex 181.203 15.216 1
      vertex 181.402 15.2636 1
    endloop
  endfacet
  facet normal 0 0 1
    outer loop
      vertex 181 17.8 1
      vertex 181.203 15.216 1
      vertex 181.203 17.784 1
    endloop
  endfacet
  facet normal 0 0 1
    outer loop
      vertex 181 17.8 1
      vertex 181 15.2 1
      vertex 181.203 15.216 1
    endloop
  endfacet
  facet normal -0 0 1
    outer loop
      vertex 180.797 17.784 1
      vertex 181 15.2 1
      vertex 181 17.8 1
    endloop
  endfacet
  facet normal 0 0 1
    outer loop
      vertex 180.797 17.784 1
      vertex 180.797 15.216 1
      vertex 181 15.2 1
    endloop
  endfacet
  facet normal -0 0 1
    outer loop
      vertex 180.598 17.7364 1
      vertex 180.797 15.216 1
      vertex 180.797 17.784 1
    endloop
  endfacet
  facet normal 0 0 1
    outer loop
      vertex 180.598 17.7364 1
      vertex 180.598 15.2636 1
      vertex 180.797 15.216 1
    endloop
  endfacet
  facet normal -0 0 1
    outer loop
      vertex 180.41 17.6583 1
      vertex 180.598 15.2636 1
      vertex 180.598 17.7364 1
    endloop
  endfacet
  facet normal 0 0 1
    outer loop
      vertex 180.41 17.6583 1
      vertex 180.41 15.3417 1
      vertex 180.598 15.2636 1
    endloop
  endfacet
  facet normal -0 0 1
    outer loop
      vertex 180.236 17.5517 1
      vertex 180.41 15.3417 1
      vertex 180.41 17.6583 1
    endloop
  endfacet
  facet normal 0 0 1
    outer loop
      vertex 180.236 17.5517 1
      vertex 180.236 15.4483 1
      vertex 180.41 15.3417 1
    endloop
  endfacet
  facet normal -0 0 1
    outer loop
      vertex 180.081 17.4192 1
      vertex 180.236 15.4483 1
      vertex 180.236 17.5517 1
    endloop
  endfacet
  facet normal 0 0 1
    outer loop
      vertex 180.081 17.4192 1
      vertex 180.081 15.5808 1
      vertex 180.236 15.4483 1
    endloop
  endfacet
  facet normal -0 0 1
    outer loop
      vertex 179.948 17.2641 1
      vertex 180.081 15.5808 1
      vertex 180.081 17.4192 1
    endloop
  endfacet
  facet normal 0 0 1
    outer loop
      vertex 179.948 17.2641 1
      vertex 179.948 15.7359 1
      vertex 180.081 15.5808 1
    endloop
  endfacet
  facet normal -0 0 1
    outer loop
      vertex 179.842 17.0902 1
      vertex 179.948 15.7359 1
      vertex 179.948 17.2641 1
    endloop
  endfacet
  facet normal 0 0 1
    outer loop
      vertex 179.842 17.0902 1
      vertex 179.842 15.9098 1
      vertex 179.948 15.7359 1
    endloop
  endfacet
  facet normal -0 0 1
    outer loop
      vertex 179.764 16.9017 1
      vertex 179.842 15.9098 1
      vertex 179.842 17.0902 1
    endloop
  endfacet
  facet normal 0 0 1
    outer loop
      vertex 179.764 16.9017 1
      vertex 179.764 16.0983 1
      vertex 179.842 15.9098 1
    endloop
  endfacet
  facet normal -0 0 1
    outer loop
      vertex 179.716 16.7034 1
      vertex 179.764 16.0983 1
      vertex 179.764 16.9017 1
    endloop
  endfacet
  facet normal 0 0 1
    outer loop
      vertex 179.716 16.7034 1
      vertex 179.716 16.2966 1
      vertex 179.764 16.0983 1
    endloop
  endfacet
  facet normal 0 -0 1
    outer loop
      vertex 179.716 16.2966 1
      vertex 179.716 16.7034 1
      vertex 179.7 16.5 1
    endloop
  endfacet
  facet normal 0.853876 -0.520476 0
    outer loop
      vertex 179.842 17.0902 11
      vertex 179.948 17.2641 1
      vertex 179.948 17.2641 11
    endloop
  endfacet
  facet normal 0.853876 -0.520476 0
    outer loop
      vertex 179.948 17.2641 1
      vertex 179.842 17.0902 11
      vertex 179.842 17.0902 1
    endloop
  endfacet
  facet normal 0.99692 -0.0784205 0
    outer loop
      vertex 179.7 16.5 11
      vertex 179.716 16.7034 1
      vertex 179.716 16.7034 11
    endloop
  endfacet
  facet normal 0.99692 -0.0784205 0
    outer loop
      vertex 179.716 16.7034 1
      vertex 179.7 16.5 11
      vertex 179.7 16.5 1
    endloop
  endfacet
  facet normal 0.522401 -0.8527 0
    outer loop
      vertex 180.236 17.5517 1
      vertex 180.41 17.6583 11
      vertex 180.236 17.5517 11
    endloop
  endfacet
  facet normal 0.522401 -0.8527 0
    outer loop
      vertex 180.41 17.6583 11
      vertex 180.236 17.5517 1
      vertex 180.41 17.6583 1
    endloop
  endfacet
  facet normal 0.232634 -0.972564 0
    outer loop
      vertex 180.598 17.7364 1
      vertex 180.797 17.784 11
      vertex 180.598 17.7364 11
    endloop
  endfacet
  facet normal 0.232634 -0.972564 0
    outer loop
      vertex 180.797 17.784 11
      vertex 180.598 17.7364 1
      vertex 180.797 17.784 1
    endloop
  endfacet
  facet normal -0.99692 0.0784205 0
    outer loop
      vertex 182.284 16.2966 1
      vertex 182.3 16.5 11
      vertex 182.3 16.5 1
    endloop
  endfacet
  facet normal -0.99692 0.0784205 0
    outer loop
      vertex 182.3 16.5 11
      vertex 182.284 16.2966 1
      vertex 182.284 16.2966 11
    endloop
  endfacet
  facet normal -0.232634 0.972564 0
    outer loop
      vertex 181.402 15.2636 1
      vertex 181.203 15.216 11
      vertex 181.402 15.2636 11
    endloop
  endfacet
  facet normal -0.232634 0.972564 0
    outer loop
      vertex 181.203 15.216 11
      vertex 181.402 15.2636 1
      vertex 181.203 15.216 1
    endloop
  endfacet
  facet normal -0.522401 0.8527 0
    outer loop
      vertex 181.764 15.4483 1
      vertex 181.59 15.3417 11
      vertex 181.764 15.4483 11
    endloop
  endfacet
  facet normal -0.522401 0.8527 0
    outer loop
      vertex 181.59 15.3417 11
      vertex 181.764 15.4483 1
      vertex 181.59 15.3417 1
    endloop
  endfacet
  facet normal -0.853876 0.520476 0
    outer loop
      vertex 182.052 15.7359 1
      vertex 182.158 15.9098 11
      vertex 182.158 15.9098 1
    endloop
  endfacet
  facet normal -0.853876 0.520476 0
    outer loop
      vertex 182.158 15.9098 11
      vertex 182.052 15.7359 1
      vertex 182.052 15.7359 11
    endloop
  endfacet
  facet normal -0.971932 0.235263 0
    outer loop
      vertex 182.236 16.0983 1
      vertex 182.284 16.2966 11
      vertex 182.284 16.2966 1
    endloop
  endfacet
  facet normal -0.971932 0.235263 0
    outer loop
      vertex 182.284 16.2966 11
      vertex 182.236 16.0983 1
      vertex 182.236 16.0983 11
    endloop
  endfacet
  facet normal 0.232634 0.972564 -0
    outer loop
      vertex 180.797 15.216 1
      vertex 180.598 15.2636 11
      vertex 180.797 15.216 11
    endloop
  endfacet
  facet normal 0.232634 0.972564 0
    outer loop
      vertex 180.598 15.2636 11
      vertex 180.797 15.216 1
      vertex 180.598 15.2636 1
    endloop
  endfacet
  facet normal 0.522401 0.8527 -0
    outer loop
      vertex 180.41 15.3417 1
      vertex 180.236 15.4483 11
      vertex 180.41 15.3417 11
    endloop
  endfacet
  facet normal 0.522401 0.8527 0
    outer loop
      vertex 180.236 15.4483 11
      vertex 180.41 15.3417 1
      vertex 180.236 15.4483 1
    endloop
  endfacet
  facet normal 0.0785741 0.996908 -0
    outer loop
      vertex 181 15.2 1
      vertex 180.797 15.216 11
      vertex 181 15.2 11
    endloop
  endfacet
  facet normal 0.0785741 0.996908 0
    outer loop
      vertex 180.797 15.216 11
      vertex 181 15.2 1
      vertex 180.797 15.216 1
    endloop
  endfacet
  facet normal 0.853876 0.520476 0
    outer loop
      vertex 179.948 15.7359 11
      vertex 179.842 15.9098 1
      vertex 179.842 15.9098 11
    endloop
  endfacet
  facet normal 0.853876 0.520476 0
    outer loop
      vertex 179.842 15.9098 1
      vertex 179.948 15.7359 11
      vertex 179.948 15.7359 1
    endloop
  endfacet
  facet normal 0.971932 0.235263 0
    outer loop
      vertex 179.764 16.0983 11
      vertex 179.716 16.2966 1
      vertex 179.716 16.2966 11
    endloop
  endfacet
  facet normal 0.971932 0.235263 0
    outer loop
      vertex 179.716 16.2966 1
      vertex 179.764 16.0983 11
      vertex 179.764 16.0983 1
    endloop
  endfacet
  facet normal -0.759118 -0.650953 0
    outer loop
      vertex 182.052 17.2641 1
      vertex 181.919 17.4192 11
      vertex 181.919 17.4192 1
    endloop
  endfacet
  facet normal -0.759118 -0.650953 0
    outer loop
      vertex 181.919 17.4192 11
      vertex 182.052 17.2641 1
      vertex 182.052 17.2641 11
    endloop
  endfacet
  facet normal -0.383639 -0.923483 0
    outer loop
      vertex 181.402 17.7364 1
      vertex 181.59 17.6583 11
      vertex 181.402 17.7364 11
    endloop
  endfacet
  facet normal -0.383639 -0.923483 -0
    outer loop
      vertex 181.59 17.6583 11
      vertex 181.402 17.7364 1
      vertex 181.59 17.6583 1
    endloop
  endfacet
  facet normal 0.924017 -0.382352 0
    outer loop
      vertex 179.764 16.9017 11
      vertex 179.842 17.0902 1
      vertex 179.842 17.0902 11
    endloop
  endfacet
  facet normal 0.924017 -0.382352 0
    outer loop
      vertex 179.842 17.0902 1
      vertex 179.764 16.9017 11
      vertex 179.764 16.9017 1
    endloop
  endfacet
  facet normal 0.99692 0.0784205 0
    outer loop
      vertex 179.716 16.2966 11
      vertex 179.7 16.5 1
      vertex 179.7 16.5 11
    endloop
  endfacet
  facet normal 0.99692 0.0784205 0
    outer loop
      vertex 179.7 16.5 1
      vertex 179.716 16.2966 11
      vertex 179.716 16.2966 1
    endloop
  endfacet
  facet normal 0.649781 -0.760121 0
    outer loop
      vertex 180.081 17.4192 1
      vertex 180.236 17.5517 11
      vertex 180.081 17.4192 11
    endloop
  endfacet
  facet normal 0.649781 -0.760121 0
    outer loop
      vertex 180.236 17.5517 11
      vertex 180.081 17.4192 1
      vertex 180.236 17.5517 1
    endloop
  endfacet
  facet normal -0.383639 0.923483 0
    outer loop
      vertex 181.59 15.3417 1
      vertex 181.402 15.2636 11
      vertex 181.59 15.3417 11
    endloop
  endfacet
  facet normal -0.383639 0.923483 0
    outer loop
      vertex 181.402 15.2636 11
      vertex 181.59 15.3417 1
      vertex 181.402 15.2636 1
    endloop
  endfacet
  facet normal -0.649781 0.760121 0
    outer loop
      vertex 181.919 15.5808 1
      vertex 181.764 15.4483 11
      vertex 181.919 15.5808 11
    endloop
  endfacet
  facet normal -0.649781 0.760121 0
    outer loop
      vertex 181.764 15.4483 11
      vertex 181.919 15.5808 1
      vertex 181.764 15.4483 1
    endloop
  endfacet
  facet normal -0.924017 0.382352 0
    outer loop
      vertex 182.158 15.9098 1
      vertex 182.236 16.0983 11
      vertex 182.236 16.0983 1
    endloop
  endfacet
  facet normal -0.924017 0.382352 0
    outer loop
      vertex 182.236 16.0983 11
      vertex 182.158 15.9098 1
      vertex 182.158 15.9098 11
    endloop
  endfacet
  facet normal 0.383639 0.923483 -0
    outer loop
      vertex 180.598 15.2636 1
      vertex 180.41 15.3417 11
      vertex 180.598 15.2636 11
    endloop
  endfacet
  facet normal 0.383639 0.923483 0
    outer loop
      vertex 180.41 15.3417 11
      vertex 180.598 15.2636 1
      vertex 180.41 15.3417 1
    endloop
  endfacet
  facet normal -0.0785741 0.996908 0
    outer loop
      vertex 181.203 15.216 1
      vertex 181 15.2 11
      vertex 181.203 15.216 11
    endloop
  endfacet
  facet normal -0.0785741 0.996908 0
    outer loop
      vertex 181 15.2 11
      vertex 181.203 15.216 1
      vertex 181 15.2 1
    endloop
  endfacet
  facet normal 0.759118 0.650953 0
    outer loop
      vertex 180.081 15.5808 11
      vertex 179.948 15.7359 1
      vertex 179.948 15.7359 11
    endloop
  endfacet
  facet normal 0.759118 0.650953 0
    outer loop
      vertex 179.948 15.7359 1
      vertex 180.081 15.5808 11
      vertex 180.081 15.5808 1
    endloop
  endfacet
  facet normal 0.924017 0.382352 0
    outer loop
      vertex 179.842 15.9098 11
      vertex 179.764 16.0983 1
      vertex 179.764 16.0983 11
    endloop
  endfacet
  facet normal 0.924017 0.382352 0
    outer loop
      vertex 179.764 16.0983 1
      vertex 179.842 15.9098 11
      vertex 179.842 15.9098 1
    endloop
  endfacet
  facet normal -0.759118 0.650953 0
    outer loop
      vertex 181.919 15.5808 1
      vertex 182.052 15.7359 11
      vertex 182.052 15.7359 1
    endloop
  endfacet
  facet normal -0.759118 0.650953 0
    outer loop
      vertex 182.052 15.7359 11
      vertex 181.919 15.5808 1
      vertex 181.919 15.5808 11
    endloop
  endfacet
  facet normal 0.649781 0.760121 -0
    outer loop
      vertex 180.236 15.4483 1
      vertex 180.081 15.5808 11
      vertex 180.236 15.4483 11
    endloop
  endfacet
  facet normal 0.649781 0.760121 0
    outer loop
      vertex 180.081 15.5808 11
      vertex 180.236 15.4483 1
      vertex 180.081 15.5808 1
    endloop
  endfacet
  facet normal -0.996908 -0.0785741 0
    outer loop
      vertex 182.3 113.5 1
      vertex 182.284 113.703 11
      vertex 182.284 113.703 1
    endloop
  endfacet
  facet normal -0.996908 -0.0785741 0
    outer loop
      vertex 182.284 113.703 11
      vertex 182.3 113.5 1
      vertex 182.3 113.5 11
    endloop
  endfacet
  facet normal 0.0785741 -0.996908 0
    outer loop
      vertex 180.797 114.784 1
      vertex 181 114.8 11
      vertex 180.797 114.784 11
    endloop
  endfacet
  facet normal 0.0785741 -0.996908 0
    outer loop
      vertex 181 114.8 11
      vertex 180.797 114.784 1
      vertex 181 114.8 1
    endloop
  endfacet
  facet normal -0.651194 -0.758911 0
    outer loop
      vertex 181.764 114.552 1
      vertex 181.919 114.419 11
      vertex 181.764 114.552 11
    endloop
  endfacet
  facet normal -0.651194 -0.758911 -0
    outer loop
      vertex 181.919 114.419 11
      vertex 181.764 114.552 1
      vertex 181.919 114.419 1
    endloop
  endfacet
  facet normal 0.758911 -0.651194 0
    outer loop
      vertex 179.948 114.264 11
      vertex 180.081 114.419 1
      vertex 180.081 114.419 11
    endloop
  endfacet
  facet normal 0.758911 -0.651194 0
    outer loop
      vertex 180.081 114.419 1
      vertex 179.948 114.264 11
      vertex 179.948 114.264 1
    endloop
  endfacet
  facet normal 0.38322 -0.923657 0
    outer loop
      vertex 180.41 114.658 1
      vertex 180.598 114.736 11
      vertex 180.41 114.658 11
    endloop
  endfacet
  facet normal 0.38322 -0.923657 0
    outer loop
      vertex 180.598 114.736 11
      vertex 180.41 114.658 1
      vertex 180.598 114.736 1
    endloop
  endfacet
  facet normal -0.923657 -0.38322 0
    outer loop
      vertex 182.236 113.902 1
      vertex 182.158 114.09 11
      vertex 182.158 114.09 1
    endloop
  endfacet
  facet normal -0.923657 -0.38322 0
    outer loop
      vertex 182.158 114.09 11
      vertex 182.236 113.902 1
      vertex 182.236 113.902 11
    endloop
  endfacet
  facet normal -0.972121 -0.234481 0
    outer loop
      vertex 182.284 113.703 1
      vertex 182.236 113.902 11
      vertex 182.236 113.902 1
    endloop
  endfacet
  facet normal -0.972121 -0.234481 0
    outer loop
      vertex 182.236 113.902 11
      vertex 182.284 113.703 1
      vertex 182.284 113.703 11
    endloop
  endfacet
  facet normal -0.854009 -0.520258 0
    outer loop
      vertex 182.158 114.09 1
      vertex 182.052 114.264 11
      vertex 182.052 114.264 1
    endloop
  endfacet
  facet normal -0.854009 -0.520258 0
    outer loop
      vertex 182.052 114.264 11
      vertex 182.158 114.09 1
      vertex 182.158 114.09 11
    endloop
  endfacet
  facet normal -0.234481 -0.972121 0
    outer loop
      vertex 181.203 114.784 1
      vertex 181.402 114.736 11
      vertex 181.203 114.784 11
    endloop
  endfacet
  facet normal -0.234481 -0.972121 -0
    outer loop
      vertex 181.402 114.736 11
      vertex 181.203 114.784 1
      vertex 181.402 114.736 1
    endloop
  endfacet
  facet normal -0.0785741 -0.996908 0
    outer loop
      vertex 181 114.8 1
      vertex 181.203 114.784 11
      vertex 181 114.8 11
    endloop
  endfacet
  facet normal -0.0785741 -0.996908 -0
    outer loop
      vertex 181.203 114.784 11
      vertex 181 114.8 1
      vertex 181.203 114.784 1
    endloop
  endfacet
  facet normal -0.520258 -0.854009 0
    outer loop
      vertex 181.59 114.658 1
      vertex 181.764 114.552 11
      vertex 181.59 114.658 11
    endloop
  endfacet
  facet normal -0.520258 -0.854009 -0
    outer loop
      vertex 181.764 114.552 11
      vertex 181.59 114.658 1
      vertex 181.764 114.552 1
    endloop
  endfacet
  facet normal 0.923657 -0.38322 0
    outer loop
      vertex 179.764 113.902 11
      vertex 179.842 114.09 1
      vertex 179.842 114.09 11
    endloop
  endfacet
  facet normal 0.923657 -0.38322 0
    outer loop
      vertex 179.842 114.09 1
      vertex 179.764 113.902 11
      vertex 179.764 113.902 1
    endloop
  endfacet
  facet normal 0 0 1
    outer loop
      vertex 182.284 113.703 1
      vertex 182.284 113.297 1
      vertex 182.3 113.5 1
    endloop
  endfacet
  facet normal 0 0 1
    outer loop
      vertex 182.236 113.902 1
      vertex 182.284 113.297 1
      vertex 182.284 113.703 1
    endloop
  endfacet
  facet normal 0 0 1
    outer loop
      vertex 182.236 113.902 1
      vertex 182.236 113.098 1
      vertex 182.284 113.297 1
    endloop
  endfacet
  facet normal 0 0 1
    outer loop
      vertex 182.158 114.09 1
      vertex 182.236 113.098 1
      vertex 182.236 113.902 1
    endloop
  endfacet
  facet normal 0 0 1
    outer loop
      vertex 182.158 114.09 1
      vertex 182.158 112.91 1
      vertex 182.236 113.098 1
    endloop
  endfacet
  facet normal 0 0 1
    outer loop
      vertex 182.052 114.264 1
      vertex 182.158 112.91 1
      vertex 182.158 114.09 1
    endloop
  endfacet
  facet normal 0 0 1
    outer loop
      vertex 182.052 114.264 1
      vertex 182.052 112.736 1
      vertex 182.158 112.91 1
    endloop
  endfacet
  facet normal 0 0 1
    outer loop
      vertex 181.919 114.419 1
      vertex 182.052 112.736 1
      vertex 182.052 114.264 1
    endloop
  endfacet
  facet normal 0 0 1
    outer loop
      vertex 181.919 114.419 1
      vertex 181.919 112.581 1
      vertex 182.052 112.736 1
    endloop
  endfacet
  facet normal 0 0 1
    outer loop
      vertex 181.764 114.552 1
      vertex 181.919 112.581 1
      vertex 181.919 114.419 1
    endloop
  endfacet
  facet normal 0 0 1
    outer loop
      vertex 181.764 114.552 1
      vertex 181.764 112.448 1
      vertex 181.919 112.581 1
    endloop
  endfacet
  facet normal 0 0 1
    outer loop
      vertex 181.59 114.658 1
      vertex 181.764 112.448 1
      vertex 181.764 114.552 1
    endloop
  endfacet
  facet normal 0 0 1
    outer loop
      vertex 181.59 114.658 1
      vertex 181.59 112.342 1
      vertex 181.764 112.448 1
    endloop
  endfacet
  facet normal 0 0 1
    outer loop
      vertex 181.402 114.736 1
      vertex 181.59 112.342 1
      vertex 181.59 114.658 1
    endloop
  endfacet
  facet normal 0 0 1
    outer loop
      vertex 181.402 114.736 1
      vertex 181.402 112.264 1
      vertex 181.59 112.342 1
    endloop
  endfacet
  facet normal 0 0 1
    outer loop
      vertex 181.203 114.784 1
      vertex 181.402 112.264 1
      vertex 181.402 114.736 1
    endloop
  endfacet
  facet normal 0 0 1
    outer loop
      vertex 181.203 114.784 1
      vertex 181.203 112.216 1
      vertex 181.402 112.264 1
    endloop
  endfacet
  facet normal 0 0 1
    outer loop
      vertex 181 114.8 1
      vertex 181.203 112.216 1
      vertex 181.203 114.784 1
    endloop
  endfacet
  facet normal 0 0 1
    outer loop
      vertex 181 114.8 1
      vertex 181 112.2 1
      vertex 181.203 112.216 1
    endloop
  endfacet
  facet normal -0 0 1
    outer loop
      vertex 180.797 114.784 1
      vertex 181 112.2 1
      vertex 181 114.8 1
    endloop
  endfacet
  facet normal 0 0 1
    outer loop
      vertex 180.797 114.784 1
      vertex 180.797 112.216 1
      vertex 181 112.2 1
    endloop
  endfacet
  facet normal -0 0 1
    outer loop
      vertex 180.598 114.736 1
      vertex 180.797 112.216 1
      vertex 180.797 114.784 1
    endloop
  endfacet
  facet normal 0 0 1
    outer loop
      vertex 180.598 114.736 1
      vertex 180.598 112.264 1
      vertex 180.797 112.216 1
    endloop
  endfacet
  facet normal -0 0 1
    outer loop
      vertex 180.41 114.658 1
      vertex 180.598 112.264 1
      vertex 180.598 114.736 1
    endloop
  endfacet
  facet normal 0 0 1
    outer loop
      vertex 180.41 114.658 1
      vertex 180.41 112.342 1
      vertex 180.598 112.264 1
    endloop
  endfacet
  facet normal -0 0 1
    outer loop
      vertex 180.236 114.552 1
      vertex 180.41 112.342 1
      vertex 180.41 114.658 1
    endloop
  endfacet
  facet normal 0 0 1
    outer loop
      vertex 180.236 114.552 1
      vertex 180.236 112.448 1
      vertex 180.41 112.342 1
    endloop
  endfacet
  facet normal -0 0 1
    outer loop
      vertex 180.081 114.419 1
      vertex 180.236 112.448 1
      vertex 180.236 114.552 1
    endloop
  endfacet
  facet normal 0 0 1
    outer loop
      vertex 180.081 114.419 1
      vertex 180.081 112.581 1
      vertex 180.236 112.448 1
    endloop
  endfacet
  facet normal -0 0 1
    outer loop
      vertex 179.948 114.264 1
      vertex 180.081 112.581 1
      vertex 180.081 114.419 1
    endloop
  endfacet
  facet normal 0 0 1
    outer loop
      vertex 179.948 114.264 1
      vertex 179.948 112.736 1
      vertex 180.081 112.581 1
    endloop
  endfacet
  facet normal -0 0 1
    outer loop
      vertex 179.842 114.09 1
      vertex 179.948 112.736 1
      vertex 179.948 114.264 1
    endloop
  endfacet
  facet normal 0 0 1
    outer loop
      vertex 179.842 114.09 1
      vertex 179.842 112.91 1
      vertex 179.948 112.736 1
    endloop
  endfacet
  facet normal -0 0 1
    outer loop
      vertex 179.764 113.902 1
      vertex 179.842 112.91 1
      vertex 179.842 114.09 1
    endloop
  endfacet
  facet normal 0 0 1
    outer loop
      vertex 179.764 113.902 1
      vertex 179.764 113.098 1
      vertex 179.842 112.91 1
    endloop
  endfacet
  facet normal -0 0 1
    outer loop
      vertex 179.716 113.703 1
      vertex 179.764 113.098 1
      vertex 179.764 113.902 1
    endloop
  endfacet
  facet normal 0 0 1
    outer loop
      vertex 179.716 113.703 1
      vertex 179.716 113.297 1
      vertex 179.764 113.098 1
    endloop
  endfacet
  facet normal 0 -0 1
    outer loop
      vertex 179.716 113.297 1
      vertex 179.716 113.703 1
      vertex 179.7 113.5 1
    endloop
  endfacet
  facet normal 0.854009 -0.520258 0
    outer loop
      vertex 179.842 114.09 11
      vertex 179.948 114.264 1
      vertex 179.948 114.264 11
    endloop
  endfacet
  facet normal 0.854009 -0.520258 0
    outer loop
      vertex 179.948 114.264 1
      vertex 179.842 114.09 11
      vertex 179.842 114.09 1
    endloop
  endfacet
  facet normal 0.996908 -0.0785741 0
    outer loop
      vertex 179.7 113.5 11
      vertex 179.716 113.703 1
      vertex 179.716 113.703 11
    endloop
  endfacet
  facet normal 0.996908 -0.0785741 0
    outer loop
      vertex 179.716 113.703 1
      vertex 179.7 113.5 11
      vertex 179.7 113.5 1
    endloop
  endfacet
  facet normal 0.520258 -0.854009 0
    outer loop
      vertex 180.236 114.552 1
      vertex 180.41 114.658 11
      vertex 180.236 114.552 11
    endloop
  endfacet
  facet normal 0.520258 -0.854009 0
    outer loop
      vertex 180.41 114.658 11
      vertex 180.236 114.552 1
      vertex 180.41 114.658 1
    endloop
  endfacet
  facet normal 0.234481 -0.972121 0
    outer loop
      vertex 180.598 114.736 1
      vertex 180.797 114.784 11
      vertex 180.598 114.736 11
    endloop
  endfacet
  facet normal 0.234481 -0.972121 0
    outer loop
      vertex 180.797 114.784 11
      vertex 180.598 114.736 1
      vertex 180.797 114.784 1
    endloop
  endfacet
  facet normal -0.996908 0.0785741 0
    outer loop
      vertex 182.284 113.297 1
      vertex 182.3 113.5 11
      vertex 182.3 113.5 1
    endloop
  endfacet
  facet normal -0.996908 0.0785741 0
    outer loop
      vertex 182.3 113.5 11
      vertex 182.284 113.297 1
      vertex 182.284 113.297 11
    endloop
  endfacet
  facet normal -0.234481 0.972121 0
    outer loop
      vertex 181.402 112.264 1
      vertex 181.203 112.216 11
      vertex 181.402 112.264 11
    endloop
  endfacet
  facet normal -0.234481 0.972121 0
    outer loop
      vertex 181.203 112.216 11
      vertex 181.402 112.264 1
      vertex 181.203 112.216 1
    endloop
  endfacet
  facet normal -0.758911 0.651194 0
    outer loop
      vertex 181.919 112.581 1
      vertex 182.052 112.736 11
      vertex 182.052 112.736 1
    endloop
  endfacet
  facet normal -0.758911 0.651194 0
    outer loop
      vertex 182.052 112.736 11
      vertex 181.919 112.581 1
      vertex 181.919 112.581 11
    endloop
  endfacet
  facet normal -0.520258 0.854009 0
    outer loop
      vertex 181.764 112.448 1
      vertex 181.59 112.342 11
      vertex 181.764 112.448 11
    endloop
  endfacet
  facet normal -0.520258 0.854009 0
    outer loop
      vertex 181.59 112.342 11
      vertex 181.764 112.448 1
      vertex 181.59 112.342 1
    endloop
  endfacet
  facet normal -0.854009 0.520258 0
    outer loop
      vertex 182.052 112.736 1
      vertex 182.158 112.91 11
      vertex 182.158 112.91 1
    endloop
  endfacet
  facet normal -0.854009 0.520258 0
    outer loop
      vertex 182.158 112.91 11
      vertex 182.052 112.736 1
      vertex 182.052 112.736 11
    endloop
  endfacet
  facet normal -0.923657 0.38322 0
    outer loop
      vertex 182.158 112.91 1
      vertex 182.236 113.098 11
      vertex 182.236 113.098 1
    endloop
  endfacet
  facet normal -0.923657 0.38322 0
    outer loop
      vertex 182.236 113.098 11
      vertex 182.158 112.91 1
      vertex 182.158 112.91 11
    endloop
  endfacet
  facet normal 0.234481 0.972121 -0
    outer loop
      vertex 180.797 112.216 1
      vertex 180.598 112.264 11
      vertex 180.797 112.216 11
    endloop
  endfacet
  facet normal 0.234481 0.972121 0
    outer loop
      vertex 180.598 112.264 11
      vertex 180.797 112.216 1
      vertex 180.598 112.264 1
    endloop
  endfacet
  facet normal 0.520258 0.854009 -0
    outer loop
      vertex 180.41 112.342 1
      vertex 180.236 112.448 11
      vertex 180.41 112.342 11
    endloop
  endfacet
  facet normal 0.520258 0.854009 0
    outer loop
      vertex 180.236 112.448 11
      vertex 180.41 112.342 1
      vertex 180.236 112.448 1
    endloop
  endfacet
  facet normal 0.0785741 0.996908 -0
    outer loop
      vertex 181 112.2 1
      vertex 180.797 112.216 11
      vertex 181 112.2 11
    endloop
  endfacet
  facet normal 0.0785741 0.996908 0
    outer loop
      vertex 180.797 112.216 11
      vertex 181 112.2 1
      vertex 180.797 112.216 1
    endloop
  endfacet
  facet normal 0.854009 0.520258 0
    outer loop
      vertex 179.948 112.736 11
      vertex 179.842 112.91 1
      vertex 179.842 112.91 11
    endloop
  endfacet
  facet normal 0.854009 0.520258 0
    outer loop
      vertex 179.842 112.91 1
      vertex 179.948 112.736 11
      vertex 179.948 112.736 1
    endloop
  endfacet
  facet normal 0.758911 0.651194 0
    outer loop
      vertex 180.081 112.581 11
      vertex 179.948 112.736 1
      vertex 179.948 112.736 11
    endloop
  endfacet
  facet normal 0.758911 0.651194 0
    outer loop
      vertex 179.948 112.736 1
      vertex 180.081 112.581 11
      vertex 180.081 112.581 1
    endloop
  endfacet
  facet normal 0.972121 0.234481 0
    outer loop
      vertex 179.764 113.098 11
      vertex 179.716 113.297 1
      vertex 179.716 113.297 11
    endloop
  endfacet
  facet normal 0.972121 0.234481 0
    outer loop
      vertex 179.716 113.297 1
      vertex 179.764 113.098 11
      vertex 179.764 113.098 1
    endloop
  endfacet
  facet normal 0.972121 -0.234481 0
    outer loop
      vertex 179.716 113.703 11
      vertex 179.764 113.902 1
      vertex 179.764 113.902 11
    endloop
  endfacet
  facet normal 0.972121 -0.234481 0
    outer loop
      vertex 179.764 113.902 1
      vertex 179.716 113.703 11
      vertex 179.716 113.703 1
    endloop
  endfacet
  facet normal 0.996908 0.0785741 0
    outer loop
      vertex 179.716 113.297 11
      vertex 179.7 113.5 1
      vertex 179.7 113.5 11
    endloop
  endfacet
  facet normal 0.996908 0.0785741 0
    outer loop
      vertex 179.7 113.5 1
      vertex 179.716 113.297 11
      vertex 179.716 113.297 1
    endloop
  endfacet
  facet normal -0.38322 0.923657 0
    outer loop
      vertex 181.59 112.342 1
      vertex 181.402 112.264 11
      vertex 181.59 112.342 11
    endloop
  endfacet
  facet normal -0.38322 0.923657 0
    outer loop
      vertex 181.402 112.264 11
      vertex 181.59 112.342 1
      vertex 181.402 112.264 1
    endloop
  endfacet
  facet normal -0.651194 0.758911 0
    outer loop
      vertex 181.919 112.581 1
      vertex 181.764 112.448 11
      vertex 181.919 112.581 11
    endloop
  endfacet
  facet normal -0.651194 0.758911 0
    outer loop
      vertex 181.764 112.448 11
      vertex 181.919 112.581 1
      vertex 181.764 112.448 1
    endloop
  endfacet
  facet normal 0.38322 0.923657 -0
    outer loop
      vertex 180.598 112.264 1
      vertex 180.41 112.342 11
      vertex 180.598 112.264 11
    endloop
  endfacet
  facet normal 0.38322 0.923657 0
    outer loop
      vertex 180.41 112.342 11
      vertex 180.598 112.264 1
      vertex 180.41 112.342 1
    endloop
  endfacet
  facet normal -0.0785741 0.996908 0
    outer loop
      vertex 181.203 112.216 1
      vertex 181 112.2 11
      vertex 181.203 112.216 11
    endloop
  endfacet
  facet normal -0.0785741 0.996908 0
    outer loop
      vertex 181 112.2 11
      vertex 181.203 112.216 1
      vertex 181 112.2 1
    endloop
  endfacet
  facet normal 0.651194 0.758911 -0
    outer loop
      vertex 180.236 112.448 1
      vertex 180.081 112.581 11
      vertex 180.236 112.448 11
    endloop
  endfacet
  facet normal 0.651194 0.758911 0
    outer loop
      vertex 180.081 112.581 11
      vertex 180.236 112.448 1
      vertex 180.081 112.581 1
    endloop
  endfacet
  facet normal 0.923657 0.38322 0
    outer loop
      vertex 179.842 112.91 11
      vertex 179.764 113.098 1
      vertex 179.764 113.098 11
    endloop
  endfacet
  facet normal 0.923657 0.38322 0
    outer loop
      vertex 179.764 113.098 1
      vertex 179.842 112.91 11
      vertex 179.842 112.91 1
    endloop
  endfacet
  facet normal -0.758911 -0.651194 0
    outer loop
      vertex 182.052 114.264 1
      vertex 181.919 114.419 11
      vertex 181.919 114.419 1
    endloop
  endfacet
  facet normal -0.758911 -0.651194 0
    outer loop
      vertex 181.919 114.419 11
      vertex 182.052 114.264 1
      vertex 182.052 114.264 11
    endloop
  endfacet
  facet normal -0.38322 -0.923657 0
    outer loop
      vertex 181.402 114.736 1
      vertex 181.59 114.658 11
      vertex 181.402 114.736 11
    endloop
  endfacet
  facet normal -0.38322 -0.923657 -0
    outer loop
      vertex 181.59 114.658 11
      vertex 181.402 114.736 1
      vertex 181.59 114.658 1
    endloop
  endfacet
  facet normal 0.651194 -0.758911 0
    outer loop
      vertex 180.081 114.419 1
      vertex 180.236 114.552 11
      vertex 180.081 114.419 11
    endloop
  endfacet
  facet normal 0.651194 -0.758911 0
    outer loop
      vertex 180.236 114.552 11
      vertex 180.081 114.419 1
      vertex 180.236 114.552 1
    endloop
  endfacet
  facet normal -0.972121 0.234481 0
    outer loop
      vertex 182.236 113.098 1
      vertex 182.284 113.297 11
      vertex 182.284 113.297 1
    endloop
  endfacet
  facet normal -0.972121 0.234481 0
    outer loop
      vertex 182.284 113.297 11
      vertex 182.236 113.098 1
      vertex 182.236 113.098 11
    endloop
  endfacet
  facet normal 0.996918 -0.0784506 0
    outer loop
      vertex 4.75 10 3
      vertex 4.7777 10.352 0
      vertex 4.7777 10.352 3
    endloop
  endfacet
  facet normal 0.996918 -0.0784506 0
    outer loop
      vertex 4.7777 10.352 0
      vertex 4.75 10 3
      vertex 4.75 10 0
    endloop
  endfacet
  facet normal 0.996918 0.0784551 0
    outer loop
      vertex 4.7777 9.64802 3
      vertex 4.75 10 0
      vertex 4.75 10 3
    endloop
  endfacet
  facet normal 0.996918 0.0784551 0
    outer loop
      vertex 4.75 10 0
      vertex 4.7777 9.64802 3
      vertex 4.7777 9.64802 0
    endloop
  endfacet
  facet normal -0.760435 -0.649414 0
    outer loop
      vertex 14.8203 11.3225 0
      vertex 14.591 11.591 3
      vertex 14.591 11.591 0
    endloop
  endfacet
  facet normal -0.760435 -0.649414 0
    outer loop
      vertex 14.591 11.591 3
      vertex 14.8203 11.3225 0
      vertex 14.8203 11.3225 3
    endloop
  endfacet
  facet normal -0.996918 0.0784551 0
    outer loop
      vertex 15.2223 9.64802 0
      vertex 15.25 10 3
      vertex 15.25 10 0
    endloop
  endfacet
  facet normal -0.996918 0.0784551 0
    outer loop
      vertex 15.25 10 3
      vertex 15.2223 9.64802 0
      vertex 15.2223 9.64802 3
    endloop
  endfacet
  facet normal 0.972369 -0.233448 0
    outer loop
      vertex 4.7777 10.352 3
      vertex 4.86012 10.6953 0
      vertex 4.86012 10.6953 3
    endloop
  endfacet
  facet normal 0.972369 -0.233448 0
    outer loop
      vertex 4.86012 10.6953 0
      vertex 4.7777 10.352 3
      vertex 4.7777 10.352 0
    endloop
  endfacet
  facet normal -0.522595 -0.852581 0
    outer loop
      vertex 14.0215 12.0048 0
      vertex 14.3225 11.8203 3
      vertex 14.0215 12.0048 3
    endloop
  endfacet
  facet normal -0.522595 -0.852581 -0
    outer loop
      vertex 14.3225 11.8203 3
      vertex 14.0215 12.0048 0
      vertex 14.3225 11.8203 0
    endloop
  endfacet
  facet normal -0.923896 -0.382644 0
    outer loop
      vertex 15.1399 10.6953 0
      vertex 15.0048 11.0215 3
      vertex 15.0048 11.0215 0
    endloop
  endfacet
  facet normal -0.923896 -0.382644 0
    outer loop
      vertex 15.0048 11.0215 3
      vertex 15.1399 10.6953 0
      vertex 15.1399 10.6953 3
    endloop
  endfacet
  facet normal 0.233388 -0.972384 0
    outer loop
      vertex 6.30471 12.1399 0
      vertex 6.64802 12.2223 3
      vertex 6.30471 12.1399 3
    endloop
  endfacet
  facet normal 0.233388 -0.972384 0
    outer loop
      vertex 6.64802 12.2223 3
      vertex 6.30471 12.1399 0
      vertex 6.64802 12.2223 0
    endloop
  endfacet
  facet normal 0 -1 0
    outer loop
      vertex 7 12.25 0
      vertex 13 12.25 3
      vertex 7 12.25 3
    endloop
  endfacet
  facet normal 0 -1 -0
    outer loop
      vertex 13 12.25 3
      vertex 7 12.25 0
      vertex 13 12.25 0
    endloop
  endfacet
  facet normal 0.923882 0.382678 0
    outer loop
      vertex 4.99523 8.97852 3
      vertex 4.86012 9.30471 0
      vertex 4.86012 9.30471 3
    endloop
  endfacet
  facet normal 0.923882 0.382678 0
    outer loop
      vertex 4.86012 9.30471 0
      vertex 4.99523 8.97852 3
      vertex 4.99523 8.97852 0
    endloop
  endfacet
  facet normal -0.233448 0.972369 0
    outer loop
      vertex 13.6953 7.86012 0
      vertex 13.352 7.7777 3
      vertex 13.6953 7.86012 3
    endloop
  endfacet
  facet normal -0.233448 0.972369 0
    outer loop
      vertex 13.352 7.7777 3
      vertex 13.6953 7.86012 0
      vertex 13.352 7.7777 0
    endloop
  endfacet
  facet normal 0.382678 0.923882 -0
    outer loop
      vertex 6.30471 7.86012 0
      vertex 5.97852 7.99523 3
      vertex 6.30471 7.86012 3
    endloop
  endfacet
  facet normal 0.382678 0.923882 0
    outer loop
      vertex 5.97852 7.99523 3
      vertex 6.30471 7.86012 0
      vertex 5.97852 7.99523 0
    endloop
  endfacet
  facet normal -0.0784506 -0.996918 0
    outer loop
      vertex 13 12.25 0
      vertex 13.352 12.2223 3
      vertex 13 12.25 3
    endloop
  endfacet
  facet normal -0.0784506 -0.996918 -0
    outer loop
      vertex 13.352 12.2223 3
      vertex 13 12.25 0
      vertex 13.352 12.2223 0
    endloop
  endfacet
  facet normal -0.649414 -0.760435 0
    outer loop
      vertex 14.3225 11.8203 0
      vertex 14.591 11.591 3
      vertex 14.3225 11.8203 3
    endloop
  endfacet
  facet normal -0.649414 -0.760435 -0
    outer loop
      vertex 14.591 11.591 3
      vertex 14.3225 11.8203 0
      vertex 14.591 11.591 0
    endloop
  endfacet
  facet normal -0.852581 -0.522595 0
    outer loop
      vertex 15.0048 11.0215 0
      vertex 14.8203 11.3225 3
      vertex 14.8203 11.3225 0
    endloop
  endfacet
  facet normal -0.852581 -0.522595 0
    outer loop
      vertex 14.8203 11.3225 3
      vertex 15.0048 11.0215 0
      vertex 15.0048 11.0215 3
    endloop
  endfacet
  facet normal -0.996918 -0.0784506 0
    outer loop
      vertex 15.25 10 0
      vertex 15.2223 10.352 3
      vertex 15.2223 10.352 0
    endloop
  endfacet
  facet normal -0.996918 -0.0784506 0
    outer loop
      vertex 15.2223 10.352 3
      vertex 15.25 10 0
      vertex 15.25 10 3
    endloop
  endfacet
  facet normal 0.0784551 -0.996918 0
    outer loop
      vertex 6.64802 12.2223 0
      vertex 7 12.25 3
      vertex 6.64802 12.2223 3
    endloop
  endfacet
  facet normal 0.0784551 -0.996918 0
    outer loop
      vertex 7 12.25 3
      vertex 6.64802 12.2223 0
      vertex 7 12.25 0
    endloop
  endfacet
  facet normal 0.760435 -0.649414 0
    outer loop
      vertex 5.17971 11.3225 3
      vertex 5.40901 11.591 0
      vertex 5.40901 11.591 3
    endloop
  endfacet
  facet normal 0.760435 -0.649414 0
    outer loop
      vertex 5.40901 11.591 0
      vertex 5.17971 11.3225 3
      vertex 5.17971 11.3225 0
    endloop
  endfacet
  facet normal -0.760399 0.649456 0
    outer loop
      vertex 14.591 8.40901 0
      vertex 14.8203 8.67748 3
      vertex 14.8203 8.67748 0
    endloop
  endfacet
  facet normal -0.760399 0.649456 0
    outer loop
      vertex 14.8203 8.67748 3
      vertex 14.591 8.40901 0
      vertex 14.591 8.40901 3
    endloop
  endfacet
  facet normal 0.0784551 0.996918 -0
    outer loop
      vertex 7 7.75 0
      vertex 6.64802 7.7777 3
      vertex 7 7.75 3
    endloop
  endfacet
  facet normal 0.0784551 0.996918 0
    outer loop
      vertex 6.64802 7.7777 3
      vertex 7 7.75 0
      vertex 6.64802 7.7777 0
    endloop
  endfacet
  facet normal 0 1 -0
    outer loop
      vertex 13 7.75 0
      vertex 7 7.75 3
      vertex 13 7.75 3
    endloop
  endfacet
  facet normal 0 1 0
    outer loop
      vertex 7 7.75 3
      vertex 13 7.75 0
      vertex 7 7.75 0
    endloop
  endfacet
  facet normal 0.233442 0.972371 -0
    outer loop
      vertex 6.64802 7.7777 0
      vertex 6.30471 7.86012 3
      vertex 6.64802 7.7777 3
    endloop
  endfacet
  facet normal 0.233442 0.972371 0
    outer loop
      vertex 6.30471 7.86012 3
      vertex 6.64802 7.7777 0
      vertex 6.30471 7.86012 0
    endloop
  endfacet
  facet normal -0.0784506 0.996918 0
    outer loop
      vertex 13.352 7.7777 0
      vertex 13 7.75 3
      vertex 13.352 7.7777 3
    endloop
  endfacet
  facet normal -0.0784506 0.996918 0
    outer loop
      vertex 13 7.75 3
      vertex 13.352 7.7777 0
      vertex 13 7.75 0
    endloop
  endfacet
  facet normal 0.760399 0.649456 0
    outer loop
      vertex 5.40901 8.40901 3
      vertex 5.17971 8.67748 0
      vertex 5.17971 8.67748 3
    endloop
  endfacet
  facet normal 0.760399 0.649456 0
    outer loop
      vertex 5.17971 8.67748 0
      vertex 5.40901 8.40901 3
      vertex 5.40901 8.40901 0
    endloop
  endfacet
  facet normal 0.522504 0.852637 -0
    outer loop
      vertex 5.97852 7.99523 0
      vertex 5.67748 8.17971 3
      vertex 5.97852 7.99523 3
    endloop
  endfacet
  facet normal 0.522504 0.852637 0
    outer loop
      vertex 5.67748 8.17971 3
      vertex 5.97852 7.99523 0
      vertex 5.67748 8.17971 0
    endloop
  endfacet
  facet normal 0.649456 0.760399 -0
    outer loop
      vertex 5.67748 8.17971 0
      vertex 5.40901 8.40901 3
      vertex 5.67748 8.17971 3
    endloop
  endfacet
  facet normal 0.649456 0.760399 0
    outer loop
      vertex 5.40901 8.40901 3
      vertex 5.67748 8.17971 0
      vertex 5.40901 8.40901 0
    endloop
  endfacet
  facet normal -0.382644 -0.923896 0
    outer loop
      vertex 13.6953 12.1399 0
      vertex 14.0215 12.0048 3
      vertex 13.6953 12.1399 3
    endloop
  endfacet
  facet normal -0.382644 -0.923896 -0
    outer loop
      vertex 14.0215 12.0048 3
      vertex 13.6953 12.1399 0
      vertex 14.0215 12.0048 0
    endloop
  endfacet
  facet normal 0.649456 -0.760399 0
    outer loop
      vertex 5.40901 11.591 0
      vertex 5.67748 11.8203 3
      vertex 5.40901 11.591 3
    endloop
  endfacet
  facet normal 0.649456 -0.760399 0
    outer loop
      vertex 5.67748 11.8203 3
      vertex 5.40901 11.591 0
      vertex 5.67748 11.8203 0
    endloop
  endfacet
  facet normal 0.522545 -0.852612 0
    outer loop
      vertex 5.67748 11.8203 0
      vertex 5.97852 12.0048 3
      vertex 5.67748 11.8203 3
    endloop
  endfacet
  facet normal 0.522545 -0.852612 0
    outer loop
      vertex 5.97852 12.0048 3
      vertex 5.67748 11.8203 0
      vertex 5.97852 12.0048 0
    endloop
  endfacet
  facet normal 0.382654 -0.923892 0
    outer loop
      vertex 5.97852 12.0048 0
      vertex 6.30471 12.1399 3
      vertex 5.97852 12.0048 3
    endloop
  endfacet
  facet normal 0.382654 -0.923892 0
    outer loop
      vertex 6.30471 12.1399 3
      vertex 5.97852 12.0048 0
      vertex 6.30471 12.1399 0
    endloop
  endfacet
  facet normal 0.852606 -0.522554 0
    outer loop
      vertex 4.99523 11.0215 3
      vertex 5.17971 11.3225 0
      vertex 5.17971 11.3225 3
    endloop
  endfacet
  facet normal 0.852606 -0.522554 0
    outer loop
      vertex 5.17971 11.3225 0
      vertex 4.99523 11.0215 3
      vertex 4.99523 11.0215 0
    endloop
  endfacet
  facet normal 0.972371 0.233442 0
    outer loop
      vertex 4.86012 9.30471 3
      vertex 4.7777 9.64802 0
      vertex 4.7777 9.64802 3
    endloop
  endfacet
  facet normal 0.972371 0.233442 0
    outer loop
      vertex 4.7777 9.64802 0
      vertex 4.86012 9.30471 3
      vertex 4.86012 9.30471 0
    endloop
  endfacet
  facet normal 0.852637 0.522504 0
    outer loop
      vertex 5.17971 8.67748 3
      vertex 4.99523 8.97852 0
      vertex 4.99523 8.97852 3
    endloop
  endfacet
  facet normal 0.852637 0.522504 0
    outer loop
      vertex 4.99523 8.97852 0
      vertex 5.17971 8.67748 3
      vertex 5.17971 8.67748 0
    endloop
  endfacet
  facet normal -0.233394 -0.972382 0
    outer loop
      vertex 13.352 12.2223 0
      vertex 13.6953 12.1399 3
      vertex 13.352 12.2223 3
    endloop
  endfacet
  facet normal -0.233394 -0.972382 -0
    outer loop
      vertex 13.6953 12.1399 3
      vertex 13.352 12.2223 0
      vertex 13.6953 12.1399 0
    endloop
  endfacet
  facet normal -0.972382 -0.233394 0
    outer loop
      vertex 15.2223 10.352 0
      vertex 15.1399 10.6953 3
      vertex 15.1399 10.6953 0
    endloop
  endfacet
  facet normal -0.972382 -0.233394 0
    outer loop
      vertex 15.1399 10.6953 3
      vertex 15.2223 10.352 0
      vertex 15.2223 10.352 3
    endloop
  endfacet
  facet normal 0.923886 -0.382668 0
    outer loop
      vertex 4.86012 10.6953 3
      vertex 4.99523 11.0215 0
      vertex 4.99523 11.0215 3
    endloop
  endfacet
  facet normal 0.923886 -0.382668 0
    outer loop
      vertex 4.99523 11.0215 0
      vertex 4.86012 10.6953 3
      vertex 4.86012 10.6953 0
    endloop
  endfacet
  facet normal -0.522554 0.852606 0
    outer loop
      vertex 14.3225 8.17971 0
      vertex 14.0215 7.99523 3
      vertex 14.3225 8.17971 3
    endloop
  endfacet
  facet normal -0.522554 0.852606 0
    outer loop
      vertex 14.0215 7.99523 3
      vertex 14.3225 8.17971 0
      vertex 14.0215 7.99523 0
    endloop
  endfacet
  facet normal -0.852612 0.522545 0
    outer loop
      vertex 14.8203 8.67748 0
      vertex 15.0048 8.97852 3
      vertex 15.0048 8.97852 0
    endloop
  endfacet
  facet normal -0.852612 0.522545 0
    outer loop
      vertex 15.0048 8.97852 3
      vertex 14.8203 8.67748 0
      vertex 14.8203 8.67748 3
    endloop
  endfacet
  facet normal -0.923892 0.382654 0
    outer loop
      vertex 15.0048 8.97852 0
      vertex 15.1399 9.30471 3
      vertex 15.1399 9.30471 0
    endloop
  endfacet
  facet normal -0.923892 0.382654 0
    outer loop
      vertex 15.1399 9.30471 3
      vertex 15.0048 8.97852 0
      vertex 15.0048 8.97852 3
    endloop
  endfacet
  facet normal -0.382668 0.923886 0
    outer loop
      vertex 14.0215 7.99523 0
      vertex 13.6953 7.86012 3
      vertex 14.0215 7.99523 3
    endloop
  endfacet
  facet normal -0.382668 0.923886 0
    outer loop
      vertex 13.6953 7.86012 3
      vertex 14.0215 7.99523 0
      vertex 13.6953 7.86012 0
    endloop
  endfacet
  facet normal -0.649414 0.760435 0
    outer loop
      vertex 14.591 8.40901 0
      vertex 14.3225 8.17971 3
      vertex 14.591 8.40901 3
    endloop
  endfacet
  facet normal -0.649414 0.760435 0
    outer loop
      vertex 14.3225 8.17971 3
      vertex 14.591 8.40901 0
      vertex 14.3225 8.17971 0
    endloop
  endfacet
  facet normal -0.972384 0.233388 0
    outer loop
      vertex 15.1399 9.30471 0
      vertex 15.2223 9.64802 3
      vertex 15.2223 9.64802 0
    endloop
  endfacet
  facet normal -0.972384 0.233388 0
    outer loop
      vertex 15.2223 9.64802 3
      vertex 15.1399 9.30471 0
      vertex 15.1399 9.30471 3
    endloop
  endfacet
  facet normal 0.996918 -0.0784506 0
    outer loop
      vertex 4.75 120 3
      vertex 4.7777 120.352 0
      vertex 4.7777 120.352 3
    endloop
  endfacet
  facet normal 0.996918 -0.0784506 0
    outer loop
      vertex 4.7777 120.352 0
      vertex 4.75 120 3
      vertex 4.75 120 0
    endloop
  endfacet
  facet normal 0.996918 0.0784506 0
    outer loop
      vertex 4.7777 119.648 3
      vertex 4.75 120 0
      vertex 4.75 120 3
    endloop
  endfacet
  facet normal 0.996918 0.0784506 0
    outer loop
      vertex 4.75 120 0
      vertex 4.7777 119.648 3
      vertex 4.7777 119.648 0
    endloop
  endfacet
  facet normal -0.759837 -0.650114 0
    outer loop
      vertex 14.8203 121.323 0
      vertex 14.591 121.591 3
      vertex 14.591 121.591 0
    endloop
  endfacet
  facet normal -0.759837 -0.650114 0
    outer loop
      vertex 14.591 121.591 3
      vertex 14.8203 121.323 0
      vertex 14.8203 121.323 3
    endloop
  endfacet
  facet normal -0.996918 0.0784506 0
    outer loop
      vertex 15.2223 119.648 0
      vertex 15.25 120 3
      vertex 15.25 120 0
    endloop
  endfacet
  facet normal -0.996918 0.0784506 0
    outer loop
      vertex 15.25 120 3
      vertex 15.2223 119.648 0
      vertex 15.2223 119.648 3
    endloop
  endfacet
  facet normal 0.972323 -0.233641 0
    outer loop
      vertex 4.7777 120.352 3
      vertex 4.86012 120.695 0
      vertex 4.86012 120.695 3
    endloop
  endfacet
  facet normal 0.972323 -0.233641 0
    outer loop
      vertex 4.86012 120.695 0
      vertex 4.7777 120.352 3
      vertex 4.7777 120.352 0
    endloop
  endfacet
  facet normal -0.523624 -0.85195 0
    outer loop
      vertex 14.0215 122.005 0
      vertex 14.3225 121.82 3
      vertex 14.0215 122.005 3
    endloop
  endfacet
  facet normal -0.523624 -0.85195 -0
    outer loop
      vertex 14.3225 121.82 3
      vertex 14.0215 122.005 0
      vertex 14.3225 121.82 0
    endloop
  endfacet
  facet normal -0.923813 -0.382844 0
    outer loop
      vertex 15.1399 120.695 0
      vertex 15.0048 121.021 3
      vertex 15.0048 121.021 0
    endloop
  endfacet
  facet normal -0.923813 -0.382844 0
    outer loop
      vertex 15.0048 121.021 3
      vertex 15.1399 120.695 0
      vertex 15.1399 120.695 3
    endloop
  endfacet
  facet normal 0.232316 -0.97264 0
    outer loop
      vertex 6.30471 122.14 0
      vertex 6.64802 122.222 3
      vertex 6.30471 122.14 3
    endloop
  endfacet
  facet normal 0.232316 -0.97264 0
    outer loop
      vertex 6.64802 122.222 3
      vertex 6.30471 122.14 0
      vertex 6.64802 122.222 0
    endloop
  endfacet
  facet normal 0 -1 0
    outer loop
      vertex 7 122.25 0
      vertex 13 122.25 3
      vertex 7 122.25 3
    endloop
  endfacet
  facet normal 0 -1 -0
    outer loop
      vertex 13 122.25 3
      vertex 7 122.25 0
      vertex 13 122.25 0
    endloop
  endfacet
  facet normal -0.079295 -0.996851 0
    outer loop
      vertex 13 122.25 0
      vertex 13.352 122.222 3
      vertex 13 122.25 3
    endloop
  endfacet
  facet normal -0.079295 -0.996851 -0
    outer loop
      vertex 13.352 122.222 3
      vertex 13 122.25 0
      vertex 13.352 122.222 0
    endloop
  endfacet
  facet normal -0.648922 -0.760855 0
    outer loop
      vertex 14.3225 121.82 0
      vertex 14.591 121.591 3
      vertex 14.3225 121.82 3
    endloop
  endfacet
  facet normal -0.648922 -0.760855 -0
    outer loop
      vertex 14.591 121.591 3
      vertex 14.3225 121.82 0
      vertex 14.591 121.591 0
    endloop
  endfacet
  facet normal -0.853352 -0.521336 0
    outer loop
      vertex 15.0048 121.021 0
      vertex 14.8203 121.323 3
      vertex 14.8203 121.323 0
    endloop
  endfacet
  facet normal -0.853352 -0.521336 0
    outer loop
      vertex 14.8203 121.323 3
      vertex 15.0048 121.021 0
      vertex 15.0048 121.021 3
    endloop
  endfacet
  facet normal -0.996918 -0.0784506 0
    outer loop
      vertex 15.25 120 0
      vertex 15.2223 120.352 3
      vertex 15.2223 120.352 0
    endloop
  endfacet
  facet normal -0.996918 -0.0784506 0
    outer loop
      vertex 15.2223 120.352 3
      vertex 15.25 120 0
      vertex 15.25 120 3
    endloop
  endfacet
  facet normal 0.0792995 -0.996851 0
    outer loop
      vertex 6.64802 122.222 0
      vertex 7 122.25 3
      vertex 6.64802 122.222 3
    endloop
  endfacet
  facet normal 0.0792995 -0.996851 0
    outer loop
      vertex 7 122.25 3
      vertex 6.64802 122.222 0
      vertex 7 122.25 0
    endloop
  endfacet
  facet normal 0.759837 -0.650114 0
    outer loop
      vertex 5.17971 121.323 3
      vertex 5.40901 121.591 0
      vertex 5.40901 121.591 3
    endloop
  endfacet
  facet normal 0.759837 -0.650114 0
    outer loop
      vertex 5.40901 121.591 0
      vertex 5.17971 121.323 3
      vertex 5.17971 121.323 0
    endloop
  endfacet
  facet normal 0 1 -0
    outer loop
      vertex 13 117.75 0
      vertex 7 117.75 3
      vertex 13 117.75 3
    endloop
  endfacet
  facet normal 0 1 0
    outer loop
      vertex 7 117.75 3
      vertex 13 117.75 0
      vertex 7 117.75 0
    endloop
  endfacet
  facet normal 0.232316 0.97264 -0
    outer loop
      vertex 6.64802 117.778 0
      vertex 6.30471 117.86 3
      vertex 6.64802 117.778 3
    endloop
  endfacet
  facet normal 0.232316 0.97264 0
    outer loop
      vertex 6.30471 117.86 3
      vertex 6.64802 117.778 0
      vertex 6.30471 117.86 0
    endloop
  endfacet
  facet normal -0.079295 0.996851 0
    outer loop
      vertex 13.352 117.778 0
      vertex 13 117.75 3
      vertex 13.352 117.778 3
    endloop
  endfacet
  facet normal -0.079295 0.996851 0
    outer loop
      vertex 13 117.75 3
      vertex 13.352 117.778 0
      vertex 13 117.75 0
    endloop
  endfacet
  facet normal 0.923803 0.382868 0
    outer loop
      vertex 4.99523 118.979 3
      vertex 4.86012 119.305 0
      vertex 4.86012 119.305 3
    endloop
  endfacet
  facet normal 0.923803 0.382868 0
    outer loop
      vertex 4.86012 119.305 0
      vertex 4.99523 118.979 3
      vertex 4.99523 118.979 0
    endloop
  endfacet
  facet normal 0.523573 0.851981 -0
    outer loop
      vertex 5.97852 117.995 0
      vertex 5.67748 118.18 3
      vertex 5.97852 117.995 3
    endloop
  endfacet
  facet normal 0.523573 0.851981 0
    outer loop
      vertex 5.67748 118.18 3
      vertex 5.97852 117.995 0
      vertex 5.67748 118.18 0
    endloop
  endfacet
  facet normal 0.759837 0.650114 0
    outer loop
      vertex 5.40901 118.409 3
      vertex 5.17971 118.677 0
      vertex 5.17971 118.677 3
    endloop
  endfacet
  facet normal 0.759837 0.650114 0
    outer loop
      vertex 5.17971 118.677 0
      vertex 5.40901 118.409 3
      vertex 5.40901 118.409 0
    endloop
  endfacet
  facet normal -0.972336 -0.233587 0
    outer loop
      vertex 15.2223 120.352 0
      vertex 15.1399 120.695 3
      vertex 15.1399 120.695 0
    endloop
  endfacet
  facet normal -0.972336 -0.233587 0
    outer loop
      vertex 15.1399 120.695 3
      vertex 15.2223 120.352 0
      vertex 15.2223 120.352 3
    endloop
  endfacet
  facet normal 0.648964 -0.760819 0
    outer loop
      vertex 5.40901 121.591 0
      vertex 5.67748 121.82 3
      vertex 5.40901 121.591 3
    endloop
  endfacet
  facet normal 0.648964 -0.760819 0
    outer loop
      vertex 5.67748 121.82 3
      vertex 5.40901 121.591 0
      vertex 5.67748 121.82 0
    endloop
  endfacet
  facet normal 0.523573 -0.851981 0
    outer loop
      vertex 5.67748 121.82 0
      vertex 5.97852 122.005 3
      vertex 5.67748 121.82 3
    endloop
  endfacet
  facet normal 0.523573 -0.851981 0
    outer loop
      vertex 5.97852 122.005 3
      vertex 5.67748 121.82 0
      vertex 5.97852 122.005 0
    endloop
  endfacet
  facet normal 0.382412 -0.923992 0
    outer loop
      vertex 5.97852 122.005 0
      vertex 6.30471 122.14 3
      vertex 5.97852 122.005 3
    endloop
  endfacet
  facet normal 0.382412 -0.923992 0
    outer loop
      vertex 6.30471 122.14 3
      vertex 5.97852 122.005 0
      vertex 6.30471 122.14 0
    endloop
  endfacet
  facet normal 0.853377 -0.521295 0
    outer loop
      vertex 4.99523 121.021 3
      vertex 5.17971 121.323 0
      vertex 5.17971 121.323 3
    endloop
  endfacet
  facet normal 0.853377 -0.521295 0
    outer loop
      vertex 5.17971 121.323 0
      vertex 4.99523 121.021 3
      vertex 4.99523 121.021 0
    endloop
  endfacet
  facet normal -0.759837 0.650114 0
    outer loop
      vertex 14.591 118.409 0
      vertex 14.8203 118.677 3
      vertex 14.8203 118.677 0
    endloop
  endfacet
  facet normal -0.759837 0.650114 0
    outer loop
      vertex 14.8203 118.677 3
      vertex 14.591 118.409 0
      vertex 14.591 118.409 3
    endloop
  endfacet
  facet normal 0.0792995 0.996851 -0
    outer loop
      vertex 7 117.75 0
      vertex 6.64802 117.778 3
      vertex 7 117.75 3
    endloop
  endfacet
  facet normal 0.0792995 0.996851 0
    outer loop
      vertex 6.64802 117.778 3
      vertex 7 117.75 0
      vertex 6.64802 117.778 0
    endloop
  endfacet
  facet normal 0.972323 0.233641 0
    outer loop
      vertex 4.86012 119.305 3
      vertex 4.7777 119.648 0
      vertex 4.7777 119.648 3
    endloop
  endfacet
  facet normal 0.972323 0.233641 0
    outer loop
      vertex 4.7777 119.648 0
      vertex 4.86012 119.305 3
      vertex 4.86012 119.305 0
    endloop
  endfacet
  facet normal 0.853377 0.521295 0
    outer loop
      vertex 5.17971 118.677 3
      vertex 4.99523 118.979 0
      vertex 4.99523 118.979 3
    endloop
  endfacet
  facet normal 0.853377 0.521295 0
    outer loop
      vertex 4.99523 118.979 0
      vertex 5.17971 118.677 3
      vertex 5.17971 118.677 0
    endloop
  endfacet
  facet normal 0.382412 0.923992 -0
    outer loop
      vertex 6.30471 117.86 0
      vertex 5.97852 117.995 3
      vertex 6.30471 117.86 3
    endloop
  endfacet
  facet normal 0.382412 0.923992 0
    outer loop
      vertex 5.97852 117.995 3
      vertex 6.30471 117.86 0
      vertex 5.97852 117.995 0
    endloop
  endfacet
  facet normal 0.648964 0.760819 -0
    outer loop
      vertex 5.67748 118.18 0
      vertex 5.40901 118.409 3
      vertex 5.67748 118.18 3
    endloop
  endfacet
  facet normal 0.648964 0.760819 0
    outer loop
      vertex 5.40901 118.409 3
      vertex 5.67748 118.18 0
      vertex 5.40901 118.409 0
    endloop
  endfacet
  facet normal -0.232323 -0.972639 0
    outer loop
      vertex 13.352 122.222 0
      vertex 13.6953 122.14 3
      vertex 13.352 122.222 3
    endloop
  endfacet
  facet normal -0.232323 -0.972639 -0
    outer loop
      vertex 13.6953 122.14 3
      vertex 13.352 122.222 0
      vertex 13.6953 122.14 0
    endloop
  endfacet
  facet normal -0.382402 -0.923996 0
    outer loop
      vertex 13.6953 122.14 0
      vertex 14.0215 122.005 3
      vertex 13.6953 122.14 3
    endloop
  endfacet
  facet normal -0.382402 -0.923996 -0
    outer loop
      vertex 14.0215 122.005 3
      vertex 13.6953 122.14 0
      vertex 14.0215 122.005 0
    endloop
  endfacet
  facet normal 0.923803 -0.382868 0
    outer loop
      vertex 4.86012 120.695 3
      vertex 4.99523 121.021 0
      vertex 4.99523 121.021 3
    endloop
  endfacet
  facet normal 0.923803 -0.382868 0
    outer loop
      vertex 4.99523 121.021 0
      vertex 4.86012 120.695 3
      vertex 4.86012 120.695 0
    endloop
  endfacet
  facet normal -0.523624 0.85195 0
    outer loop
      vertex 14.3225 118.18 0
      vertex 14.0215 117.995 3
      vertex 14.3225 118.18 3
    endloop
  endfacet
  facet normal -0.523624 0.85195 0
    outer loop
      vertex 14.0215 117.995 3
      vertex 14.3225 118.18 0
      vertex 14.0215 117.995 0
    endloop
  endfacet
  facet normal -0.648922 0.760855 0
    outer loop
      vertex 14.591 118.409 0
      vertex 14.3225 118.18 3
      vertex 14.591 118.409 3
    endloop
  endfacet
  facet normal -0.648922 0.760855 0
    outer loop
      vertex 14.3225 118.18 3
      vertex 14.591 118.409 0
      vertex 14.3225 118.18 0
    endloop
  endfacet
  facet normal -0.853352 0.521336 0
    outer loop
      vertex 14.8203 118.677 0
      vertex 15.0048 118.979 3
      vertex 15.0048 118.979 0
    endloop
  endfacet
  facet normal -0.853352 0.521336 0
    outer loop
      vertex 15.0048 118.979 3
      vertex 14.8203 118.677 0
      vertex 14.8203 118.677 3
    endloop
  endfacet
  facet normal -0.923813 0.382844 0
    outer loop
      vertex 15.0048 118.979 0
      vertex 15.1399 119.305 3
      vertex 15.1399 119.305 0
    endloop
  endfacet
  facet normal -0.923813 0.382844 0
    outer loop
      vertex 15.1399 119.305 3
      vertex 15.0048 118.979 0
      vertex 15.0048 118.979 3
    endloop
  endfacet
  facet normal -0.972336 0.233587 0
    outer loop
      vertex 15.1399 119.305 0
      vertex 15.2223 119.648 3
      vertex 15.2223 119.648 0
    endloop
  endfacet
  facet normal -0.972336 0.233587 0
    outer loop
      vertex 15.2223 119.648 3
      vertex 15.1399 119.305 0
      vertex 15.1399 119.305 3
    endloop
  endfacet
  facet normal -0.382402 0.923996 0
    outer loop
      vertex 14.0215 117.995 0
      vertex 13.6953 117.86 3
      vertex 14.0215 117.995 3
    endloop
  endfacet
  facet normal -0.382402 0.923996 0
    outer loop
      vertex 13.6953 117.86 3
      vertex 14.0215 117.995 0
      vertex 13.6953 117.86 0
    endloop
  endfacet
  facet normal -0.232323 0.972639 0
    outer loop
      vertex 13.6953 117.86 0
      vertex 13.352 117.778 3
      vertex 13.6953 117.86 3
    endloop
  endfacet
  facet normal -0.232323 0.972639 0
    outer loop
      vertex 13.352 117.778 3
      vertex 13.6953 117.86 0
      vertex 13.352 117.778 0
    endloop
  endfacet
  facet normal 0.996851 -0.079295 0
    outer loop
      vertex 184.75 10 3
      vertex 184.778 10.352 0
      vertex 184.778 10.352 3
    endloop
  endfacet
  facet normal 0.996851 -0.079295 0
    outer loop
      vertex 184.778 10.352 0
      vertex 184.75 10 3
      vertex 184.75 10 0
    endloop
  endfacet
  facet normal 0.996851 0.0792995 0
    outer loop
      vertex 184.778 9.64802 3
      vertex 184.75 10 0
      vertex 184.75 10 3
    endloop
  endfacet
  facet normal 0.996851 0.0792995 0
    outer loop
      vertex 184.75 10 0
      vertex 184.778 9.64802 3
      vertex 184.778 9.64802 0
    endloop
  endfacet
  facet normal -0.760855 -0.648922 0
    outer loop
      vertex 194.82 11.3225 0
      vertex 194.591 11.591 3
      vertex 194.591 11.591 0
    endloop
  endfacet
  facet normal -0.760855 -0.648922 0
    outer loop
      vertex 194.591 11.591 3
      vertex 194.82 11.3225 0
      vertex 194.82 11.3225 3
    endloop
  endfacet
  facet normal -0.996851 0.0792995 0
    outer loop
      vertex 195.222 9.64802 0
      vertex 195.25 10 3
      vertex 195.25 10 0
    endloop
  endfacet
  facet normal -0.996851 0.0792995 0
    outer loop
      vertex 195.25 10 3
      vertex 195.222 9.64802 0
      vertex 195.222 9.64802 3
    endloop
  endfacet
  facet normal 0.972639 -0.232323 0
    outer loop
      vertex 184.778 10.352 3
      vertex 184.86 10.6953 0
      vertex 184.86 10.6953 3
    endloop
  endfacet
  facet normal 0.972639 -0.232323 0
    outer loop
      vertex 184.86 10.6953 0
      vertex 184.778 10.352 3
      vertex 184.778 10.352 0
    endloop
  endfacet
  facet normal -0.521336 -0.853352 0
    outer loop
      vertex 194.021 12.0048 0
      vertex 194.323 11.8203 3
      vertex 194.021 12.0048 3
    endloop
  endfacet
  facet normal -0.521336 -0.853352 -0
    outer loop
      vertex 194.323 11.8203 3
      vertex 194.021 12.0048 0
      vertex 194.323 11.8203 0
    endloop
  endfacet
  facet normal -0.923996 -0.382402 0
    outer loop
      vertex 195.14 10.6953 0
      vertex 195.005 11.0215 3
      vertex 195.005 11.0215 0
    endloop
  endfacet
  facet normal -0.923996 -0.382402 0
    outer loop
      vertex 195.005 11.0215 3
      vertex 195.14 10.6953 0
      vertex 195.14 10.6953 3
    endloop
  endfacet
  facet normal 0.233587 -0.972336 0
    outer loop
      vertex 186.305 12.1399 0
      vertex 186.648 12.2223 3
      vertex 186.305 12.1399 3
    endloop
  endfacet
  facet normal 0.233587 -0.972336 0
    outer loop
      vertex 186.648 12.2223 3
      vertex 186.305 12.1399 0
      vertex 186.648 12.2223 0
    endloop
  endfacet
  facet normal 0 -1 0
    outer loop
      vertex 187 12.25 0
      vertex 193 12.25 3
      vertex 187 12.25 3
    endloop
  endfacet
  facet normal 0 -1 -0
    outer loop
      vertex 193 12.25 3
      vertex 187 12.25 0
      vertex 193 12.25 0
    endloop
  endfacet
  facet normal -0.0784506 -0.996918 0
    outer loop
      vertex 193 12.25 0
      vertex 193.352 12.2223 3
      vertex 193 12.25 3
    endloop
  endfacet
  facet normal -0.0784506 -0.996918 -0
    outer loop
      vertex 193.352 12.2223 3
      vertex 193 12.25 0
      vertex 193.352 12.2223 0
    endloop
  endfacet
  facet normal -0.650114 -0.759837 0
    outer loop
      vertex 194.323 11.8203 0
      vertex 194.591 11.591 3
      vertex 194.323 11.8203 3
    endloop
  endfacet
  facet normal -0.650114 -0.759837 -0
    outer loop
      vertex 194.591 11.591 3
      vertex 194.323 11.8203 0
      vertex 194.591 11.591 0
    endloop
  endfacet
  facet normal -0.85195 -0.523624 0
    outer loop
      vertex 195.005 11.0215 0
      vertex 194.82 11.3225 3
      vertex 194.82 11.3225 0
    endloop
  endfacet
  facet normal -0.85195 -0.523624 0
    outer loop
      vertex 194.82 11.3225 3
      vertex 195.005 11.0215 0
      vertex 195.005 11.0215 3
    endloop
  endfacet
  facet normal -0.996851 -0.079295 0
    outer loop
      vertex 195.25 10 0
      vertex 195.222 10.352 3
      vertex 195.222 10.352 0
    endloop
  endfacet
  facet normal -0.996851 -0.079295 0
    outer loop
      vertex 195.222 10.352 3
      vertex 195.25 10 0
      vertex 195.25 10 3
    endloop
  endfacet
  facet normal 0.0784506 -0.996918 0
    outer loop
      vertex 186.648 12.2223 0
      vertex 187 12.25 3
      vertex 186.648 12.2223 3
    endloop
  endfacet
  facet normal 0.0784506 -0.996918 0
    outer loop
      vertex 187 12.25 3
      vertex 186.648 12.2223 0
      vertex 187 12.25 0
    endloop
  endfacet
  facet normal 0.760855 -0.648922 0
    outer loop
      vertex 185.18 11.3225 3
      vertex 185.409 11.591 0
      vertex 185.409 11.591 3
    endloop
  endfacet
  facet normal 0.760855 -0.648922 0
    outer loop
      vertex 185.409 11.591 0
      vertex 185.18 11.3225 3
      vertex 185.18 11.3225 0
    endloop
  endfacet
  facet normal 0 1 -0
    outer loop
      vertex 193 7.75 0
      vertex 187 7.75 3
      vertex 193 7.75 3
    endloop
  endfacet
  facet normal 0 1 0
    outer loop
      vertex 187 7.75 3
      vertex 193 7.75 0
      vertex 187 7.75 0
    endloop
  endfacet
  facet normal 0.233641 0.972323 -0
    outer loop
      vertex 186.648 7.7777 0
      vertex 186.305 7.86012 3
      vertex 186.648 7.7777 3
    endloop
  endfacet
  facet normal 0.233641 0.972323 0
    outer loop
      vertex 186.305 7.86012 3
      vertex 186.648 7.7777 0
      vertex 186.305 7.86012 0
    endloop
  endfacet
  facet normal -0.0784506 0.996918 0
    outer loop
      vertex 193.352 7.7777 0
      vertex 193 7.75 3
      vertex 193.352 7.7777 3
    endloop
  endfacet
  facet normal -0.0784506 0.996918 0
    outer loop
      vertex 193 7.75 3
      vertex 193.352 7.7777 0
      vertex 193 7.75 0
    endloop
  endfacet
  facet normal 0.923992 0.382412 0
    outer loop
      vertex 184.995 8.97852 3
      vertex 184.86 9.30471 0
      vertex 184.86 9.30471 3
    endloop
  endfacet
  facet normal 0.923992 0.382412 0
    outer loop
      vertex 184.86 9.30471 0
      vertex 184.995 8.97852 3
      vertex 184.995 8.97852 0
    endloop
  endfacet
  facet normal 0.521295 0.853377 -0
    outer loop
      vertex 185.979 7.99523 0
      vertex 185.677 8.17971 3
      vertex 185.979 7.99523 3
    endloop
  endfacet
  facet normal 0.521295 0.853377 0
    outer loop
      vertex 185.677 8.17971 3
      vertex 185.979 7.99523 0
      vertex 185.677 8.17971 0
    endloop
  endfacet
  facet normal 0.760819 0.648964 0
    outer loop
      vertex 185.409 8.40901 3
      vertex 185.18 8.67748 0
      vertex 185.18 8.67748 3
    endloop
  endfacet
  facet normal 0.760819 0.648964 0
    outer loop
      vertex 185.18 8.67748 0
      vertex 185.409 8.40901 3
      vertex 185.409 8.40901 0
    endloop
  endfacet
  facet normal -0.972639 -0.232323 0
    outer loop
      vertex 195.222 10.352 0
      vertex 195.14 10.6953 3
      vertex 195.14 10.6953 0
    endloop
  endfacet
  facet normal -0.972639 -0.232323 0
    outer loop
      vertex 195.14 10.6953 3
      vertex 195.222 10.352 0
      vertex 195.222 10.352 3
    endloop
  endfacet
  facet normal 0.650114 -0.759837 0
    outer loop
      vertex 185.409 11.591 0
      vertex 185.677 11.8203 3
      vertex 185.409 11.591 3
    endloop
  endfacet
  facet normal 0.650114 -0.759837 0
    outer loop
      vertex 185.677 11.8203 3
      vertex 185.409 11.591 0
      vertex 185.677 11.8203 0
    endloop
  endfacet
  facet normal 0.521336 -0.853352 0
    outer loop
      vertex 185.677 11.8203 0
      vertex 185.979 12.0048 3
      vertex 185.677 11.8203 3
    endloop
  endfacet
  facet normal 0.521336 -0.853352 0
    outer loop
      vertex 185.979 12.0048 3
      vertex 185.677 11.8203 0
      vertex 185.979 12.0048 0
    endloop
  endfacet
  facet normal 0.382844 -0.923813 0
    outer loop
      vertex 185.979 12.0048 0
      vertex 186.305 12.1399 3
      vertex 185.979 12.0048 3
    endloop
  endfacet
  facet normal 0.382844 -0.923813 0
    outer loop
      vertex 186.305 12.1399 3
      vertex 185.979 12.0048 0
      vertex 186.305 12.1399 0
    endloop
  endfacet
  facet normal 0.85195 -0.523624 0
    outer loop
      vertex 184.995 11.0215 3
      vertex 185.18 11.3225 0
      vertex 185.18 11.3225 3
    endloop
  endfacet
  facet normal 0.85195 -0.523624 0
    outer loop
      vertex 185.18 11.3225 0
      vertex 184.995 11.0215 3
      vertex 184.995 11.0215 0
    endloop
  endfacet
  facet normal -0.760819 0.648964 0
    outer loop
      vertex 194.591 8.40901 0
      vertex 194.82 8.67748 3
      vertex 194.82 8.67748 0
    endloop
  endfacet
  facet normal -0.760819 0.648964 0
    outer loop
      vertex 194.82 8.67748 3
      vertex 194.591 8.40901 0
      vertex 194.591 8.40901 3
    endloop
  endfacet
  facet normal 0.0784506 0.996918 -0
    outer loop
      vertex 187 7.75 0
      vertex 186.648 7.7777 3
      vertex 187 7.75 3
    endloop
  endfacet
  facet normal 0.0784506 0.996918 0
    outer loop
      vertex 186.648 7.7777 3
      vertex 187 7.75 0
      vertex 186.648 7.7777 0
    endloop
  endfacet
  facet normal 0.97264 0.232316 0
    outer loop
      vertex 184.86 9.30471 3
      vertex 184.778 9.64802 0
      vertex 184.778 9.64802 3
    endloop
  endfacet
  facet normal 0.97264 0.232316 0
    outer loop
      vertex 184.778 9.64802 0
      vertex 184.86 9.30471 3
      vertex 184.86 9.30471 0
    endloop
  endfacet
  facet normal 0.851981 0.523573 0
    outer loop
      vertex 185.18 8.67748 3
      vertex 184.995 8.97852 0
      vertex 184.995 8.97852 3
    endloop
  endfacet
  facet normal 0.851981 0.523573 0
    outer loop
      vertex 184.995 8.97852 0
      vertex 185.18 8.67748 3
      vertex 185.18 8.67748 0
    endloop
  endfacet
  facet normal 0.382868 0.923803 -0
    outer loop
      vertex 186.305 7.86012 0
      vertex 185.979 7.99523 3
      vertex 186.305 7.86012 3
    endloop
  endfacet
  facet normal 0.382868 0.923803 0
    outer loop
      vertex 185.979 7.99523 3
      vertex 186.305 7.86012 0
      vertex 185.979 7.99523 0
    endloop
  endfacet
  facet normal 0.650114 0.759837 -0
    outer loop
      vertex 185.677 8.17971 0
      vertex 185.409 8.40901 3
      vertex 185.677 8.17971 3
    endloop
  endfacet
  facet normal 0.650114 0.759837 0
    outer loop
      vertex 185.409 8.40901 3
      vertex 185.677 8.17971 0
      vertex 185.409 8.40901 0
    endloop
  endfacet
  facet normal -0.233587 -0.972336 0
    outer loop
      vertex 193.352 12.2223 0
      vertex 193.695 12.1399 3
      vertex 193.352 12.2223 3
    endloop
  endfacet
  facet normal -0.233587 -0.972336 -0
    outer loop
      vertex 193.695 12.1399 3
      vertex 193.352 12.2223 0
      vertex 193.695 12.1399 0
    endloop
  endfacet
  facet normal -0.382844 -0.923813 0
    outer loop
      vertex 193.695 12.1399 0
      vertex 194.021 12.0048 3
      vertex 193.695 12.1399 3
    endloop
  endfacet
  facet normal -0.382844 -0.923813 -0
    outer loop
      vertex 194.021 12.0048 3
      vertex 193.695 12.1399 0
      vertex 194.021 12.0048 0
    endloop
  endfacet
  facet normal 0.923996 -0.382402 0
    outer loop
      vertex 184.86 10.6953 3
      vertex 184.995 11.0215 0
      vertex 184.995 11.0215 3
    endloop
  endfacet
  facet normal 0.923996 -0.382402 0
    outer loop
      vertex 184.995 11.0215 0
      vertex 184.86 10.6953 3
      vertex 184.86 10.6953 0
    endloop
  endfacet
  facet normal -0.521295 0.853377 0
    outer loop
      vertex 194.323 8.17971 0
      vertex 194.021 7.99523 3
      vertex 194.323 8.17971 3
    endloop
  endfacet
  facet normal -0.521295 0.853377 0
    outer loop
      vertex 194.021 7.99523 3
      vertex 194.323 8.17971 0
      vertex 194.021 7.99523 0
    endloop
  endfacet
  facet normal -0.650114 0.759837 0
    outer loop
      vertex 194.591 8.40901 0
      vertex 194.323 8.17971 3
      vertex 194.591 8.40901 3
    endloop
  endfacet
  facet normal -0.650114 0.759837 0
    outer loop
      vertex 194.323 8.17971 3
      vertex 194.591 8.40901 0
      vertex 194.323 8.17971 0
    endloop
  endfacet
  facet normal -0.851981 0.523573 0
    outer loop
      vertex 194.82 8.67748 0
      vertex 195.005 8.97852 3
      vertex 195.005 8.97852 0
    endloop
  endfacet
  facet normal -0.851981 0.523573 0
    outer loop
      vertex 195.005 8.97852 3
      vertex 194.82 8.67748 0
      vertex 194.82 8.67748 3
    endloop
  endfacet
  facet normal -0.923992 0.382412 0
    outer loop
      vertex 195.005 8.97852 0
      vertex 195.14 9.30471 3
      vertex 195.14 9.30471 0
    endloop
  endfacet
  facet normal -0.923992 0.382412 0
    outer loop
      vertex 195.14 9.30471 3
      vertex 195.005 8.97852 0
      vertex 195.005 8.97852 3
    endloop
  endfacet
  facet normal -0.97264 0.232316 0
    outer loop
      vertex 195.14 9.30471 0
      vertex 195.222 9.64802 3
      vertex 195.222 9.64802 0
    endloop
  endfacet
  facet normal -0.97264 0.232316 0
    outer loop
      vertex 195.222 9.64802 3
      vertex 195.14 9.30471 0
      vertex 195.14 9.30471 3
    endloop
  endfacet
  facet normal -0.382868 0.923803 0
    outer loop
      vertex 194.021 7.99523 0
      vertex 193.695 7.86012 3
      vertex 194.021 7.99523 3
    endloop
  endfacet
  facet normal -0.382868 0.923803 0
    outer loop
      vertex 193.695 7.86012 3
      vertex 194.021 7.99523 0
      vertex 193.695 7.86012 0
    endloop
  endfacet
  facet normal -0.233641 0.972323 0
    outer loop
      vertex 193.695 7.86012 0
      vertex 193.352 7.7777 3
      vertex 193.695 7.86012 3
    endloop
  endfacet
  facet normal -0.233641 0.972323 0
    outer loop
      vertex 193.352 7.7777 3
      vertex 193.695 7.86012 0
      vertex 193.352 7.7777 0
    endloop
  endfacet
  facet normal 0.996851 -0.079295 0
    outer loop
      vertex 184.75 120 3
      vertex 184.778 120.352 0
      vertex 184.778 120.352 3
    endloop
  endfacet
  facet normal 0.996851 -0.079295 0
    outer loop
      vertex 184.778 120.352 0
      vertex 184.75 120 3
      vertex 184.75 120 0
    endloop
  endfacet
  facet normal 0.996851 0.079295 0
    outer loop
      vertex 184.778 119.648 3
      vertex 184.75 120 0
      vertex 184.75 120 3
    endloop
  endfacet
  facet normal 0.996851 0.079295 0
    outer loop
      vertex 184.75 120 0
      vertex 184.778 119.648 3
      vertex 184.778 119.648 0
    endloop
  endfacet
  facet normal -0.760257 -0.649623 0
    outer loop
      vertex 194.82 121.323 0
      vertex 194.591 121.591 3
      vertex 194.591 121.591 0
    endloop
  endfacet
  facet normal -0.760257 -0.649623 0
    outer loop
      vertex 194.591 121.591 3
      vertex 194.82 121.323 0
      vertex 194.82 121.323 3
    endloop
  endfacet
  facet normal -0.996851 0.079295 0
    outer loop
      vertex 195.222 119.648 0
      vertex 195.25 120 3
      vertex 195.25 120 0
    endloop
  endfacet
  facet normal -0.996851 0.079295 0
    outer loop
      vertex 195.25 120 3
      vertex 195.222 119.648 0
      vertex 195.222 119.648 3
    endloop
  endfacet
  facet normal 0.972593 -0.232515 0
    outer loop
      vertex 184.778 120.352 3
      vertex 184.86 120.695 0
      vertex 184.86 120.695 3
    endloop
  endfacet
  facet normal 0.972593 -0.232515 0
    outer loop
      vertex 184.86 120.695 0
      vertex 184.778 120.352 3
      vertex 184.778 120.352 0
    endloop
  endfacet
  facet normal -0.522363 -0.852723 0
    outer loop
      vertex 194.021 122.005 0
      vertex 194.323 121.82 3
      vertex 194.021 122.005 3
    endloop
  endfacet
  facet normal -0.522363 -0.852723 -0
    outer loop
      vertex 194.323 121.82 3
      vertex 194.021 122.005 0
      vertex 194.323 121.82 0
    endloop
  endfacet
  facet normal -0.923913 -0.382602 0
    outer loop
      vertex 195.14 120.695 0
      vertex 195.005 121.021 3
      vertex 195.005 121.021 0
    endloop
  endfacet
  facet normal -0.923913 -0.382602 0
    outer loop
      vertex 195.005 121.021 3
      vertex 195.14 120.695 0
      vertex 195.14 120.695 3
    endloop
  endfacet
  facet normal 0.232515 -0.972593 0
    outer loop
      vertex 186.305 122.14 0
      vertex 186.648 122.222 3
      vertex 186.305 122.14 3
    endloop
  endfacet
  facet normal 0.232515 -0.972593 0
    outer loop
      vertex 186.648 122.222 3
      vertex 186.305 122.14 0
      vertex 186.648 122.222 0
    endloop
  endfacet
  facet normal 0 -1 0
    outer loop
      vertex 187 122.25 0
      vertex 193 122.25 3
      vertex 187 122.25 3
    endloop
  endfacet
  facet normal 0 -1 -0
    outer loop
      vertex 193 122.25 3
      vertex 187 122.25 0
      vertex 193 122.25 0
    endloop
  endfacet
  facet normal -0.079295 -0.996851 0
    outer loop
      vertex 193 122.25 0
      vertex 193.352 122.222 3
      vertex 193 122.25 3
    endloop
  endfacet
  facet normal -0.079295 -0.996851 -0
    outer loop
      vertex 193.352 122.222 3
      vertex 193 122.25 0
      vertex 193.352 122.222 0
    endloop
  endfacet
  facet normal -0.649623 -0.760257 0
    outer loop
      vertex 194.323 121.82 0
      vertex 194.591 121.591 3
      vertex 194.323 121.82 3
    endloop
  endfacet
  facet normal -0.649623 -0.760257 -0
    outer loop
      vertex 194.591 121.591 3
      vertex 194.323 121.82 0
      vertex 194.591 121.591 0
    endloop
  endfacet
  facet normal -0.852723 -0.522363 0
    outer loop
      vertex 195.005 121.021 0
      vertex 194.82 121.323 3
      vertex 194.82 121.323 0
    endloop
  endfacet
  facet normal -0.852723 -0.522363 0
    outer loop
      vertex 194.82 121.323 3
      vertex 195.005 121.021 0
      vertex 195.005 121.021 3
    endloop
  endfacet
  facet normal -0.996851 -0.079295 0
    outer loop
      vertex 195.25 120 0
      vertex 195.222 120.352 3
      vertex 195.222 120.352 0
    endloop
  endfacet
  facet normal -0.996851 -0.079295 0
    outer loop
      vertex 195.222 120.352 3
      vertex 195.25 120 0
      vertex 195.25 120 3
    endloop
  endfacet
  facet normal 0.079295 -0.996851 0
    outer loop
      vertex 186.648 122.222 0
      vertex 187 122.25 3
      vertex 186.648 122.222 3
    endloop
  endfacet
  facet normal 0.079295 -0.996851 0
    outer loop
      vertex 187 122.25 3
      vertex 186.648 122.222 0
      vertex 187 122.25 0
    endloop
  endfacet
  facet normal 0.760257 -0.649623 0
    outer loop
      vertex 185.18 121.323 3
      vertex 185.409 121.591 0
      vertex 185.409 121.591 3
    endloop
  endfacet
  facet normal 0.760257 -0.649623 0
    outer loop
      vertex 185.409 121.591 0
      vertex 185.18 121.323 3
      vertex 185.18 121.323 0
    endloop
  endfacet
  facet normal 0 1 -0
    outer loop
      vertex 193 117.75 0
      vertex 187 117.75 3
      vertex 193 117.75 3
    endloop
  endfacet
  facet normal 0 1 0
    outer loop
      vertex 187 117.75 3
      vertex 193 117.75 0
      vertex 187 117.75 0
    endloop
  endfacet
  facet normal 0.232515 0.972593 -0
    outer loop
      vertex 186.648 117.778 0
      vertex 186.305 117.86 3
      vertex 186.648 117.778 3
    endloop
  endfacet
  facet normal 0.232515 0.972593 0
    outer loop
      vertex 186.305 117.86 3
      vertex 186.648 117.778 0
      vertex 186.305 117.86 0
    endloop
  endfacet
  facet normal -0.079295 0.996851 0
    outer loop
      vertex 193.352 117.778 0
      vertex 193 117.75 3
      vertex 193.352 117.778 3
    endloop
  endfacet
  facet normal -0.079295 0.996851 0
    outer loop
      vertex 193 117.75 3
      vertex 193.352 117.778 0
      vertex 193 117.75 0
    endloop
  endfacet
  facet normal 0.923913 0.382602 0
    outer loop
      vertex 184.995 118.979 3
      vertex 184.86 119.305 0
      vertex 184.86 119.305 3
    endloop
  endfacet
  facet normal 0.923913 0.382602 0
    outer loop
      vertex 184.86 119.305 0
      vertex 184.995 118.979 3
      vertex 184.995 118.979 0
    endloop
  endfacet
  facet normal 0.522363 0.852723 -0
    outer loop
      vertex 185.979 117.995 0
      vertex 185.677 118.18 3
      vertex 185.979 117.995 3
    endloop
  endfacet
  facet normal 0.522363 0.852723 0
    outer loop
      vertex 185.677 118.18 3
      vertex 185.979 117.995 0
      vertex 185.677 118.18 0
    endloop
  endfacet
  facet normal 0.760257 0.649623 0
    outer loop
      vertex 185.409 118.409 3
      vertex 185.18 118.677 0
      vertex 185.18 118.677 3
    endloop
  endfacet
  facet normal 0.760257 0.649623 0
    outer loop
      vertex 185.18 118.677 0
      vertex 185.409 118.409 3
      vertex 185.409 118.409 0
    endloop
  endfacet
  facet normal -0.972593 -0.232515 0
    outer loop
      vertex 195.222 120.352 0
      vertex 195.14 120.695 3
      vertex 195.14 120.695 0
    endloop
  endfacet
  facet normal -0.972593 -0.232515 0
    outer loop
      vertex 195.14 120.695 3
      vertex 195.222 120.352 0
      vertex 195.222 120.352 3
    endloop
  endfacet
  facet normal 0.649623 -0.760257 0
    outer loop
      vertex 185.409 121.591 0
      vertex 185.677 121.82 3
      vertex 185.409 121.591 3
    endloop
  endfacet
  facet normal 0.649623 -0.760257 0
    outer loop
      vertex 185.677 121.82 3
      vertex 185.409 121.591 0
      vertex 185.677 121.82 0
    endloop
  endfacet
  facet normal 0.522363 -0.852723 0
    outer loop
      vertex 185.677 121.82 0
      vertex 185.979 122.005 3
      vertex 185.677 121.82 3
    endloop
  endfacet
  facet normal 0.522363 -0.852723 0
    outer loop
      vertex 185.979 122.005 3
      vertex 185.677 121.82 0
      vertex 185.979 122.005 0
    endloop
  endfacet
  facet normal 0.382602 -0.923913 0
    outer loop
      vertex 185.979 122.005 0
      vertex 186.305 122.14 3
      vertex 185.979 122.005 3
    endloop
  endfacet
  facet normal 0.382602 -0.923913 0
    outer loop
      vertex 186.305 122.14 3
      vertex 185.979 122.005 0
      vertex 186.305 122.14 0
    endloop
  endfacet
  facet normal 0.852723 -0.522363 0
    outer loop
      vertex 184.995 121.021 3
      vertex 185.18 121.323 0
      vertex 185.18 121.323 3
    endloop
  endfacet
  facet normal 0.852723 -0.522363 0
    outer loop
      vertex 185.18 121.323 0
      vertex 184.995 121.021 3
      vertex 184.995 121.021 0
    endloop
  endfacet
  facet normal -0.760257 0.649623 0
    outer loop
      vertex 194.591 118.409 0
      vertex 194.82 118.677 3
      vertex 194.82 118.677 0
    endloop
  endfacet
  facet normal -0.760257 0.649623 0
    outer loop
      vertex 194.82 118.677 3
      vertex 194.591 118.409 0
      vertex 194.591 118.409 3
    endloop
  endfacet
  facet normal 0.079295 0.996851 -0
    outer loop
      vertex 187 117.75 0
      vertex 186.648 117.778 3
      vertex 187 117.75 3
    endloop
  endfacet
  facet normal 0.079295 0.996851 0
    outer loop
      vertex 186.648 117.778 3
      vertex 187 117.75 0
      vertex 186.648 117.778 0
    endloop
  endfacet
  facet normal 0.972593 0.232515 0
    outer loop
      vertex 184.86 119.305 3
      vertex 184.778 119.648 0
      vertex 184.778 119.648 3
    endloop
  endfacet
  facet normal 0.972593 0.232515 0
    outer loop
      vertex 184.778 119.648 0
      vertex 184.86 119.305 3
      vertex 184.86 119.305 0
    endloop
  endfacet
  facet normal 0.852723 0.522363 0
    outer loop
      vertex 185.18 118.677 3
      vertex 184.995 118.979 0
      vertex 184.995 118.979 3
    endloop
  endfacet
  facet normal 0.852723 0.522363 0
    outer loop
      vertex 184.995 118.979 0
      vertex 185.18 118.677 3
      vertex 185.18 118.677 0
    endloop
  endfacet
  facet normal 0.382602 0.923913 -0
    outer loop
      vertex 186.305 117.86 0
      vertex 185.979 117.995 3
      vertex 186.305 117.86 3
    endloop
  endfacet
  facet normal 0.382602 0.923913 0
    outer loop
      vertex 185.979 117.995 3
      vertex 186.305 117.86 0
      vertex 185.979 117.995 0
    endloop
  endfacet
  facet normal 0.649623 0.760257 -0
    outer loop
      vertex 185.677 118.18 0
      vertex 185.409 118.409 3
      vertex 185.677 118.18 3
    endloop
  endfacet
  facet normal 0.649623 0.760257 0
    outer loop
      vertex 185.409 118.409 3
      vertex 185.677 118.18 0
      vertex 185.409 118.409 0
    endloop
  endfacet
  facet normal -0.232515 -0.972593 0
    outer loop
      vertex 193.352 122.222 0
      vertex 193.695 122.14 3
      vertex 193.352 122.222 3
    endloop
  endfacet
  facet normal -0.232515 -0.972593 -0
    outer loop
      vertex 193.695 122.14 3
      vertex 193.352 122.222 0
      vertex 193.695 122.14 0
    endloop
  endfacet
  facet normal -0.382602 -0.923913 0
    outer loop
      vertex 193.695 122.14 0
      vertex 194.021 122.005 3
      vertex 193.695 122.14 3
    endloop
  endfacet
  facet normal -0.382602 -0.923913 -0
    outer loop
      vertex 194.021 122.005 3
      vertex 193.695 122.14 0
      vertex 194.021 122.005 0
    endloop
  endfacet
  facet normal 0.923913 -0.382602 0
    outer loop
      vertex 184.86 120.695 3
      vertex 184.995 121.021 0
      vertex 184.995 121.021 3
    endloop
  endfacet
  facet normal 0.923913 -0.382602 0
    outer loop
      vertex 184.995 121.021 0
      vertex 184.86 120.695 3
      vertex 184.86 120.695 0
    endloop
  endfacet
  facet normal -0.522363 0.852723 0
    outer loop
      vertex 194.323 118.18 0
      vertex 194.021 117.995 3
      vertex 194.323 118.18 3
    endloop
  endfacet
  facet normal -0.522363 0.852723 0
    outer loop
      vertex 194.021 117.995 3
      vertex 194.323 118.18 0
      vertex 194.021 117.995 0
    endloop
  endfacet
  facet normal -0.649623 0.760257 0
    outer loop
      vertex 194.591 118.409 0
      vertex 194.323 118.18 3
      vertex 194.591 118.409 3
    endloop
  endfacet
  facet normal -0.649623 0.760257 0
    outer loop
      vertex 194.323 118.18 3
      vertex 194.591 118.409 0
      vertex 194.323 118.18 0
    endloop
  endfacet
  facet normal -0.852723 0.522363 0
    outer loop
      vertex 194.82 118.677 0
      vertex 195.005 118.979 3
      vertex 195.005 118.979 0
    endloop
  endfacet
  facet normal -0.852723 0.522363 0
    outer loop
      vertex 195.005 118.979 3
      vertex 194.82 118.677 0
      vertex 194.82 118.677 3
    endloop
  endfacet
  facet normal -0.923913 0.382602 0
    outer loop
      vertex 195.005 118.979 0
      vertex 195.14 119.305 3
      vertex 195.14 119.305 0
    endloop
  endfacet
  facet normal -0.923913 0.382602 0
    outer loop
      vertex 195.14 119.305 3
      vertex 195.005 118.979 0
      vertex 195.005 118.979 3
    endloop
  endfacet
  facet normal -0.232515 0.972593 0
    outer loop
      vertex 193.695 117.86 0
      vertex 193.352 117.778 3
      vertex 193.695 117.86 3
    endloop
  endfacet
  facet normal -0.232515 0.972593 0
    outer loop
      vertex 193.352 117.778 3
      vertex 193.695 117.86 0
      vertex 193.352 117.778 0
    endloop
  endfacet
  facet normal -0.972593 0.232515 0
    outer loop
      vertex 195.14 119.305 0
      vertex 195.222 119.648 3
      vertex 195.222 119.648 0
    endloop
  endfacet
  facet normal -0.972593 0.232515 0
    outer loop
      vertex 195.222 119.648 3
      vertex 195.14 119.305 0
      vertex 195.14 119.305 3
    endloop
  endfacet
  facet normal -0.382602 0.923913 0
    outer loop
      vertex 194.021 117.995 0
      vertex 193.695 117.86 3
      vertex 194.021 117.995 3
    endloop
  endfacet
  facet normal -0.382602 0.923913 0
    outer loop
      vertex 193.695 117.86 3
      vertex 194.021 117.995 0
      vertex 193.695 117.86 0
    endloop
  endfacet
endsolid OpenSCAD_Model
