solid OpenSCAD_Model
  facet normal 0.986643 0.1629 0
    outer loop
      vertex 84.2728 11.0947 5
      vertex 83.3667 16.5827 0
      vertex 83.3667 16.5827 5
    endloop
  endfacet
  facet normal 0.986643 0.1629 0
    outer loop
      vertex 83.3667 16.5827 0
      vertex 84.2728 11.0947 5
      vertex 84.2728 11.0947 0
    endloop
  endfacet
  facet normal -0.999465 0.0327206 0
    outer loop
      vertex -85 0 0
      vertex -84.818 5.55927 5
      vertex -84.818 5.55927 0
    endloop
  endfacet
  facet normal -0.999465 0.0327206 0
    outer loop
      vertex -84.818 5.55927 5
      vertex -85 0 0
      vertex -85 0 5
    endloop
  endfacet
  facet normal 0.0327206 0.999465 -0
    outer loop
      vertex 5.55927 84.818 0
      vertex 0 85 5
      vertex 5.55927 84.818 5
    endloop
  endfacet
  facet normal 0.0327206 0.999465 0
    outer loop
      vertex 0 85 5
      vertex 5.55927 84.818 0
      vertex 0 85 0
    endloop
  endfacet
  facet normal -0.812842 -0.582484 0
    outer loop
      vertex -67.435 -51.7447 0
      vertex -70.6749 -47.2235 5
      vertex -70.6749 -47.2235 0
    endloop
  endfacet
  facet normal -0.812842 -0.582484 0
    outer loop
      vertex -70.6749 -47.2235 5
      vertex -67.435 -51.7447 0
      vertex -67.435 -51.7447 5
    endloop
  endfacet
  facet normal 0.973879 0.227069 0
    outer loop
      vertex 83.3667 16.5827 5
      vertex 82.1037 21.9996 0
      vertex 82.1037 21.9996 5
    endloop
  endfacet
  facet normal 0.973879 0.227069 0
    outer loop
      vertex 82.1037 21.9996 0
      vertex 83.3667 16.5827 5
      vertex 83.3667 16.5827 0
    endloop
  endfacet
  facet normal 0.773017 0.634385 0
    outer loop
      vertex 67.435 51.7447 5
      vertex 63.9064 56.0444 0
      vertex 63.9064 56.0444 5
    endloop
  endfacet
  facet normal 0.773017 0.634385 0
    outer loop
      vertex 63.9064 56.0444 0
      vertex 67.435 51.7447 5
      vertex 67.435 51.7447 0
    endloop
  endfacet
  facet normal 0.471391 0.881925 -0
    outer loop
      vertex 42.5 73.6122 0
      vertex 37.5945 76.2342 5
      vertex 42.5 73.6122 5
    endloop
  endfacet
  facet normal 0.471391 0.881925 0
    outer loop
      vertex 37.5945 76.2342 5
      vertex 42.5 73.6122 0
      vertex 37.5945 76.2342 0
    endloop
  endfacet
  facet normal -0.849199 0.528073 0
    outer loop
      vertex -73.6122 42.5 0
      vertex -70.6749 47.2235 5
      vertex -70.6749 47.2235 0
    endloop
  endfacet
  facet normal -0.849199 0.528073 0
    outer loop
      vertex -70.6749 47.2235 5
      vertex -73.6122 42.5 0
      vertex -73.6122 42.5 5
    endloop
  endfacet
  facet normal -0.812842 0.582484 0
    outer loop
      vertex -70.6749 47.2235 0
      vertex -67.435 51.7447 5
      vertex -67.435 51.7447 0
    endloop
  endfacet
  facet normal -0.812842 0.582484 0
    outer loop
      vertex -67.435 51.7447 5
      vertex -70.6749 47.2235 0
      vertex -70.6749 47.2235 5
    endloop
  endfacet
  facet normal -0.634385 0.773017 0
    outer loop
      vertex -51.7447 67.435 0
      vertex -56.0444 63.9064 5
      vertex -51.7447 67.435 5
    endloop
  endfacet
  facet normal -0.634385 0.773017 0
    outer loop
      vertex -56.0444 63.9064 5
      vertex -51.7447 67.435 0
      vertex -56.0444 63.9064 0
    endloop
  endfacet
  facet normal -0.290276 0.956943 0
    outer loop
      vertex -21.9996 82.1037 0
      vertex -27.3224 80.4891 5
      vertex -21.9996 82.1037 5
    endloop
  endfacet
  facet normal -0.290276 0.956943 0
    outer loop
      vertex -27.3224 80.4891 5
      vertex -21.9996 82.1037 0
      vertex -27.3224 80.4891 0
    endloop
  endfacet
  facet normal 0.881925 -0.471391 0
    outer loop
      vertex 73.6122 -42.5 5
      vertex 76.2342 -37.5945 0
      vertex 76.2342 -37.5945 5
    endloop
  endfacet
  facet normal 0.881925 -0.471391 0
    outer loop
      vertex 76.2342 -37.5945 0
      vertex 73.6122 -42.5 5
      vertex 73.6122 -42.5 0
    endloop
  endfacet
  facet normal 0.227069 -0.973879 0
    outer loop
      vertex 16.5827 -83.3667 0
      vertex 21.9996 -82.1037 5
      vertex 16.5827 -83.3667 5
    endloop
  endfacet
  facet normal 0.227069 -0.973879 0
    outer loop
      vertex 21.9996 -82.1037 5
      vertex 16.5827 -83.3667 0
      vertex 21.9996 -82.1037 0
    endloop
  endfacet
  facet normal 0.634385 -0.773017 0
    outer loop
      vertex 51.7447 -67.435 0
      vertex 56.0444 -63.9064 5
      vertex 51.7447 -67.435 5
    endloop
  endfacet
  facet normal 0.634385 -0.773017 0
    outer loop
      vertex 56.0444 -63.9064 5
      vertex 51.7447 -67.435 0
      vertex 56.0444 -63.9064 0
    endloop
  endfacet
  facet normal 0.986643 -0.1629 0
    outer loop
      vertex 83.3667 -16.5827 5
      vertex 84.2728 -11.0947 0
      vertex 84.2728 -11.0947 5
    endloop
  endfacet
  facet normal 0.986643 -0.1629 0
    outer loop
      vertex 84.2728 -11.0947 0
      vertex 83.3667 -16.5827 5
      vertex 83.3667 -16.5827 0
    endloop
  endfacet
  facet normal -0.352252 -0.935905 0
    outer loop
      vertex -32.5281 -78.5298 0
      vertex -27.3224 -80.4891 5
      vertex -32.5281 -78.5298 5
    endloop
  endfacet
  facet normal -0.352252 -0.935905 -0
    outer loop
      vertex -27.3224 -80.4891 5
      vertex -32.5281 -78.5298 0
      vertex -27.3224 -80.4891 0
    endloop
  endfacet
  facet normal -0.528073 -0.849199 0
    outer loop
      vertex -47.2235 -70.6749 0
      vertex -42.5 -73.6122 5
      vertex -47.2235 -70.6749 5
    endloop
  endfacet
  facet normal -0.528073 -0.849199 -0
    outer loop
      vertex -42.5 -73.6122 5
      vertex -47.2235 -70.6749 0
      vertex -42.5 -73.6122 0
    endloop
  endfacet
  facet normal 0.881925 0.471391 0
    outer loop
      vertex 76.2342 37.5945 5
      vertex 73.6122 42.5 0
      vertex 73.6122 42.5 5
    endloop
  endfacet
  facet normal 0.881925 0.471391 0
    outer loop
      vertex 73.6122 42.5 0
      vertex 76.2342 37.5945 5
      vertex 76.2342 37.5945 0
    endloop
  endfacet
  facet normal 0.849199 0.528073 0
    outer loop
      vertex 73.6122 42.5 5
      vertex 70.6749 47.2235 0
      vertex 70.6749 47.2235 5
    endloop
  endfacet
  facet normal 0.849199 0.528073 0
    outer loop
      vertex 70.6749 47.2235 0
      vertex 73.6122 42.5 5
      vertex 73.6122 42.5 0
    endloop
  endfacet
  facet normal 0.227069 0.973879 -0
    outer loop
      vertex 21.9996 82.1037 0
      vertex 16.5827 83.3667 5
      vertex 21.9996 82.1037 5
    endloop
  endfacet
  facet normal 0.227069 0.973879 0
    outer loop
      vertex 16.5827 83.3667 5
      vertex 21.9996 82.1037 0
      vertex 16.5827 83.3667 0
    endloop
  endfacet
  facet normal 0.0980185 0.995185 -0
    outer loop
      vertex 11.0947 84.2728 0
      vertex 5.55927 84.818 5
      vertex 11.0947 84.2728 5
    endloop
  endfacet
  facet normal 0.0980185 0.995185 0
    outer loop
      vertex 5.55927 84.818 5
      vertex 11.0947 84.2728 0
      vertex 5.55927 84.818 0
    endloop
  endfacet
  facet normal 0.634385 0.773017 -0
    outer loop
      vertex 56.0444 63.9064 0
      vertex 51.7447 67.435 5
      vertex 56.0444 63.9064 5
    endloop
  endfacet
  facet normal 0.634385 0.773017 0
    outer loop
      vertex 51.7447 67.435 5
      vertex 56.0444 63.9064 0
      vertex 51.7447 67.435 0
    endloop
  endfacet
  facet normal 0.582484 0.812842 -0
    outer loop
      vertex 51.7447 67.435 0
      vertex 47.2235 70.6749 5
      vertex 51.7447 67.435 5
    endloop
  endfacet
  facet normal 0.582484 0.812842 0
    outer loop
      vertex 47.2235 70.6749 5
      vertex 51.7447 67.435 0
      vertex 47.2235 70.6749 0
    endloop
  endfacet
  facet normal -0.973879 0.227069 0
    outer loop
      vertex -83.3667 16.5827 0
      vertex -82.1037 21.9996 5
      vertex -82.1037 21.9996 0
    endloop
  endfacet
  facet normal -0.973879 0.227069 0
    outer loop
      vertex -82.1037 21.9996 5
      vertex -83.3667 16.5827 0
      vertex -83.3667 16.5827 5
    endloop
  endfacet
  facet normal -0.995185 0.0980185 0
    outer loop
      vertex -84.818 5.55927 0
      vertex -84.2728 11.0947 5
      vertex -84.2728 11.0947 0
    endloop
  endfacet
  facet normal -0.995185 0.0980185 0
    outer loop
      vertex -84.2728 11.0947 5
      vertex -84.818 5.55927 0
      vertex -84.818 5.55927 5
    endloop
  endfacet
  facet normal -0.528073 0.849199 0
    outer loop
      vertex -42.5 73.6122 0
      vertex -47.2235 70.6749 5
      vertex -42.5 73.6122 5
    endloop
  endfacet
  facet normal -0.528073 0.849199 0
    outer loop
      vertex -47.2235 70.6749 5
      vertex -42.5 73.6122 0
      vertex -47.2235 70.6749 0
    endloop
  endfacet
  facet normal -0.0327206 0.999465 0
    outer loop
      vertex 0 85 0
      vertex -5.55927 84.818 5
      vertex 0 85 5
    endloop
  endfacet
  facet normal -0.0327206 0.999465 0
    outer loop
      vertex -5.55927 84.818 5
      vertex 0 85 0
      vertex -5.55927 84.818 0
    endloop
  endfacet
  facet normal 0.999465 -0.0327206 0
    outer loop
      vertex 84.818 -5.55927 5
      vertex 85 0 0
      vertex 85 0 5
    endloop
  endfacet
  facet normal 0.999465 -0.0327206 0
    outer loop
      vertex 85 0 0
      vertex 84.818 -5.55927 5
      vertex 84.818 -5.55927 0
    endloop
  endfacet
  facet normal 0.0327206 -0.999465 0
    outer loop
      vertex 0 -85 0
      vertex 5.55927 -84.818 5
      vertex 0 -85 5
    endloop
  endfacet
  facet normal 0.0327206 -0.999465 0
    outer loop
      vertex 5.55927 -84.818 5
      vertex 0 -85 0
      vertex 5.55927 -84.818 0
    endloop
  endfacet
  facet normal 0.582484 -0.812842 0
    outer loop
      vertex 47.2235 -70.6749 0
      vertex 51.7447 -67.435 5
      vertex 47.2235 -70.6749 5
    endloop
  endfacet
  facet normal 0.582484 -0.812842 0
    outer loop
      vertex 51.7447 -67.435 5
      vertex 47.2235 -70.6749 0
      vertex 51.7447 -67.435 0
    endloop
  endfacet
  facet normal 0.528073 -0.849199 0
    outer loop
      vertex 42.5 -73.6122 0
      vertex 47.2235 -70.6749 5
      vertex 42.5 -73.6122 5
    endloop
  endfacet
  facet normal 0.528073 -0.849199 0
    outer loop
      vertex 47.2235 -70.6749 5
      vertex 42.5 -73.6122 0
      vertex 47.2235 -70.6749 0
    endloop
  endfacet
  facet normal -0.0327206 -0.999465 0
    outer loop
      vertex -5.55927 -84.818 0
      vertex 0 -85 5
      vertex -5.55927 -84.818 5
    endloop
  endfacet
  facet normal -0.0327206 -0.999465 -0
    outer loop
      vertex 0 -85 5
      vertex -5.55927 -84.818 0
      vertex 0 -85 0
    endloop
  endfacet
  facet normal -0.582484 -0.812842 0
    outer loop
      vertex -51.7447 -67.435 0
      vertex -47.2235 -70.6749 5
      vertex -51.7447 -67.435 5
    endloop
  endfacet
  facet normal -0.582484 -0.812842 -0
    outer loop
      vertex -47.2235 -70.6749 5
      vertex -51.7447 -67.435 0
      vertex -47.2235 -70.6749 0
    endloop
  endfacet
  facet normal -0.773017 -0.634385 0
    outer loop
      vertex -63.9064 -56.0444 0
      vertex -67.435 -51.7447 5
      vertex -67.435 -51.7447 0
    endloop
  endfacet
  facet normal -0.773017 -0.634385 0
    outer loop
      vertex -67.435 -51.7447 5
      vertex -63.9064 -56.0444 0
      vertex -63.9064 -56.0444 5
    endloop
  endfacet
  facet normal -0.910861 -0.412714 0
    outer loop
      vertex -76.2342 -37.5945 0
      vertex -78.5298 -32.5281 5
      vertex -78.5298 -32.5281 0
    endloop
  endfacet
  facet normal -0.910861 -0.412714 0
    outer loop
      vertex -78.5298 -32.5281 5
      vertex -76.2342 -37.5945 0
      vertex -76.2342 -37.5945 5
    endloop
  endfacet
  facet normal -0.973879 -0.227069 0
    outer loop
      vertex -82.1037 -21.9996 0
      vertex -83.3667 -16.5827 5
      vertex -83.3667 -16.5827 0
    endloop
  endfacet
  facet normal -0.973879 -0.227069 0
    outer loop
      vertex -83.3667 -16.5827 5
      vertex -82.1037 -21.9996 0
      vertex -82.1037 -21.9996 5
    endloop
  endfacet
  facet normal -0.999465 -0.0327206 0
    outer loop
      vertex -84.818 -5.55927 0
      vertex -85 0 5
      vertex -85 0 0
    endloop
  endfacet
  facet normal -0.999465 -0.0327206 0
    outer loop
      vertex -85 0 5
      vertex -84.818 -5.55927 0
      vertex -84.818 -5.55927 5
    endloop
  endfacet
  facet normal 0 0 -1
    outer loop
      vertex -74.8437 0.711752 0
      vertex -73 0 0
      vertex -74.8028 0.536498 0
    endloop
  endfacet
  facet normal 0 0 -1
    outer loop
      vertex -74.8959 0.883958 0
      vertex -73 0 0
      vertex -74.8437 0.711752 0
    endloop
  endfacet
  facet normal 0 0 -1
    outer loop
      vertex -74.9593 1.05238 0
      vertex -73 0 0
      vertex -74.8959 0.883958 0
    endloop
  endfacet
  facet normal 0 0 -1
    outer loop
      vertex -75.0336 1.21629 0
      vertex -73 0 0
      vertex -74.9593 1.05238 0
    endloop
  endfacet
  facet normal 0 0 -1
    outer loop
      vertex -73 0 0
      vertex -75.0336 1.21629 0
      vertex -72.8437 4.77443 0
    endloop
  endfacet
  facet normal 0 0 -1
    outer loop
      vertex -75.1184 1.375 0
      vertex -72.8437 4.77443 0
      vertex -75.0336 1.21629 0
    endloop
  endfacet
  facet normal 0 0 -1
    outer loop
      vertex -75.2135 1.52782 0
      vertex -72.8437 4.77443 0
      vertex -75.1184 1.375 0
    endloop
  endfacet
  facet normal 0 0 -1
    outer loop
      vertex -75.3183 1.67409 0
      vertex -72.8437 4.77443 0
      vertex -75.2135 1.52782 0
    endloop
  endfacet
  facet normal 0 0 -1
    outer loop
      vertex -75.4324 1.8132 0
      vertex -72.8437 4.77443 0
      vertex -75.3183 1.67409 0
    endloop
  endfacet
  facet normal 0 0 -1
    outer loop
      vertex -75.5555 1.94454 0
      vertex -72.8437 4.77443 0
      vertex -75.4324 1.8132 0
    endloop
  endfacet
  facet normal 0 0 -1
    outer loop
      vertex -75.6868 2.06756 0
      vertex -72.8437 4.77443 0
      vertex -75.5555 1.94454 0
    endloop
  endfacet
  facet normal 0 0 -1
    outer loop
      vertex -75.8259 2.18172 0
      vertex -72.8437 4.77443 0
      vertex -75.6868 2.06756 0
    endloop
  endfacet
  facet normal 0 0 -1
    outer loop
      vertex -75.9722 2.28654 0
      vertex -72.8437 4.77443 0
      vertex -75.8259 2.18172 0
    endloop
  endfacet
  facet normal 0 0 -1
    outer loop
      vertex -76.125 2.38157 0
      vertex -72.8437 4.77443 0
      vertex -75.9722 2.28654 0
    endloop
  endfacet
  facet normal 0 0 -1
    outer loop
      vertex -76.2837 2.4664 0
      vertex -72.8437 4.77443 0
      vertex -76.125 2.38157 0
    endloop
  endfacet
  facet normal 0 0 -1
    outer loop
      vertex -76.4476 2.54067 0
      vertex -72.8437 4.77443 0
      vertex -76.2837 2.4664 0
    endloop
  endfacet
  facet normal 0 0 -1
    outer loop
      vertex -72.3755 9.52841 0
      vertex -76.2342 37.5945 0
      vertex -73.6122 42.5 0
    endloop
  endfacet
  facet normal 0 0 -1
    outer loop
      vertex -76.616 2.60406 0
      vertex -72.8437 4.77443 0
      vertex -76.4476 2.54067 0
    endloop
  endfacet
  facet normal 0 0 -1
    outer loop
      vertex -76.7882 2.6563 0
      vertex -72.8437 4.77443 0
      vertex -76.616 2.60406 0
    endloop
  endfacet
  facet normal 0 0 -1
    outer loop
      vertex -76.9635 2.69716 0
      vertex -72.8437 4.77443 0
      vertex -76.7882 2.6563 0
    endloop
  endfacet
  facet normal 0 0 -1
    outer loop
      vertex -77.1411 2.72647 0
      vertex -72.8437 4.77443 0
      vertex -76.9635 2.69716 0
    endloop
  endfacet
  facet normal 0 0 -1
    outer loop
      vertex -77.3201 2.74411 0
      vertex -72.8437 4.77443 0
      vertex -77.1411 2.72647 0
    endloop
  endfacet
  facet normal -0 0 -1
    outer loop
      vertex -72.8437 4.77443 0
      vertex -77.3201 2.74411 0
      vertex -72.3755 9.52841 0
    endloop
  endfacet
  facet normal 0 0 -1
    outer loop
      vertex -77.5 2.75 0
      vertex -72.3755 9.52841 0
      vertex -77.3201 2.74411 0
    endloop
  endfacet
  facet normal 0 0 -1
    outer loop
      vertex -77.6799 2.74411 0
      vertex -72.3755 9.52841 0
      vertex -77.5 2.75 0
    endloop
  endfacet
  facet normal 0 0 -1
    outer loop
      vertex -77.8589 2.72647 0
      vertex -72.3755 9.52841 0
      vertex -77.6799 2.74411 0
    endloop
  endfacet
  facet normal -0 0 -1
    outer loop
      vertex -72.3755 9.52841 0
      vertex -77.8589 2.72647 0
      vertex -84.2728 11.0947 0
    endloop
  endfacet
  facet normal 0 0 -1
    outer loop
      vertex -84.2728 11.0947 0
      vertex -77.8589 2.72647 0
      vertex -78.0365 2.69716 0
    endloop
  endfacet
  facet normal 0 0 -1
    outer loop
      vertex -84.2728 11.0947 0
      vertex -78.0365 2.69716 0
      vertex -78.2118 2.6563 0
    endloop
  endfacet
  facet normal 0 0 -1
    outer loop
      vertex -84.2728 11.0947 0
      vertex -78.2118 2.6563 0
      vertex -78.384 2.60406 0
    endloop
  endfacet
  facet normal 0 0 -1
    outer loop
      vertex -72.3755 9.52841 0
      vertex -78.5298 32.5281 0
      vertex -76.2342 37.5945 0
    endloop
  endfacet
  facet normal 0 0 -1
    outer loop
      vertex -84.818 5.55927 0
      vertex -78.384 2.60406 0
      vertex -78.5524 2.54067 0
    endloop
  endfacet
  facet normal 0 0 -1
    outer loop
      vertex -84.818 5.55927 0
      vertex -78.5524 2.54067 0
      vertex -78.7163 2.4664 0
    endloop
  endfacet
  facet normal 0 0 -1
    outer loop
      vertex -84.818 5.55927 0
      vertex -78.7163 2.4664 0
      vertex -78.875 2.38157 0
    endloop
  endfacet
  facet normal 0 0 -1
    outer loop
      vertex -84.818 5.55927 0
      vertex -78.875 2.38157 0
      vertex -79.0278 2.28654 0
    endloop
  endfacet
  facet normal 0 0 -1
    outer loop
      vertex -84.818 5.55927 0
      vertex -79.0278 2.28654 0
      vertex -79.1741 2.18172 0
    endloop
  endfacet
  facet normal 0 0 -1
    outer loop
      vertex -84.818 5.55927 0
      vertex -79.1741 2.18172 0
      vertex -79.3132 2.06756 0
    endloop
  endfacet
  facet normal 0 0 -1
    outer loop
      vertex -84.818 5.55927 0
      vertex -79.3132 2.06756 0
      vertex -79.4445 1.94454 0
    endloop
  endfacet
  facet normal 0 0 -1
    outer loop
      vertex -84.818 5.55927 0
      vertex -79.4445 1.94454 0
      vertex -79.5676 1.8132 0
    endloop
  endfacet
  facet normal 0 0 -1
    outer loop
      vertex -84.818 5.55927 0
      vertex -79.5676 1.8132 0
      vertex -79.6817 1.67409 0
    endloop
  endfacet
  facet normal 0 0 -1
    outer loop
      vertex -84.818 5.55927 0
      vertex -79.6817 1.67409 0
      vertex -79.7865 1.52782 0
    endloop
  endfacet
  facet normal 0 0 -1
    outer loop
      vertex -84.818 5.55927 0
      vertex -79.7865 1.52782 0
      vertex -79.8816 1.375 0
    endloop
  endfacet
  facet normal 0 0 -1
    outer loop
      vertex -84.818 5.55927 0
      vertex -79.8816 1.375 0
      vertex -79.9664 1.21629 0
    endloop
  endfacet
  facet normal 0 0 -1
    outer loop
      vertex -85 0 0
      vertex -79.9664 1.21629 0
      vertex -80.0407 1.05238 0
    endloop
  endfacet
  facet normal 0 0 -1
    outer loop
      vertex -85 0 0
      vertex -80.0407 1.05238 0
      vertex -80.1041 0.883958 0
    endloop
  endfacet
  facet normal 0 0 -1
    outer loop
      vertex -85 0 0
      vertex -80.1041 0.883958 0
      vertex -80.1563 0.711752 0
    endloop
  endfacet
  facet normal 0 0 -1
    outer loop
      vertex -85 0 0
      vertex -80.1563 0.711752 0
      vertex -80.1972 0.536498 0
    endloop
  endfacet
  facet normal 0 0 -1
    outer loop
      vertex -85 0 0
      vertex -80.1972 0.536498 0
      vertex -80.2265 0.358947 0
    endloop
  endfacet
  facet normal 0 0 -1
    outer loop
      vertex -85 0 0
      vertex -80.2265 0.358947 0
      vertex -80.2441 0.179858 0
    endloop
  endfacet
  facet normal 0 0 -1
    outer loop
      vertex -72.3755 9.52841 0
      vertex -80.4891 27.3224 0
      vertex -78.5298 32.5281 0
    endloop
  endfacet
  facet normal 0 0 -1
    outer loop
      vertex -85 0 0
      vertex -80.2441 0.179858 0
      vertex -80.25 0 0
    endloop
  endfacet
  facet normal 0 0 -1
    outer loop
      vertex -80.1041 -0.883958 0
      vertex -85 0 0
      vertex -80.1563 -0.711752 0
    endloop
  endfacet
  facet normal 0 0 -1
    outer loop
      vertex -80.1563 -0.711752 0
      vertex -85 0 0
      vertex -80.1972 -0.536498 0
    endloop
  endfacet
  facet normal 0 0 -1
    outer loop
      vertex -72.3755 9.52841 0
      vertex -82.1037 21.9996 0
      vertex -80.4891 27.3224 0
    endloop
  endfacet
  facet normal 0 0 -1
    outer loop
      vertex -80.1972 -0.536498 0
      vertex -85 0 0
      vertex -80.2265 -0.358947 0
    endloop
  endfacet
  facet normal 0 0 -1
    outer loop
      vertex -72.3755 9.52841 0
      vertex -83.3667 16.5827 0
      vertex -82.1037 21.9996 0
    endloop
  endfacet
  facet normal 0 0 -1
    outer loop
      vertex -80.2265 -0.358947 0
      vertex -85 0 0
      vertex -80.2441 -0.179858 0
    endloop
  endfacet
  facet normal 0 0 -1
    outer loop
      vertex -72.3755 9.52841 0
      vertex -84.2728 11.0947 0
      vertex -83.3667 16.5827 0
    endloop
  endfacet
  facet normal 0 0 -1
    outer loop
      vertex -80.2441 -0.179858 0
      vertex -85 0 0
      vertex -80.25 0 0
    endloop
  endfacet
  facet normal 0 0 -1
    outer loop
      vertex -78.384 2.60406 0
      vertex -84.818 5.55927 0
      vertex -84.2728 11.0947 0
    endloop
  endfacet
  facet normal -0 0 -1
    outer loop
      vertex -79.9664 1.21629 0
      vertex -85 0 0
      vertex -84.818 5.55927 0
    endloop
  endfacet
  facet normal 0 0 -1
    outer loop
      vertex -32.2871 -65.4717 0
      vertex -36.0059 -67.2968 0
      vertex -36 -67.117 0
    endloop
  endfacet
  facet normal -0 0 -1
    outer loop
      vertex -27.9359 -67.4432 0
      vertex -36.0235 -67.4759 0
      vertex -36.0059 -67.2968 0
    endloop
  endfacet
  facet normal 0 0 -1
    outer loop
      vertex -27.9359 -67.4432 0
      vertex -36.0528 -67.6535 0
      vertex -36.0235 -67.4759 0
    endloop
  endfacet
  facet normal 0 0 -1
    outer loop
      vertex -27.9359 -67.4432 0
      vertex -36.0937 -67.8287 0
      vertex -36.0528 -67.6535 0
    endloop
  endfacet
  facet normal 0 0 -1
    outer loop
      vertex -27.9359 -67.4432 0
      vertex -36.1459 -68.0009 0
      vertex -36.0937 -67.8287 0
    endloop
  endfacet
  facet normal 0 0 -1
    outer loop
      vertex -27.9359 -67.4432 0
      vertex -36.2093 -68.1693 0
      vertex -36.1459 -68.0009 0
    endloop
  endfacet
  facet normal 0 0 -1
    outer loop
      vertex -27.9359 -67.4432 0
      vertex -36.2836 -68.3333 0
      vertex -36.2093 -68.1693 0
    endloop
  endfacet
  facet normal 0 0 -1
    outer loop
      vertex -27.9359 -67.4432 0
      vertex -36.3684 -68.492 0
      vertex -36.2836 -68.3333 0
    endloop
  endfacet
  facet normal 0 0 -1
    outer loop
      vertex -27.9359 -67.4432 0
      vertex -36.4635 -68.6448 0
      vertex -36.3684 -68.492 0
    endloop
  endfacet
  facet normal 0 0 -1
    outer loop
      vertex -27.9359 -67.4432 0
      vertex -36.5683 -68.7911 0
      vertex -36.4635 -68.6448 0
    endloop
  endfacet
  facet normal 0 0 -1
    outer loop
      vertex -32.5281 -78.5298 0
      vertex -36.6824 -68.9302 0
      vertex -36.5683 -68.7911 0
    endloop
  endfacet
  facet normal 0 0 -1
    outer loop
      vertex -32.5281 -78.5298 0
      vertex -36.8055 -69.0615 0
      vertex -36.6824 -68.9302 0
    endloop
  endfacet
  facet normal 0 0 -1
    outer loop
      vertex -32.5281 -78.5298 0
      vertex -36.9368 -69.1845 0
      vertex -36.8055 -69.0615 0
    endloop
  endfacet
  facet normal 0 0 -1
    outer loop
      vertex -37.5945 -76.2342 0
      vertex -36.9368 -69.1845 0
      vertex -32.5281 -78.5298 0
    endloop
  endfacet
  facet normal 0 0 -1
    outer loop
      vertex -36.9368 -69.1845 0
      vertex -37.5945 -76.2342 0
      vertex -37.0759 -69.2987 0
    endloop
  endfacet
  facet normal 0 0 -1
    outer loop
      vertex -37.0759 -69.2987 0
      vertex -37.5945 -76.2342 0
      vertex -37.2222 -69.4035 0
    endloop
  endfacet
  facet normal 0 0 -1
    outer loop
      vertex -37.2222 -69.4035 0
      vertex -37.5945 -76.2342 0
      vertex -37.375 -69.4985 0
    endloop
  endfacet
  facet normal 0 0 -1
    outer loop
      vertex -37.375 -69.4985 0
      vertex -37.5945 -76.2342 0
      vertex -37.5337 -69.5834 0
    endloop
  endfacet
  facet normal 0 0 -1
    outer loop
      vertex -37.5945 -76.2342 0
      vertex -37.6976 -69.6576 0
      vertex -37.5337 -69.5834 0
    endloop
  endfacet
  facet normal 0 0 -1
    outer loop
      vertex -37.5945 -76.2342 0
      vertex -37.866 -69.721 0
      vertex -37.6976 -69.6576 0
    endloop
  endfacet
  facet normal 0 0 -1
    outer loop
      vertex -37.5945 -76.2342 0
      vertex -38.0382 -69.7733 0
      vertex -37.866 -69.721 0
    endloop
  endfacet
  facet normal 0 0 -1
    outer loop
      vertex -37.5945 -76.2342 0
      vertex -38.2135 -69.8141 0
      vertex -38.0382 -69.7733 0
    endloop
  endfacet
  facet normal 0 0 -1
    outer loop
      vertex -37.5945 -76.2342 0
      vertex -38.3911 -69.8434 0
      vertex -38.2135 -69.8141 0
    endloop
  endfacet
  facet normal 0 0 -1
    outer loop
      vertex -37.5945 -76.2342 0
      vertex -38.5701 -69.8611 0
      vertex -38.3911 -69.8434 0
    endloop
  endfacet
  facet normal 0 0 -1
    outer loop
      vertex -37.5945 -76.2342 0
      vertex -38.75 -69.867 0
      vertex -38.5701 -69.8611 0
    endloop
  endfacet
  facet normal 0 0 -1
    outer loop
      vertex -37.5945 -76.2342 0
      vertex -38.9299 -69.8611 0
      vertex -38.75 -69.867 0
    endloop
  endfacet
  facet normal 0 0 -1
    outer loop
      vertex -42.5 -73.6122 0
      vertex -38.9299 -69.8611 0
      vertex -37.5945 -76.2342 0
    endloop
  endfacet
  facet normal -0 0 -1
    outer loop
      vertex -38.9299 -69.8611 0
      vertex -42.5 -73.6122 0
      vertex -39.1089 -69.8434 0
    endloop
  endfacet
  facet normal -0 0 -1
    outer loop
      vertex -39.1089 -69.8434 0
      vertex -42.5 -73.6122 0
      vertex -39.2865 -69.8141 0
    endloop
  endfacet
  facet normal -0 0 -1
    outer loop
      vertex -39.2865 -69.8141 0
      vertex -42.5 -73.6122 0
      vertex -39.4618 -69.7733 0
    endloop
  endfacet
  facet normal -0 0 -1
    outer loop
      vertex -39.4618 -69.7733 0
      vertex -42.5 -73.6122 0
      vertex -39.634 -69.721 0
    endloop
  endfacet
  facet normal -0 0 -1
    outer loop
      vertex -39.634 -69.721 0
      vertex -42.5 -73.6122 0
      vertex -39.8024 -69.6576 0
    endloop
  endfacet
  facet normal -0 0 -1
    outer loop
      vertex -39.8024 -69.6576 0
      vertex -42.5 -73.6122 0
      vertex -39.9663 -69.5834 0
    endloop
  endfacet
  facet normal -0 0 -1
    outer loop
      vertex -39.9663 -69.5834 0
      vertex -42.5 -73.6122 0
      vertex -40.125 -69.4985 0
    endloop
  endfacet
  facet normal -0 0 -1
    outer loop
      vertex -40.125 -69.4985 0
      vertex -42.5 -73.6122 0
      vertex -40.2778 -69.4035 0
    endloop
  endfacet
  facet normal -0 0 -1
    outer loop
      vertex -40.2778 -69.4035 0
      vertex -42.5 -73.6122 0
      vertex -40.4241 -69.2987 0
    endloop
  endfacet
  facet normal -0 0 -1
    outer loop
      vertex -40.4241 -69.2987 0
      vertex -42.5 -73.6122 0
      vertex -40.5632 -69.1845 0
    endloop
  endfacet
  facet normal -0 0 -1
    outer loop
      vertex -40.5632 -69.1845 0
      vertex -42.5 -73.6122 0
      vertex -40.6945 -69.0615 0
    endloop
  endfacet
  facet normal -0 0 -1
    outer loop
      vertex -40.6945 -69.0615 0
      vertex -42.5 -73.6122 0
      vertex -40.8176 -68.9302 0
    endloop
  endfacet
  facet normal -0 0 -1
    outer loop
      vertex -40.8176 -68.9302 0
      vertex -42.5 -73.6122 0
      vertex -40.9317 -68.7911 0
    endloop
  endfacet
  facet normal -0 0 -1
    outer loop
      vertex -40.9317 -68.7911 0
      vertex -42.5 -73.6122 0
      vertex -41.0365 -68.6448 0
    endloop
  endfacet
  facet normal 0 0 -1
    outer loop
      vertex -47.2235 -70.6749 0
      vertex -41.0365 -68.6448 0
      vertex -42.5 -73.6122 0
    endloop
  endfacet
  facet normal -0 0 -1
    outer loop
      vertex -41.4765 -67.4759 0
      vertex -47.2235 -70.6749 0
      vertex -41.4941 -67.2968 0
    endloop
  endfacet
  facet normal -0 0 -1
    outer loop
      vertex -41.4472 -67.6535 0
      vertex -47.2235 -70.6749 0
      vertex -41.4765 -67.4759 0
    endloop
  endfacet
  facet normal -0 0 -1
    outer loop
      vertex -41.4063 -67.8287 0
      vertex -47.2235 -70.6749 0
      vertex -41.4472 -67.6535 0
    endloop
  endfacet
  facet normal -0 0 -1
    outer loop
      vertex -41.3541 -68.0009 0
      vertex -47.2235 -70.6749 0
      vertex -41.4063 -67.8287 0
    endloop
  endfacet
  facet normal -0 0 -1
    outer loop
      vertex -41.2907 -68.1693 0
      vertex -47.2235 -70.6749 0
      vertex -41.3541 -68.0009 0
    endloop
  endfacet
  facet normal -0 0 -1
    outer loop
      vertex -41.2164 -68.3333 0
      vertex -47.2235 -70.6749 0
      vertex -41.2907 -68.1693 0
    endloop
  endfacet
  facet normal -0 0 -1
    outer loop
      vertex -41.1316 -68.492 0
      vertex -47.2235 -70.6749 0
      vertex -41.2164 -68.3333 0
    endloop
  endfacet
  facet normal -0 0 -1
    outer loop
      vertex -41.0365 -68.6448 0
      vertex -47.2235 -70.6749 0
      vertex -41.1316 -68.492 0
    endloop
  endfacet
  facet normal 0 0 -1
    outer loop
      vertex -36.0528 67.6535 0
      vertex -32.2871 65.4717 0
      vertex -36.0235 67.4759 0
    endloop
  endfacet
  facet normal 0 0 -1
    outer loop
      vertex -36.0937 67.8287 0
      vertex -32.2871 65.4717 0
      vertex -36.0528 67.6535 0
    endloop
  endfacet
  facet normal 0 0 -1
    outer loop
      vertex -36.1459 68.0009 0
      vertex -32.2871 65.4717 0
      vertex -36.0937 67.8287 0
    endloop
  endfacet
  facet normal 0 0 -1
    outer loop
      vertex -36.2093 68.1693 0
      vertex -32.2871 65.4717 0
      vertex -36.1459 68.0009 0
    endloop
  endfacet
  facet normal 0 0 -1
    outer loop
      vertex -36.2836 68.3333 0
      vertex -32.2871 65.4717 0
      vertex -36.2093 68.1693 0
    endloop
  endfacet
  facet normal 0 0 -1
    outer loop
      vertex -32.2871 65.4717 0
      vertex -36.2836 68.3333 0
      vertex -27.9359 67.4432 0
    endloop
  endfacet
  facet normal 0 0 -1
    outer loop
      vertex -36.3684 68.492 0
      vertex -27.9359 67.4432 0
      vertex -36.2836 68.3333 0
    endloop
  endfacet
  facet normal 0 0 -1
    outer loop
      vertex -36.4635 68.6448 0
      vertex -27.9359 67.4432 0
      vertex -36.3684 68.492 0
    endloop
  endfacet
  facet normal 0 0 -1
    outer loop
      vertex -36.5683 68.7911 0
      vertex -27.9359 67.4432 0
      vertex -36.4635 68.6448 0
    endloop
  endfacet
  facet normal 0 0 -1
    outer loop
      vertex -27.9359 67.4432 0
      vertex -36.5683 68.7911 0
      vertex -32.5281 78.5298 0
    endloop
  endfacet
  facet normal 0 0 -1
    outer loop
      vertex -36.6824 68.9302 0
      vertex -32.5281 78.5298 0
      vertex -36.5683 68.7911 0
    endloop
  endfacet
  facet normal 0 0 -1
    outer loop
      vertex -36.8055 69.0615 0
      vertex -32.5281 78.5298 0
      vertex -36.6824 68.9302 0
    endloop
  endfacet
  facet normal 0 0 -1
    outer loop
      vertex -36.9368 69.1845 0
      vertex -32.5281 78.5298 0
      vertex -36.8055 69.0615 0
    endloop
  endfacet
  facet normal 0 0 -1
    outer loop
      vertex -37.5945 76.2342 0
      vertex -36.9368 69.1845 0
      vertex -37.0759 69.2987 0
    endloop
  endfacet
  facet normal 0 0 -1
    outer loop
      vertex -37.5945 76.2342 0
      vertex -37.0759 69.2987 0
      vertex -37.2222 69.4035 0
    endloop
  endfacet
  facet normal 0 0 -1
    outer loop
      vertex -37.5945 76.2342 0
      vertex -37.2222 69.4035 0
      vertex -37.375 69.4985 0
    endloop
  endfacet
  facet normal 0 0 -1
    outer loop
      vertex -37.5945 76.2342 0
      vertex -37.375 69.4985 0
      vertex -37.5337 69.5834 0
    endloop
  endfacet
  facet normal 0 0 -1
    outer loop
      vertex -36.9368 69.1845 0
      vertex -37.5945 76.2342 0
      vertex -32.5281 78.5298 0
    endloop
  endfacet
  facet normal 0 0 -1
    outer loop
      vertex -37.6976 69.6576 0
      vertex -37.5945 76.2342 0
      vertex -37.5337 69.5834 0
    endloop
  endfacet
  facet normal 0 0 -1
    outer loop
      vertex -37.866 69.721 0
      vertex -37.5945 76.2342 0
      vertex -37.6976 69.6576 0
    endloop
  endfacet
  facet normal 0 0 -1
    outer loop
      vertex -38.0382 69.7733 0
      vertex -37.5945 76.2342 0
      vertex -37.866 69.721 0
    endloop
  endfacet
  facet normal 0 0 -1
    outer loop
      vertex -38.2135 69.8141 0
      vertex -37.5945 76.2342 0
      vertex -38.0382 69.7733 0
    endloop
  endfacet
  facet normal 0 0 -1
    outer loop
      vertex -38.3911 69.8434 0
      vertex -37.5945 76.2342 0
      vertex -38.2135 69.8141 0
    endloop
  endfacet
  facet normal 0 0 -1
    outer loop
      vertex -38.5701 69.8611 0
      vertex -37.5945 76.2342 0
      vertex -38.3911 69.8434 0
    endloop
  endfacet
  facet normal 0 0 -1
    outer loop
      vertex -38.75 69.867 0
      vertex -37.5945 76.2342 0
      vertex -38.5701 69.8611 0
    endloop
  endfacet
  facet normal 0 0 -1
    outer loop
      vertex -38.9299 69.8611 0
      vertex -37.5945 76.2342 0
      vertex -38.75 69.867 0
    endloop
  endfacet
  facet normal 0 0 -1
    outer loop
      vertex -42.5 73.6122 0
      vertex -38.9299 69.8611 0
      vertex -39.1089 69.8434 0
    endloop
  endfacet
  facet normal 0 0 -1
    outer loop
      vertex -42.5 73.6122 0
      vertex -39.1089 69.8434 0
      vertex -39.2865 69.8141 0
    endloop
  endfacet
  facet normal 0 0 -1
    outer loop
      vertex -42.5 73.6122 0
      vertex -39.2865 69.8141 0
      vertex -39.4618 69.7733 0
    endloop
  endfacet
  facet normal 0 0 -1
    outer loop
      vertex -42.5 73.6122 0
      vertex -39.4618 69.7733 0
      vertex -39.634 69.721 0
    endloop
  endfacet
  facet normal 0 0 -1
    outer loop
      vertex -42.5 73.6122 0
      vertex -39.634 69.721 0
      vertex -39.8024 69.6576 0
    endloop
  endfacet
  facet normal 0 0 -1
    outer loop
      vertex -42.5 73.6122 0
      vertex -39.8024 69.6576 0
      vertex -39.9663 69.5834 0
    endloop
  endfacet
  facet normal 0 0 -1
    outer loop
      vertex -42.5 73.6122 0
      vertex -39.9663 69.5834 0
      vertex -40.125 69.4985 0
    endloop
  endfacet
  facet normal 0 0 -1
    outer loop
      vertex -42.5 73.6122 0
      vertex -40.125 69.4985 0
      vertex -40.2778 69.4035 0
    endloop
  endfacet
  facet normal 0 0 -1
    outer loop
      vertex -42.5 73.6122 0
      vertex -40.2778 69.4035 0
      vertex -40.4241 69.2987 0
    endloop
  endfacet
  facet normal 0 0 -1
    outer loop
      vertex -42.5 73.6122 0
      vertex -40.4241 69.2987 0
      vertex -40.5632 69.1845 0
    endloop
  endfacet
  facet normal 0 0 -1
    outer loop
      vertex -42.5 73.6122 0
      vertex -40.5632 69.1845 0
      vertex -40.6945 69.0615 0
    endloop
  endfacet
  facet normal 0 0 -1
    outer loop
      vertex -42.5 73.6122 0
      vertex -40.6945 69.0615 0
      vertex -40.8176 68.9302 0
    endloop
  endfacet
  facet normal 0 0 -1
    outer loop
      vertex -42.5 73.6122 0
      vertex -40.8176 68.9302 0
      vertex -40.9317 68.7911 0
    endloop
  endfacet
  facet normal 0 0 -1
    outer loop
      vertex -42.5 73.6122 0
      vertex -40.9317 68.7911 0
      vertex -41.0365 68.6448 0
    endloop
  endfacet
  facet normal 0 0 -1
    outer loop
      vertex -47.2235 70.6749 0
      vertex -41.0365 68.6448 0
      vertex -41.1316 68.492 0
    endloop
  endfacet
  facet normal 0 0 -1
    outer loop
      vertex -47.2235 70.6749 0
      vertex -41.1316 68.492 0
      vertex -41.2164 68.3333 0
    endloop
  endfacet
  facet normal 0 0 -1
    outer loop
      vertex -38.9299 69.8611 0
      vertex -42.5 73.6122 0
      vertex -37.5945 76.2342 0
    endloop
  endfacet
  facet normal 0 0 -1
    outer loop
      vertex -47.2235 70.6749 0
      vertex -41.2164 68.3333 0
      vertex -41.2907 68.1693 0
    endloop
  endfacet
  facet normal 0 0 -1
    outer loop
      vertex -47.2235 70.6749 0
      vertex -41.2907 68.1693 0
      vertex -41.3541 68.0009 0
    endloop
  endfacet
  facet normal 0 0 -1
    outer loop
      vertex -47.2235 70.6749 0
      vertex -41.3541 68.0009 0
      vertex -41.4063 67.8287 0
    endloop
  endfacet
  facet normal 0 0 -1
    outer loop
      vertex -47.2235 70.6749 0
      vertex -41.4063 67.8287 0
      vertex -41.4472 67.6535 0
    endloop
  endfacet
  facet normal 0 0 -1
    outer loop
      vertex -47.2235 70.6749 0
      vertex -41.4472 67.6535 0
      vertex -41.4765 67.4759 0
    endloop
  endfacet
  facet normal 0 0 -1
    outer loop
      vertex -47.2235 70.6749 0
      vertex -41.4765 67.4759 0
      vertex -41.4941 67.2968 0
    endloop
  endfacet
  facet normal 0 0 -1
    outer loop
      vertex -47.2235 70.6749 0
      vertex -41.4941 67.2968 0
      vertex -41.5 67.117 0
    endloop
  endfacet
  facet normal 0 0 -1
    outer loop
      vertex 47.2235 -70.6749 0
      vertex 41.4941 -67.2968 0
      vertex 41.5 -67.117 0
    endloop
  endfacet
  facet normal 0 0 -1
    outer loop
      vertex 47.2235 -70.6749 0
      vertex 41.4765 -67.4759 0
      vertex 41.4941 -67.2968 0
    endloop
  endfacet
  facet normal 0 0 -1
    outer loop
      vertex 47.2235 -70.6749 0
      vertex 41.4472 -67.6535 0
      vertex 41.4765 -67.4759 0
    endloop
  endfacet
  facet normal 0 0 -1
    outer loop
      vertex 47.2235 -70.6749 0
      vertex 41.4063 -67.8287 0
      vertex 41.4472 -67.6535 0
    endloop
  endfacet
  facet normal 0 0 -1
    outer loop
      vertex 47.2235 -70.6749 0
      vertex 41.3541 -68.0009 0
      vertex 41.4063 -67.8287 0
    endloop
  endfacet
  facet normal 0 0 -1
    outer loop
      vertex 47.2235 -70.6749 0
      vertex 41.2907 -68.1693 0
      vertex 41.3541 -68.0009 0
    endloop
  endfacet
  facet normal 0 0 -1
    outer loop
      vertex 47.2235 -70.6749 0
      vertex 41.2164 -68.3333 0
      vertex 41.2907 -68.1693 0
    endloop
  endfacet
  facet normal 0 0 -1
    outer loop
      vertex 47.2235 -70.6749 0
      vertex 41.1316 -68.492 0
      vertex 41.2164 -68.3333 0
    endloop
  endfacet
  facet normal 0 0 -1
    outer loop
      vertex 47.2235 -70.6749 0
      vertex 41.0365 -68.6448 0
      vertex 41.1316 -68.492 0
    endloop
  endfacet
  facet normal 0 0 -1
    outer loop
      vertex 42.5 -73.6122 0
      vertex 40.9317 -68.7911 0
      vertex 41.0365 -68.6448 0
    endloop
  endfacet
  facet normal 0 0 -1
    outer loop
      vertex 42.5 -73.6122 0
      vertex 40.8176 -68.9302 0
      vertex 40.9317 -68.7911 0
    endloop
  endfacet
  facet normal 0 0 -1
    outer loop
      vertex 42.5 -73.6122 0
      vertex 40.6945 -69.0615 0
      vertex 40.8176 -68.9302 0
    endloop
  endfacet
  facet normal 0 0 -1
    outer loop
      vertex 42.5 -73.6122 0
      vertex 40.5632 -69.1845 0
      vertex 40.6945 -69.0615 0
    endloop
  endfacet
  facet normal 0 0 -1
    outer loop
      vertex 42.5 -73.6122 0
      vertex 40.4241 -69.2987 0
      vertex 40.5632 -69.1845 0
    endloop
  endfacet
  facet normal 0 0 -1
    outer loop
      vertex 42.5 -73.6122 0
      vertex 40.2778 -69.4035 0
      vertex 40.4241 -69.2987 0
    endloop
  endfacet
  facet normal 0 0 -1
    outer loop
      vertex 42.5 -73.6122 0
      vertex 40.125 -69.4985 0
      vertex 40.2778 -69.4035 0
    endloop
  endfacet
  facet normal 0 0 -1
    outer loop
      vertex 42.5 -73.6122 0
      vertex 39.9663 -69.5834 0
      vertex 40.125 -69.4985 0
    endloop
  endfacet
  facet normal 0 0 -1
    outer loop
      vertex 42.5 -73.6122 0
      vertex 39.8024 -69.6576 0
      vertex 39.9663 -69.5834 0
    endloop
  endfacet
  facet normal 0 0 -1
    outer loop
      vertex 42.5 -73.6122 0
      vertex 39.634 -69.721 0
      vertex 39.8024 -69.6576 0
    endloop
  endfacet
  facet normal 0 0 -1
    outer loop
      vertex 42.5 -73.6122 0
      vertex 39.4618 -69.7733 0
      vertex 39.634 -69.721 0
    endloop
  endfacet
  facet normal 0 0 -1
    outer loop
      vertex 42.5 -73.6122 0
      vertex 39.2865 -69.8141 0
      vertex 39.4618 -69.7733 0
    endloop
  endfacet
  facet normal 0 0 -1
    outer loop
      vertex 42.5 -73.6122 0
      vertex 39.1089 -69.8434 0
      vertex 39.2865 -69.8141 0
    endloop
  endfacet
  facet normal 0 0 -1
    outer loop
      vertex 42.5 -73.6122 0
      vertex 38.9299 -69.8611 0
      vertex 39.1089 -69.8434 0
    endloop
  endfacet
  facet normal 0 0 -1
    outer loop
      vertex 37.5945 -76.2342 0
      vertex 38.9299 -69.8611 0
      vertex 42.5 -73.6122 0
    endloop
  endfacet
  facet normal 0 0 -1
    outer loop
      vertex 38.9299 -69.8611 0
      vertex 37.5945 -76.2342 0
      vertex 38.75 -69.867 0
    endloop
  endfacet
  facet normal -0 0 -1
    outer loop
      vertex 38.75 -69.867 0
      vertex 37.5945 -76.2342 0
      vertex 38.5701 -69.8611 0
    endloop
  endfacet
  facet normal -0 0 -1
    outer loop
      vertex 38.5701 -69.8611 0
      vertex 37.5945 -76.2342 0
      vertex 38.3911 -69.8434 0
    endloop
  endfacet
  facet normal -0 0 -1
    outer loop
      vertex 38.3911 -69.8434 0
      vertex 37.5945 -76.2342 0
      vertex 38.2135 -69.8141 0
    endloop
  endfacet
  facet normal -0 0 -1
    outer loop
      vertex 38.2135 -69.8141 0
      vertex 37.5945 -76.2342 0
      vertex 38.0382 -69.7733 0
    endloop
  endfacet
  facet normal -0 0 -1
    outer loop
      vertex 38.0382 -69.7733 0
      vertex 37.5945 -76.2342 0
      vertex 37.866 -69.721 0
    endloop
  endfacet
  facet normal -0 0 -1
    outer loop
      vertex 37.866 -69.721 0
      vertex 37.5945 -76.2342 0
      vertex 37.6976 -69.6576 0
    endloop
  endfacet
  facet normal 0 0 -1
    outer loop
      vertex 37.5945 -76.2342 0
      vertex 37.5337 -69.5834 0
      vertex 37.6976 -69.6576 0
    endloop
  endfacet
  facet normal 0 0 -1
    outer loop
      vertex 37.5945 -76.2342 0
      vertex 37.375 -69.4985 0
      vertex 37.5337 -69.5834 0
    endloop
  endfacet
  facet normal 0 0 -1
    outer loop
      vertex 37.5945 -76.2342 0
      vertex 37.2222 -69.4035 0
      vertex 37.375 -69.4985 0
    endloop
  endfacet
  facet normal 0 0 -1
    outer loop
      vertex 37.5945 -76.2342 0
      vertex 37.0759 -69.2987 0
      vertex 37.2222 -69.4035 0
    endloop
  endfacet
  facet normal 0 0 -1
    outer loop
      vertex 37.5945 -76.2342 0
      vertex 36.9368 -69.1845 0
      vertex 37.0759 -69.2987 0
    endloop
  endfacet
  facet normal 0 0 -1
    outer loop
      vertex 37.5945 -76.2342 0
      vertex 36.8055 -69.0615 0
      vertex 36.9368 -69.1845 0
    endloop
  endfacet
  facet normal 0 0 -1
    outer loop
      vertex 32.5281 -78.5298 0
      vertex 36.8055 -69.0615 0
      vertex 37.5945 -76.2342 0
    endloop
  endfacet
  facet normal -0 0 -1
    outer loop
      vertex 36.8055 -69.0615 0
      vertex 32.5281 -78.5298 0
      vertex 36.6824 -68.9302 0
    endloop
  endfacet
  facet normal -0 0 -1
    outer loop
      vertex 36.6824 -68.9302 0
      vertex 32.5281 -78.5298 0
      vertex 36.5683 -68.7911 0
    endloop
  endfacet
  facet normal 0 0 -1
    outer loop
      vertex 27.9359 -67.4432 0
      vertex 36.5683 -68.7911 0
      vertex 32.5281 -78.5298 0
    endloop
  endfacet
  facet normal 0 0 -1
    outer loop
      vertex 36.5683 -68.7911 0
      vertex 27.9359 -67.4432 0
      vertex 36.4635 -68.6448 0
    endloop
  endfacet
  facet normal 0 0 -1
    outer loop
      vertex 36.4635 -68.6448 0
      vertex 27.9359 -67.4432 0
      vertex 36.3684 -68.492 0
    endloop
  endfacet
  facet normal 0 0 -1
    outer loop
      vertex 36.3684 -68.492 0
      vertex 27.9359 -67.4432 0
      vertex 36.2836 -68.3333 0
    endloop
  endfacet
  facet normal 0 -0 -1
    outer loop
      vertex 32.2871 -65.4717 0
      vertex 36.2836 -68.3333 0
      vertex 27.9359 -67.4432 0
    endloop
  endfacet
  facet normal 0 0 -1
    outer loop
      vertex 36.2836 -68.3333 0
      vertex 32.2871 -65.4717 0
      vertex 36.2093 -68.1693 0
    endloop
  endfacet
  facet normal 0 0 -1
    outer loop
      vertex 36.0528 -67.6535 0
      vertex 32.2871 -65.4717 0
      vertex 36.0235 -67.4759 0
    endloop
  endfacet
  facet normal 0 0 -1
    outer loop
      vertex 36.0937 -67.8287 0
      vertex 32.2871 -65.4717 0
      vertex 36.0528 -67.6535 0
    endloop
  endfacet
  facet normal 0 0 -1
    outer loop
      vertex 36.1459 -68.0009 0
      vertex 32.2871 -65.4717 0
      vertex 36.0937 -67.8287 0
    endloop
  endfacet
  facet normal 0 0 -1
    outer loop
      vertex 36.2093 -68.1693 0
      vertex 32.2871 -65.4717 0
      vertex 36.1459 -68.0009 0
    endloop
  endfacet
  facet normal -0 0 -1
    outer loop
      vertex 82.1037 21.9996 0
      vertex 70.5126 18.8938 0
      vertex 80.4891 27.3224 0
    endloop
  endfacet
  facet normal 0 0 -1
    outer loop
      vertex 69.1259 23.4651 0
      vertex 80.4891 27.3224 0
      vertex 70.5126 18.8938 0
    endloop
  endfacet
  facet normal -0 0 -1
    outer loop
      vertex 80.4891 27.3224 0
      vertex 69.1259 23.4651 0
      vertex 78.5298 32.5281 0
    endloop
  endfacet
  facet normal 0 0 -1
    outer loop
      vertex 67.4432 27.9359 0
      vertex 78.5298 32.5281 0
      vertex 69.1259 23.4651 0
    endloop
  endfacet
  facet normal -0 0 -1
    outer loop
      vertex 78.5298 32.5281 0
      vertex 67.4432 27.9359 0
      vertex 76.2342 37.5945 0
    endloop
  endfacet
  facet normal 0 0 -1
    outer loop
      vertex 65.4717 32.2871 0
      vertex 76.2342 37.5945 0
      vertex 67.4432 27.9359 0
    endloop
  endfacet
  facet normal -0 0 -1
    outer loop
      vertex 76.2342 37.5945 0
      vertex 65.4717 32.2871 0
      vertex 73.6122 42.5 0
    endloop
  endfacet
  facet normal 0 0 -1
    outer loop
      vertex 63.2199 36.5 0
      vertex 73.6122 42.5 0
      vertex 65.4717 32.2871 0
    endloop
  endfacet
  facet normal -0 0 -1
    outer loop
      vertex 73.6122 42.5 0
      vertex 63.2199 36.5 0
      vertex 70.6749 47.2235 0
    endloop
  endfacet
  facet normal 0 0 -1
    outer loop
      vertex 60.6973 40.5566 0
      vertex 70.6749 47.2235 0
      vertex 63.2199 36.5 0
    endloop
  endfacet
  facet normal -0 0 -1
    outer loop
      vertex 70.6749 47.2235 0
      vertex 60.6973 40.5566 0
      vertex 67.435 51.7447 0
    endloop
  endfacet
  facet normal 0 0 -1
    outer loop
      vertex 57.9148 44.4396 0
      vertex 67.435 51.7447 0
      vertex 60.6973 40.5566 0
    endloop
  endfacet
  facet normal -0 0 -1
    outer loop
      vertex 67.435 51.7447 0
      vertex 57.9148 44.4396 0
      vertex 63.9064 56.0444 0
    endloop
  endfacet
  facet normal 0 0 -1
    outer loop
      vertex 54.8843 48.1322 0
      vertex 63.9064 56.0444 0
      vertex 57.9148 44.4396 0
    endloop
  endfacet
  facet normal -0 0 -1
    outer loop
      vertex 63.9064 56.0444 0
      vertex 54.8843 48.1322 0
      vertex 60.1041 60.1041 0
    endloop
  endfacet
  facet normal 0 0 -1
    outer loop
      vertex 51.6188 51.6188 0
      vertex 60.1041 60.1041 0
      vertex 54.8843 48.1322 0
    endloop
  endfacet
  facet normal -0 0 -1
    outer loop
      vertex 60.1041 60.1041 0
      vertex 51.6188 51.6188 0
      vertex 56.0444 63.9064 0
    endloop
  endfacet
  facet normal 0 0 -1
    outer loop
      vertex 48.1322 54.8843 0
      vertex 56.0444 63.9064 0
      vertex 51.6188 51.6188 0
    endloop
  endfacet
  facet normal -0 0 -1
    outer loop
      vertex 56.0444 63.9064 0
      vertex 48.1322 54.8843 0
      vertex 51.7447 67.435 0
    endloop
  endfacet
  facet normal 0 0 -1
    outer loop
      vertex 44.4396 57.9148 0
      vertex 51.7447 67.435 0
      vertex 48.1322 54.8843 0
    endloop
  endfacet
  facet normal 0 0 -1
    outer loop
      vertex 41.2907 66.0646 0
      vertex 51.7447 67.435 0
      vertex 44.4396 57.9148 0
    endloop
  endfacet
  facet normal 0 -0 -1
    outer loop
      vertex 41.4063 66.4052 0
      vertex 51.7447 67.435 0
      vertex 41.3541 66.233 0
    endloop
  endfacet
  facet normal 0 0 -1
    outer loop
      vertex 41.4941 67.2968 0
      vertex 47.2235 70.6749 0
      vertex 41.5 67.117 0
    endloop
  endfacet
  facet normal 0 0 -1
    outer loop
      vertex 47.2235 70.6749 0
      vertex 41.4941 66.9371 0
      vertex 41.5 67.117 0
    endloop
  endfacet
  facet normal 0 0 -1
    outer loop
      vertex 47.2235 70.6749 0
      vertex 41.4765 66.758 0
      vertex 41.4941 66.9371 0
    endloop
  endfacet
  facet normal 0 0 -1
    outer loop
      vertex 47.2235 70.6749 0
      vertex 41.4472 66.5805 0
      vertex 41.4765 66.758 0
    endloop
  endfacet
  facet normal 0 0 -1
    outer loop
      vertex 47.2235 70.6749 0
      vertex 41.4063 66.4052 0
      vertex 41.4472 66.5805 0
    endloop
  endfacet
  facet normal -0 0 -1
    outer loop
      vertex 51.7447 67.435 0
      vertex 41.4063 66.4052 0
      vertex 47.2235 70.6749 0
    endloop
  endfacet
  facet normal 0 0 -1
    outer loop
      vertex 51.7447 67.435 0
      vertex 41.2907 66.0646 0
      vertex 41.3541 66.233 0
    endloop
  endfacet
  facet normal 0 0 -1
    outer loop
      vertex 44.4396 57.9148 0
      vertex 41.2164 65.9007 0
      vertex 41.2907 66.0646 0
    endloop
  endfacet
  facet normal 0 0 -1
    outer loop
      vertex 44.4396 57.9148 0
      vertex 41.1316 65.742 0
      vertex 41.2164 65.9007 0
    endloop
  endfacet
  facet normal 0 0 -1
    outer loop
      vertex 44.4396 57.9148 0
      vertex 41.0365 65.5891 0
      vertex 41.1316 65.742 0
    endloop
  endfacet
  facet normal 0 0 -1
    outer loop
      vertex 40.5566 60.6973 0
      vertex 41.0365 65.5891 0
      vertex 44.4396 57.9148 0
    endloop
  endfacet
  facet normal 0 0 -1
    outer loop
      vertex 41.0365 65.5891 0
      vertex 40.5566 60.6973 0
      vertex 40.9317 65.4429 0
    endloop
  endfacet
  facet normal 0 0 -1
    outer loop
      vertex 40.9317 65.4429 0
      vertex 40.5566 60.6973 0
      vertex 40.8176 65.3038 0
    endloop
  endfacet
  facet normal 0 0 -1
    outer loop
      vertex 40.8176 65.3038 0
      vertex 40.5566 60.6973 0
      vertex 40.6945 65.1724 0
    endloop
  endfacet
  facet normal 0 0 -1
    outer loop
      vertex 40.6945 65.1724 0
      vertex 40.5566 60.6973 0
      vertex 40.5632 65.0494 0
    endloop
  endfacet
  facet normal 0 0 -1
    outer loop
      vertex 40.5566 60.6973 0
      vertex 40.4241 64.9352 0
      vertex 40.5632 65.0494 0
    endloop
  endfacet
  facet normal 0 0 -1
    outer loop
      vertex 40.5566 60.6973 0
      vertex 40.2778 64.8304 0
      vertex 40.4241 64.9352 0
    endloop
  endfacet
  facet normal 0 0 -1
    outer loop
      vertex 40.5566 60.6973 0
      vertex 40.125 64.7354 0
      vertex 40.2778 64.8304 0
    endloop
  endfacet
  facet normal 0 0 -1
    outer loop
      vertex 40.5566 60.6973 0
      vertex 39.9663 64.6506 0
      vertex 40.125 64.7354 0
    endloop
  endfacet
  facet normal 0 0 -1
    outer loop
      vertex 40.5566 60.6973 0
      vertex 39.8024 64.5763 0
      vertex 39.9663 64.6506 0
    endloop
  endfacet
  facet normal 0 0 -1
    outer loop
      vertex 40.5566 60.6973 0
      vertex 39.634 64.5129 0
      vertex 39.8024 64.5763 0
    endloop
  endfacet
  facet normal 0 0 -1
    outer loop
      vertex 40.5566 60.6973 0
      vertex 39.4618 64.4607 0
      vertex 39.634 64.5129 0
    endloop
  endfacet
  facet normal 0 0 -1
    outer loop
      vertex 40.5566 60.6973 0
      vertex 39.2865 64.4198 0
      vertex 39.4618 64.4607 0
    endloop
  endfacet
  facet normal 0 0 -1
    outer loop
      vertex 40.5566 60.6973 0
      vertex 39.1089 64.3905 0
      vertex 39.2865 64.4198 0
    endloop
  endfacet
  facet normal 0 0 -1
    outer loop
      vertex 40.5566 60.6973 0
      vertex 38.9299 64.3729 0
      vertex 39.1089 64.3905 0
    endloop
  endfacet
  facet normal 0 0 -1
    outer loop
      vertex 40.5566 60.6973 0
      vertex 38.75 64.367 0
      vertex 38.9299 64.3729 0
    endloop
  endfacet
  facet normal 0 0 -1
    outer loop
      vertex 40.5566 60.6973 0
      vertex 38.5701 64.3729 0
      vertex 38.75 64.367 0
    endloop
  endfacet
  facet normal 0 0 -1
    outer loop
      vertex 36.5 63.2199 0
      vertex 38.5701 64.3729 0
      vertex 40.5566 60.6973 0
    endloop
  endfacet
  facet normal -0 0 -1
    outer loop
      vertex 38.5701 64.3729 0
      vertex 36.5 63.2199 0
      vertex 38.3911 64.3905 0
    endloop
  endfacet
  facet normal -0 0 -1
    outer loop
      vertex 38.3911 64.3905 0
      vertex 36.5 63.2199 0
      vertex 38.2135 64.4198 0
    endloop
  endfacet
  facet normal -0 0 -1
    outer loop
      vertex 38.2135 64.4198 0
      vertex 36.5 63.2199 0
      vertex 38.0382 64.4607 0
    endloop
  endfacet
  facet normal -0 0 -1
    outer loop
      vertex 38.0382 64.4607 0
      vertex 36.5 63.2199 0
      vertex 37.866 64.5129 0
    endloop
  endfacet
  facet normal -0 0 -1
    outer loop
      vertex 37.866 64.5129 0
      vertex 36.5 63.2199 0
      vertex 37.6976 64.5763 0
    endloop
  endfacet
  facet normal -0 0 -1
    outer loop
      vertex 37.6976 64.5763 0
      vertex 36.5 63.2199 0
      vertex 37.5337 64.6506 0
    endloop
  endfacet
  facet normal -0 0 -1
    outer loop
      vertex 37.5337 64.6506 0
      vertex 36.5 63.2199 0
      vertex 37.375 64.7354 0
    endloop
  endfacet
  facet normal -0 0 -1
    outer loop
      vertex 37.375 64.7354 0
      vertex 36.5 63.2199 0
      vertex 37.2222 64.8304 0
    endloop
  endfacet
  facet normal -0 0 -1
    outer loop
      vertex 37.2222 64.8304 0
      vertex 36.5 63.2199 0
      vertex 37.0759 64.9352 0
    endloop
  endfacet
  facet normal -0 0 -1
    outer loop
      vertex 37.0759 64.9352 0
      vertex 36.5 63.2199 0
      vertex 36.9368 65.0494 0
    endloop
  endfacet
  facet normal -0 0 -1
    outer loop
      vertex 36.9368 65.0494 0
      vertex 36.5 63.2199 0
      vertex 36.8055 65.1724 0
    endloop
  endfacet
  facet normal -0 0 -1
    outer loop
      vertex 36.8055 65.1724 0
      vertex 36.5 63.2199 0
      vertex 36.6824 65.3038 0
    endloop
  endfacet
  facet normal 0 0 -1
    outer loop
      vertex 36.5 63.2199 0
      vertex 36.5683 65.4429 0
      vertex 36.6824 65.3038 0
    endloop
  endfacet
  facet normal 0 0 -1
    outer loop
      vertex 36.5 63.2199 0
      vertex 36.4635 65.5891 0
      vertex 36.5683 65.4429 0
    endloop
  endfacet
  facet normal 0 0 -1
    outer loop
      vertex 32.2871 65.4717 0
      vertex 36.4635 65.5891 0
      vertex 36.5 63.2199 0
    endloop
  endfacet
  facet normal -0 0 -1
    outer loop
      vertex 36.4635 65.5891 0
      vertex 32.2871 65.4717 0
      vertex 36.3684 65.742 0
    endloop
  endfacet
  facet normal -0 0 -1
    outer loop
      vertex 36.3684 65.742 0
      vertex 32.2871 65.4717 0
      vertex 36.2836 65.9007 0
    endloop
  endfacet
  facet normal -0 0 -1
    outer loop
      vertex 36.2836 65.9007 0
      vertex 32.2871 65.4717 0
      vertex 36.2093 66.0646 0
    endloop
  endfacet
  facet normal -0 0 -1
    outer loop
      vertex 36.2093 66.0646 0
      vertex 32.2871 65.4717 0
      vertex 36.1459 66.233 0
    endloop
  endfacet
  facet normal -0 0 -1
    outer loop
      vertex 36.1459 66.233 0
      vertex 32.2871 65.4717 0
      vertex 36.0937 66.4052 0
    endloop
  endfacet
  facet normal -0 0 -1
    outer loop
      vertex 36.0937 66.4052 0
      vertex 32.2871 65.4717 0
      vertex 36.0528 66.5805 0
    endloop
  endfacet
  facet normal 0 0 -1
    outer loop
      vertex 32.2871 65.4717 0
      vertex 36 67.117 0
      vertex 36.0059 66.9371 0
    endloop
  endfacet
  facet normal 0 0 -1
    outer loop
      vertex 32.2871 65.4717 0
      vertex 36.0059 66.9371 0
      vertex 36.0235 66.758 0
    endloop
  endfacet
  facet normal -0 0 -1
    outer loop
      vertex 36.0528 66.5805 0
      vertex 32.2871 65.4717 0
      vertex 36.0235 66.758 0
    endloop
  endfacet
  facet normal -0 0 -1
    outer loop
      vertex 36 67.117 0
      vertex 32.2871 65.4717 0
      vertex 27.9359 67.4432 0
    endloop
  endfacet
  facet normal 0 0 -1
    outer loop
      vertex 36 67.117 0
      vertex 27.9359 67.4432 0
      vertex 32.5281 78.5298 0
    endloop
  endfacet
  facet normal 0 0 -1
    outer loop
      vertex 27.9359 67.4432 0
      vertex 27.3224 80.4891 0
      vertex 32.5281 78.5298 0
    endloop
  endfacet
  facet normal 0 0 -1
    outer loop
      vertex 23.4651 69.1259 0
      vertex 27.3224 80.4891 0
      vertex 27.9359 67.4432 0
    endloop
  endfacet
  facet normal 0 0 -1
    outer loop
      vertex 23.4651 69.1259 0
      vertex 21.9996 82.1037 0
      vertex 27.3224 80.4891 0
    endloop
  endfacet
  facet normal 0 0 -1
    outer loop
      vertex 18.8938 70.5126 0
      vertex 21.9996 82.1037 0
      vertex 23.4651 69.1259 0
    endloop
  endfacet
  facet normal 0 0 -1
    outer loop
      vertex 18.8938 70.5126 0
      vertex 16.5827 83.3667 0
      vertex 21.9996 82.1037 0
    endloop
  endfacet
  facet normal 0 0 -1
    outer loop
      vertex 14.2416 71.5973 0
      vertex 16.5827 83.3667 0
      vertex 18.8938 70.5126 0
    endloop
  endfacet
  facet normal 0 0 -1
    outer loop
      vertex 14.2416 71.5973 0
      vertex 11.0947 84.2728 0
      vertex 16.5827 83.3667 0
    endloop
  endfacet
  facet normal 0 0 -1
    outer loop
      vertex 9.52841 72.3755 0
      vertex 11.0947 84.2728 0
      vertex 14.2416 71.5973 0
    endloop
  endfacet
  facet normal 0 0 -1
    outer loop
      vertex 9.52841 72.3755 0
      vertex 5.55927 84.818 0
      vertex 11.0947 84.2728 0
    endloop
  endfacet
  facet normal 0 0 -1
    outer loop
      vertex 4.77443 72.8437 0
      vertex 5.55927 84.818 0
      vertex 9.52841 72.3755 0
    endloop
  endfacet
  facet normal 0 0 -1
    outer loop
      vertex 0 73 0
      vertex 5.55927 84.818 0
      vertex 4.77443 72.8437 0
    endloop
  endfacet
  facet normal 0 0 -1
    outer loop
      vertex 0 73 0
      vertex 0 85 0
      vertex 5.55927 84.818 0
    endloop
  endfacet
  facet normal 0 0 -1
    outer loop
      vertex -4.77443 72.8437 0
      vertex 0 85 0
      vertex 0 73 0
    endloop
  endfacet
  facet normal 0 0 -1
    outer loop
      vertex -4.77443 72.8437 0
      vertex -5.55927 84.818 0
      vertex 0 85 0
    endloop
  endfacet
  facet normal 0 0 -1
    outer loop
      vertex -9.52841 72.3755 0
      vertex -5.55927 84.818 0
      vertex -4.77443 72.8437 0
    endloop
  endfacet
  facet normal 0 0 -1
    outer loop
      vertex -9.52841 72.3755 0
      vertex -11.0947 84.2728 0
      vertex -5.55927 84.818 0
    endloop
  endfacet
  facet normal 0 0 -1
    outer loop
      vertex -14.2416 71.5973 0
      vertex -11.0947 84.2728 0
      vertex -9.52841 72.3755 0
    endloop
  endfacet
  facet normal 0 0 -1
    outer loop
      vertex -14.2416 71.5973 0
      vertex -16.5827 83.3667 0
      vertex -11.0947 84.2728 0
    endloop
  endfacet
  facet normal 0 0 -1
    outer loop
      vertex -18.8938 70.5126 0
      vertex -16.5827 83.3667 0
      vertex -14.2416 71.5973 0
    endloop
  endfacet
  facet normal 0 0 -1
    outer loop
      vertex -18.8938 70.5126 0
      vertex -21.9996 82.1037 0
      vertex -16.5827 83.3667 0
    endloop
  endfacet
  facet normal 0 0 -1
    outer loop
      vertex -23.4651 69.1259 0
      vertex -21.9996 82.1037 0
      vertex -18.8938 70.5126 0
    endloop
  endfacet
  facet normal 0 0 -1
    outer loop
      vertex -23.4651 69.1259 0
      vertex -27.3224 80.4891 0
      vertex -21.9996 82.1037 0
    endloop
  endfacet
  facet normal 0 0 -1
    outer loop
      vertex -27.9359 67.4432 0
      vertex -27.3224 80.4891 0
      vertex -23.4651 69.1259 0
    endloop
  endfacet
  facet normal 0 0 -1
    outer loop
      vertex -36.0059 67.2968 0
      vertex -32.2871 65.4717 0
      vertex -36 67.117 0
    endloop
  endfacet
  facet normal 0 0 -1
    outer loop
      vertex -27.9359 67.4432 0
      vertex -32.5281 78.5298 0
      vertex -27.3224 80.4891 0
    endloop
  endfacet
  facet normal 0 0 -1
    outer loop
      vertex -36.0235 67.4759 0
      vertex -32.2871 65.4717 0
      vertex -36.0059 67.2968 0
    endloop
  endfacet
  facet normal 0 0 -1
    outer loop
      vertex -32.2871 65.4717 0
      vertex -36.0059 66.9371 0
      vertex -36 67.117 0
    endloop
  endfacet
  facet normal 0 0 -1
    outer loop
      vertex -32.2871 65.4717 0
      vertex -36.0235 66.758 0
      vertex -36.0059 66.9371 0
    endloop
  endfacet
  facet normal 0 0 -1
    outer loop
      vertex -32.2871 65.4717 0
      vertex -36.0528 66.5805 0
      vertex -36.0235 66.758 0
    endloop
  endfacet
  facet normal 0 0 -1
    outer loop
      vertex -32.2871 65.4717 0
      vertex -36.0937 66.4052 0
      vertex -36.0528 66.5805 0
    endloop
  endfacet
  facet normal 0 0 -1
    outer loop
      vertex -32.2871 65.4717 0
      vertex -36.1459 66.233 0
      vertex -36.0937 66.4052 0
    endloop
  endfacet
  facet normal 0 0 -1
    outer loop
      vertex -32.2871 65.4717 0
      vertex -36.2093 66.0646 0
      vertex -36.1459 66.233 0
    endloop
  endfacet
  facet normal 0 0 -1
    outer loop
      vertex -32.2871 65.4717 0
      vertex -36.2836 65.9007 0
      vertex -36.2093 66.0646 0
    endloop
  endfacet
  facet normal 0 0 -1
    outer loop
      vertex -32.2871 65.4717 0
      vertex -36.3684 65.742 0
      vertex -36.2836 65.9007 0
    endloop
  endfacet
  facet normal 0 0 -1
    outer loop
      vertex -32.2871 65.4717 0
      vertex -36.4635 65.5891 0
      vertex -36.3684 65.742 0
    endloop
  endfacet
  facet normal 0 0 -1
    outer loop
      vertex -36.5 63.2199 0
      vertex -36.4635 65.5891 0
      vertex -32.2871 65.4717 0
    endloop
  endfacet
  facet normal 0 0 -1
    outer loop
      vertex -36.5 63.2199 0
      vertex -36.5683 65.4429 0
      vertex -36.4635 65.5891 0
    endloop
  endfacet
  facet normal 0 0 -1
    outer loop
      vertex -36.5 63.2199 0
      vertex -36.6824 65.3038 0
      vertex -36.5683 65.4429 0
    endloop
  endfacet
  facet normal 0 0 -1
    outer loop
      vertex -36.5 63.2199 0
      vertex -36.8055 65.1724 0
      vertex -36.6824 65.3038 0
    endloop
  endfacet
  facet normal 0 0 -1
    outer loop
      vertex -36.5 63.2199 0
      vertex -36.9368 65.0494 0
      vertex -36.8055 65.1724 0
    endloop
  endfacet
  facet normal 0 0 -1
    outer loop
      vertex -36.5 63.2199 0
      vertex -37.0759 64.9352 0
      vertex -36.9368 65.0494 0
    endloop
  endfacet
  facet normal 0 0 -1
    outer loop
      vertex -36.5 63.2199 0
      vertex -37.2222 64.8304 0
      vertex -37.0759 64.9352 0
    endloop
  endfacet
  facet normal 0 0 -1
    outer loop
      vertex -36.5 63.2199 0
      vertex -37.375 64.7354 0
      vertex -37.2222 64.8304 0
    endloop
  endfacet
  facet normal 0 0 -1
    outer loop
      vertex -36.5 63.2199 0
      vertex -37.5337 64.6506 0
      vertex -37.375 64.7354 0
    endloop
  endfacet
  facet normal 0 0 -1
    outer loop
      vertex -36.5 63.2199 0
      vertex -37.6976 64.5763 0
      vertex -37.5337 64.6506 0
    endloop
  endfacet
  facet normal 0 0 -1
    outer loop
      vertex -36.5 63.2199 0
      vertex -37.866 64.5129 0
      vertex -37.6976 64.5763 0
    endloop
  endfacet
  facet normal 0 0 -1
    outer loop
      vertex -36.5 63.2199 0
      vertex -38.0382 64.4607 0
      vertex -37.866 64.5129 0
    endloop
  endfacet
  facet normal 0 0 -1
    outer loop
      vertex -36.5 63.2199 0
      vertex -38.2135 64.4198 0
      vertex -38.0382 64.4607 0
    endloop
  endfacet
  facet normal 0 0 -1
    outer loop
      vertex -36.5 63.2199 0
      vertex -38.3911 64.3905 0
      vertex -38.2135 64.4198 0
    endloop
  endfacet
  facet normal 0 0 -1
    outer loop
      vertex -36.5 63.2199 0
      vertex -38.5701 64.3729 0
      vertex -38.3911 64.3905 0
    endloop
  endfacet
  facet normal 0 0 -1
    outer loop
      vertex -40.5566 60.6973 0
      vertex -38.5701 64.3729 0
      vertex -36.5 63.2199 0
    endloop
  endfacet
  facet normal 0 0 -1
    outer loop
      vertex -38.5701 64.3729 0
      vertex -40.5566 60.6973 0
      vertex -38.75 64.367 0
    endloop
  endfacet
  facet normal -0 0 -1
    outer loop
      vertex -38.75 64.367 0
      vertex -40.5566 60.6973 0
      vertex -38.9299 64.3729 0
    endloop
  endfacet
  facet normal -0 0 -1
    outer loop
      vertex -38.9299 64.3729 0
      vertex -40.5566 60.6973 0
      vertex -39.1089 64.3905 0
    endloop
  endfacet
  facet normal -0 0 -1
    outer loop
      vertex -39.1089 64.3905 0
      vertex -40.5566 60.6973 0
      vertex -39.2865 64.4198 0
    endloop
  endfacet
  facet normal -0 0 -1
    outer loop
      vertex -39.2865 64.4198 0
      vertex -40.5566 60.6973 0
      vertex -39.4618 64.4607 0
    endloop
  endfacet
  facet normal -0 0 -1
    outer loop
      vertex -39.4618 64.4607 0
      vertex -40.5566 60.6973 0
      vertex -39.634 64.5129 0
    endloop
  endfacet
  facet normal -0 0 -1
    outer loop
      vertex -39.634 64.5129 0
      vertex -40.5566 60.6973 0
      vertex -39.8024 64.5763 0
    endloop
  endfacet
  facet normal 0 0 -1
    outer loop
      vertex -40.5566 60.6973 0
      vertex -39.9663 64.6506 0
      vertex -39.8024 64.5763 0
    endloop
  endfacet
  facet normal 0 0 -1
    outer loop
      vertex -40.5566 60.6973 0
      vertex -40.125 64.7354 0
      vertex -39.9663 64.6506 0
    endloop
  endfacet
  facet normal 0 0 -1
    outer loop
      vertex -40.5566 60.6973 0
      vertex -40.2778 64.8304 0
      vertex -40.125 64.7354 0
    endloop
  endfacet
  facet normal 0 0 -1
    outer loop
      vertex -40.5566 60.6973 0
      vertex -40.4241 64.9352 0
      vertex -40.2778 64.8304 0
    endloop
  endfacet
  facet normal 0 0 -1
    outer loop
      vertex -40.5566 60.6973 0
      vertex -40.5632 65.0494 0
      vertex -40.4241 64.9352 0
    endloop
  endfacet
  facet normal 0 0 -1
    outer loop
      vertex -40.5566 60.6973 0
      vertex -40.6945 65.1724 0
      vertex -40.5632 65.0494 0
    endloop
  endfacet
  facet normal 0 0 -1
    outer loop
      vertex -40.5566 60.6973 0
      vertex -40.8176 65.3038 0
      vertex -40.6945 65.1724 0
    endloop
  endfacet
  facet normal 0 0 -1
    outer loop
      vertex -40.5566 60.6973 0
      vertex -40.9317 65.4429 0
      vertex -40.8176 65.3038 0
    endloop
  endfacet
  facet normal 0 0 -1
    outer loop
      vertex -40.5566 60.6973 0
      vertex -41.0365 65.5891 0
      vertex -40.9317 65.4429 0
    endloop
  endfacet
  facet normal 0 0 -1
    outer loop
      vertex -44.4396 57.9148 0
      vertex -41.0365 65.5891 0
      vertex -40.5566 60.6973 0
    endloop
  endfacet
  facet normal -0 0 -1
    outer loop
      vertex -41.0365 65.5891 0
      vertex -44.4396 57.9148 0
      vertex -41.1316 65.742 0
    endloop
  endfacet
  facet normal -0 0 -1
    outer loop
      vertex -41.1316 65.742 0
      vertex -44.4396 57.9148 0
      vertex -41.2164 65.9007 0
    endloop
  endfacet
  facet normal -0 0 -1
    outer loop
      vertex -41.2164 65.9007 0
      vertex -44.4396 57.9148 0
      vertex -41.2907 66.0646 0
    endloop
  endfacet
  facet normal 0 0 -1
    outer loop
      vertex -51.7447 67.435 0
      vertex -41.2907 66.0646 0
      vertex -44.4396 57.9148 0
    endloop
  endfacet
  facet normal 0 0 -1
    outer loop
      vertex -41.2907 66.0646 0
      vertex -51.7447 67.435 0
      vertex -41.3541 66.233 0
    endloop
  endfacet
  facet normal 0 0 -1
    outer loop
      vertex -41.3541 66.233 0
      vertex -51.7447 67.435 0
      vertex -41.4063 66.4052 0
    endloop
  endfacet
  facet normal 0 0 -1
    outer loop
      vertex -47.2235 70.6749 0
      vertex -41.5 67.117 0
      vertex -41.4941 66.9371 0
    endloop
  endfacet
  facet normal 0 0 -1
    outer loop
      vertex -47.2235 70.6749 0
      vertex -41.4941 66.9371 0
      vertex -41.4765 66.758 0
    endloop
  endfacet
  facet normal 0 0 -1
    outer loop
      vertex -41.4063 66.4052 0
      vertex -51.7447 67.435 0
      vertex -41.4472 66.5805 0
    endloop
  endfacet
  facet normal 0 -0 -1
    outer loop
      vertex -47.2235 70.6749 0
      vertex -41.4472 66.5805 0
      vertex -51.7447 67.435 0
    endloop
  endfacet
  facet normal 0 0 -1
    outer loop
      vertex -41.0365 68.6448 0
      vertex -47.2235 70.6749 0
      vertex -42.5 73.6122 0
    endloop
  endfacet
  facet normal 0 0 -1
    outer loop
      vertex -51.7447 67.435 0
      vertex -44.4396 57.9148 0
      vertex -48.1322 54.8843 0
    endloop
  endfacet
  facet normal 0 0 -1
    outer loop
      vertex -56.0444 63.9064 0
      vertex -48.1322 54.8843 0
      vertex -51.6188 51.6188 0
    endloop
  endfacet
  facet normal 0 0 -1
    outer loop
      vertex -41.4472 66.5805 0
      vertex -47.2235 70.6749 0
      vertex -41.4765 66.758 0
    endloop
  endfacet
  facet normal 0 0 -1
    outer loop
      vertex -60.1041 60.1041 0
      vertex -51.6188 51.6188 0
      vertex -54.8843 48.1322 0
    endloop
  endfacet
  facet normal 0 0 -1
    outer loop
      vertex -48.1322 54.8843 0
      vertex -56.0444 63.9064 0
      vertex -51.7447 67.435 0
    endloop
  endfacet
  facet normal 0 0 -1
    outer loop
      vertex -63.9064 56.0444 0
      vertex -54.8843 48.1322 0
      vertex -57.9148 44.4396 0
    endloop
  endfacet
  facet normal 0 0 -1
    outer loop
      vertex -51.6188 51.6188 0
      vertex -60.1041 60.1041 0
      vertex -56.0444 63.9064 0
    endloop
  endfacet
  facet normal 0 0 -1
    outer loop
      vertex -67.435 51.7447 0
      vertex -57.9148 44.4396 0
      vertex -60.6973 40.5566 0
    endloop
  endfacet
  facet normal 0 0 -1
    outer loop
      vertex -70.6749 47.2235 0
      vertex -60.6973 40.5566 0
      vertex -63.2199 36.5 0
    endloop
  endfacet
  facet normal 0 0 -1
    outer loop
      vertex -54.8843 48.1322 0
      vertex -63.9064 56.0444 0
      vertex -60.1041 60.1041 0
    endloop
  endfacet
  facet normal 0 0 -1
    outer loop
      vertex -73.6122 42.5 0
      vertex -63.2199 36.5 0
      vertex -65.4717 32.2871 0
    endloop
  endfacet
  facet normal 0 0 -1
    outer loop
      vertex -57.9148 44.4396 0
      vertex -67.435 51.7447 0
      vertex -63.9064 56.0444 0
    endloop
  endfacet
  facet normal 0 0 -1
    outer loop
      vertex -73.6122 42.5 0
      vertex -65.4717 32.2871 0
      vertex -67.4432 27.9359 0
    endloop
  endfacet
  facet normal 0 0 -1
    outer loop
      vertex -73.6122 42.5 0
      vertex -67.4432 27.9359 0
      vertex -69.1259 23.4651 0
    endloop
  endfacet
  facet normal 0 0 -1
    outer loop
      vertex -73.6122 42.5 0
      vertex -69.1259 23.4651 0
      vertex -70.5126 18.8938 0
    endloop
  endfacet
  facet normal 0 0 -1
    outer loop
      vertex -60.6973 40.5566 0
      vertex -70.6749 47.2235 0
      vertex -67.435 51.7447 0
    endloop
  endfacet
  facet normal 0 0 -1
    outer loop
      vertex -73.6122 42.5 0
      vertex -70.5126 18.8938 0
      vertex -71.5973 14.2416 0
    endloop
  endfacet
  facet normal 0 0 -1
    outer loop
      vertex -73.6122 42.5 0
      vertex -71.5973 14.2416 0
      vertex -72.3755 9.52841 0
    endloop
  endfacet
  facet normal 0 0 -1
    outer loop
      vertex -74.7735 0.358947 0
      vertex -73 0 0
      vertex -74.7559 0.179858 0
    endloop
  endfacet
  facet normal 0 0 -1
    outer loop
      vertex -63.2199 36.5 0
      vertex -73.6122 42.5 0
      vertex -70.6749 47.2235 0
    endloop
  endfacet
  facet normal 0 0 -1
    outer loop
      vertex -74.7559 0.179858 0
      vertex -73 0 0
      vertex -74.75 0 0
    endloop
  endfacet
  facet normal -0 0 -1
    outer loop
      vertex -70.5126 -18.8938 0
      vertex -82.1037 -21.9996 0
      vertex -71.5973 -14.2416 0
    endloop
  endfacet
  facet normal 0 0 -1
    outer loop
      vertex -74.8028 0.536498 0
      vertex -73 0 0
      vertex -74.7735 0.358947 0
    endloop
  endfacet
  facet normal -0 0 -1
    outer loop
      vertex -73 0 0
      vertex -74.7559 -0.179858 0
      vertex -74.75 0 0
    endloop
  endfacet
  facet normal 0 0 -1
    outer loop
      vertex -73 0 0
      vertex -74.7735 -0.358947 0
      vertex -74.7559 -0.179858 0
    endloop
  endfacet
  facet normal 0 0 -1
    outer loop
      vertex -73 0 0
      vertex -74.8028 -0.536498 0
      vertex -74.7735 -0.358947 0
    endloop
  endfacet
  facet normal 0 0 -1
    outer loop
      vertex -73 0 0
      vertex -74.8437 -0.711752 0
      vertex -74.8028 -0.536498 0
    endloop
  endfacet
  facet normal 0 0 -1
    outer loop
      vertex -73 0 0
      vertex -74.8959 -0.883958 0
      vertex -74.8437 -0.711752 0
    endloop
  endfacet
  facet normal 0 0 -1
    outer loop
      vertex -73 0 0
      vertex -74.9593 -1.05238 0
      vertex -74.8959 -0.883958 0
    endloop
  endfacet
  facet normal 0 0 -1
    outer loop
      vertex -73 0 0
      vertex -75.0336 -1.21629 0
      vertex -74.9593 -1.05238 0
    endloop
  endfacet
  facet normal 0 0 -1
    outer loop
      vertex -72.8437 -4.77443 0
      vertex -75.0336 -1.21629 0
      vertex -73 0 0
    endloop
  endfacet
  facet normal 0 0 -1
    outer loop
      vertex -83.3667 -16.5827 0
      vertex -71.5973 -14.2416 0
      vertex -82.1037 -21.9996 0
    endloop
  endfacet
  facet normal 0 -0 -1
    outer loop
      vertex -75.0336 -1.21629 0
      vertex -72.8437 -4.77443 0
      vertex -75.1184 -1.375 0
    endloop
  endfacet
  facet normal -0 -0 -1
    outer loop
      vertex -77.6799 -2.74411 0
      vertex -72.3755 -9.52841 0
      vertex -77.8589 -2.72647 0
    endloop
  endfacet
  facet normal 0 -0 -1
    outer loop
      vertex -75.1184 -1.375 0
      vertex -72.8437 -4.77443 0
      vertex -75.2135 -1.52782 0
    endloop
  endfacet
  facet normal 0 -0 -1
    outer loop
      vertex -75.5555 -1.94454 0
      vertex -72.8437 -4.77443 0
      vertex -75.6868 -2.06756 0
    endloop
  endfacet
  facet normal 0 -0 -1
    outer loop
      vertex -75.2135 -1.52782 0
      vertex -72.8437 -4.77443 0
      vertex -75.3183 -1.67409 0
    endloop
  endfacet
  facet normal 0 -0 -1
    outer loop
      vertex -75.3183 -1.67409 0
      vertex -72.8437 -4.77443 0
      vertex -75.4324 -1.8132 0
    endloop
  endfacet
  facet normal 0 -0 -1
    outer loop
      vertex -75.4324 -1.8132 0
      vertex -72.8437 -4.77443 0
      vertex -75.5555 -1.94454 0
    endloop
  endfacet
  facet normal 0 0 -1
    outer loop
      vertex -72.8437 -4.77443 0
      vertex -75.8259 -2.18172 0
      vertex -75.6868 -2.06756 0
    endloop
  endfacet
  facet normal 0 0 -1
    outer loop
      vertex -72.8437 -4.77443 0
      vertex -75.9722 -2.28654 0
      vertex -75.8259 -2.18172 0
    endloop
  endfacet
  facet normal 0 0 -1
    outer loop
      vertex -72.8437 -4.77443 0
      vertex -76.125 -2.38157 0
      vertex -75.9722 -2.28654 0
    endloop
  endfacet
  facet normal 0 0 -1
    outer loop
      vertex -72.8437 -4.77443 0
      vertex -76.2837 -2.4664 0
      vertex -76.125 -2.38157 0
    endloop
  endfacet
  facet normal 0 0 -1
    outer loop
      vertex -72.8437 -4.77443 0
      vertex -76.4476 -2.54067 0
      vertex -76.2837 -2.4664 0
    endloop
  endfacet
  facet normal 0 0 -1
    outer loop
      vertex -72.8437 -4.77443 0
      vertex -76.616 -2.60406 0
      vertex -76.4476 -2.54067 0
    endloop
  endfacet
  facet normal 0 0 -1
    outer loop
      vertex -72.8437 -4.77443 0
      vertex -76.7882 -2.6563 0
      vertex -76.616 -2.60406 0
    endloop
  endfacet
  facet normal 0 0 -1
    outer loop
      vertex -72.8437 -4.77443 0
      vertex -76.9635 -2.69716 0
      vertex -76.7882 -2.6563 0
    endloop
  endfacet
  facet normal 0 0 -1
    outer loop
      vertex -72.8437 -4.77443 0
      vertex -77.1411 -2.72647 0
      vertex -76.9635 -2.69716 0
    endloop
  endfacet
  facet normal 0 0 -1
    outer loop
      vertex -72.8437 -4.77443 0
      vertex -77.3201 -2.74411 0
      vertex -77.1411 -2.72647 0
    endloop
  endfacet
  facet normal 0 0 -1
    outer loop
      vertex -72.3755 -9.52841 0
      vertex -77.3201 -2.74411 0
      vertex -72.8437 -4.77443 0
    endloop
  endfacet
  facet normal 0 -0 -1
    outer loop
      vertex -77.3201 -2.74411 0
      vertex -72.3755 -9.52841 0
      vertex -77.5 -2.75 0
    endloop
  endfacet
  facet normal -0 -0 -1
    outer loop
      vertex -77.5 -2.75 0
      vertex -72.3755 -9.52841 0
      vertex -77.6799 -2.74411 0
    endloop
  endfacet
  facet normal 0 0 -1
    outer loop
      vertex -84.2728 -11.0947 0
      vertex -77.8589 -2.72647 0
      vertex -72.3755 -9.52841 0
    endloop
  endfacet
  facet normal -0 0 -1
    outer loop
      vertex -77.8589 -2.72647 0
      vertex -84.2728 -11.0947 0
      vertex -78.0365 -2.69716 0
    endloop
  endfacet
  facet normal 0 0 -1
    outer loop
      vertex -84.2728 -11.0947 0
      vertex -72.3755 -9.52841 0
      vertex -83.3667 -16.5827 0
    endloop
  endfacet
  facet normal -0 0 -1
    outer loop
      vertex -78.0365 -2.69716 0
      vertex -84.2728 -11.0947 0
      vertex -78.2118 -2.6563 0
    endloop
  endfacet
  facet normal -0 0 -1
    outer loop
      vertex -71.5973 -14.2416 0
      vertex -83.3667 -16.5827 0
      vertex -72.3755 -9.52841 0
    endloop
  endfacet
  facet normal -0 0 -1
    outer loop
      vertex -78.2118 -2.6563 0
      vertex -84.2728 -11.0947 0
      vertex -78.384 -2.60406 0
    endloop
  endfacet
  facet normal 0 0 -1
    outer loop
      vertex -84.818 -5.55927 0
      vertex -78.384 -2.60406 0
      vertex -84.2728 -11.0947 0
    endloop
  endfacet
  facet normal -0 0 -1
    outer loop
      vertex -78.384 -2.60406 0
      vertex -84.818 -5.55927 0
      vertex -78.5524 -2.54067 0
    endloop
  endfacet
  facet normal -0 0 -1
    outer loop
      vertex -78.5524 -2.54067 0
      vertex -84.818 -5.55927 0
      vertex -78.7163 -2.4664 0
    endloop
  endfacet
  facet normal -0 0 -1
    outer loop
      vertex -78.7163 -2.4664 0
      vertex -84.818 -5.55927 0
      vertex -78.875 -2.38157 0
    endloop
  endfacet
  facet normal -0 0 -1
    outer loop
      vertex -78.875 -2.38157 0
      vertex -84.818 -5.55927 0
      vertex -79.0278 -2.28654 0
    endloop
  endfacet
  facet normal -0 0 -1
    outer loop
      vertex -79.0278 -2.28654 0
      vertex -84.818 -5.55927 0
      vertex -79.1741 -2.18172 0
    endloop
  endfacet
  facet normal -0 0 -1
    outer loop
      vertex -79.1741 -2.18172 0
      vertex -84.818 -5.55927 0
      vertex -79.3132 -2.06756 0
    endloop
  endfacet
  facet normal -0 0 -1
    outer loop
      vertex -79.3132 -2.06756 0
      vertex -84.818 -5.55927 0
      vertex -79.4445 -1.94454 0
    endloop
  endfacet
  facet normal -0 0 -1
    outer loop
      vertex -79.4445 -1.94454 0
      vertex -84.818 -5.55927 0
      vertex -79.5676 -1.8132 0
    endloop
  endfacet
  facet normal -0 0 -1
    outer loop
      vertex -79.5676 -1.8132 0
      vertex -84.818 -5.55927 0
      vertex -79.6817 -1.67409 0
    endloop
  endfacet
  facet normal -0 0 -1
    outer loop
      vertex -79.6817 -1.67409 0
      vertex -84.818 -5.55927 0
      vertex -79.7865 -1.52782 0
    endloop
  endfacet
  facet normal -0 0 -1
    outer loop
      vertex -79.7865 -1.52782 0
      vertex -84.818 -5.55927 0
      vertex -79.8816 -1.375 0
    endloop
  endfacet
  facet normal -0 0 -1
    outer loop
      vertex -79.8816 -1.375 0
      vertex -84.818 -5.55927 0
      vertex -79.9664 -1.21629 0
    endloop
  endfacet
  facet normal 0 0 -1
    outer loop
      vertex -85 0 0
      vertex -79.9664 -1.21629 0
      vertex -84.818 -5.55927 0
    endloop
  endfacet
  facet normal 0 0 -1
    outer loop
      vertex -80.0407 -1.05238 0
      vertex -85 0 0
      vertex -80.1041 -0.883958 0
    endloop
  endfacet
  facet normal 0 0 -1
    outer loop
      vertex -79.9664 -1.21629 0
      vertex -85 0 0
      vertex -80.0407 -1.05238 0
    endloop
  endfacet
  facet normal 0 0 -1
    outer loop
      vertex 41.4765 67.4759 0
      vertex 47.2235 70.6749 0
      vertex 41.4941 67.2968 0
    endloop
  endfacet
  facet normal 0 0 -1
    outer loop
      vertex 41.4472 67.6535 0
      vertex 47.2235 70.6749 0
      vertex 41.4765 67.4759 0
    endloop
  endfacet
  facet normal 0 0 -1
    outer loop
      vertex 41.4063 67.8287 0
      vertex 47.2235 70.6749 0
      vertex 41.4472 67.6535 0
    endloop
  endfacet
  facet normal 0 0 -1
    outer loop
      vertex 41.3541 68.0009 0
      vertex 47.2235 70.6749 0
      vertex 41.4063 67.8287 0
    endloop
  endfacet
  facet normal 0 0 -1
    outer loop
      vertex 41.2907 68.1693 0
      vertex 47.2235 70.6749 0
      vertex 41.3541 68.0009 0
    endloop
  endfacet
  facet normal 0 0 -1
    outer loop
      vertex 41.2164 68.3333 0
      vertex 47.2235 70.6749 0
      vertex 41.2907 68.1693 0
    endloop
  endfacet
  facet normal 0 0 -1
    outer loop
      vertex 41.1316 68.492 0
      vertex 47.2235 70.6749 0
      vertex 41.2164 68.3333 0
    endloop
  endfacet
  facet normal 0 0 -1
    outer loop
      vertex 41.0365 68.6448 0
      vertex 47.2235 70.6749 0
      vertex 41.1316 68.492 0
    endloop
  endfacet
  facet normal -0 0 -1
    outer loop
      vertex 47.2235 70.6749 0
      vertex 41.0365 68.6448 0
      vertex 42.5 73.6122 0
    endloop
  endfacet
  facet normal 0 0 -1
    outer loop
      vertex 40.9317 68.7911 0
      vertex 42.5 73.6122 0
      vertex 41.0365 68.6448 0
    endloop
  endfacet
  facet normal 0 0 -1
    outer loop
      vertex 40.8176 68.9302 0
      vertex 42.5 73.6122 0
      vertex 40.9317 68.7911 0
    endloop
  endfacet
  facet normal 0 0 -1
    outer loop
      vertex 40.6945 69.0615 0
      vertex 42.5 73.6122 0
      vertex 40.8176 68.9302 0
    endloop
  endfacet
  facet normal 0 0 -1
    outer loop
      vertex 40.5632 69.1845 0
      vertex 42.5 73.6122 0
      vertex 40.6945 69.0615 0
    endloop
  endfacet
  facet normal 0 0 -1
    outer loop
      vertex 40.4241 69.2987 0
      vertex 42.5 73.6122 0
      vertex 40.5632 69.1845 0
    endloop
  endfacet
  facet normal 0 0 -1
    outer loop
      vertex 40.2778 69.4035 0
      vertex 42.5 73.6122 0
      vertex 40.4241 69.2987 0
    endloop
  endfacet
  facet normal 0 0 -1
    outer loop
      vertex 40.125 69.4985 0
      vertex 42.5 73.6122 0
      vertex 40.2778 69.4035 0
    endloop
  endfacet
  facet normal 0 0 -1
    outer loop
      vertex 39.9663 69.5834 0
      vertex 42.5 73.6122 0
      vertex 40.125 69.4985 0
    endloop
  endfacet
  facet normal 0 0 -1
    outer loop
      vertex 39.8024 69.6576 0
      vertex 42.5 73.6122 0
      vertex 39.9663 69.5834 0
    endloop
  endfacet
  facet normal 0 0 -1
    outer loop
      vertex 39.634 69.721 0
      vertex 42.5 73.6122 0
      vertex 39.8024 69.6576 0
    endloop
  endfacet
  facet normal 0 0 -1
    outer loop
      vertex 39.4618 69.7733 0
      vertex 42.5 73.6122 0
      vertex 39.634 69.721 0
    endloop
  endfacet
  facet normal 0 0 -1
    outer loop
      vertex 39.2865 69.8141 0
      vertex 42.5 73.6122 0
      vertex 39.4618 69.7733 0
    endloop
  endfacet
  facet normal 0 0 -1
    outer loop
      vertex 39.1089 69.8434 0
      vertex 42.5 73.6122 0
      vertex 39.2865 69.8141 0
    endloop
  endfacet
  facet normal 0 0 -1
    outer loop
      vertex 38.9299 69.8611 0
      vertex 42.5 73.6122 0
      vertex 39.1089 69.8434 0
    endloop
  endfacet
  facet normal 0 0 -1
    outer loop
      vertex 37.5945 76.2342 0
      vertex 38.9299 69.8611 0
      vertex 38.75 69.867 0
    endloop
  endfacet
  facet normal 0 0 -1
    outer loop
      vertex 37.5945 76.2342 0
      vertex 38.75 69.867 0
      vertex 38.5701 69.8611 0
    endloop
  endfacet
  facet normal 0 0 -1
    outer loop
      vertex 37.5945 76.2342 0
      vertex 38.5701 69.8611 0
      vertex 38.3911 69.8434 0
    endloop
  endfacet
  facet normal 0 0 -1
    outer loop
      vertex 37.5945 76.2342 0
      vertex 38.3911 69.8434 0
      vertex 38.2135 69.8141 0
    endloop
  endfacet
  facet normal 0 0 -1
    outer loop
      vertex 37.5945 76.2342 0
      vertex 38.2135 69.8141 0
      vertex 38.0382 69.7733 0
    endloop
  endfacet
  facet normal 0 0 -1
    outer loop
      vertex 37.5945 76.2342 0
      vertex 38.0382 69.7733 0
      vertex 37.866 69.721 0
    endloop
  endfacet
  facet normal 0 0 -1
    outer loop
      vertex 37.5945 76.2342 0
      vertex 37.866 69.721 0
      vertex 37.6976 69.6576 0
    endloop
  endfacet
  facet normal 0 0 -1
    outer loop
      vertex 38.9299 69.8611 0
      vertex 37.5945 76.2342 0
      vertex 42.5 73.6122 0
    endloop
  endfacet
  facet normal 0 0 -1
    outer loop
      vertex 37.5337 69.5834 0
      vertex 37.5945 76.2342 0
      vertex 37.6976 69.6576 0
    endloop
  endfacet
  facet normal 0 0 -1
    outer loop
      vertex 37.375 69.4985 0
      vertex 37.5945 76.2342 0
      vertex 37.5337 69.5834 0
    endloop
  endfacet
  facet normal 0 0 -1
    outer loop
      vertex 37.2222 69.4035 0
      vertex 37.5945 76.2342 0
      vertex 37.375 69.4985 0
    endloop
  endfacet
  facet normal 0 0 -1
    outer loop
      vertex 37.0759 69.2987 0
      vertex 37.5945 76.2342 0
      vertex 37.2222 69.4035 0
    endloop
  endfacet
  facet normal 0 0 -1
    outer loop
      vertex 36.9368 69.1845 0
      vertex 37.5945 76.2342 0
      vertex 37.0759 69.2987 0
    endloop
  endfacet
  facet normal 0 0 -1
    outer loop
      vertex 36.8055 69.0615 0
      vertex 37.5945 76.2342 0
      vertex 36.9368 69.1845 0
    endloop
  endfacet
  facet normal 0 0 -1
    outer loop
      vertex 32.5281 78.5298 0
      vertex 36.8055 69.0615 0
      vertex 36.6824 68.9302 0
    endloop
  endfacet
  facet normal 0 0 -1
    outer loop
      vertex 32.5281 78.5298 0
      vertex 36.6824 68.9302 0
      vertex 36.5683 68.7911 0
    endloop
  endfacet
  facet normal 0 0 -1
    outer loop
      vertex 32.5281 78.5298 0
      vertex 36.5683 68.7911 0
      vertex 36.4635 68.6448 0
    endloop
  endfacet
  facet normal 0 0 -1
    outer loop
      vertex 32.5281 78.5298 0
      vertex 36.4635 68.6448 0
      vertex 36.3684 68.492 0
    endloop
  endfacet
  facet normal 0 0 -1
    outer loop
      vertex 32.5281 78.5298 0
      vertex 36.3684 68.492 0
      vertex 36.2836 68.3333 0
    endloop
  endfacet
  facet normal 0 0 -1
    outer loop
      vertex 32.5281 78.5298 0
      vertex 36.2836 68.3333 0
      vertex 36.2093 68.1693 0
    endloop
  endfacet
  facet normal 0 0 -1
    outer loop
      vertex 32.5281 78.5298 0
      vertex 36.2093 68.1693 0
      vertex 36.1459 68.0009 0
    endloop
  endfacet
  facet normal 0 0 -1
    outer loop
      vertex 32.5281 78.5298 0
      vertex 36.1459 68.0009 0
      vertex 36.0937 67.8287 0
    endloop
  endfacet
  facet normal 0 0 -1
    outer loop
      vertex 32.5281 78.5298 0
      vertex 36.0937 67.8287 0
      vertex 36.0528 67.6535 0
    endloop
  endfacet
  facet normal 0 0 -1
    outer loop
      vertex 36.8055 69.0615 0
      vertex 32.5281 78.5298 0
      vertex 37.5945 76.2342 0
    endloop
  endfacet
  facet normal 0 0 -1
    outer loop
      vertex 36.0235 67.4759 0
      vertex 32.5281 78.5298 0
      vertex 36.0528 67.6535 0
    endloop
  endfacet
  facet normal 0 0 -1
    outer loop
      vertex 36.0059 67.2968 0
      vertex 32.5281 78.5298 0
      vertex 36.0235 67.4759 0
    endloop
  endfacet
  facet normal 0 0 -1
    outer loop
      vertex 32.5281 78.5298 0
      vertex 36.0059 67.2968 0
      vertex 36 67.117 0
    endloop
  endfacet
  facet normal 0 0 -1
    outer loop
      vertex 79.9664 -1.21629 0
      vertex 85 0 0
      vertex 84.818 -5.55927 0
    endloop
  endfacet
  facet normal 0 0 -1
    outer loop
      vertex 78.384 -2.60406 0
      vertex 84.818 -5.55927 0
      vertex 84.2728 -11.0947 0
    endloop
  endfacet
  facet normal 0 0 -1
    outer loop
      vertex 85 0 0
      vertex 80.1972 -0.536498 0
      vertex 80.2265 -0.358947 0
    endloop
  endfacet
  facet normal 0 0 -1
    outer loop
      vertex 72.3755 -9.52841 0
      vertex 84.2728 -11.0947 0
      vertex 83.3667 -16.5827 0
    endloop
  endfacet
  facet normal -0 0 -1
    outer loop
      vertex 85 0 0
      vertex 80.2441 -0.179858 0
      vertex 80.25 0 0
    endloop
  endfacet
  facet normal 0 0 -1
    outer loop
      vertex 72.3755 -9.52841 0
      vertex 83.3667 -16.5827 0
      vertex 82.1037 -21.9996 0
    endloop
  endfacet
  facet normal 0 0 -1
    outer loop
      vertex 80.2265 0.358947 0
      vertex 85 0 0
      vertex 80.2441 0.179858 0
    endloop
  endfacet
  facet normal 0 0 -1
    outer loop
      vertex 72.3755 -9.52841 0
      vertex 82.1037 -21.9996 0
      vertex 80.4891 -27.3224 0
    endloop
  endfacet
  facet normal 0 0 -1
    outer loop
      vertex 80.1563 0.711752 0
      vertex 85 0 0
      vertex 80.1972 0.536498 0
    endloop
  endfacet
  facet normal 0 0 -1
    outer loop
      vertex 80.1041 0.883958 0
      vertex 85 0 0
      vertex 80.1563 0.711752 0
    endloop
  endfacet
  facet normal 0 0 -1
    outer loop
      vertex 80.1972 0.536498 0
      vertex 85 0 0
      vertex 80.2265 0.358947 0
    endloop
  endfacet
  facet normal 0 0 -1
    outer loop
      vertex 80.2441 0.179858 0
      vertex 85 0 0
      vertex 80.25 0 0
    endloop
  endfacet
  facet normal 0 0 -1
    outer loop
      vertex 85 0 0
      vertex 80.2265 -0.358947 0
      vertex 80.2441 -0.179858 0
    endloop
  endfacet
  facet normal 0 0 -1
    outer loop
      vertex 85 0 0
      vertex 80.1563 -0.711752 0
      vertex 80.1972 -0.536498 0
    endloop
  endfacet
  facet normal 0 0 -1
    outer loop
      vertex 85 0 0
      vertex 80.1041 -0.883958 0
      vertex 80.1563 -0.711752 0
    endloop
  endfacet
  facet normal 0 0 -1
    outer loop
      vertex 85 0 0
      vertex 80.0407 -1.05238 0
      vertex 80.1041 -0.883958 0
    endloop
  endfacet
  facet normal 0 0 -1
    outer loop
      vertex 85 0 0
      vertex 79.9664 -1.21629 0
      vertex 80.0407 -1.05238 0
    endloop
  endfacet
  facet normal 0 0 -1
    outer loop
      vertex 84.818 -5.55927 0
      vertex 79.8816 -1.375 0
      vertex 79.9664 -1.21629 0
    endloop
  endfacet
  facet normal 0 0 -1
    outer loop
      vertex 84.818 -5.55927 0
      vertex 79.7865 -1.52782 0
      vertex 79.8816 -1.375 0
    endloop
  endfacet
  facet normal 0 0 -1
    outer loop
      vertex 84.818 -5.55927 0
      vertex 79.6817 -1.67409 0
      vertex 79.7865 -1.52782 0
    endloop
  endfacet
  facet normal 0 0 -1
    outer loop
      vertex 84.818 -5.55927 0
      vertex 79.5676 -1.8132 0
      vertex 79.6817 -1.67409 0
    endloop
  endfacet
  facet normal 0 0 -1
    outer loop
      vertex 84.818 -5.55927 0
      vertex 79.4445 -1.94454 0
      vertex 79.5676 -1.8132 0
    endloop
  endfacet
  facet normal 0 0 -1
    outer loop
      vertex 84.818 -5.55927 0
      vertex 79.3132 -2.06756 0
      vertex 79.4445 -1.94454 0
    endloop
  endfacet
  facet normal 0 0 -1
    outer loop
      vertex 84.818 -5.55927 0
      vertex 79.1741 -2.18172 0
      vertex 79.3132 -2.06756 0
    endloop
  endfacet
  facet normal 0 0 -1
    outer loop
      vertex 84.818 -5.55927 0
      vertex 79.0278 -2.28654 0
      vertex 79.1741 -2.18172 0
    endloop
  endfacet
  facet normal 0 0 -1
    outer loop
      vertex 84.818 -5.55927 0
      vertex 78.875 -2.38157 0
      vertex 79.0278 -2.28654 0
    endloop
  endfacet
  facet normal 0 0 -1
    outer loop
      vertex 84.818 -5.55927 0
      vertex 78.7163 -2.4664 0
      vertex 78.875 -2.38157 0
    endloop
  endfacet
  facet normal 0 -0 -1
    outer loop
      vertex 77.8589 -2.72647 0
      vertex 84.2728 -11.0947 0
      vertex 72.3755 -9.52841 0
    endloop
  endfacet
  facet normal 0 0 -1
    outer loop
      vertex 72.3755 -9.52841 0
      vertex 80.4891 -27.3224 0
      vertex 78.5298 -32.5281 0
    endloop
  endfacet
  facet normal 0 0 -1
    outer loop
      vertex 84.818 -5.55927 0
      vertex 78.5524 -2.54067 0
      vertex 78.7163 -2.4664 0
    endloop
  endfacet
  facet normal 0 0 -1
    outer loop
      vertex 84.818 -5.55927 0
      vertex 78.384 -2.60406 0
      vertex 78.5524 -2.54067 0
    endloop
  endfacet
  facet normal 0 0 -1
    outer loop
      vertex 84.2728 -11.0947 0
      vertex 78.2118 -2.6563 0
      vertex 78.384 -2.60406 0
    endloop
  endfacet
  facet normal 0 0 -1
    outer loop
      vertex 84.2728 -11.0947 0
      vertex 78.0365 -2.69716 0
      vertex 78.2118 -2.6563 0
    endloop
  endfacet
  facet normal 0 0 -1
    outer loop
      vertex 84.2728 -11.0947 0
      vertex 77.8589 -2.72647 0
      vertex 78.0365 -2.69716 0
    endloop
  endfacet
  facet normal 0 0 -1
    outer loop
      vertex 77.8589 -2.72647 0
      vertex 72.3755 -9.52841 0
      vertex 77.6799 -2.74411 0
    endloop
  endfacet
  facet normal 0 0 -1
    outer loop
      vertex 77.6799 -2.74411 0
      vertex 72.3755 -9.52841 0
      vertex 77.5 -2.75 0
    endloop
  endfacet
  facet normal -0 0 -1
    outer loop
      vertex 77.5 -2.75 0
      vertex 72.3755 -9.52841 0
      vertex 77.3201 -2.74411 0
    endloop
  endfacet
  facet normal 0 -0 -1
    outer loop
      vertex 72.8437 -4.77443 0
      vertex 77.3201 -2.74411 0
      vertex 72.3755 -9.52841 0
    endloop
  endfacet
  facet normal -0 0 -1
    outer loop
      vertex 77.3201 -2.74411 0
      vertex 72.8437 -4.77443 0
      vertex 77.1411 -2.72647 0
    endloop
  endfacet
  facet normal -0 0 -1
    outer loop
      vertex 77.1411 -2.72647 0
      vertex 72.8437 -4.77443 0
      vertex 76.9635 -2.69716 0
    endloop
  endfacet
  facet normal -0 0 -1
    outer loop
      vertex 76.9635 -2.69716 0
      vertex 72.8437 -4.77443 0
      vertex 76.7882 -2.6563 0
    endloop
  endfacet
  facet normal -0 0 -1
    outer loop
      vertex 76.7882 -2.6563 0
      vertex 72.8437 -4.77443 0
      vertex 76.616 -2.60406 0
    endloop
  endfacet
  facet normal 0 0 -1
    outer loop
      vertex 72.3755 -9.52841 0
      vertex 78.5298 -32.5281 0
      vertex 76.2342 -37.5945 0
    endloop
  endfacet
  facet normal -0 0 -1
    outer loop
      vertex 76.616 -2.60406 0
      vertex 72.8437 -4.77443 0
      vertex 76.4476 -2.54067 0
    endloop
  endfacet
  facet normal -0 0 -1
    outer loop
      vertex 76.4476 -2.54067 0
      vertex 72.8437 -4.77443 0
      vertex 76.2837 -2.4664 0
    endloop
  endfacet
  facet normal -0 0 -1
    outer loop
      vertex 76.2837 -2.4664 0
      vertex 72.8437 -4.77443 0
      vertex 76.125 -2.38157 0
    endloop
  endfacet
  facet normal -0 0 -1
    outer loop
      vertex 76.125 -2.38157 0
      vertex 72.8437 -4.77443 0
      vertex 75.9722 -2.28654 0
    endloop
  endfacet
  facet normal -0 0 -1
    outer loop
      vertex 75.9722 -2.28654 0
      vertex 72.8437 -4.77443 0
      vertex 75.8259 -2.18172 0
    endloop
  endfacet
  facet normal -0 0 -1
    outer loop
      vertex 75.8259 -2.18172 0
      vertex 72.8437 -4.77443 0
      vertex 75.6868 -2.06756 0
    endloop
  endfacet
  facet normal -0 0 -1
    outer loop
      vertex 75.6868 -2.06756 0
      vertex 72.8437 -4.77443 0
      vertex 75.5555 -1.94454 0
    endloop
  endfacet
  facet normal -0 0 -1
    outer loop
      vertex 75.5555 -1.94454 0
      vertex 72.8437 -4.77443 0
      vertex 75.4324 -1.8132 0
    endloop
  endfacet
  facet normal -0 0 -1
    outer loop
      vertex 75.4324 -1.8132 0
      vertex 72.8437 -4.77443 0
      vertex 75.3183 -1.67409 0
    endloop
  endfacet
  facet normal -0 0 -1
    outer loop
      vertex 75.3183 -1.67409 0
      vertex 72.8437 -4.77443 0
      vertex 75.2135 -1.52782 0
    endloop
  endfacet
  facet normal -0 0 -1
    outer loop
      vertex 75.2135 -1.52782 0
      vertex 72.8437 -4.77443 0
      vertex 75.1184 -1.375 0
    endloop
  endfacet
  facet normal -0 0 -1
    outer loop
      vertex 75.1184 -1.375 0
      vertex 72.8437 -4.77443 0
      vertex 75.0336 -1.21629 0
    endloop
  endfacet
  facet normal 0 -0 -1
    outer loop
      vertex 73 0 0
      vertex 75.0336 -1.21629 0
      vertex 72.8437 -4.77443 0
    endloop
  endfacet
  facet normal 0 0 -1
    outer loop
      vertex 75.0336 -1.21629 0
      vertex 73 0 0
      vertex 74.9593 -1.05238 0
    endloop
  endfacet
  facet normal 0 0 -1
    outer loop
      vertex 74.9593 -1.05238 0
      vertex 73 0 0
      vertex 74.8959 -0.883958 0
    endloop
  endfacet
  facet normal 0 0 -1
    outer loop
      vertex 74.8959 -0.883958 0
      vertex 73 0 0
      vertex 74.8437 -0.711752 0
    endloop
  endfacet
  facet normal 0 0 -1
    outer loop
      vertex 74.8437 -0.711752 0
      vertex 73 0 0
      vertex 74.8028 -0.536498 0
    endloop
  endfacet
  facet normal 0 0 -1
    outer loop
      vertex 72.3755 -9.52841 0
      vertex 76.2342 -37.5945 0
      vertex 73.6122 -42.5 0
    endloop
  endfacet
  facet normal 0 0 -1
    outer loop
      vertex 80.0407 1.05238 0
      vertex 85 0 0
      vertex 80.1041 0.883958 0
    endloop
  endfacet
  facet normal 0 0 -1
    outer loop
      vertex 79.9664 1.21629 0
      vertex 85 0 0
      vertex 80.0407 1.05238 0
    endloop
  endfacet
  facet normal 0 0 -1
    outer loop
      vertex 85 0 0
      vertex 79.9664 1.21629 0
      vertex 84.818 5.55927 0
    endloop
  endfacet
  facet normal 0 0 -1
    outer loop
      vertex 79.8816 1.375 0
      vertex 84.818 5.55927 0
      vertex 79.9664 1.21629 0
    endloop
  endfacet
  facet normal 0 0 -1
    outer loop
      vertex 79.7865 1.52782 0
      vertex 84.818 5.55927 0
      vertex 79.8816 1.375 0
    endloop
  endfacet
  facet normal 0 0 -1
    outer loop
      vertex 79.6817 1.67409 0
      vertex 84.818 5.55927 0
      vertex 79.7865 1.52782 0
    endloop
  endfacet
  facet normal 0 0 -1
    outer loop
      vertex 79.5676 1.8132 0
      vertex 84.818 5.55927 0
      vertex 79.6817 1.67409 0
    endloop
  endfacet
  facet normal 0 0 -1
    outer loop
      vertex 79.4445 1.94454 0
      vertex 84.818 5.55927 0
      vertex 79.5676 1.8132 0
    endloop
  endfacet
  facet normal 0 0 -1
    outer loop
      vertex 79.3132 2.06756 0
      vertex 84.818 5.55927 0
      vertex 79.4445 1.94454 0
    endloop
  endfacet
  facet normal 0 0 -1
    outer loop
      vertex 79.1741 2.18172 0
      vertex 84.818 5.55927 0
      vertex 79.3132 2.06756 0
    endloop
  endfacet
  facet normal 0 0 -1
    outer loop
      vertex 79.0278 2.28654 0
      vertex 84.818 5.55927 0
      vertex 79.1741 2.18172 0
    endloop
  endfacet
  facet normal 0 0 -1
    outer loop
      vertex 78.875 2.38157 0
      vertex 84.818 5.55927 0
      vertex 79.0278 2.28654 0
    endloop
  endfacet
  facet normal 0 0 -1
    outer loop
      vertex 78.7163 2.4664 0
      vertex 84.818 5.55927 0
      vertex 78.875 2.38157 0
    endloop
  endfacet
  facet normal 0 0 -1
    outer loop
      vertex 78.5524 2.54067 0
      vertex 84.818 5.55927 0
      vertex 78.7163 2.4664 0
    endloop
  endfacet
  facet normal 0 0 -1
    outer loop
      vertex 78.384 2.60406 0
      vertex 84.818 5.55927 0
      vertex 78.5524 2.54067 0
    endloop
  endfacet
  facet normal -0 0 -1
    outer loop
      vertex 84.818 5.55927 0
      vertex 78.384 2.60406 0
      vertex 84.2728 11.0947 0
    endloop
  endfacet
  facet normal 0 0 -1
    outer loop
      vertex 78.2118 2.6563 0
      vertex 84.2728 11.0947 0
      vertex 78.384 2.60406 0
    endloop
  endfacet
  facet normal 0 0 -1
    outer loop
      vertex 78.0365 2.69716 0
      vertex 84.2728 11.0947 0
      vertex 78.2118 2.6563 0
    endloop
  endfacet
  facet normal 0 0 -1
    outer loop
      vertex 77.8589 2.72647 0
      vertex 84.2728 11.0947 0
      vertex 78.0365 2.69716 0
    endloop
  endfacet
  facet normal 0 0 -1
    outer loop
      vertex 72.3755 9.52841 0
      vertex 77.8589 2.72647 0
      vertex 77.6799 2.74411 0
    endloop
  endfacet
  facet normal 0 0 -1
    outer loop
      vertex 72.3755 9.52841 0
      vertex 77.6799 2.74411 0
      vertex 77.5 2.75 0
    endloop
  endfacet
  facet normal 0 0 -1
    outer loop
      vertex 72.3755 9.52841 0
      vertex 77.3201 2.74411 0
      vertex 72.8437 4.77443 0
    endloop
  endfacet
  facet normal 0 0 -1
    outer loop
      vertex 72.8437 4.77443 0
      vertex 77.3201 2.74411 0
      vertex 77.1411 2.72647 0
    endloop
  endfacet
  facet normal 0 0 -1
    outer loop
      vertex 72.8437 4.77443 0
      vertex 77.1411 2.72647 0
      vertex 76.9635 2.69716 0
    endloop
  endfacet
  facet normal 0 0 -1
    outer loop
      vertex 72.8437 4.77443 0
      vertex 76.9635 2.69716 0
      vertex 76.7882 2.6563 0
    endloop
  endfacet
  facet normal 0 0 -1
    outer loop
      vertex 77.3201 2.74411 0
      vertex 72.3755 9.52841 0
      vertex 77.5 2.75 0
    endloop
  endfacet
  facet normal 0 0 -1
    outer loop
      vertex 72.8437 4.77443 0
      vertex 76.7882 2.6563 0
      vertex 76.616 2.60406 0
    endloop
  endfacet
  facet normal 0 0 -1
    outer loop
      vertex 72.8437 4.77443 0
      vertex 76.616 2.60406 0
      vertex 76.4476 2.54067 0
    endloop
  endfacet
  facet normal 0 0 -1
    outer loop
      vertex 72.8437 4.77443 0
      vertex 76.4476 2.54067 0
      vertex 76.2837 2.4664 0
    endloop
  endfacet
  facet normal 0 0 -1
    outer loop
      vertex 72.8437 4.77443 0
      vertex 76.2837 2.4664 0
      vertex 76.125 2.38157 0
    endloop
  endfacet
  facet normal 0 0 -1
    outer loop
      vertex 72.8437 4.77443 0
      vertex 76.125 2.38157 0
      vertex 75.9722 2.28654 0
    endloop
  endfacet
  facet normal 0 0 -1
    outer loop
      vertex 77.8589 2.72647 0
      vertex 72.3755 9.52841 0
      vertex 84.2728 11.0947 0
    endloop
  endfacet
  facet normal 0 0 -1
    outer loop
      vertex 72.8437 4.77443 0
      vertex 75.9722 2.28654 0
      vertex 75.8259 2.18172 0
    endloop
  endfacet
  facet normal 0 0 -1
    outer loop
      vertex 72.8437 4.77443 0
      vertex 75.8259 2.18172 0
      vertex 75.6868 2.06756 0
    endloop
  endfacet
  facet normal 0 0 -1
    outer loop
      vertex 75.5555 1.94454 0
      vertex 72.8437 4.77443 0
      vertex 75.6868 2.06756 0
    endloop
  endfacet
  facet normal -0 0 -1
    outer loop
      vertex 84.2728 11.0947 0
      vertex 72.3755 9.52841 0
      vertex 83.3667 16.5827 0
    endloop
  endfacet
  facet normal 0 0 -1
    outer loop
      vertex 71.5973 14.2416 0
      vertex 83.3667 16.5827 0
      vertex 72.3755 9.52841 0
    endloop
  endfacet
  facet normal 0 0 -1
    outer loop
      vertex 75.4324 1.8132 0
      vertex 72.8437 4.77443 0
      vertex 75.5555 1.94454 0
    endloop
  endfacet
  facet normal 0 0 -1
    outer loop
      vertex 75.3183 1.67409 0
      vertex 72.8437 4.77443 0
      vertex 75.4324 1.8132 0
    endloop
  endfacet
  facet normal 0 0 -1
    outer loop
      vertex 75.2135 1.52782 0
      vertex 72.8437 4.77443 0
      vertex 75.3183 1.67409 0
    endloop
  endfacet
  facet normal 0 0 -1
    outer loop
      vertex 75.1184 1.375 0
      vertex 72.8437 4.77443 0
      vertex 75.2135 1.52782 0
    endloop
  endfacet
  facet normal 0 0 -1
    outer loop
      vertex 75.0336 1.21629 0
      vertex 72.8437 4.77443 0
      vertex 75.1184 1.375 0
    endloop
  endfacet
  facet normal 0 0 -1
    outer loop
      vertex 72.8437 4.77443 0
      vertex 75.0336 1.21629 0
      vertex 73 0 0
    endloop
  endfacet
  facet normal 0 0 -1
    outer loop
      vertex 73 0 0
      vertex 75.0336 1.21629 0
      vertex 74.9593 1.05238 0
    endloop
  endfacet
  facet normal 0 0 -1
    outer loop
      vertex 73 0 0
      vertex 74.9593 1.05238 0
      vertex 74.8959 0.883958 0
    endloop
  endfacet
  facet normal 0 0 -1
    outer loop
      vertex 73 0 0
      vertex 74.8959 0.883958 0
      vertex 74.8437 0.711752 0
    endloop
  endfacet
  facet normal 0 0 -1
    outer loop
      vertex 73 0 0
      vertex 74.8437 0.711752 0
      vertex 74.8028 0.536498 0
    endloop
  endfacet
  facet normal 0 0 -1
    outer loop
      vertex 73 0 0
      vertex 74.8028 0.536498 0
      vertex 74.7735 0.358947 0
    endloop
  endfacet
  facet normal 0 0 -1
    outer loop
      vertex 73 0 0
      vertex 74.7735 0.358947 0
      vertex 74.7559 0.179858 0
    endloop
  endfacet
  facet normal -0 0 -1
    outer loop
      vertex 83.3667 16.5827 0
      vertex 71.5973 14.2416 0
      vertex 82.1037 21.9996 0
    endloop
  endfacet
  facet normal 0 0 -1
    outer loop
      vertex 73 0 0
      vertex 74.7559 0.179858 0
      vertex 74.75 0 0
    endloop
  endfacet
  facet normal 0 0 -1
    outer loop
      vertex 74.8028 -0.536498 0
      vertex 73 0 0
      vertex 74.7735 -0.358947 0
    endloop
  endfacet
  facet normal 0 0 -1
    outer loop
      vertex 70.5126 18.8938 0
      vertex 82.1037 21.9996 0
      vertex 71.5973 14.2416 0
    endloop
  endfacet
  facet normal 0 0 -1
    outer loop
      vertex 74.7559 -0.179858 0
      vertex 73 0 0
      vertex 74.75 0 0
    endloop
  endfacet
  facet normal 0 0 -1
    outer loop
      vertex 74.7735 -0.358947 0
      vertex 73 0 0
      vertex 74.7559 -0.179858 0
    endloop
  endfacet
  facet normal 0 0 -1
    outer loop
      vertex 73.6122 -42.5 0
      vertex 71.5973 -14.2416 0
      vertex 72.3755 -9.52841 0
    endloop
  endfacet
  facet normal 0 0 -1
    outer loop
      vertex 63.2199 -36.5 0
      vertex 73.6122 -42.5 0
      vertex 70.6749 -47.2235 0
    endloop
  endfacet
  facet normal 0 0 -1
    outer loop
      vertex 73.6122 -42.5 0
      vertex 70.5126 -18.8938 0
      vertex 71.5973 -14.2416 0
    endloop
  endfacet
  facet normal 0 0 -1
    outer loop
      vertex 73.6122 -42.5 0
      vertex 69.1259 -23.4651 0
      vertex 70.5126 -18.8938 0
    endloop
  endfacet
  facet normal 0 0 -1
    outer loop
      vertex 73.6122 -42.5 0
      vertex 67.4432 -27.9359 0
      vertex 69.1259 -23.4651 0
    endloop
  endfacet
  facet normal 0 0 -1
    outer loop
      vertex 60.6973 -40.5566 0
      vertex 70.6749 -47.2235 0
      vertex 67.435 -51.7447 0
    endloop
  endfacet
  facet normal 0 0 -1
    outer loop
      vertex 73.6122 -42.5 0
      vertex 65.4717 -32.2871 0
      vertex 67.4432 -27.9359 0
    endloop
  endfacet
  facet normal 0 0 -1
    outer loop
      vertex 57.9148 -44.4396 0
      vertex 67.435 -51.7447 0
      vertex 63.9064 -56.0444 0
    endloop
  endfacet
  facet normal 0 0 -1
    outer loop
      vertex 73.6122 -42.5 0
      vertex 63.2199 -36.5 0
      vertex 65.4717 -32.2871 0
    endloop
  endfacet
  facet normal 0 0 -1
    outer loop
      vertex 70.6749 -47.2235 0
      vertex 60.6973 -40.5566 0
      vertex 63.2199 -36.5 0
    endloop
  endfacet
  facet normal 0 0 -1
    outer loop
      vertex 54.8843 -48.1322 0
      vertex 63.9064 -56.0444 0
      vertex 60.1041 -60.1041 0
    endloop
  endfacet
  facet normal 0 0 -1
    outer loop
      vertex 67.435 -51.7447 0
      vertex 57.9148 -44.4396 0
      vertex 60.6973 -40.5566 0
    endloop
  endfacet
  facet normal 0 0 -1
    outer loop
      vertex 51.6188 -51.6188 0
      vertex 60.1041 -60.1041 0
      vertex 56.0444 -63.9064 0
    endloop
  endfacet
  facet normal 0 0 -1
    outer loop
      vertex 63.9064 -56.0444 0
      vertex 54.8843 -48.1322 0
      vertex 57.9148 -44.4396 0
    endloop
  endfacet
  facet normal 0 0 -1
    outer loop
      vertex 48.1322 -54.8843 0
      vertex 56.0444 -63.9064 0
      vertex 51.7447 -67.435 0
    endloop
  endfacet
  facet normal 0 0 -1
    outer loop
      vertex 60.1041 -60.1041 0
      vertex 51.6188 -51.6188 0
      vertex 54.8843 -48.1322 0
    endloop
  endfacet
  facet normal 0 0 -1
    outer loop
      vertex 56.0444 -63.9064 0
      vertex 48.1322 -54.8843 0
      vertex 51.6188 -51.6188 0
    endloop
  endfacet
  facet normal 0 0 -1
    outer loop
      vertex 41.4063 -66.4052 0
      vertex 51.7447 -67.435 0
      vertex 47.2235 -70.6749 0
    endloop
  endfacet
  facet normal 0 0 -1
    outer loop
      vertex 51.7447 -67.435 0
      vertex 44.4396 -57.9148 0
      vertex 48.1322 -54.8843 0
    endloop
  endfacet
  facet normal 0 0 -1
    outer loop
      vertex 41.0365 -68.6448 0
      vertex 47.2235 -70.6749 0
      vertex 42.5 -73.6122 0
    endloop
  endfacet
  facet normal 0 0 -1
    outer loop
      vertex 41.4941 -66.9371 0
      vertex 47.2235 -70.6749 0
      vertex 41.5 -67.117 0
    endloop
  endfacet
  facet normal 0 0 -1
    outer loop
      vertex 41.4765 -66.758 0
      vertex 47.2235 -70.6749 0
      vertex 41.4941 -66.9371 0
    endloop
  endfacet
  facet normal 0 0 -1
    outer loop
      vertex 41.4472 -66.5805 0
      vertex 47.2235 -70.6749 0
      vertex 41.4765 -66.758 0
    endloop
  endfacet
  facet normal 0 0 -1
    outer loop
      vertex 41.4063 -66.4052 0
      vertex 47.2235 -70.6749 0
      vertex 41.4472 -66.5805 0
    endloop
  endfacet
  facet normal 0 0 -1
    outer loop
      vertex 51.7447 -67.435 0
      vertex 41.4063 -66.4052 0
      vertex 41.3541 -66.233 0
    endloop
  endfacet
  facet normal 0 0 -1
    outer loop
      vertex 41.2907 -66.0646 0
      vertex 51.7447 -67.435 0
      vertex 41.3541 -66.233 0
    endloop
  endfacet
  facet normal 0 0 -1
    outer loop
      vertex 51.7447 -67.435 0
      vertex 41.2907 -66.0646 0
      vertex 44.4396 -57.9148 0
    endloop
  endfacet
  facet normal 0 0 -1
    outer loop
      vertex 41.2164 -65.9007 0
      vertex 44.4396 -57.9148 0
      vertex 41.2907 -66.0646 0
    endloop
  endfacet
  facet normal 0 0 -1
    outer loop
      vertex 41.1316 -65.742 0
      vertex 44.4396 -57.9148 0
      vertex 41.2164 -65.9007 0
    endloop
  endfacet
  facet normal 0 0 -1
    outer loop
      vertex 41.0365 -65.5891 0
      vertex 44.4396 -57.9148 0
      vertex 41.1316 -65.742 0
    endloop
  endfacet
  facet normal 0 0 -1
    outer loop
      vertex 40.5566 -60.6973 0
      vertex 41.0365 -65.5891 0
      vertex 40.9317 -65.4429 0
    endloop
  endfacet
  facet normal 0 0 -1
    outer loop
      vertex 40.5566 -60.6973 0
      vertex 40.9317 -65.4429 0
      vertex 40.8176 -65.3038 0
    endloop
  endfacet
  facet normal 0 0 -1
    outer loop
      vertex 40.5566 -60.6973 0
      vertex 40.8176 -65.3038 0
      vertex 40.6945 -65.1724 0
    endloop
  endfacet
  facet normal 0 0 -1
    outer loop
      vertex 40.5566 -60.6973 0
      vertex 40.6945 -65.1724 0
      vertex 40.5632 -65.0494 0
    endloop
  endfacet
  facet normal 0 0 -1
    outer loop
      vertex 41.0365 -65.5891 0
      vertex 40.5566 -60.6973 0
      vertex 44.4396 -57.9148 0
    endloop
  endfacet
  facet normal 0 0 -1
    outer loop
      vertex 40.4241 -64.9352 0
      vertex 40.5566 -60.6973 0
      vertex 40.5632 -65.0494 0
    endloop
  endfacet
  facet normal 0 0 -1
    outer loop
      vertex 40.2778 -64.8304 0
      vertex 40.5566 -60.6973 0
      vertex 40.4241 -64.9352 0
    endloop
  endfacet
  facet normal 0 0 -1
    outer loop
      vertex 40.125 -64.7354 0
      vertex 40.5566 -60.6973 0
      vertex 40.2778 -64.8304 0
    endloop
  endfacet
  facet normal 0 0 -1
    outer loop
      vertex 39.9663 -64.6506 0
      vertex 40.5566 -60.6973 0
      vertex 40.125 -64.7354 0
    endloop
  endfacet
  facet normal 0 0 -1
    outer loop
      vertex 39.8024 -64.5763 0
      vertex 40.5566 -60.6973 0
      vertex 39.9663 -64.6506 0
    endloop
  endfacet
  facet normal 0 0 -1
    outer loop
      vertex 39.634 -64.5129 0
      vertex 40.5566 -60.6973 0
      vertex 39.8024 -64.5763 0
    endloop
  endfacet
  facet normal 0 0 -1
    outer loop
      vertex 39.4618 -64.4607 0
      vertex 40.5566 -60.6973 0
      vertex 39.634 -64.5129 0
    endloop
  endfacet
  facet normal 0 0 -1
    outer loop
      vertex 39.2865 -64.4198 0
      vertex 40.5566 -60.6973 0
      vertex 39.4618 -64.4607 0
    endloop
  endfacet
  facet normal 0 0 -1
    outer loop
      vertex 39.1089 -64.3905 0
      vertex 40.5566 -60.6973 0
      vertex 39.2865 -64.4198 0
    endloop
  endfacet
  facet normal 0 0 -1
    outer loop
      vertex 38.9299 -64.3729 0
      vertex 40.5566 -60.6973 0
      vertex 39.1089 -64.3905 0
    endloop
  endfacet
  facet normal 0 0 -1
    outer loop
      vertex 38.75 -64.367 0
      vertex 40.5566 -60.6973 0
      vertex 38.9299 -64.3729 0
    endloop
  endfacet
  facet normal 0 0 -1
    outer loop
      vertex 38.5701 -64.3729 0
      vertex 40.5566 -60.6973 0
      vertex 38.75 -64.367 0
    endloop
  endfacet
  facet normal 0 0 -1
    outer loop
      vertex 36.5 -63.2199 0
      vertex 38.5701 -64.3729 0
      vertex 38.3911 -64.3905 0
    endloop
  endfacet
  facet normal 0 0 -1
    outer loop
      vertex 36.5 -63.2199 0
      vertex 38.3911 -64.3905 0
      vertex 38.2135 -64.4198 0
    endloop
  endfacet
  facet normal 0 0 -1
    outer loop
      vertex 36.5 -63.2199 0
      vertex 38.2135 -64.4198 0
      vertex 38.0382 -64.4607 0
    endloop
  endfacet
  facet normal 0 0 -1
    outer loop
      vertex 36.5 -63.2199 0
      vertex 38.0382 -64.4607 0
      vertex 37.866 -64.5129 0
    endloop
  endfacet
  facet normal 0 0 -1
    outer loop
      vertex 36.5 -63.2199 0
      vertex 37.866 -64.5129 0
      vertex 37.6976 -64.5763 0
    endloop
  endfacet
  facet normal 0 0 -1
    outer loop
      vertex 36.5 -63.2199 0
      vertex 37.6976 -64.5763 0
      vertex 37.5337 -64.6506 0
    endloop
  endfacet
  facet normal 0 0 -1
    outer loop
      vertex 36.5 -63.2199 0
      vertex 37.5337 -64.6506 0
      vertex 37.375 -64.7354 0
    endloop
  endfacet
  facet normal 0 0 -1
    outer loop
      vertex 36.5 -63.2199 0
      vertex 37.375 -64.7354 0
      vertex 37.2222 -64.8304 0
    endloop
  endfacet
  facet normal 0 0 -1
    outer loop
      vertex 36.5 -63.2199 0
      vertex 37.2222 -64.8304 0
      vertex 37.0759 -64.9352 0
    endloop
  endfacet
  facet normal 0 0 -1
    outer loop
      vertex 36.5 -63.2199 0
      vertex 37.0759 -64.9352 0
      vertex 36.9368 -65.0494 0
    endloop
  endfacet
  facet normal 0 0 -1
    outer loop
      vertex 36.5 -63.2199 0
      vertex 36.9368 -65.0494 0
      vertex 36.8055 -65.1724 0
    endloop
  endfacet
  facet normal 0 0 -1
    outer loop
      vertex 36.5 -63.2199 0
      vertex 36.8055 -65.1724 0
      vertex 36.6824 -65.3038 0
    endloop
  endfacet
  facet normal 0 0 -1
    outer loop
      vertex 38.5701 -64.3729 0
      vertex 36.5 -63.2199 0
      vertex 40.5566 -60.6973 0
    endloop
  endfacet
  facet normal 0 0 -1
    outer loop
      vertex 36.5683 -65.4429 0
      vertex 36.5 -63.2199 0
      vertex 36.6824 -65.3038 0
    endloop
  endfacet
  facet normal 0 0 -1
    outer loop
      vertex 36.4635 -65.5891 0
      vertex 36.5 -63.2199 0
      vertex 36.5683 -65.4429 0
    endloop
  endfacet
  facet normal 0 0 -1
    outer loop
      vertex 32.2871 -65.4717 0
      vertex 36.4635 -65.5891 0
      vertex 36.3684 -65.742 0
    endloop
  endfacet
  facet normal 0 0 -1
    outer loop
      vertex 32.2871 -65.4717 0
      vertex 36.3684 -65.742 0
      vertex 36.2836 -65.9007 0
    endloop
  endfacet
  facet normal 0 0 -1
    outer loop
      vertex 32.2871 -65.4717 0
      vertex 36.2836 -65.9007 0
      vertex 36.2093 -66.0646 0
    endloop
  endfacet
  facet normal 0 0 -1
    outer loop
      vertex 32.2871 -65.4717 0
      vertex 36.2093 -66.0646 0
      vertex 36.1459 -66.233 0
    endloop
  endfacet
  facet normal 0 0 -1
    outer loop
      vertex 32.2871 -65.4717 0
      vertex 36.1459 -66.233 0
      vertex 36.0937 -66.4052 0
    endloop
  endfacet
  facet normal 0 0 -1
    outer loop
      vertex 32.2871 -65.4717 0
      vertex 36.0937 -66.4052 0
      vertex 36.0528 -66.5805 0
    endloop
  endfacet
  facet normal 0 0 -1
    outer loop
      vertex 32.2871 -65.4717 0
      vertex 36.0528 -66.5805 0
      vertex 36.0235 -66.758 0
    endloop
  endfacet
  facet normal 0 0 -1
    outer loop
      vertex 36.0235 -67.4759 0
      vertex 32.2871 -65.4717 0
      vertex 36.0059 -67.2968 0
    endloop
  endfacet
  facet normal 0 0 -1
    outer loop
      vertex 36.0059 -67.2968 0
      vertex 32.2871 -65.4717 0
      vertex 36 -67.117 0
    endloop
  endfacet
  facet normal 0 0 -1
    outer loop
      vertex 36 -67.117 0
      vertex 32.2871 -65.4717 0
      vertex 36.0059 -66.9371 0
    endloop
  endfacet
  facet normal 0 0 -1
    outer loop
      vertex 36.4635 -65.5891 0
      vertex 32.2871 -65.4717 0
      vertex 36.5 -63.2199 0
    endloop
  endfacet
  facet normal 0 0 -1
    outer loop
      vertex 36.0059 -66.9371 0
      vertex 32.2871 -65.4717 0
      vertex 36.0235 -66.758 0
    endloop
  endfacet
  facet normal 0 0 -1
    outer loop
      vertex 27.3224 -80.4891 0
      vertex 27.9359 -67.4432 0
      vertex 32.5281 -78.5298 0
    endloop
  endfacet
  facet normal 0 0 -1
    outer loop
      vertex 27.3224 -80.4891 0
      vertex 23.4651 -69.1259 0
      vertex 27.9359 -67.4432 0
    endloop
  endfacet
  facet normal 0 0 -1
    outer loop
      vertex 21.9996 -82.1037 0
      vertex 23.4651 -69.1259 0
      vertex 27.3224 -80.4891 0
    endloop
  endfacet
  facet normal 0 0 -1
    outer loop
      vertex 21.9996 -82.1037 0
      vertex 18.8938 -70.5126 0
      vertex 23.4651 -69.1259 0
    endloop
  endfacet
  facet normal 0 0 -1
    outer loop
      vertex 16.5827 -83.3667 0
      vertex 18.8938 -70.5126 0
      vertex 21.9996 -82.1037 0
    endloop
  endfacet
  facet normal 0 0 -1
    outer loop
      vertex 16.5827 -83.3667 0
      vertex 14.2416 -71.5973 0
      vertex 18.8938 -70.5126 0
    endloop
  endfacet
  facet normal 0 0 -1
    outer loop
      vertex 11.0947 -84.2728 0
      vertex 14.2416 -71.5973 0
      vertex 16.5827 -83.3667 0
    endloop
  endfacet
  facet normal 0 0 -1
    outer loop
      vertex 11.0947 -84.2728 0
      vertex 9.52841 -72.3755 0
      vertex 14.2416 -71.5973 0
    endloop
  endfacet
  facet normal 0 0 -1
    outer loop
      vertex 5.55927 -84.818 0
      vertex 9.52841 -72.3755 0
      vertex 11.0947 -84.2728 0
    endloop
  endfacet
  facet normal 0 0 -1
    outer loop
      vertex 5.55927 -84.818 0
      vertex 4.77443 -72.8437 0
      vertex 9.52841 -72.3755 0
    endloop
  endfacet
  facet normal 0 0 -1
    outer loop
      vertex 0 -85 0
      vertex 4.77443 -72.8437 0
      vertex 5.55927 -84.818 0
    endloop
  endfacet
  facet normal 0 0 -1
    outer loop
      vertex 0 -85 0
      vertex 0 -73 0
      vertex 4.77443 -72.8437 0
    endloop
  endfacet
  facet normal 0 0 -1
    outer loop
      vertex 0 -85 0
      vertex -4.77443 -72.8437 0
      vertex 0 -73 0
    endloop
  endfacet
  facet normal 0 0 -1
    outer loop
      vertex -5.55927 -84.818 0
      vertex -4.77443 -72.8437 0
      vertex 0 -85 0
    endloop
  endfacet
  facet normal 0 0 -1
    outer loop
      vertex -5.55927 -84.818 0
      vertex -9.52841 -72.3755 0
      vertex -4.77443 -72.8437 0
    endloop
  endfacet
  facet normal 0 0 -1
    outer loop
      vertex -11.0947 -84.2728 0
      vertex -9.52841 -72.3755 0
      vertex -5.55927 -84.818 0
    endloop
  endfacet
  facet normal 0 0 -1
    outer loop
      vertex -11.0947 -84.2728 0
      vertex -14.2416 -71.5973 0
      vertex -9.52841 -72.3755 0
    endloop
  endfacet
  facet normal 0 0 -1
    outer loop
      vertex -16.5827 -83.3667 0
      vertex -14.2416 -71.5973 0
      vertex -11.0947 -84.2728 0
    endloop
  endfacet
  facet normal 0 0 -1
    outer loop
      vertex -16.5827 -83.3667 0
      vertex -18.8938 -70.5126 0
      vertex -14.2416 -71.5973 0
    endloop
  endfacet
  facet normal 0 0 -1
    outer loop
      vertex -21.9996 -82.1037 0
      vertex -18.8938 -70.5126 0
      vertex -16.5827 -83.3667 0
    endloop
  endfacet
  facet normal 0 0 -1
    outer loop
      vertex -21.9996 -82.1037 0
      vertex -23.4651 -69.1259 0
      vertex -18.8938 -70.5126 0
    endloop
  endfacet
  facet normal 0 0 -1
    outer loop
      vertex -27.3224 -80.4891 0
      vertex -23.4651 -69.1259 0
      vertex -21.9996 -82.1037 0
    endloop
  endfacet
  facet normal 0 0 -1
    outer loop
      vertex -27.3224 -80.4891 0
      vertex -27.9359 -67.4432 0
      vertex -23.4651 -69.1259 0
    endloop
  endfacet
  facet normal 0 0 -1
    outer loop
      vertex -32.5281 -78.5298 0
      vertex -27.9359 -67.4432 0
      vertex -27.3224 -80.4891 0
    endloop
  endfacet
  facet normal 0 0 -1
    outer loop
      vertex -36.5683 -68.7911 0
      vertex -27.9359 -67.4432 0
      vertex -32.5281 -78.5298 0
    endloop
  endfacet
  facet normal 0 0 -1
    outer loop
      vertex -36.0059 -67.2968 0
      vertex -32.2871 -65.4717 0
      vertex -27.9359 -67.4432 0
    endloop
  endfacet
  facet normal 0 0 -1
    outer loop
      vertex -36.0059 -66.9371 0
      vertex -32.2871 -65.4717 0
      vertex -36 -67.117 0
    endloop
  endfacet
  facet normal 0 0 -1
    outer loop
      vertex -36.0235 -66.758 0
      vertex -32.2871 -65.4717 0
      vertex -36.0059 -66.9371 0
    endloop
  endfacet
  facet normal 0 0 -1
    outer loop
      vertex -36.0528 -66.5805 0
      vertex -32.2871 -65.4717 0
      vertex -36.0235 -66.758 0
    endloop
  endfacet
  facet normal 0 0 -1
    outer loop
      vertex -36.0937 -66.4052 0
      vertex -32.2871 -65.4717 0
      vertex -36.0528 -66.5805 0
    endloop
  endfacet
  facet normal 0 0 -1
    outer loop
      vertex -36.1459 -66.233 0
      vertex -32.2871 -65.4717 0
      vertex -36.0937 -66.4052 0
    endloop
  endfacet
  facet normal 0 0 -1
    outer loop
      vertex -36.2093 -66.0646 0
      vertex -32.2871 -65.4717 0
      vertex -36.1459 -66.233 0
    endloop
  endfacet
  facet normal 0 0 -1
    outer loop
      vertex -36.2836 -65.9007 0
      vertex -32.2871 -65.4717 0
      vertex -36.2093 -66.0646 0
    endloop
  endfacet
  facet normal 0 0 -1
    outer loop
      vertex -36.3684 -65.742 0
      vertex -32.2871 -65.4717 0
      vertex -36.2836 -65.9007 0
    endloop
  endfacet
  facet normal 0 0 -1
    outer loop
      vertex -36.4635 -65.5891 0
      vertex -32.2871 -65.4717 0
      vertex -36.3684 -65.742 0
    endloop
  endfacet
  facet normal 0 0 -1
    outer loop
      vertex -36.4635 -65.5891 0
      vertex -36.5 -63.2199 0
      vertex -32.2871 -65.4717 0
    endloop
  endfacet
  facet normal 0 0 -1
    outer loop
      vertex -36.5683 -65.4429 0
      vertex -36.5 -63.2199 0
      vertex -36.4635 -65.5891 0
    endloop
  endfacet
  facet normal 0 0 -1
    outer loop
      vertex -36.6824 -65.3038 0
      vertex -36.5 -63.2199 0
      vertex -36.5683 -65.4429 0
    endloop
  endfacet
  facet normal 0 0 -1
    outer loop
      vertex -36.8055 -65.1724 0
      vertex -36.5 -63.2199 0
      vertex -36.6824 -65.3038 0
    endloop
  endfacet
  facet normal 0 0 -1
    outer loop
      vertex -36.9368 -65.0494 0
      vertex -36.5 -63.2199 0
      vertex -36.8055 -65.1724 0
    endloop
  endfacet
  facet normal 0 0 -1
    outer loop
      vertex -37.0759 -64.9352 0
      vertex -36.5 -63.2199 0
      vertex -36.9368 -65.0494 0
    endloop
  endfacet
  facet normal 0 0 -1
    outer loop
      vertex -37.2222 -64.8304 0
      vertex -36.5 -63.2199 0
      vertex -37.0759 -64.9352 0
    endloop
  endfacet
  facet normal 0 0 -1
    outer loop
      vertex -37.375 -64.7354 0
      vertex -36.5 -63.2199 0
      vertex -37.2222 -64.8304 0
    endloop
  endfacet
  facet normal 0 0 -1
    outer loop
      vertex -37.5337 -64.6506 0
      vertex -36.5 -63.2199 0
      vertex -37.375 -64.7354 0
    endloop
  endfacet
  facet normal 0 0 -1
    outer loop
      vertex -37.6976 -64.5763 0
      vertex -36.5 -63.2199 0
      vertex -37.5337 -64.6506 0
    endloop
  endfacet
  facet normal 0 0 -1
    outer loop
      vertex -37.866 -64.5129 0
      vertex -36.5 -63.2199 0
      vertex -37.6976 -64.5763 0
    endloop
  endfacet
  facet normal 0 0 -1
    outer loop
      vertex -38.0382 -64.4607 0
      vertex -36.5 -63.2199 0
      vertex -37.866 -64.5129 0
    endloop
  endfacet
  facet normal 0 0 -1
    outer loop
      vertex -38.2135 -64.4198 0
      vertex -36.5 -63.2199 0
      vertex -38.0382 -64.4607 0
    endloop
  endfacet
  facet normal 0 0 -1
    outer loop
      vertex -38.3911 -64.3905 0
      vertex -36.5 -63.2199 0
      vertex -38.2135 -64.4198 0
    endloop
  endfacet
  facet normal 0 0 -1
    outer loop
      vertex -38.5701 -64.3729 0
      vertex -36.5 -63.2199 0
      vertex -38.3911 -64.3905 0
    endloop
  endfacet
  facet normal 0 0 -1
    outer loop
      vertex -40.5566 -60.6973 0
      vertex -38.5701 -64.3729 0
      vertex -38.75 -64.367 0
    endloop
  endfacet
  facet normal 0 0 -1
    outer loop
      vertex -40.5566 -60.6973 0
      vertex -38.75 -64.367 0
      vertex -38.9299 -64.3729 0
    endloop
  endfacet
  facet normal 0 0 -1
    outer loop
      vertex -40.5566 -60.6973 0
      vertex -38.9299 -64.3729 0
      vertex -39.1089 -64.3905 0
    endloop
  endfacet
  facet normal 0 0 -1
    outer loop
      vertex -40.5566 -60.6973 0
      vertex -39.1089 -64.3905 0
      vertex -39.2865 -64.4198 0
    endloop
  endfacet
  facet normal 0 0 -1
    outer loop
      vertex -40.5566 -60.6973 0
      vertex -39.2865 -64.4198 0
      vertex -39.4618 -64.4607 0
    endloop
  endfacet
  facet normal 0 0 -1
    outer loop
      vertex -40.5566 -60.6973 0
      vertex -39.4618 -64.4607 0
      vertex -39.634 -64.5129 0
    endloop
  endfacet
  facet normal 0 0 -1
    outer loop
      vertex -40.5566 -60.6973 0
      vertex -39.634 -64.5129 0
      vertex -39.8024 -64.5763 0
    endloop
  endfacet
  facet normal 0 0 -1
    outer loop
      vertex -38.5701 -64.3729 0
      vertex -40.5566 -60.6973 0
      vertex -36.5 -63.2199 0
    endloop
  endfacet
  facet normal 0 0 -1
    outer loop
      vertex -39.9663 -64.6506 0
      vertex -40.5566 -60.6973 0
      vertex -39.8024 -64.5763 0
    endloop
  endfacet
  facet normal 0 0 -1
    outer loop
      vertex -40.125 -64.7354 0
      vertex -40.5566 -60.6973 0
      vertex -39.9663 -64.6506 0
    endloop
  endfacet
  facet normal 0 0 -1
    outer loop
      vertex -40.2778 -64.8304 0
      vertex -40.5566 -60.6973 0
      vertex -40.125 -64.7354 0
    endloop
  endfacet
  facet normal 0 0 -1
    outer loop
      vertex -40.4241 -64.9352 0
      vertex -40.5566 -60.6973 0
      vertex -40.2778 -64.8304 0
    endloop
  endfacet
  facet normal 0 0 -1
    outer loop
      vertex -40.5632 -65.0494 0
      vertex -40.5566 -60.6973 0
      vertex -40.4241 -64.9352 0
    endloop
  endfacet
  facet normal 0 0 -1
    outer loop
      vertex -40.6945 -65.1724 0
      vertex -40.5566 -60.6973 0
      vertex -40.5632 -65.0494 0
    endloop
  endfacet
  facet normal 0 0 -1
    outer loop
      vertex -40.8176 -65.3038 0
      vertex -40.5566 -60.6973 0
      vertex -40.6945 -65.1724 0
    endloop
  endfacet
  facet normal 0 0 -1
    outer loop
      vertex -40.9317 -65.4429 0
      vertex -40.5566 -60.6973 0
      vertex -40.8176 -65.3038 0
    endloop
  endfacet
  facet normal 0 0 -1
    outer loop
      vertex -41.0365 -65.5891 0
      vertex -40.5566 -60.6973 0
      vertex -40.9317 -65.4429 0
    endloop
  endfacet
  facet normal 0 0 -1
    outer loop
      vertex -44.4396 -57.9148 0
      vertex -41.0365 -65.5891 0
      vertex -41.1316 -65.742 0
    endloop
  endfacet
  facet normal 0 0 -1
    outer loop
      vertex -44.4396 -57.9148 0
      vertex -41.1316 -65.742 0
      vertex -41.2164 -65.9007 0
    endloop
  endfacet
  facet normal 0 0 -1
    outer loop
      vertex -44.4396 -57.9148 0
      vertex -41.2164 -65.9007 0
      vertex -41.2907 -66.0646 0
    endloop
  endfacet
  facet normal 0 0 -1
    outer loop
      vertex -51.7447 -67.435 0
      vertex -41.2907 -66.0646 0
      vertex -41.3541 -66.233 0
    endloop
  endfacet
  facet normal 0 0 -1
    outer loop
      vertex -51.7447 -67.435 0
      vertex -41.3541 -66.233 0
      vertex -41.4063 -66.4052 0
    endloop
  endfacet
  facet normal 0 0 -1
    outer loop
      vertex -51.7447 -67.435 0
      vertex -41.4063 -66.4052 0
      vertex -41.4472 -66.5805 0
    endloop
  endfacet
  facet normal 0 0 -1
    outer loop
      vertex -47.2235 -70.6749 0
      vertex -41.4472 -66.5805 0
      vertex -41.4765 -66.758 0
    endloop
  endfacet
  facet normal -0 0 -1
    outer loop
      vertex -41.4941 -67.2968 0
      vertex -47.2235 -70.6749 0
      vertex -41.5 -67.117 0
    endloop
  endfacet
  facet normal -0 0 -1
    outer loop
      vertex -41.5 -67.117 0
      vertex -47.2235 -70.6749 0
      vertex -41.4941 -66.9371 0
    endloop
  endfacet
  facet normal 0 0 -1
    outer loop
      vertex -41.0365 -65.5891 0
      vertex -44.4396 -57.9148 0
      vertex -40.5566 -60.6973 0
    endloop
  endfacet
  facet normal -0 0 -1
    outer loop
      vertex -41.4941 -66.9371 0
      vertex -47.2235 -70.6749 0
      vertex -41.4765 -66.758 0
    endloop
  endfacet
  facet normal 0 0 -1
    outer loop
      vertex -41.4472 -66.5805 0
      vertex -47.2235 -70.6749 0
      vertex -51.7447 -67.435 0
    endloop
  endfacet
  facet normal -0 0 -1
    outer loop
      vertex -41.2907 -66.0646 0
      vertex -51.7447 -67.435 0
      vertex -44.4396 -57.9148 0
    endloop
  endfacet
  facet normal -0 0 -1
    outer loop
      vertex -44.4396 -57.9148 0
      vertex -51.7447 -67.435 0
      vertex -48.1322 -54.8843 0
    endloop
  endfacet
  facet normal 0 0 -1
    outer loop
      vertex -56.0444 -63.9064 0
      vertex -48.1322 -54.8843 0
      vertex -51.7447 -67.435 0
    endloop
  endfacet
  facet normal -0 0 -1
    outer loop
      vertex -48.1322 -54.8843 0
      vertex -56.0444 -63.9064 0
      vertex -51.6188 -51.6188 0
    endloop
  endfacet
  facet normal 0 0 -1
    outer loop
      vertex -60.1041 -60.1041 0
      vertex -51.6188 -51.6188 0
      vertex -56.0444 -63.9064 0
    endloop
  endfacet
  facet normal -0 0 -1
    outer loop
      vertex -51.6188 -51.6188 0
      vertex -60.1041 -60.1041 0
      vertex -54.8843 -48.1322 0
    endloop
  endfacet
  facet normal 0 0 -1
    outer loop
      vertex -63.9064 -56.0444 0
      vertex -54.8843 -48.1322 0
      vertex -60.1041 -60.1041 0
    endloop
  endfacet
  facet normal -0 0 -1
    outer loop
      vertex -54.8843 -48.1322 0
      vertex -63.9064 -56.0444 0
      vertex -57.9148 -44.4396 0
    endloop
  endfacet
  facet normal 0 0 -1
    outer loop
      vertex -67.435 -51.7447 0
      vertex -57.9148 -44.4396 0
      vertex -63.9064 -56.0444 0
    endloop
  endfacet
  facet normal -0 0 -1
    outer loop
      vertex -57.9148 -44.4396 0
      vertex -67.435 -51.7447 0
      vertex -60.6973 -40.5566 0
    endloop
  endfacet
  facet normal 0 0 -1
    outer loop
      vertex -70.6749 -47.2235 0
      vertex -60.6973 -40.5566 0
      vertex -67.435 -51.7447 0
    endloop
  endfacet
  facet normal -0 0 -1
    outer loop
      vertex -60.6973 -40.5566 0
      vertex -70.6749 -47.2235 0
      vertex -63.2199 -36.5 0
    endloop
  endfacet
  facet normal 0 0 -1
    outer loop
      vertex -73.6122 -42.5 0
      vertex -63.2199 -36.5 0
      vertex -70.6749 -47.2235 0
    endloop
  endfacet
  facet normal -0 0 -1
    outer loop
      vertex -63.2199 -36.5 0
      vertex -73.6122 -42.5 0
      vertex -65.4717 -32.2871 0
    endloop
  endfacet
  facet normal 0 0 -1
    outer loop
      vertex -76.2342 -37.5945 0
      vertex -65.4717 -32.2871 0
      vertex -73.6122 -42.5 0
    endloop
  endfacet
  facet normal -0 0 -1
    outer loop
      vertex -65.4717 -32.2871 0
      vertex -76.2342 -37.5945 0
      vertex -67.4432 -27.9359 0
    endloop
  endfacet
  facet normal 0 0 -1
    outer loop
      vertex -78.5298 -32.5281 0
      vertex -67.4432 -27.9359 0
      vertex -76.2342 -37.5945 0
    endloop
  endfacet
  facet normal -0 0 -1
    outer loop
      vertex -67.4432 -27.9359 0
      vertex -78.5298 -32.5281 0
      vertex -69.1259 -23.4651 0
    endloop
  endfacet
  facet normal 0 0 -1
    outer loop
      vertex -80.4891 -27.3224 0
      vertex -69.1259 -23.4651 0
      vertex -78.5298 -32.5281 0
    endloop
  endfacet
  facet normal 0 0 -1
    outer loop
      vertex -82.1037 -21.9996 0
      vertex -70.5126 -18.8938 0
      vertex -80.4891 -27.3224 0
    endloop
  endfacet
  facet normal -0 0 -1
    outer loop
      vertex -69.1259 -23.4651 0
      vertex -80.4891 -27.3224 0
      vertex -70.5126 -18.8938 0
    endloop
  endfacet
  facet normal 0.995185 0.0980185 0
    outer loop
      vertex 84.818 5.55927 5
      vertex 84.2728 11.0947 0
      vertex 84.2728 11.0947 5
    endloop
  endfacet
  facet normal 0.995185 0.0980185 0
    outer loop
      vertex 84.2728 11.0947 0
      vertex 84.818 5.55927 5
      vertex 84.818 5.55927 0
    endloop
  endfacet
  facet normal 0.935905 0.352252 0
    outer loop
      vertex 80.4891 27.3224 5
      vertex 78.5298 32.5281 0
      vertex 78.5298 32.5281 5
    endloop
  endfacet
  facet normal 0.935905 0.352252 0
    outer loop
      vertex 78.5298 32.5281 0
      vertex 80.4891 27.3224 5
      vertex 80.4891 27.3224 0
    endloop
  endfacet
  facet normal 0.729866 0.68359 0
    outer loop
      vertex 63.9064 56.0444 5
      vertex 60.1041 60.1041 0
      vertex 60.1041 60.1041 5
    endloop
  endfacet
  facet normal 0.729866 0.68359 0
    outer loop
      vertex 60.1041 60.1041 0
      vertex 63.9064 56.0444 5
      vertex 63.9064 56.0444 0
    endloop
  endfacet
  facet normal 0.812842 0.582484 0
    outer loop
      vertex 70.6749 47.2235 5
      vertex 67.435 51.7447 0
      vertex 67.435 51.7447 5
    endloop
  endfacet
  facet normal 0.812842 0.582484 0
    outer loop
      vertex 67.435 51.7447 0
      vertex 70.6749 47.2235 5
      vertex 70.6749 47.2235 0
    endloop
  endfacet
  facet normal 0.910861 0.412714 0
    outer loop
      vertex 78.5298 32.5281 5
      vertex 76.2342 37.5945 0
      vertex 76.2342 37.5945 5
    endloop
  endfacet
  facet normal 0.910861 0.412714 0
    outer loop
      vertex 76.2342 37.5945 0
      vertex 78.5298 32.5281 5
      vertex 78.5298 32.5281 0
    endloop
  endfacet
  facet normal 0.352252 0.935905 -0
    outer loop
      vertex 32.5281 78.5298 0
      vertex 27.3224 80.4891 5
      vertex 32.5281 78.5298 5
    endloop
  endfacet
  facet normal 0.352252 0.935905 0
    outer loop
      vertex 27.3224 80.4891 5
      vertex 32.5281 78.5298 0
      vertex 27.3224 80.4891 0
    endloop
  endfacet
  facet normal 0.290276 0.956943 -0
    outer loop
      vertex 27.3224 80.4891 0
      vertex 21.9996 82.1037 5
      vertex 27.3224 80.4891 5
    endloop
  endfacet
  facet normal 0.290276 0.956943 0
    outer loop
      vertex 21.9996 82.1037 5
      vertex 27.3224 80.4891 0
      vertex 21.9996 82.1037 0
    endloop
  endfacet
  facet normal 0.1629 0.986643 -0
    outer loop
      vertex 16.5827 83.3667 0
      vertex 11.0947 84.2728 5
      vertex 16.5827 83.3667 5
    endloop
  endfacet
  facet normal 0.1629 0.986643 0
    outer loop
      vertex 11.0947 84.2728 5
      vertex 16.5827 83.3667 0
      vertex 11.0947 84.2728 0
    endloop
  endfacet
  facet normal 0.412714 0.910861 -0
    outer loop
      vertex 37.5945 76.2342 0
      vertex 32.5281 78.5298 5
      vertex 37.5945 76.2342 5
    endloop
  endfacet
  facet normal 0.412714 0.910861 0
    outer loop
      vertex 32.5281 78.5298 5
      vertex 37.5945 76.2342 0
      vertex 32.5281 78.5298 0
    endloop
  endfacet
  facet normal 0.528073 0.849199 -0
    outer loop
      vertex 47.2235 70.6749 0
      vertex 42.5 73.6122 5
      vertex 47.2235 70.6749 5
    endloop
  endfacet
  facet normal 0.528073 0.849199 0
    outer loop
      vertex 42.5 73.6122 5
      vertex 47.2235 70.6749 0
      vertex 42.5 73.6122 0
    endloop
  endfacet
  facet normal 0.68359 0.729866 -0
    outer loop
      vertex 60.1041 60.1041 0
      vertex 56.0444 63.9064 5
      vertex 60.1041 60.1041 5
    endloop
  endfacet
  facet normal 0.68359 0.729866 0
    outer loop
      vertex 56.0444 63.9064 5
      vertex 60.1041 60.1041 0
      vertex 56.0444 63.9064 0
    endloop
  endfacet
  facet normal -0.773017 0.634385 0
    outer loop
      vertex -67.435 51.7447 0
      vertex -63.9064 56.0444 5
      vertex -63.9064 56.0444 0
    endloop
  endfacet
  facet normal -0.773017 0.634385 0
    outer loop
      vertex -63.9064 56.0444 5
      vertex -67.435 51.7447 0
      vertex -67.435 51.7447 5
    endloop
  endfacet
  facet normal -0.910861 0.412714 0
    outer loop
      vertex -78.5298 32.5281 0
      vertex -76.2342 37.5945 5
      vertex -76.2342 37.5945 0
    endloop
  endfacet
  facet normal -0.910861 0.412714 0
    outer loop
      vertex -76.2342 37.5945 5
      vertex -78.5298 32.5281 0
      vertex -78.5298 32.5281 5
    endloop
  endfacet
  facet normal -0.935905 0.352252 0
    outer loop
      vertex -80.4891 27.3224 0
      vertex -78.5298 32.5281 5
      vertex -78.5298 32.5281 0
    endloop
  endfacet
  facet normal -0.935905 0.352252 0
    outer loop
      vertex -78.5298 32.5281 5
      vertex -80.4891 27.3224 0
      vertex -80.4891 27.3224 5
    endloop
  endfacet
  facet normal 0 0 1
    outer loop
      vertex -74.8959 -0.883958 5
      vertex -70 0 5
      vertex -74.8437 -0.711752 5
    endloop
  endfacet
  facet normal 0 0 1
    outer loop
      vertex -74.9593 -1.05238 5
      vertex -70 0 5
      vertex -74.8959 -0.883958 5
    endloop
  endfacet
  facet normal 0 0 1
    outer loop
      vertex -70 0 5
      vertex -74.9593 -1.05238 5
      vertex -69.8501 -4.57822 5
    endloop
  endfacet
  facet normal -0 0 1
    outer loop
      vertex -75.0336 -1.21629 5
      vertex -69.8501 -4.57822 5
      vertex -74.9593 -1.05238 5
    endloop
  endfacet
  facet normal -0 0 1
    outer loop
      vertex -75.1184 -1.375 5
      vertex -69.8501 -4.57822 5
      vertex -75.0336 -1.21629 5
    endloop
  endfacet
  facet normal -0 0 1
    outer loop
      vertex -75.2135 -1.52782 5
      vertex -69.8501 -4.57822 5
      vertex -75.1184 -1.375 5
    endloop
  endfacet
  facet normal -0 0 1
    outer loop
      vertex -75.3183 -1.67409 5
      vertex -69.8501 -4.57822 5
      vertex -75.2135 -1.52782 5
    endloop
  endfacet
  facet normal -0 0 1
    outer loop
      vertex -75.4324 -1.8132 5
      vertex -69.8501 -4.57822 5
      vertex -75.3183 -1.67409 5
    endloop
  endfacet
  facet normal -0 0 1
    outer loop
      vertex -75.5555 -1.94454 5
      vertex -69.8501 -4.57822 5
      vertex -75.4324 -1.8132 5
    endloop
  endfacet
  facet normal -0 0 1
    outer loop
      vertex -75.6868 -2.06756 5
      vertex -69.8501 -4.57822 5
      vertex -75.5555 -1.94454 5
    endloop
  endfacet
  facet normal -0 0 1
    outer loop
      vertex -75.8259 -2.18172 5
      vertex -69.8501 -4.57822 5
      vertex -75.6868 -2.06756 5
    endloop
  endfacet
  facet normal -0 0 1
    outer loop
      vertex -75.9722 -2.28654 5
      vertex -69.8501 -4.57822 5
      vertex -75.8259 -2.18172 5
    endloop
  endfacet
  facet normal -0 0 1
    outer loop
      vertex -76.125 -2.38157 5
      vertex -69.8501 -4.57822 5
      vertex -75.9722 -2.28654 5
    endloop
  endfacet
  facet normal -0 0 1
    outer loop
      vertex -76.2837 -2.4664 5
      vertex -69.8501 -4.57822 5
      vertex -76.125 -2.38157 5
    endloop
  endfacet
  facet normal -0 0 1
    outer loop
      vertex -76.4476 -2.54067 5
      vertex -69.8501 -4.57822 5
      vertex -76.2837 -2.4664 5
    endloop
  endfacet
  facet normal 0 0 1
    outer loop
      vertex -69.8501 -4.57822 5
      vertex -76.4476 -2.54067 5
      vertex -69.4011 -9.13683 5
    endloop
  endfacet
  facet normal 0 0 1
    outer loop
      vertex -68.655 -13.6563 5
      vertex -76.2342 -37.5945 5
      vertex -73.6122 -42.5 5
    endloop
  endfacet
  facet normal -0 0 1
    outer loop
      vertex -76.616 -2.60406 5
      vertex -69.4011 -9.13683 5
      vertex -76.4476 -2.54067 5
    endloop
  endfacet
  facet normal -0 0 1
    outer loop
      vertex -76.7882 -2.6563 5
      vertex -69.4011 -9.13683 5
      vertex -76.616 -2.60406 5
    endloop
  endfacet
  facet normal -0 0 1
    outer loop
      vertex -76.9635 -2.69716 5
      vertex -69.4011 -9.13683 5
      vertex -76.7882 -2.6563 5
    endloop
  endfacet
  facet normal -0 0 1
    outer loop
      vertex -77.1411 -2.72647 5
      vertex -69.4011 -9.13683 5
      vertex -76.9635 -2.69716 5
    endloop
  endfacet
  facet normal -0 0 1
    outer loop
      vertex -77.3201 -2.74411 5
      vertex -69.4011 -9.13683 5
      vertex -77.1411 -2.72647 5
    endloop
  endfacet
  facet normal 0 0 1
    outer loop
      vertex -69.4011 -9.13683 5
      vertex -84.2728 -11.0947 5
      vertex -68.655 -13.6563 5
    endloop
  endfacet
  facet normal 0 0 1
    outer loop
      vertex -69.4011 -9.13683 5
      vertex -77.3201 -2.74411 5
      vertex -84.2728 -11.0947 5
    endloop
  endfacet
  facet normal 0 0 1
    outer loop
      vertex -84.2728 -11.0947 5
      vertex -77.3201 -2.74411 5
      vertex -77.5 -2.75 5
    endloop
  endfacet
  facet normal 0 0 1
    outer loop
      vertex -84.2728 -11.0947 5
      vertex -77.5 -2.75 5
      vertex -77.6799 -2.74411 5
    endloop
  endfacet
  facet normal 0 0 1
    outer loop
      vertex -84.2728 -11.0947 5
      vertex -77.6799 -2.74411 5
      vertex -77.8589 -2.72647 5
    endloop
  endfacet
  facet normal 0 0 1
    outer loop
      vertex -84.2728 -11.0947 5
      vertex -77.8589 -2.72647 5
      vertex -78.0365 -2.69716 5
    endloop
  endfacet
  facet normal 0 0 1
    outer loop
      vertex -84.2728 -11.0947 5
      vertex -78.0365 -2.69716 5
      vertex -78.2118 -2.6563 5
    endloop
  endfacet
  facet normal 0 0 1
    outer loop
      vertex -84.2728 -11.0947 5
      vertex -78.2118 -2.6563 5
      vertex -78.384 -2.60406 5
    endloop
  endfacet
  facet normal 0 0 1
    outer loop
      vertex -68.655 -13.6563 5
      vertex -78.5298 -32.5281 5
      vertex -76.2342 -37.5945 5
    endloop
  endfacet
  facet normal 0 0 1
    outer loop
      vertex -84.818 -5.55927 5
      vertex -78.384 -2.60406 5
      vertex -78.5524 -2.54067 5
    endloop
  endfacet
  facet normal 0 0 1
    outer loop
      vertex -84.818 -5.55927 5
      vertex -78.5524 -2.54067 5
      vertex -78.7163 -2.4664 5
    endloop
  endfacet
  facet normal 0 0 1
    outer loop
      vertex -84.818 -5.55927 5
      vertex -78.7163 -2.4664 5
      vertex -78.875 -2.38157 5
    endloop
  endfacet
  facet normal 0 0 1
    outer loop
      vertex -84.818 -5.55927 5
      vertex -78.875 -2.38157 5
      vertex -79.0278 -2.28654 5
    endloop
  endfacet
  facet normal 0 0 1
    outer loop
      vertex -84.818 -5.55927 5
      vertex -79.0278 -2.28654 5
      vertex -79.1741 -2.18172 5
    endloop
  endfacet
  facet normal 0 0 1
    outer loop
      vertex -84.818 -5.55927 5
      vertex -79.1741 -2.18172 5
      vertex -79.3132 -2.06756 5
    endloop
  endfacet
  facet normal 0 0 1
    outer loop
      vertex -84.818 -5.55927 5
      vertex -79.3132 -2.06756 5
      vertex -79.4445 -1.94454 5
    endloop
  endfacet
  facet normal 0 0 1
    outer loop
      vertex -84.818 -5.55927 5
      vertex -79.4445 -1.94454 5
      vertex -79.5676 -1.8132 5
    endloop
  endfacet
  facet normal 0 0 1
    outer loop
      vertex -84.818 -5.55927 5
      vertex -79.5676 -1.8132 5
      vertex -79.6817 -1.67409 5
    endloop
  endfacet
  facet normal 0 0 1
    outer loop
      vertex -84.818 -5.55927 5
      vertex -79.6817 -1.67409 5
      vertex -79.7865 -1.52782 5
    endloop
  endfacet
  facet normal 0 0 1
    outer loop
      vertex -84.818 -5.55927 5
      vertex -79.7865 -1.52782 5
      vertex -79.8816 -1.375 5
    endloop
  endfacet
  facet normal 0 0 1
    outer loop
      vertex -84.818 -5.55927 5
      vertex -79.8816 -1.375 5
      vertex -79.9664 -1.21629 5
    endloop
  endfacet
  facet normal 0 0 1
    outer loop
      vertex -85 0 5
      vertex -79.9664 -1.21629 5
      vertex -80.0407 -1.05238 5
    endloop
  endfacet
  facet normal 0 0 1
    outer loop
      vertex -85 0 5
      vertex -80.0407 -1.05238 5
      vertex -80.1041 -0.883958 5
    endloop
  endfacet
  facet normal 0 0 1
    outer loop
      vertex -85 0 5
      vertex -80.1041 -0.883958 5
      vertex -80.1563 -0.711752 5
    endloop
  endfacet
  facet normal 0 0 1
    outer loop
      vertex -85 0 5
      vertex -80.1563 -0.711752 5
      vertex -80.1972 -0.536498 5
    endloop
  endfacet
  facet normal 0 0 1
    outer loop
      vertex -85 0 5
      vertex -80.1972 -0.536498 5
      vertex -80.2265 -0.358947 5
    endloop
  endfacet
  facet normal 0 0 1
    outer loop
      vertex -85 0 5
      vertex -80.2265 -0.358947 5
      vertex -80.2441 -0.179858 5
    endloop
  endfacet
  facet normal 0 0 1
    outer loop
      vertex -68.655 -13.6563 5
      vertex -80.4891 -27.3224 5
      vertex -78.5298 -32.5281 5
    endloop
  endfacet
  facet normal -0 0 1
    outer loop
      vertex -85 0 5
      vertex -80.2441 -0.179858 5
      vertex -80.25 0 5
    endloop
  endfacet
  facet normal 0 0 1
    outer loop
      vertex -80.1041 0.883958 5
      vertex -85 0 5
      vertex -80.1563 0.711752 5
    endloop
  endfacet
  facet normal 0 0 1
    outer loop
      vertex -80.1563 0.711752 5
      vertex -85 0 5
      vertex -80.1972 0.536498 5
    endloop
  endfacet
  facet normal 0 0 1
    outer loop
      vertex -68.655 -13.6563 5
      vertex -82.1037 -21.9996 5
      vertex -80.4891 -27.3224 5
    endloop
  endfacet
  facet normal 0 0 1
    outer loop
      vertex -80.1972 0.536498 5
      vertex -85 0 5
      vertex -80.2265 0.358947 5
    endloop
  endfacet
  facet normal 0 0 1
    outer loop
      vertex -68.655 -13.6563 5
      vertex -83.3667 -16.5827 5
      vertex -82.1037 -21.9996 5
    endloop
  endfacet
  facet normal 0 0 1
    outer loop
      vertex -80.2265 0.358947 5
      vertex -85 0 5
      vertex -80.2441 0.179858 5
    endloop
  endfacet
  facet normal 0 0 1
    outer loop
      vertex -68.655 -13.6563 5
      vertex -84.2728 -11.0947 5
      vertex -83.3667 -16.5827 5
    endloop
  endfacet
  facet normal 0 0 1
    outer loop
      vertex -80.2441 0.179858 5
      vertex -85 0 5
      vertex -80.25 0 5
    endloop
  endfacet
  facet normal 0 0 1
    outer loop
      vertex -78.384 -2.60406 5
      vertex -84.818 -5.55927 5
      vertex -84.2728 -11.0947 5
    endloop
  endfacet
  facet normal 0 0 1
    outer loop
      vertex -79.9664 -1.21629 5
      vertex -85 0 5
      vertex -84.818 -5.55927 5
    endloop
  endfacet
  facet normal 0 0 1
    outer loop
      vertex -30.9602 -62.7811 5
      vertex -36.0059 -66.9371 5
      vertex -36 -67.117 5
    endloop
  endfacet
  facet normal 0 0 1
    outer loop
      vertex -30.9602 -62.7811 5
      vertex -36.0235 -66.758 5
      vertex -36.0059 -66.9371 5
    endloop
  endfacet
  facet normal 0 0 1
    outer loop
      vertex -30.9602 -62.7811 5
      vertex -36.0528 -66.5805 5
      vertex -36.0235 -66.758 5
    endloop
  endfacet
  facet normal 0 0 1
    outer loop
      vertex -30.9602 -62.7811 5
      vertex -36.0937 -66.4052 5
      vertex -36.0528 -66.5805 5
    endloop
  endfacet
  facet normal 0 0 1
    outer loop
      vertex -30.9602 -62.7811 5
      vertex -36.1459 -66.233 5
      vertex -36.0937 -66.4052 5
    endloop
  endfacet
  facet normal 0 0 1
    outer loop
      vertex -30.9602 -62.7811 5
      vertex -36.2093 -66.0646 5
      vertex -36.1459 -66.233 5
    endloop
  endfacet
  facet normal 0 0 1
    outer loop
      vertex -30.9602 -62.7811 5
      vertex -36.2836 -65.9007 5
      vertex -36.2093 -66.0646 5
    endloop
  endfacet
  facet normal 0 0 1
    outer loop
      vertex -30.9602 -62.7811 5
      vertex -36.3684 -65.742 5
      vertex -36.2836 -65.9007 5
    endloop
  endfacet
  facet normal 0 0 1
    outer loop
      vertex -30.9602 -62.7811 5
      vertex -36.4635 -65.5891 5
      vertex -36.3684 -65.742 5
    endloop
  endfacet
  facet normal 0 0 1
    outer loop
      vertex -30.9602 -62.7811 5
      vertex -36.5683 -65.4429 5
      vertex -36.4635 -65.5891 5
    endloop
  endfacet
  facet normal 0 0 1
    outer loop
      vertex -35 -60.6218 5
      vertex -36.6824 -65.3038 5
      vertex -36.5683 -65.4429 5
    endloop
  endfacet
  facet normal 0 0 1
    outer loop
      vertex -35 -60.6218 5
      vertex -36.8055 -65.1724 5
      vertex -36.6824 -65.3038 5
    endloop
  endfacet
  facet normal 0 0 1
    outer loop
      vertex -35 -60.6218 5
      vertex -36.9368 -65.0494 5
      vertex -36.8055 -65.1724 5
    endloop
  endfacet
  facet normal 0 0 1
    outer loop
      vertex -35 -60.6218 5
      vertex -37.0759 -64.9352 5
      vertex -36.9368 -65.0494 5
    endloop
  endfacet
  facet normal 0 0 1
    outer loop
      vertex -35 -60.6218 5
      vertex -37.2222 -64.8304 5
      vertex -37.0759 -64.9352 5
    endloop
  endfacet
  facet normal 0 0 1
    outer loop
      vertex -35 -60.6218 5
      vertex -37.375 -64.7354 5
      vertex -37.2222 -64.8304 5
    endloop
  endfacet
  facet normal 0 0 1
    outer loop
      vertex -35 -60.6218 5
      vertex -37.5337 -64.6506 5
      vertex -37.375 -64.7354 5
    endloop
  endfacet
  facet normal 0 0 1
    outer loop
      vertex -35 -60.6218 5
      vertex -37.6976 -64.5763 5
      vertex -37.5337 -64.6506 5
    endloop
  endfacet
  facet normal 0 0 1
    outer loop
      vertex -35 -60.6218 5
      vertex -37.866 -64.5129 5
      vertex -37.6976 -64.5763 5
    endloop
  endfacet
  facet normal 0 0 1
    outer loop
      vertex -35 -60.6218 5
      vertex -38.0382 -64.4607 5
      vertex -37.866 -64.5129 5
    endloop
  endfacet
  facet normal 0 0 1
    outer loop
      vertex -35 -60.6218 5
      vertex -38.2135 -64.4198 5
      vertex -38.0382 -64.4607 5
    endloop
  endfacet
  facet normal 0 0 1
    outer loop
      vertex -35 -60.6218 5
      vertex -38.3911 -64.3905 5
      vertex -38.2135 -64.4198 5
    endloop
  endfacet
  facet normal 0 0 1
    outer loop
      vertex -38.8899 -58.2029 5
      vertex -38.3911 -64.3905 5
      vertex -35 -60.6218 5
    endloop
  endfacet
  facet normal 0 0 1
    outer loop
      vertex -38.3911 -64.3905 5
      vertex -38.8899 -58.2029 5
      vertex -38.5701 -64.3729 5
    endloop
  endfacet
  facet normal 0 0 1
    outer loop
      vertex -38.5701 -64.3729 5
      vertex -38.8899 -58.2029 5
      vertex -38.75 -64.367 5
    endloop
  endfacet
  facet normal 0 0 1
    outer loop
      vertex -38.8899 -58.2029 5
      vertex -38.9299 -64.3729 5
      vertex -38.75 -64.367 5
    endloop
  endfacet
  facet normal 0 0 1
    outer loop
      vertex -38.8899 -58.2029 5
      vertex -39.1089 -64.3905 5
      vertex -38.9299 -64.3729 5
    endloop
  endfacet
  facet normal 0 0 1
    outer loop
      vertex -38.8899 -58.2029 5
      vertex -39.2865 -64.4198 5
      vertex -39.1089 -64.3905 5
    endloop
  endfacet
  facet normal 0 0 1
    outer loop
      vertex -38.8899 -58.2029 5
      vertex -39.4618 -64.4607 5
      vertex -39.2865 -64.4198 5
    endloop
  endfacet
  facet normal 0 0 1
    outer loop
      vertex -38.8899 -58.2029 5
      vertex -39.634 -64.5129 5
      vertex -39.4618 -64.4607 5
    endloop
  endfacet
  facet normal 0 0 1
    outer loop
      vertex -38.8899 -58.2029 5
      vertex -39.8024 -64.5763 5
      vertex -39.634 -64.5129 5
    endloop
  endfacet
  facet normal 0 0 1
    outer loop
      vertex -38.8899 -58.2029 5
      vertex -39.9663 -64.6506 5
      vertex -39.8024 -64.5763 5
    endloop
  endfacet
  facet normal 0 0 1
    outer loop
      vertex -38.8899 -58.2029 5
      vertex -40.125 -64.7354 5
      vertex -39.9663 -64.6506 5
    endloop
  endfacet
  facet normal 0 0 1
    outer loop
      vertex -38.8899 -58.2029 5
      vertex -40.2778 -64.8304 5
      vertex -40.125 -64.7354 5
    endloop
  endfacet
  facet normal 0 0 1
    outer loop
      vertex -38.8899 -58.2029 5
      vertex -40.4241 -64.9352 5
      vertex -40.2778 -64.8304 5
    endloop
  endfacet
  facet normal 0 0 1
    outer loop
      vertex -42.6133 -55.5347 5
      vertex -40.4241 -64.9352 5
      vertex -38.8899 -58.2029 5
    endloop
  endfacet
  facet normal 0 0 1
    outer loop
      vertex -40.4241 -64.9352 5
      vertex -42.6133 -55.5347 5
      vertex -40.5632 -65.0494 5
    endloop
  endfacet
  facet normal 0 0 1
    outer loop
      vertex -40.5632 -65.0494 5
      vertex -42.6133 -55.5347 5
      vertex -40.6945 -65.1724 5
    endloop
  endfacet
  facet normal 0 0 1
    outer loop
      vertex -40.6945 -65.1724 5
      vertex -42.6133 -55.5347 5
      vertex -40.8176 -65.3038 5
    endloop
  endfacet
  facet normal 0 0 1
    outer loop
      vertex -40.8176 -65.3038 5
      vertex -42.6133 -55.5347 5
      vertex -40.9317 -65.4429 5
    endloop
  endfacet
  facet normal 0 0 1
    outer loop
      vertex -40.9317 -65.4429 5
      vertex -42.6133 -55.5347 5
      vertex -41.0365 -65.5891 5
    endloop
  endfacet
  facet normal 0 0 1
    outer loop
      vertex -51.7447 -67.435 5
      vertex -41.0365 -65.5891 5
      vertex -42.6133 -55.5347 5
    endloop
  endfacet
  facet normal 0 0 1
    outer loop
      vertex -41.0365 -65.5891 5
      vertex -51.7447 -67.435 5
      vertex -41.1316 -65.742 5
    endloop
  endfacet
  facet normal 0 0 1
    outer loop
      vertex -41.1316 -65.742 5
      vertex -51.7447 -67.435 5
      vertex -41.2164 -65.9007 5
    endloop
  endfacet
  facet normal 0 0 1
    outer loop
      vertex -47.2235 -70.6749 5
      vertex -41.5 -67.117 5
      vertex -41.4941 -66.9371 5
    endloop
  endfacet
  facet normal 0 0 1
    outer loop
      vertex -47.2235 -70.6749 5
      vertex -41.4941 -66.9371 5
      vertex -41.4765 -66.758 5
    endloop
  endfacet
  facet normal 0 0 1
    outer loop
      vertex -41.2164 -65.9007 5
      vertex -51.7447 -67.435 5
      vertex -41.2907 -66.0646 5
    endloop
  endfacet
  facet normal 0 0 1
    outer loop
      vertex -41.2907 -66.0646 5
      vertex -51.7447 -67.435 5
      vertex -41.3541 -66.233 5
    endloop
  endfacet
  facet normal 0 0 1
    outer loop
      vertex -41.3541 -66.233 5
      vertex -51.7447 -67.435 5
      vertex -41.4063 -66.4052 5
    endloop
  endfacet
  facet normal 0 0 1
    outer loop
      vertex -41.4063 -66.4052 5
      vertex -51.7447 -67.435 5
      vertex -41.4472 -66.5805 5
    endloop
  endfacet
  facet normal 0 -0 1
    outer loop
      vertex -47.2235 -70.6749 5
      vertex -41.4472 -66.5805 5
      vertex -51.7447 -67.435 5
    endloop
  endfacet
  facet normal 0 0 1
    outer loop
      vertex -51.7447 -67.435 5
      vertex -42.6133 -55.5347 5
      vertex -46.1542 -52.6288 5
    endloop
  endfacet
  facet normal 0 0 1
    outer loop
      vertex -41.5 -67.117 5
      vertex -47.2235 -70.6749 5
      vertex -42.5 -73.6122 5
    endloop
  endfacet
  facet normal 0 0 1
    outer loop
      vertex -56.0444 -63.9064 5
      vertex -46.1542 -52.6288 5
      vertex -49.4975 -49.4975 5
    endloop
  endfacet
  facet normal 0 0 1
    outer loop
      vertex -41.4472 -66.5805 5
      vertex -47.2235 -70.6749 5
      vertex -41.4765 -66.758 5
    endloop
  endfacet
  facet normal 0 0 1
    outer loop
      vertex -60.1041 -60.1041 5
      vertex -49.4975 -49.4975 5
      vertex -52.6288 -46.1542 5
    endloop
  endfacet
  facet normal 0 0 1
    outer loop
      vertex -63.9064 -56.0444 5
      vertex -52.6288 -46.1542 5
      vertex -55.5347 -42.6133 5
    endloop
  endfacet
  facet normal 0 0 1
    outer loop
      vertex -46.1542 -52.6288 5
      vertex -56.0444 -63.9064 5
      vertex -51.7447 -67.435 5
    endloop
  endfacet
  facet normal 0 0 1
    outer loop
      vertex -67.435 -51.7447 5
      vertex -55.5347 -42.6133 5
      vertex -58.2029 -38.8899 5
    endloop
  endfacet
  facet normal 0 0 1
    outer loop
      vertex -49.4975 -49.4975 5
      vertex -60.1041 -60.1041 5
      vertex -56.0444 -63.9064 5
    endloop
  endfacet
  facet normal 0 0 1
    outer loop
      vertex -70.6749 -47.2235 5
      vertex -58.2029 -38.8899 5
      vertex -60.6218 -35 5
    endloop
  endfacet
  facet normal 0 0 1
    outer loop
      vertex -73.6122 -42.5 5
      vertex -60.6218 -35 5
      vertex -62.7811 -30.9602 5
    endloop
  endfacet
  facet normal 0 0 1
    outer loop
      vertex -52.6288 -46.1542 5
      vertex -63.9064 -56.0444 5
      vertex -60.1041 -60.1041 5
    endloop
  endfacet
  facet normal 0 0 1
    outer loop
      vertex -73.6122 -42.5 5
      vertex -62.7811 -30.9602 5
      vertex -64.6716 -26.7878 5
    endloop
  endfacet
  facet normal 0 0 1
    outer loop
      vertex -73.6122 -42.5 5
      vertex -64.6716 -26.7878 5
      vertex -66.2851 -22.5008 5
    endloop
  endfacet
  facet normal 0 0 1
    outer loop
      vertex -55.5347 -42.6133 5
      vertex -67.435 -51.7447 5
      vertex -63.9064 -56.0444 5
    endloop
  endfacet
  facet normal 0 0 1
    outer loop
      vertex -73.6122 -42.5 5
      vertex -66.2851 -22.5008 5
      vertex -67.6148 -18.1173 5
    endloop
  endfacet
  facet normal 0 0 1
    outer loop
      vertex -73.6122 -42.5 5
      vertex -67.6148 -18.1173 5
      vertex -68.655 -13.6563 5
    endloop
  endfacet
  facet normal 0 0 1
    outer loop
      vertex -74.8028 -0.536498 5
      vertex -70 0 5
      vertex -74.7735 -0.358947 5
    endloop
  endfacet
  facet normal 0 0 1
    outer loop
      vertex -74.7735 -0.358947 5
      vertex -70 0 5
      vertex -74.7559 -0.179858 5
    endloop
  endfacet
  facet normal 0 0 1
    outer loop
      vertex -58.2029 -38.8899 5
      vertex -70.6749 -47.2235 5
      vertex -67.435 -51.7447 5
    endloop
  endfacet
  facet normal 0 0 1
    outer loop
      vertex -74.7559 -0.179858 5
      vertex -70 0 5
      vertex -74.75 0 5
    endloop
  endfacet
  facet normal -0 0 1
    outer loop
      vertex -82.1037 21.9996 5
      vertex -67.6148 18.1173 5
      vertex -80.4891 27.3224 5
    endloop
  endfacet
  facet normal 0 0 1
    outer loop
      vertex -67.6148 18.1173 5
      vertex -82.1037 21.9996 5
      vertex -68.655 13.6563 5
    endloop
  endfacet
  facet normal 0 0 1
    outer loop
      vertex -74.8437 -0.711752 5
      vertex -70 0 5
      vertex -74.8028 -0.536498 5
    endloop
  endfacet
  facet normal 0 0 1
    outer loop
      vertex -60.6218 -35 5
      vertex -73.6122 -42.5 5
      vertex -70.6749 -47.2235 5
    endloop
  endfacet
  facet normal 0 0 1
    outer loop
      vertex -70 0 5
      vertex -74.7559 0.179858 5
      vertex -74.75 0 5
    endloop
  endfacet
  facet normal 0 0 1
    outer loop
      vertex -70 0 5
      vertex -74.7735 0.358947 5
      vertex -74.7559 0.179858 5
    endloop
  endfacet
  facet normal 0 0 1
    outer loop
      vertex -70 0 5
      vertex -74.8028 0.536498 5
      vertex -74.7735 0.358947 5
    endloop
  endfacet
  facet normal 0 0 1
    outer loop
      vertex -70 0 5
      vertex -74.8437 0.711752 5
      vertex -74.8028 0.536498 5
    endloop
  endfacet
  facet normal 0 0 1
    outer loop
      vertex -70 0 5
      vertex -74.8959 0.883958 5
      vertex -74.8437 0.711752 5
    endloop
  endfacet
  facet normal 0 0 1
    outer loop
      vertex -70 0 5
      vertex -74.9593 1.05238 5
      vertex -74.8959 0.883958 5
    endloop
  endfacet
  facet normal 0 0 1
    outer loop
      vertex -69.8501 4.57822 5
      vertex -74.9593 1.05238 5
      vertex -70 0 5
    endloop
  endfacet
  facet normal 0 -0 1
    outer loop
      vertex -74.9593 1.05238 5
      vertex -69.8501 4.57822 5
      vertex -75.0336 1.21629 5
    endloop
  endfacet
  facet normal 0 0 1
    outer loop
      vertex -68.655 13.6563 5
      vertex -83.3667 16.5827 5
      vertex -69.4011 9.13683 5
    endloop
  endfacet
  facet normal 0 -0 1
    outer loop
      vertex -75.0336 1.21629 5
      vertex -69.8501 4.57822 5
      vertex -75.1184 1.375 5
    endloop
  endfacet
  facet normal 0 -0 1
    outer loop
      vertex -77.1411 2.72647 5
      vertex -69.4011 9.13683 5
      vertex -77.3201 2.74411 5
    endloop
  endfacet
  facet normal 0 -0 1
    outer loop
      vertex -75.1184 1.375 5
      vertex -69.8501 4.57822 5
      vertex -75.2135 1.52782 5
    endloop
  endfacet
  facet normal 0 -0 1
    outer loop
      vertex -75.8259 2.18172 5
      vertex -69.8501 4.57822 5
      vertex -75.9722 2.28654 5
    endloop
  endfacet
  facet normal 0 -0 1
    outer loop
      vertex -75.2135 1.52782 5
      vertex -69.8501 4.57822 5
      vertex -75.3183 1.67409 5
    endloop
  endfacet
  facet normal 0 -0 1
    outer loop
      vertex -75.3183 1.67409 5
      vertex -69.8501 4.57822 5
      vertex -75.4324 1.8132 5
    endloop
  endfacet
  facet normal 0 -0 1
    outer loop
      vertex -75.4324 1.8132 5
      vertex -69.8501 4.57822 5
      vertex -75.5555 1.94454 5
    endloop
  endfacet
  facet normal 0 -0 1
    outer loop
      vertex -75.5555 1.94454 5
      vertex -69.8501 4.57822 5
      vertex -75.6868 2.06756 5
    endloop
  endfacet
  facet normal 0 -0 1
    outer loop
      vertex -75.6868 2.06756 5
      vertex -69.8501 4.57822 5
      vertex -75.8259 2.18172 5
    endloop
  endfacet
  facet normal 0 0 1
    outer loop
      vertex -69.8501 4.57822 5
      vertex -76.125 2.38157 5
      vertex -75.9722 2.28654 5
    endloop
  endfacet
  facet normal 0 0 1
    outer loop
      vertex -69.8501 4.57822 5
      vertex -76.2837 2.4664 5
      vertex -76.125 2.38157 5
    endloop
  endfacet
  facet normal 0 0 1
    outer loop
      vertex -69.8501 4.57822 5
      vertex -76.4476 2.54067 5
      vertex -76.2837 2.4664 5
    endloop
  endfacet
  facet normal 0 0 1
    outer loop
      vertex -69.4011 9.13683 5
      vertex -76.4476 2.54067 5
      vertex -69.8501 4.57822 5
    endloop
  endfacet
  facet normal 0 -0 1
    outer loop
      vertex -76.4476 2.54067 5
      vertex -69.4011 9.13683 5
      vertex -76.616 2.60406 5
    endloop
  endfacet
  facet normal 0 -0 1
    outer loop
      vertex -76.616 2.60406 5
      vertex -69.4011 9.13683 5
      vertex -76.7882 2.6563 5
    endloop
  endfacet
  facet normal 0 -0 1
    outer loop
      vertex -76.7882 2.6563 5
      vertex -69.4011 9.13683 5
      vertex -76.9635 2.69716 5
    endloop
  endfacet
  facet normal 0 -0 1
    outer loop
      vertex -76.9635 2.69716 5
      vertex -69.4011 9.13683 5
      vertex -77.1411 2.72647 5
    endloop
  endfacet
  facet normal 0 0 1
    outer loop
      vertex -84.2728 11.0947 5
      vertex -77.3201 2.74411 5
      vertex -69.4011 9.13683 5
    endloop
  endfacet
  facet normal -0 0 1
    outer loop
      vertex -84.2728 11.0947 5
      vertex -69.4011 9.13683 5
      vertex -83.3667 16.5827 5
    endloop
  endfacet
  facet normal 0 0 1
    outer loop
      vertex -77.3201 2.74411 5
      vertex -84.2728 11.0947 5
      vertex -77.5 2.75 5
    endloop
  endfacet
  facet normal -0 0 1
    outer loop
      vertex -83.3667 16.5827 5
      vertex -68.655 13.6563 5
      vertex -82.1037 21.9996 5
    endloop
  endfacet
  facet normal 0 0 1
    outer loop
      vertex -77.5 2.75 5
      vertex -84.2728 11.0947 5
      vertex -77.6799 2.74411 5
    endloop
  endfacet
  facet normal 0 0 1
    outer loop
      vertex -77.6799 2.74411 5
      vertex -84.2728 11.0947 5
      vertex -77.8589 2.72647 5
    endloop
  endfacet
  facet normal 0 0 1
    outer loop
      vertex -77.8589 2.72647 5
      vertex -84.2728 11.0947 5
      vertex -78.0365 2.69716 5
    endloop
  endfacet
  facet normal 0 0 1
    outer loop
      vertex -78.0365 2.69716 5
      vertex -84.2728 11.0947 5
      vertex -78.2118 2.6563 5
    endloop
  endfacet
  facet normal 0 0 1
    outer loop
      vertex -78.2118 2.6563 5
      vertex -84.2728 11.0947 5
      vertex -78.384 2.60406 5
    endloop
  endfacet
  facet normal -0 0 1
    outer loop
      vertex -84.818 5.55927 5
      vertex -78.384 2.60406 5
      vertex -84.2728 11.0947 5
    endloop
  endfacet
  facet normal 0 0 1
    outer loop
      vertex -78.384 2.60406 5
      vertex -84.818 5.55927 5
      vertex -78.5524 2.54067 5
    endloop
  endfacet
  facet normal 0 0 1
    outer loop
      vertex -78.5524 2.54067 5
      vertex -84.818 5.55927 5
      vertex -78.7163 2.4664 5
    endloop
  endfacet
  facet normal 0 0 1
    outer loop
      vertex -78.7163 2.4664 5
      vertex -84.818 5.55927 5
      vertex -78.875 2.38157 5
    endloop
  endfacet
  facet normal 0 0 1
    outer loop
      vertex -78.875 2.38157 5
      vertex -84.818 5.55927 5
      vertex -79.0278 2.28654 5
    endloop
  endfacet
  facet normal 0 0 1
    outer loop
      vertex -79.0278 2.28654 5
      vertex -84.818 5.55927 5
      vertex -79.1741 2.18172 5
    endloop
  endfacet
  facet normal 0 0 1
    outer loop
      vertex -79.1741 2.18172 5
      vertex -84.818 5.55927 5
      vertex -79.3132 2.06756 5
    endloop
  endfacet
  facet normal 0 0 1
    outer loop
      vertex -79.3132 2.06756 5
      vertex -84.818 5.55927 5
      vertex -79.4445 1.94454 5
    endloop
  endfacet
  facet normal 0 0 1
    outer loop
      vertex -79.4445 1.94454 5
      vertex -84.818 5.55927 5
      vertex -79.5676 1.8132 5
    endloop
  endfacet
  facet normal 0 0 1
    outer loop
      vertex -79.5676 1.8132 5
      vertex -84.818 5.55927 5
      vertex -79.6817 1.67409 5
    endloop
  endfacet
  facet normal 0 0 1
    outer loop
      vertex -79.6817 1.67409 5
      vertex -84.818 5.55927 5
      vertex -79.7865 1.52782 5
    endloop
  endfacet
  facet normal 0 0 1
    outer loop
      vertex -79.7865 1.52782 5
      vertex -84.818 5.55927 5
      vertex -79.8816 1.375 5
    endloop
  endfacet
  facet normal 0 0 1
    outer loop
      vertex -79.8816 1.375 5
      vertex -84.818 5.55927 5
      vertex -79.9664 1.21629 5
    endloop
  endfacet
  facet normal 0 0 1
    outer loop
      vertex -85 0 5
      vertex -79.9664 1.21629 5
      vertex -84.818 5.55927 5
    endloop
  endfacet
  facet normal 0 0 1
    outer loop
      vertex -80.0407 1.05238 5
      vertex -85 0 5
      vertex -80.1041 0.883958 5
    endloop
  endfacet
  facet normal 0 0 1
    outer loop
      vertex -79.9664 1.21629 5
      vertex -85 0 5
      vertex -80.0407 1.05238 5
    endloop
  endfacet
  facet normal -0 0 1
    outer loop
      vertex -36.0235 66.758 5
      vertex -30.9602 62.7811 5
      vertex -36.0059 66.9371 5
    endloop
  endfacet
  facet normal -0 0 1
    outer loop
      vertex -36.0528 66.5805 5
      vertex -30.9602 62.7811 5
      vertex -36.0235 66.758 5
    endloop
  endfacet
  facet normal -0 0 1
    outer loop
      vertex -36.0937 66.4052 5
      vertex -30.9602 62.7811 5
      vertex -36.0528 66.5805 5
    endloop
  endfacet
  facet normal -0 0 1
    outer loop
      vertex -36.1459 66.233 5
      vertex -30.9602 62.7811 5
      vertex -36.0937 66.4052 5
    endloop
  endfacet
  facet normal -0 0 1
    outer loop
      vertex -36.2093 66.0646 5
      vertex -30.9602 62.7811 5
      vertex -36.1459 66.233 5
    endloop
  endfacet
  facet normal -0 0 1
    outer loop
      vertex -36.2836 65.9007 5
      vertex -30.9602 62.7811 5
      vertex -36.2093 66.0646 5
    endloop
  endfacet
  facet normal -0 0 1
    outer loop
      vertex -36.3684 65.742 5
      vertex -30.9602 62.7811 5
      vertex -36.2836 65.9007 5
    endloop
  endfacet
  facet normal -0 0 1
    outer loop
      vertex -36.4635 65.5891 5
      vertex -30.9602 62.7811 5
      vertex -36.3684 65.742 5
    endloop
  endfacet
  facet normal -0 0 1
    outer loop
      vertex -36.5683 65.4429 5
      vertex -30.9602 62.7811 5
      vertex -36.4635 65.5891 5
    endloop
  endfacet
  facet normal 0 0 1
    outer loop
      vertex -30.9602 62.7811 5
      vertex -36.5683 65.4429 5
      vertex -35 60.6218 5
    endloop
  endfacet
  facet normal -0 0 1
    outer loop
      vertex -36.6824 65.3038 5
      vertex -35 60.6218 5
      vertex -36.5683 65.4429 5
    endloop
  endfacet
  facet normal -0 0 1
    outer loop
      vertex -36.8055 65.1724 5
      vertex -35 60.6218 5
      vertex -36.6824 65.3038 5
    endloop
  endfacet
  facet normal -0 0 1
    outer loop
      vertex -36.9368 65.0494 5
      vertex -35 60.6218 5
      vertex -36.8055 65.1724 5
    endloop
  endfacet
  facet normal -0 0 1
    outer loop
      vertex -37.0759 64.9352 5
      vertex -35 60.6218 5
      vertex -36.9368 65.0494 5
    endloop
  endfacet
  facet normal -0 0 1
    outer loop
      vertex -37.2222 64.8304 5
      vertex -35 60.6218 5
      vertex -37.0759 64.9352 5
    endloop
  endfacet
  facet normal -0 0 1
    outer loop
      vertex -37.375 64.7354 5
      vertex -35 60.6218 5
      vertex -37.2222 64.8304 5
    endloop
  endfacet
  facet normal -0 0 1
    outer loop
      vertex -37.5337 64.6506 5
      vertex -35 60.6218 5
      vertex -37.375 64.7354 5
    endloop
  endfacet
  facet normal -0 0 1
    outer loop
      vertex -37.6976 64.5763 5
      vertex -35 60.6218 5
      vertex -37.5337 64.6506 5
    endloop
  endfacet
  facet normal -0 0 1
    outer loop
      vertex -37.866 64.5129 5
      vertex -35 60.6218 5
      vertex -37.6976 64.5763 5
    endloop
  endfacet
  facet normal -0 0 1
    outer loop
      vertex -38.0382 64.4607 5
      vertex -35 60.6218 5
      vertex -37.866 64.5129 5
    endloop
  endfacet
  facet normal -0 0 1
    outer loop
      vertex -38.2135 64.4198 5
      vertex -35 60.6218 5
      vertex -38.0382 64.4607 5
    endloop
  endfacet
  facet normal -0 0 1
    outer loop
      vertex -38.3911 64.3905 5
      vertex -35 60.6218 5
      vertex -38.2135 64.4198 5
    endloop
  endfacet
  facet normal 0 0 1
    outer loop
      vertex -38.8899 58.2029 5
      vertex -38.3911 64.3905 5
      vertex -38.5701 64.3729 5
    endloop
  endfacet
  facet normal 0 0 1
    outer loop
      vertex -38.8899 58.2029 5
      vertex -38.5701 64.3729 5
      vertex -38.75 64.367 5
    endloop
  endfacet
  facet normal 0 0 1
    outer loop
      vertex -38.3911 64.3905 5
      vertex -38.8899 58.2029 5
      vertex -35 60.6218 5
    endloop
  endfacet
  facet normal 0 0 1
    outer loop
      vertex -38.9299 64.3729 5
      vertex -38.8899 58.2029 5
      vertex -38.75 64.367 5
    endloop
  endfacet
  facet normal 0 0 1
    outer loop
      vertex -39.1089 64.3905 5
      vertex -38.8899 58.2029 5
      vertex -38.9299 64.3729 5
    endloop
  endfacet
  facet normal 0 0 1
    outer loop
      vertex -39.2865 64.4198 5
      vertex -38.8899 58.2029 5
      vertex -39.1089 64.3905 5
    endloop
  endfacet
  facet normal 0 0 1
    outer loop
      vertex -39.4618 64.4607 5
      vertex -38.8899 58.2029 5
      vertex -39.2865 64.4198 5
    endloop
  endfacet
  facet normal 0 0 1
    outer loop
      vertex -39.634 64.5129 5
      vertex -38.8899 58.2029 5
      vertex -39.4618 64.4607 5
    endloop
  endfacet
  facet normal 0 0 1
    outer loop
      vertex -39.8024 64.5763 5
      vertex -38.8899 58.2029 5
      vertex -39.634 64.5129 5
    endloop
  endfacet
  facet normal 0 0 1
    outer loop
      vertex -39.9663 64.6506 5
      vertex -38.8899 58.2029 5
      vertex -39.8024 64.5763 5
    endloop
  endfacet
  facet normal 0 0 1
    outer loop
      vertex -40.125 64.7354 5
      vertex -38.8899 58.2029 5
      vertex -39.9663 64.6506 5
    endloop
  endfacet
  facet normal 0 0 1
    outer loop
      vertex -40.2778 64.8304 5
      vertex -38.8899 58.2029 5
      vertex -40.125 64.7354 5
    endloop
  endfacet
  facet normal 0 0 1
    outer loop
      vertex -40.4241 64.9352 5
      vertex -38.8899 58.2029 5
      vertex -40.2778 64.8304 5
    endloop
  endfacet
  facet normal 0 0 1
    outer loop
      vertex -42.6133 55.5347 5
      vertex -40.4241 64.9352 5
      vertex -40.5632 65.0494 5
    endloop
  endfacet
  facet normal 0 0 1
    outer loop
      vertex -42.6133 55.5347 5
      vertex -40.5632 65.0494 5
      vertex -40.6945 65.1724 5
    endloop
  endfacet
  facet normal 0 0 1
    outer loop
      vertex -42.6133 55.5347 5
      vertex -40.6945 65.1724 5
      vertex -40.8176 65.3038 5
    endloop
  endfacet
  facet normal 0 0 1
    outer loop
      vertex -42.6133 55.5347 5
      vertex -40.8176 65.3038 5
      vertex -40.9317 65.4429 5
    endloop
  endfacet
  facet normal 0 0 1
    outer loop
      vertex -42.6133 55.5347 5
      vertex -40.9317 65.4429 5
      vertex -41.0365 65.5891 5
    endloop
  endfacet
  facet normal 0 0 1
    outer loop
      vertex -51.7447 67.435 5
      vertex -41.0365 65.5891 5
      vertex -41.1316 65.742 5
    endloop
  endfacet
  facet normal 0 0 1
    outer loop
      vertex -51.7447 67.435 5
      vertex -41.1316 65.742 5
      vertex -41.2164 65.9007 5
    endloop
  endfacet
  facet normal 0 0 1
    outer loop
      vertex -51.7447 67.435 5
      vertex -41.2164 65.9007 5
      vertex -41.2907 66.0646 5
    endloop
  endfacet
  facet normal 0 0 1
    outer loop
      vertex -51.7447 67.435 5
      vertex -41.2907 66.0646 5
      vertex -41.3541 66.233 5
    endloop
  endfacet
  facet normal 0 0 1
    outer loop
      vertex -41.4941 67.2968 5
      vertex -47.2235 70.6749 5
      vertex -41.5 67.117 5
    endloop
  endfacet
  facet normal 0 0 1
    outer loop
      vertex -41.5 67.117 5
      vertex -47.2235 70.6749 5
      vertex -41.4941 66.9371 5
    endloop
  endfacet
  facet normal 0 0 1
    outer loop
      vertex -40.4241 64.9352 5
      vertex -42.6133 55.5347 5
      vertex -38.8899 58.2029 5
    endloop
  endfacet
  facet normal 0 0 1
    outer loop
      vertex -51.7447 67.435 5
      vertex -41.3541 66.233 5
      vertex -41.4063 66.4052 5
    endloop
  endfacet
  facet normal 0 0 1
    outer loop
      vertex -51.7447 67.435 5
      vertex -41.4063 66.4052 5
      vertex -41.4472 66.5805 5
    endloop
  endfacet
  facet normal 0 0 1
    outer loop
      vertex -47.2235 70.6749 5
      vertex -41.4472 66.5805 5
      vertex -41.4765 66.758 5
    endloop
  endfacet
  facet normal 0 0 1
    outer loop
      vertex -41.4941 66.9371 5
      vertex -47.2235 70.6749 5
      vertex -41.4765 66.758 5
    endloop
  endfacet
  facet normal 0 0 1
    outer loop
      vertex -41.4472 66.5805 5
      vertex -47.2235 70.6749 5
      vertex -51.7447 67.435 5
    endloop
  endfacet
  facet normal 0 0 1
    outer loop
      vertex -41.0365 65.5891 5
      vertex -51.7447 67.435 5
      vertex -42.6133 55.5347 5
    endloop
  endfacet
  facet normal 0 0 1
    outer loop
      vertex -42.6133 55.5347 5
      vertex -51.7447 67.435 5
      vertex -46.1542 52.6288 5
    endloop
  endfacet
  facet normal -0 0 1
    outer loop
      vertex -56.0444 63.9064 5
      vertex -46.1542 52.6288 5
      vertex -51.7447 67.435 5
    endloop
  endfacet
  facet normal 0 0 1
    outer loop
      vertex -46.1542 52.6288 5
      vertex -56.0444 63.9064 5
      vertex -49.4975 49.4975 5
    endloop
  endfacet
  facet normal -0 0 1
    outer loop
      vertex -60.1041 60.1041 5
      vertex -49.4975 49.4975 5
      vertex -56.0444 63.9064 5
    endloop
  endfacet
  facet normal 0 0 1
    outer loop
      vertex -49.4975 49.4975 5
      vertex -60.1041 60.1041 5
      vertex -52.6288 46.1542 5
    endloop
  endfacet
  facet normal -0 0 1
    outer loop
      vertex -63.9064 56.0444 5
      vertex -52.6288 46.1542 5
      vertex -60.1041 60.1041 5
    endloop
  endfacet
  facet normal 0 0 1
    outer loop
      vertex -52.6288 46.1542 5
      vertex -63.9064 56.0444 5
      vertex -55.5347 42.6133 5
    endloop
  endfacet
  facet normal -0 0 1
    outer loop
      vertex -67.435 51.7447 5
      vertex -55.5347 42.6133 5
      vertex -63.9064 56.0444 5
    endloop
  endfacet
  facet normal 0 0 1
    outer loop
      vertex -55.5347 42.6133 5
      vertex -67.435 51.7447 5
      vertex -58.2029 38.8899 5
    endloop
  endfacet
  facet normal -0 0 1
    outer loop
      vertex -70.6749 47.2235 5
      vertex -58.2029 38.8899 5
      vertex -67.435 51.7447 5
    endloop
  endfacet
  facet normal 0 0 1
    outer loop
      vertex -58.2029 38.8899 5
      vertex -70.6749 47.2235 5
      vertex -60.6218 35 5
    endloop
  endfacet
  facet normal -0 0 1
    outer loop
      vertex -73.6122 42.5 5
      vertex -60.6218 35 5
      vertex -70.6749 47.2235 5
    endloop
  endfacet
  facet normal 0 0 1
    outer loop
      vertex -60.6218 35 5
      vertex -73.6122 42.5 5
      vertex -62.7811 30.9602 5
    endloop
  endfacet
  facet normal -0 0 1
    outer loop
      vertex -76.2342 37.5945 5
      vertex -62.7811 30.9602 5
      vertex -73.6122 42.5 5
    endloop
  endfacet
  facet normal 0 0 1
    outer loop
      vertex -62.7811 30.9602 5
      vertex -76.2342 37.5945 5
      vertex -64.6716 26.7878 5
    endloop
  endfacet
  facet normal -0 0 1
    outer loop
      vertex -78.5298 32.5281 5
      vertex -64.6716 26.7878 5
      vertex -76.2342 37.5945 5
    endloop
  endfacet
  facet normal 0 0 1
    outer loop
      vertex -64.6716 26.7878 5
      vertex -78.5298 32.5281 5
      vertex -66.2851 22.5008 5
    endloop
  endfacet
  facet normal 0 0 1
    outer loop
      vertex -66.2851 22.5008 5
      vertex -80.4891 27.3224 5
      vertex -67.6148 18.1173 5
    endloop
  endfacet
  facet normal -0 0 1
    outer loop
      vertex -80.4891 27.3224 5
      vertex -66.2851 22.5008 5
      vertex -78.5298 32.5281 5
    endloop
  endfacet
  facet normal 0 0 1
    outer loop
      vertex 47.2235 70.6749 5
      vertex 41.4941 67.2968 5
      vertex 41.5 67.117 5
    endloop
  endfacet
  facet normal 0 0 1
    outer loop
      vertex 47.2235 70.6749 5
      vertex 41.4765 67.4759 5
      vertex 41.4941 67.2968 5
    endloop
  endfacet
  facet normal 0 0 1
    outer loop
      vertex 47.2235 70.6749 5
      vertex 41.4472 67.6535 5
      vertex 41.4765 67.4759 5
    endloop
  endfacet
  facet normal 0 0 1
    outer loop
      vertex 47.2235 70.6749 5
      vertex 41.4063 67.8287 5
      vertex 41.4472 67.6535 5
    endloop
  endfacet
  facet normal 0 0 1
    outer loop
      vertex 47.2235 70.6749 5
      vertex 41.3541 68.0009 5
      vertex 41.4063 67.8287 5
    endloop
  endfacet
  facet normal 0 0 1
    outer loop
      vertex 47.2235 70.6749 5
      vertex 41.2907 68.1693 5
      vertex 41.3541 68.0009 5
    endloop
  endfacet
  facet normal 0 0 1
    outer loop
      vertex 47.2235 70.6749 5
      vertex 41.2164 68.3333 5
      vertex 41.2907 68.1693 5
    endloop
  endfacet
  facet normal 0 0 1
    outer loop
      vertex 47.2235 70.6749 5
      vertex 41.1316 68.492 5
      vertex 41.2164 68.3333 5
    endloop
  endfacet
  facet normal 0 0 1
    outer loop
      vertex 47.2235 70.6749 5
      vertex 41.0365 68.6448 5
      vertex 41.1316 68.492 5
    endloop
  endfacet
  facet normal 0 0 1
    outer loop
      vertex 42.5 73.6122 5
      vertex 40.9317 68.7911 5
      vertex 41.0365 68.6448 5
    endloop
  endfacet
  facet normal 0 0 1
    outer loop
      vertex 42.5 73.6122 5
      vertex 40.8176 68.9302 5
      vertex 40.9317 68.7911 5
    endloop
  endfacet
  facet normal 0 0 1
    outer loop
      vertex 42.5 73.6122 5
      vertex 40.6945 69.0615 5
      vertex 40.8176 68.9302 5
    endloop
  endfacet
  facet normal 0 0 1
    outer loop
      vertex 42.5 73.6122 5
      vertex 40.5632 69.1845 5
      vertex 40.6945 69.0615 5
    endloop
  endfacet
  facet normal 0 0 1
    outer loop
      vertex 42.5 73.6122 5
      vertex 40.4241 69.2987 5
      vertex 40.5632 69.1845 5
    endloop
  endfacet
  facet normal 0 0 1
    outer loop
      vertex 42.5 73.6122 5
      vertex 40.2778 69.4035 5
      vertex 40.4241 69.2987 5
    endloop
  endfacet
  facet normal 0 0 1
    outer loop
      vertex 42.5 73.6122 5
      vertex 40.125 69.4985 5
      vertex 40.2778 69.4035 5
    endloop
  endfacet
  facet normal 0 0 1
    outer loop
      vertex 42.5 73.6122 5
      vertex 39.9663 69.5834 5
      vertex 40.125 69.4985 5
    endloop
  endfacet
  facet normal 0 0 1
    outer loop
      vertex 42.5 73.6122 5
      vertex 39.8024 69.6576 5
      vertex 39.9663 69.5834 5
    endloop
  endfacet
  facet normal 0 0 1
    outer loop
      vertex 42.5 73.6122 5
      vertex 39.634 69.721 5
      vertex 39.8024 69.6576 5
    endloop
  endfacet
  facet normal 0 0 1
    outer loop
      vertex 42.5 73.6122 5
      vertex 39.4618 69.7733 5
      vertex 39.634 69.721 5
    endloop
  endfacet
  facet normal 0 0 1
    outer loop
      vertex 42.5 73.6122 5
      vertex 39.2865 69.8141 5
      vertex 39.4618 69.7733 5
    endloop
  endfacet
  facet normal 0 0 1
    outer loop
      vertex 42.5 73.6122 5
      vertex 39.1089 69.8434 5
      vertex 39.2865 69.8141 5
    endloop
  endfacet
  facet normal 0 0 1
    outer loop
      vertex 42.5 73.6122 5
      vertex 38.9299 69.8611 5
      vertex 39.1089 69.8434 5
    endloop
  endfacet
  facet normal 0 0 1
    outer loop
      vertex 37.5945 76.2342 5
      vertex 38.9299 69.8611 5
      vertex 42.5 73.6122 5
    endloop
  endfacet
  facet normal 0 0 1
    outer loop
      vertex 38.9299 69.8611 5
      vertex 37.5945 76.2342 5
      vertex 38.75 69.867 5
    endloop
  endfacet
  facet normal 0 0 1
    outer loop
      vertex 38.75 69.867 5
      vertex 37.5945 76.2342 5
      vertex 38.5701 69.8611 5
    endloop
  endfacet
  facet normal 0 0 1
    outer loop
      vertex 38.5701 69.8611 5
      vertex 37.5945 76.2342 5
      vertex 38.3911 69.8434 5
    endloop
  endfacet
  facet normal 0 0 1
    outer loop
      vertex 38.3911 69.8434 5
      vertex 37.5945 76.2342 5
      vertex 38.2135 69.8141 5
    endloop
  endfacet
  facet normal 0 0 1
    outer loop
      vertex 38.2135 69.8141 5
      vertex 37.5945 76.2342 5
      vertex 38.0382 69.7733 5
    endloop
  endfacet
  facet normal 0 0 1
    outer loop
      vertex 38.0382 69.7733 5
      vertex 37.5945 76.2342 5
      vertex 37.866 69.721 5
    endloop
  endfacet
  facet normal 0 0 1
    outer loop
      vertex 37.866 69.721 5
      vertex 37.5945 76.2342 5
      vertex 37.6976 69.6576 5
    endloop
  endfacet
  facet normal 0 0 1
    outer loop
      vertex 37.5945 76.2342 5
      vertex 37.5337 69.5834 5
      vertex 37.6976 69.6576 5
    endloop
  endfacet
  facet normal 0 0 1
    outer loop
      vertex 37.5945 76.2342 5
      vertex 37.375 69.4985 5
      vertex 37.5337 69.5834 5
    endloop
  endfacet
  facet normal 0 0 1
    outer loop
      vertex 37.5945 76.2342 5
      vertex 37.2222 69.4035 5
      vertex 37.375 69.4985 5
    endloop
  endfacet
  facet normal 0 0 1
    outer loop
      vertex 37.5945 76.2342 5
      vertex 37.0759 69.2987 5
      vertex 37.2222 69.4035 5
    endloop
  endfacet
  facet normal 0 0 1
    outer loop
      vertex 37.5945 76.2342 5
      vertex 36.9368 69.1845 5
      vertex 37.0759 69.2987 5
    endloop
  endfacet
  facet normal 0 0 1
    outer loop
      vertex 37.5945 76.2342 5
      vertex 36.8055 69.0615 5
      vertex 36.9368 69.1845 5
    endloop
  endfacet
  facet normal 0 0 1
    outer loop
      vertex 32.5281 78.5298 5
      vertex 36.8055 69.0615 5
      vertex 37.5945 76.2342 5
    endloop
  endfacet
  facet normal 0 0 1
    outer loop
      vertex 36.8055 69.0615 5
      vertex 32.5281 78.5298 5
      vertex 36.6824 68.9302 5
    endloop
  endfacet
  facet normal 0 0 1
    outer loop
      vertex 36.6824 68.9302 5
      vertex 32.5281 78.5298 5
      vertex 36.5683 68.7911 5
    endloop
  endfacet
  facet normal 0 0 1
    outer loop
      vertex 36.5683 68.7911 5
      vertex 32.5281 78.5298 5
      vertex 36.4635 68.6448 5
    endloop
  endfacet
  facet normal 0 0 1
    outer loop
      vertex 36.4635 68.6448 5
      vertex 32.5281 78.5298 5
      vertex 36.3684 68.492 5
    endloop
  endfacet
  facet normal 0 0 1
    outer loop
      vertex 36.3684 68.492 5
      vertex 32.5281 78.5298 5
      vertex 36.2836 68.3333 5
    endloop
  endfacet
  facet normal 0 0 1
    outer loop
      vertex 26.7878 64.6716 5
      vertex 36.2836 68.3333 5
      vertex 32.5281 78.5298 5
    endloop
  endfacet
  facet normal 0 0 1
    outer loop
      vertex 36.2836 68.3333 5
      vertex 26.7878 64.6716 5
      vertex 36.2093 68.1693 5
    endloop
  endfacet
  facet normal 0 0 1
    outer loop
      vertex 36.2093 68.1693 5
      vertex 26.7878 64.6716 5
      vertex 36.1459 68.0009 5
    endloop
  endfacet
  facet normal 0 0 1
    outer loop
      vertex 30.9602 62.7811 5
      vertex 36 67.117 5
      vertex 36.0059 67.2968 5
    endloop
  endfacet
  facet normal 0 0 1
    outer loop
      vertex 30.9602 62.7811 5
      vertex 36.0059 67.2968 5
      vertex 36.0235 67.4759 5
    endloop
  endfacet
  facet normal 0 0 1
    outer loop
      vertex 36.1459 68.0009 5
      vertex 26.7878 64.6716 5
      vertex 36.0937 67.8287 5
    endloop
  endfacet
  facet normal 0 0 1
    outer loop
      vertex 36.0937 67.8287 5
      vertex 26.7878 64.6716 5
      vertex 36.0528 67.6535 5
    endloop
  endfacet
  facet normal 0 0 1
    outer loop
      vertex 36.0528 67.6535 5
      vertex 26.7878 64.6716 5
      vertex 36.0235 67.4759 5
    endloop
  endfacet
  facet normal 0 0 1
    outer loop
      vertex 36 67.117 5
      vertex 30.9602 62.7811 5
      vertex 35 60.6218 5
    endloop
  endfacet
  facet normal 0 0 1
    outer loop
      vertex 26.7878 64.6716 5
      vertex 32.5281 78.5298 5
      vertex 27.3224 80.4891 5
    endloop
  endfacet
  facet normal 0 0 1
    outer loop
      vertex 36.0235 67.4759 5
      vertex 26.7878 64.6716 5
      vertex 30.9602 62.7811 5
    endloop
  endfacet
  facet normal 0 0 1
    outer loop
      vertex 27.3224 80.4891 5
      vertex 22.5008 66.2851 5
      vertex 26.7878 64.6716 5
    endloop
  endfacet
  facet normal 0 0 1
    outer loop
      vertex 21.9996 82.1037 5
      vertex 22.5008 66.2851 5
      vertex 27.3224 80.4891 5
    endloop
  endfacet
  facet normal 0 0 1
    outer loop
      vertex 21.9996 82.1037 5
      vertex 18.1173 67.6148 5
      vertex 22.5008 66.2851 5
    endloop
  endfacet
  facet normal 0 0 1
    outer loop
      vertex 16.5827 83.3667 5
      vertex 18.1173 67.6148 5
      vertex 21.9996 82.1037 5
    endloop
  endfacet
  facet normal 0 0 1
    outer loop
      vertex 16.5827 83.3667 5
      vertex 13.6563 68.655 5
      vertex 18.1173 67.6148 5
    endloop
  endfacet
  facet normal 0 0 1
    outer loop
      vertex 11.0947 84.2728 5
      vertex 13.6563 68.655 5
      vertex 16.5827 83.3667 5
    endloop
  endfacet
  facet normal 0 0 1
    outer loop
      vertex 11.0947 84.2728 5
      vertex 9.13683 69.4011 5
      vertex 13.6563 68.655 5
    endloop
  endfacet
  facet normal 0 0 1
    outer loop
      vertex 5.55927 84.818 5
      vertex 9.13683 69.4011 5
      vertex 11.0947 84.2728 5
    endloop
  endfacet
  facet normal 0 0 1
    outer loop
      vertex 5.55927 84.818 5
      vertex 4.57822 69.8501 5
      vertex 9.13683 69.4011 5
    endloop
  endfacet
  facet normal 0 0 1
    outer loop
      vertex 0 85 5
      vertex 4.57822 69.8501 5
      vertex 5.55927 84.818 5
    endloop
  endfacet
  facet normal 0 0 1
    outer loop
      vertex 0 85 5
      vertex 0 70 5
      vertex 4.57822 69.8501 5
    endloop
  endfacet
  facet normal 0 0 1
    outer loop
      vertex 0 85 5
      vertex -4.57822 69.8501 5
      vertex 0 70 5
    endloop
  endfacet
  facet normal -0 0 1
    outer loop
      vertex -5.55927 84.818 5
      vertex -4.57822 69.8501 5
      vertex 0 85 5
    endloop
  endfacet
  facet normal 0 0 1
    outer loop
      vertex -5.55927 84.818 5
      vertex -9.13683 69.4011 5
      vertex -4.57822 69.8501 5
    endloop
  endfacet
  facet normal -0 0 1
    outer loop
      vertex -11.0947 84.2728 5
      vertex -9.13683 69.4011 5
      vertex -5.55927 84.818 5
    endloop
  endfacet
  facet normal 0 0 1
    outer loop
      vertex -11.0947 84.2728 5
      vertex -13.6563 68.655 5
      vertex -9.13683 69.4011 5
    endloop
  endfacet
  facet normal -0 0 1
    outer loop
      vertex -16.5827 83.3667 5
      vertex -13.6563 68.655 5
      vertex -11.0947 84.2728 5
    endloop
  endfacet
  facet normal 0 0 1
    outer loop
      vertex -16.5827 83.3667 5
      vertex -18.1173 67.6148 5
      vertex -13.6563 68.655 5
    endloop
  endfacet
  facet normal -0 0 1
    outer loop
      vertex -21.9996 82.1037 5
      vertex -18.1173 67.6148 5
      vertex -16.5827 83.3667 5
    endloop
  endfacet
  facet normal 0 0 1
    outer loop
      vertex -21.9996 82.1037 5
      vertex -22.5008 66.2851 5
      vertex -18.1173 67.6148 5
    endloop
  endfacet
  facet normal -0 0 1
    outer loop
      vertex -27.3224 80.4891 5
      vertex -22.5008 66.2851 5
      vertex -21.9996 82.1037 5
    endloop
  endfacet
  facet normal 0 0 1
    outer loop
      vertex -22.5008 66.2851 5
      vertex -27.3224 80.4891 5
      vertex -26.7878 64.6716 5
    endloop
  endfacet
  facet normal -0 0 1
    outer loop
      vertex -32.5281 78.5298 5
      vertex -26.7878 64.6716 5
      vertex -27.3224 80.4891 5
    endloop
  endfacet
  facet normal -0 0 1
    outer loop
      vertex -36.2836 68.3333 5
      vertex -26.7878 64.6716 5
      vertex -32.5281 78.5298 5
    endloop
  endfacet
  facet normal -0 -0 1
    outer loop
      vertex -36.0937 67.8287 5
      vertex -26.7878 64.6716 5
      vertex -36.1459 68.0009 5
    endloop
  endfacet
  facet normal -0 0 1
    outer loop
      vertex -36.0059 66.9371 5
      vertex -30.9602 62.7811 5
      vertex -36 67.117 5
    endloop
  endfacet
  facet normal 0 0 1
    outer loop
      vertex -30.9602 62.7811 5
      vertex -36.0059 67.2968 5
      vertex -36 67.117 5
    endloop
  endfacet
  facet normal 0 0 1
    outer loop
      vertex -30.9602 62.7811 5
      vertex -36.0235 67.4759 5
      vertex -36.0059 67.2968 5
    endloop
  endfacet
  facet normal 0 0 1
    outer loop
      vertex -26.7878 64.6716 5
      vertex -36.0235 67.4759 5
      vertex -30.9602 62.7811 5
    endloop
  endfacet
  facet normal -0 -0 1
    outer loop
      vertex -36.0235 67.4759 5
      vertex -26.7878 64.6716 5
      vertex -36.0528 67.6535 5
    endloop
  endfacet
  facet normal -0 -0 1
    outer loop
      vertex -36.0528 67.6535 5
      vertex -26.7878 64.6716 5
      vertex -36.0937 67.8287 5
    endloop
  endfacet
  facet normal 0 0 1
    outer loop
      vertex -26.7878 64.6716 5
      vertex -36.2093 68.1693 5
      vertex -36.1459 68.0009 5
    endloop
  endfacet
  facet normal 0 0 1
    outer loop
      vertex -26.7878 64.6716 5
      vertex -36.2836 68.3333 5
      vertex -36.2093 68.1693 5
    endloop
  endfacet
  facet normal 0 0 1
    outer loop
      vertex -32.5281 78.5298 5
      vertex -36.3684 68.492 5
      vertex -36.2836 68.3333 5
    endloop
  endfacet
  facet normal 0 0 1
    outer loop
      vertex -32.5281 78.5298 5
      vertex -36.4635 68.6448 5
      vertex -36.3684 68.492 5
    endloop
  endfacet
  facet normal 0 0 1
    outer loop
      vertex -32.5281 78.5298 5
      vertex -36.5683 68.7911 5
      vertex -36.4635 68.6448 5
    endloop
  endfacet
  facet normal 0 0 1
    outer loop
      vertex -32.5281 78.5298 5
      vertex -36.6824 68.9302 5
      vertex -36.5683 68.7911 5
    endloop
  endfacet
  facet normal 0 0 1
    outer loop
      vertex -32.5281 78.5298 5
      vertex -36.8055 69.0615 5
      vertex -36.6824 68.9302 5
    endloop
  endfacet
  facet normal 0 0 1
    outer loop
      vertex -32.5281 78.5298 5
      vertex -36.9368 69.1845 5
      vertex -36.8055 69.0615 5
    endloop
  endfacet
  facet normal -0 0 1
    outer loop
      vertex -37.5945 76.2342 5
      vertex -36.9368 69.1845 5
      vertex -32.5281 78.5298 5
    endloop
  endfacet
  facet normal 0 0 1
    outer loop
      vertex -36.9368 69.1845 5
      vertex -37.5945 76.2342 5
      vertex -37.0759 69.2987 5
    endloop
  endfacet
  facet normal 0 0 1
    outer loop
      vertex -37.0759 69.2987 5
      vertex -37.5945 76.2342 5
      vertex -37.2222 69.4035 5
    endloop
  endfacet
  facet normal 0 0 1
    outer loop
      vertex -37.2222 69.4035 5
      vertex -37.5945 76.2342 5
      vertex -37.375 69.4985 5
    endloop
  endfacet
  facet normal 0 0 1
    outer loop
      vertex -37.375 69.4985 5
      vertex -37.5945 76.2342 5
      vertex -37.5337 69.5834 5
    endloop
  endfacet
  facet normal 0 0 1
    outer loop
      vertex -37.5945 76.2342 5
      vertex -37.6976 69.6576 5
      vertex -37.5337 69.5834 5
    endloop
  endfacet
  facet normal 0 0 1
    outer loop
      vertex -37.5945 76.2342 5
      vertex -37.866 69.721 5
      vertex -37.6976 69.6576 5
    endloop
  endfacet
  facet normal 0 0 1
    outer loop
      vertex -37.5945 76.2342 5
      vertex -38.0382 69.7733 5
      vertex -37.866 69.721 5
    endloop
  endfacet
  facet normal 0 0 1
    outer loop
      vertex -37.5945 76.2342 5
      vertex -38.2135 69.8141 5
      vertex -38.0382 69.7733 5
    endloop
  endfacet
  facet normal 0 0 1
    outer loop
      vertex -37.5945 76.2342 5
      vertex -38.3911 69.8434 5
      vertex -38.2135 69.8141 5
    endloop
  endfacet
  facet normal 0 0 1
    outer loop
      vertex -37.5945 76.2342 5
      vertex -38.5701 69.8611 5
      vertex -38.3911 69.8434 5
    endloop
  endfacet
  facet normal 0 0 1
    outer loop
      vertex -37.5945 76.2342 5
      vertex -38.75 69.867 5
      vertex -38.5701 69.8611 5
    endloop
  endfacet
  facet normal 0 0 1
    outer loop
      vertex -37.5945 76.2342 5
      vertex -38.9299 69.8611 5
      vertex -38.75 69.867 5
    endloop
  endfacet
  facet normal -0 0 1
    outer loop
      vertex -42.5 73.6122 5
      vertex -38.9299 69.8611 5
      vertex -37.5945 76.2342 5
    endloop
  endfacet
  facet normal 0 0 1
    outer loop
      vertex -38.9299 69.8611 5
      vertex -42.5 73.6122 5
      vertex -39.1089 69.8434 5
    endloop
  endfacet
  facet normal 0 0 1
    outer loop
      vertex -39.1089 69.8434 5
      vertex -42.5 73.6122 5
      vertex -39.2865 69.8141 5
    endloop
  endfacet
  facet normal 0 0 1
    outer loop
      vertex -39.2865 69.8141 5
      vertex -42.5 73.6122 5
      vertex -39.4618 69.7733 5
    endloop
  endfacet
  facet normal 0 0 1
    outer loop
      vertex -39.4618 69.7733 5
      vertex -42.5 73.6122 5
      vertex -39.634 69.721 5
    endloop
  endfacet
  facet normal 0 0 1
    outer loop
      vertex -39.634 69.721 5
      vertex -42.5 73.6122 5
      vertex -39.8024 69.6576 5
    endloop
  endfacet
  facet normal 0 0 1
    outer loop
      vertex -39.8024 69.6576 5
      vertex -42.5 73.6122 5
      vertex -39.9663 69.5834 5
    endloop
  endfacet
  facet normal 0 0 1
    outer loop
      vertex -39.9663 69.5834 5
      vertex -42.5 73.6122 5
      vertex -40.125 69.4985 5
    endloop
  endfacet
  facet normal 0 0 1
    outer loop
      vertex -40.125 69.4985 5
      vertex -42.5 73.6122 5
      vertex -40.2778 69.4035 5
    endloop
  endfacet
  facet normal 0 0 1
    outer loop
      vertex -40.2778 69.4035 5
      vertex -42.5 73.6122 5
      vertex -40.4241 69.2987 5
    endloop
  endfacet
  facet normal 0 0 1
    outer loop
      vertex -40.4241 69.2987 5
      vertex -42.5 73.6122 5
      vertex -40.5632 69.1845 5
    endloop
  endfacet
  facet normal 0 0 1
    outer loop
      vertex -40.5632 69.1845 5
      vertex -42.5 73.6122 5
      vertex -40.6945 69.0615 5
    endloop
  endfacet
  facet normal 0 0 1
    outer loop
      vertex -40.6945 69.0615 5
      vertex -42.5 73.6122 5
      vertex -40.8176 68.9302 5
    endloop
  endfacet
  facet normal 0 0 1
    outer loop
      vertex -40.8176 68.9302 5
      vertex -42.5 73.6122 5
      vertex -40.9317 68.7911 5
    endloop
  endfacet
  facet normal 0 0 1
    outer loop
      vertex -40.9317 68.7911 5
      vertex -42.5 73.6122 5
      vertex -41.0365 68.6448 5
    endloop
  endfacet
  facet normal -0 0 1
    outer loop
      vertex -47.2235 70.6749 5
      vertex -41.0365 68.6448 5
      vertex -42.5 73.6122 5
    endloop
  endfacet
  facet normal 0 0 1
    outer loop
      vertex -41.4765 67.4759 5
      vertex -47.2235 70.6749 5
      vertex -41.4941 67.2968 5
    endloop
  endfacet
  facet normal 0 0 1
    outer loop
      vertex -41.4472 67.6535 5
      vertex -47.2235 70.6749 5
      vertex -41.4765 67.4759 5
    endloop
  endfacet
  facet normal 0 0 1
    outer loop
      vertex -41.4063 67.8287 5
      vertex -47.2235 70.6749 5
      vertex -41.4472 67.6535 5
    endloop
  endfacet
  facet normal 0 0 1
    outer loop
      vertex -41.3541 68.0009 5
      vertex -47.2235 70.6749 5
      vertex -41.4063 67.8287 5
    endloop
  endfacet
  facet normal 0 0 1
    outer loop
      vertex -41.2907 68.1693 5
      vertex -47.2235 70.6749 5
      vertex -41.3541 68.0009 5
    endloop
  endfacet
  facet normal 0 0 1
    outer loop
      vertex -41.2164 68.3333 5
      vertex -47.2235 70.6749 5
      vertex -41.2907 68.1693 5
    endloop
  endfacet
  facet normal 0 0 1
    outer loop
      vertex -41.1316 68.492 5
      vertex -47.2235 70.6749 5
      vertex -41.2164 68.3333 5
    endloop
  endfacet
  facet normal 0 0 1
    outer loop
      vertex -41.0365 68.6448 5
      vertex -47.2235 70.6749 5
      vertex -41.1316 68.492 5
    endloop
  endfacet
  facet normal -0 0 1
    outer loop
      vertex 66.2851 -22.5008 5
      vertex 80.4891 -27.3224 5
      vertex 67.6148 -18.1173 5
    endloop
  endfacet
  facet normal 0 0 1
    outer loop
      vertex 80.4891 -27.3224 5
      vertex 66.2851 -22.5008 5
      vertex 78.5298 -32.5281 5
    endloop
  endfacet
  facet normal -0 0 1
    outer loop
      vertex 64.6716 -26.7878 5
      vertex 78.5298 -32.5281 5
      vertex 66.2851 -22.5008 5
    endloop
  endfacet
  facet normal 0 0 1
    outer loop
      vertex 78.5298 -32.5281 5
      vertex 64.6716 -26.7878 5
      vertex 76.2342 -37.5945 5
    endloop
  endfacet
  facet normal -0 0 1
    outer loop
      vertex 62.7811 -30.9602 5
      vertex 76.2342 -37.5945 5
      vertex 64.6716 -26.7878 5
    endloop
  endfacet
  facet normal 0 0 1
    outer loop
      vertex 76.2342 -37.5945 5
      vertex 62.7811 -30.9602 5
      vertex 73.6122 -42.5 5
    endloop
  endfacet
  facet normal -0 0 1
    outer loop
      vertex 60.6218 -35 5
      vertex 73.6122 -42.5 5
      vertex 62.7811 -30.9602 5
    endloop
  endfacet
  facet normal 0 0 1
    outer loop
      vertex 73.6122 -42.5 5
      vertex 60.6218 -35 5
      vertex 70.6749 -47.2235 5
    endloop
  endfacet
  facet normal -0 0 1
    outer loop
      vertex 58.2029 -38.8899 5
      vertex 70.6749 -47.2235 5
      vertex 60.6218 -35 5
    endloop
  endfacet
  facet normal 0 0 1
    outer loop
      vertex 70.6749 -47.2235 5
      vertex 58.2029 -38.8899 5
      vertex 67.435 -51.7447 5
    endloop
  endfacet
  facet normal -0 0 1
    outer loop
      vertex 55.5347 -42.6133 5
      vertex 67.435 -51.7447 5
      vertex 58.2029 -38.8899 5
    endloop
  endfacet
  facet normal 0 0 1
    outer loop
      vertex 67.435 -51.7447 5
      vertex 55.5347 -42.6133 5
      vertex 63.9064 -56.0444 5
    endloop
  endfacet
  facet normal -0 0 1
    outer loop
      vertex 52.6288 -46.1542 5
      vertex 63.9064 -56.0444 5
      vertex 55.5347 -42.6133 5
    endloop
  endfacet
  facet normal 0 0 1
    outer loop
      vertex 63.9064 -56.0444 5
      vertex 52.6288 -46.1542 5
      vertex 60.1041 -60.1041 5
    endloop
  endfacet
  facet normal -0 0 1
    outer loop
      vertex 49.4975 -49.4975 5
      vertex 60.1041 -60.1041 5
      vertex 52.6288 -46.1542 5
    endloop
  endfacet
  facet normal 0 0 1
    outer loop
      vertex 60.1041 -60.1041 5
      vertex 49.4975 -49.4975 5
      vertex 56.0444 -63.9064 5
    endloop
  endfacet
  facet normal -0 0 1
    outer loop
      vertex 46.1542 -52.6288 5
      vertex 56.0444 -63.9064 5
      vertex 49.4975 -49.4975 5
    endloop
  endfacet
  facet normal 0 0 1
    outer loop
      vertex 56.0444 -63.9064 5
      vertex 46.1542 -52.6288 5
      vertex 51.7447 -67.435 5
    endloop
  endfacet
  facet normal -0 0 1
    outer loop
      vertex 42.6133 -55.5347 5
      vertex 51.7447 -67.435 5
      vertex 46.1542 -52.6288 5
    endloop
  endfacet
  facet normal -0 0 1
    outer loop
      vertex 41.0365 -65.5891 5
      vertex 51.7447 -67.435 5
      vertex 42.6133 -55.5347 5
    endloop
  endfacet
  facet normal -0 -0 1
    outer loop
      vertex 41.2907 -66.0646 5
      vertex 51.7447 -67.435 5
      vertex 41.2164 -65.9007 5
    endloop
  endfacet
  facet normal -0 -0 1
    outer loop
      vertex 41.5 -67.117 5
      vertex 47.2235 -70.6749 5
      vertex 41.4941 -66.9371 5
    endloop
  endfacet
  facet normal -0 0 1
    outer loop
      vertex 41.4941 -67.2968 5
      vertex 47.2235 -70.6749 5
      vertex 41.5 -67.117 5
    endloop
  endfacet
  facet normal 0 0 1
    outer loop
      vertex 47.2235 -70.6749 5
      vertex 41.4765 -66.758 5
      vertex 41.4941 -66.9371 5
    endloop
  endfacet
  facet normal 0 0 1
    outer loop
      vertex 47.2235 -70.6749 5
      vertex 41.4472 -66.5805 5
      vertex 41.4765 -66.758 5
    endloop
  endfacet
  facet normal 0 0 1
    outer loop
      vertex 47.2235 -70.6749 5
      vertex 41.4063 -66.4052 5
      vertex 41.4472 -66.5805 5
    endloop
  endfacet
  facet normal 0 0 1
    outer loop
      vertex 51.7447 -67.435 5
      vertex 41.4063 -66.4052 5
      vertex 47.2235 -70.6749 5
    endloop
  endfacet
  facet normal -0 -0 1
    outer loop
      vertex 41.4063 -66.4052 5
      vertex 51.7447 -67.435 5
      vertex 41.3541 -66.233 5
    endloop
  endfacet
  facet normal -0 -0 1
    outer loop
      vertex 41.3541 -66.233 5
      vertex 51.7447 -67.435 5
      vertex 41.2907 -66.0646 5
    endloop
  endfacet
  facet normal 0 0 1
    outer loop
      vertex 51.7447 -67.435 5
      vertex 41.1316 -65.742 5
      vertex 41.2164 -65.9007 5
    endloop
  endfacet
  facet normal 0 0 1
    outer loop
      vertex 51.7447 -67.435 5
      vertex 41.0365 -65.5891 5
      vertex 41.1316 -65.742 5
    endloop
  endfacet
  facet normal 0 0 1
    outer loop
      vertex 42.6133 -55.5347 5
      vertex 40.9317 -65.4429 5
      vertex 41.0365 -65.5891 5
    endloop
  endfacet
  facet normal 0 0 1
    outer loop
      vertex 42.6133 -55.5347 5
      vertex 40.8176 -65.3038 5
      vertex 40.9317 -65.4429 5
    endloop
  endfacet
  facet normal 0 0 1
    outer loop
      vertex 42.6133 -55.5347 5
      vertex 40.6945 -65.1724 5
      vertex 40.8176 -65.3038 5
    endloop
  endfacet
  facet normal 0 0 1
    outer loop
      vertex 42.6133 -55.5347 5
      vertex 40.5632 -65.0494 5
      vertex 40.6945 -65.1724 5
    endloop
  endfacet
  facet normal 0 0 1
    outer loop
      vertex 42.6133 -55.5347 5
      vertex 40.4241 -64.9352 5
      vertex 40.5632 -65.0494 5
    endloop
  endfacet
  facet normal -0 0 1
    outer loop
      vertex 38.8899 -58.2029 5
      vertex 40.4241 -64.9352 5
      vertex 42.6133 -55.5347 5
    endloop
  endfacet
  facet normal 0 0 1
    outer loop
      vertex 40.4241 -64.9352 5
      vertex 38.8899 -58.2029 5
      vertex 40.2778 -64.8304 5
    endloop
  endfacet
  facet normal 0 0 1
    outer loop
      vertex 40.2778 -64.8304 5
      vertex 38.8899 -58.2029 5
      vertex 40.125 -64.7354 5
    endloop
  endfacet
  facet normal 0 0 1
    outer loop
      vertex 40.125 -64.7354 5
      vertex 38.8899 -58.2029 5
      vertex 39.9663 -64.6506 5
    endloop
  endfacet
  facet normal 0 0 1
    outer loop
      vertex 39.9663 -64.6506 5
      vertex 38.8899 -58.2029 5
      vertex 39.8024 -64.5763 5
    endloop
  endfacet
  facet normal 0 0 1
    outer loop
      vertex 39.8024 -64.5763 5
      vertex 38.8899 -58.2029 5
      vertex 39.634 -64.5129 5
    endloop
  endfacet
  facet normal 0 0 1
    outer loop
      vertex 39.634 -64.5129 5
      vertex 38.8899 -58.2029 5
      vertex 39.4618 -64.4607 5
    endloop
  endfacet
  facet normal 0 0 1
    outer loop
      vertex 39.4618 -64.4607 5
      vertex 38.8899 -58.2029 5
      vertex 39.2865 -64.4198 5
    endloop
  endfacet
  facet normal 0 0 1
    outer loop
      vertex 39.2865 -64.4198 5
      vertex 38.8899 -58.2029 5
      vertex 39.1089 -64.3905 5
    endloop
  endfacet
  facet normal 0 0 1
    outer loop
      vertex 39.1089 -64.3905 5
      vertex 38.8899 -58.2029 5
      vertex 38.9299 -64.3729 5
    endloop
  endfacet
  facet normal 0 0 1
    outer loop
      vertex 38.8899 -58.2029 5
      vertex 38.75 -64.367 5
      vertex 38.9299 -64.3729 5
    endloop
  endfacet
  facet normal 0 0 1
    outer loop
      vertex 38.8899 -58.2029 5
      vertex 38.5701 -64.3729 5
      vertex 38.75 -64.367 5
    endloop
  endfacet
  facet normal 0 0 1
    outer loop
      vertex 38.8899 -58.2029 5
      vertex 38.3911 -64.3905 5
      vertex 38.5701 -64.3729 5
    endloop
  endfacet
  facet normal -0 0 1
    outer loop
      vertex 35 -60.6218 5
      vertex 38.3911 -64.3905 5
      vertex 38.8899 -58.2029 5
    endloop
  endfacet
  facet normal 0 0 1
    outer loop
      vertex 38.3911 -64.3905 5
      vertex 35 -60.6218 5
      vertex 38.2135 -64.4198 5
    endloop
  endfacet
  facet normal 0 0 1
    outer loop
      vertex 38.2135 -64.4198 5
      vertex 35 -60.6218 5
      vertex 38.0382 -64.4607 5
    endloop
  endfacet
  facet normal 0 0 1
    outer loop
      vertex 38.0382 -64.4607 5
      vertex 35 -60.6218 5
      vertex 37.866 -64.5129 5
    endloop
  endfacet
  facet normal 0 0 1
    outer loop
      vertex 37.866 -64.5129 5
      vertex 35 -60.6218 5
      vertex 37.6976 -64.5763 5
    endloop
  endfacet
  facet normal 0 0 1
    outer loop
      vertex 37.6976 -64.5763 5
      vertex 35 -60.6218 5
      vertex 37.5337 -64.6506 5
    endloop
  endfacet
  facet normal 0 0 1
    outer loop
      vertex 37.5337 -64.6506 5
      vertex 35 -60.6218 5
      vertex 37.375 -64.7354 5
    endloop
  endfacet
  facet normal 0 0 1
    outer loop
      vertex 37.375 -64.7354 5
      vertex 35 -60.6218 5
      vertex 37.2222 -64.8304 5
    endloop
  endfacet
  facet normal 0 0 1
    outer loop
      vertex 37.2222 -64.8304 5
      vertex 35 -60.6218 5
      vertex 37.0759 -64.9352 5
    endloop
  endfacet
  facet normal 0 0 1
    outer loop
      vertex 37.0759 -64.9352 5
      vertex 35 -60.6218 5
      vertex 36.9368 -65.0494 5
    endloop
  endfacet
  facet normal 0 0 1
    outer loop
      vertex 36.9368 -65.0494 5
      vertex 35 -60.6218 5
      vertex 36.8055 -65.1724 5
    endloop
  endfacet
  facet normal 0 0 1
    outer loop
      vertex 36.8055 -65.1724 5
      vertex 35 -60.6218 5
      vertex 36.6824 -65.3038 5
    endloop
  endfacet
  facet normal 0 0 1
    outer loop
      vertex 36.6824 -65.3038 5
      vertex 35 -60.6218 5
      vertex 36.5683 -65.4429 5
    endloop
  endfacet
  facet normal -0 0 1
    outer loop
      vertex 30.9602 -62.7811 5
      vertex 36.5683 -65.4429 5
      vertex 35 -60.6218 5
    endloop
  endfacet
  facet normal 0 0 1
    outer loop
      vertex 36.5683 -65.4429 5
      vertex 30.9602 -62.7811 5
      vertex 36.4635 -65.5891 5
    endloop
  endfacet
  facet normal 0 0 1
    outer loop
      vertex 36.4635 -65.5891 5
      vertex 30.9602 -62.7811 5
      vertex 36.3684 -65.742 5
    endloop
  endfacet
  facet normal 0 0 1
    outer loop
      vertex 36.3684 -65.742 5
      vertex 30.9602 -62.7811 5
      vertex 36.2836 -65.9007 5
    endloop
  endfacet
  facet normal 0 0 1
    outer loop
      vertex 36.0235 -66.758 5
      vertex 30.9602 -62.7811 5
      vertex 36.0059 -66.9371 5
    endloop
  endfacet
  facet normal 0 0 1
    outer loop
      vertex 36.0528 -66.5805 5
      vertex 30.9602 -62.7811 5
      vertex 36.0235 -66.758 5
    endloop
  endfacet
  facet normal 0 0 1
    outer loop
      vertex 36.0937 -66.4052 5
      vertex 30.9602 -62.7811 5
      vertex 36.0528 -66.5805 5
    endloop
  endfacet
  facet normal 0 0 1
    outer loop
      vertex 36.1459 -66.233 5
      vertex 30.9602 -62.7811 5
      vertex 36.0937 -66.4052 5
    endloop
  endfacet
  facet normal 0 0 1
    outer loop
      vertex 36.2093 -66.0646 5
      vertex 30.9602 -62.7811 5
      vertex 36.1459 -66.233 5
    endloop
  endfacet
  facet normal 0 0 1
    outer loop
      vertex 36.2836 -65.9007 5
      vertex 30.9602 -62.7811 5
      vertex 36.2093 -66.0646 5
    endloop
  endfacet
  facet normal -0 0 1
    outer loop
      vertex 41.4765 -67.4759 5
      vertex 47.2235 -70.6749 5
      vertex 41.4941 -67.2968 5
    endloop
  endfacet
  facet normal -0 0 1
    outer loop
      vertex 41.4472 -67.6535 5
      vertex 47.2235 -70.6749 5
      vertex 41.4765 -67.4759 5
    endloop
  endfacet
  facet normal -0 0 1
    outer loop
      vertex 41.4063 -67.8287 5
      vertex 47.2235 -70.6749 5
      vertex 41.4472 -67.6535 5
    endloop
  endfacet
  facet normal -0 0 1
    outer loop
      vertex 41.3541 -68.0009 5
      vertex 47.2235 -70.6749 5
      vertex 41.4063 -67.8287 5
    endloop
  endfacet
  facet normal -0 0 1
    outer loop
      vertex 41.2907 -68.1693 5
      vertex 47.2235 -70.6749 5
      vertex 41.3541 -68.0009 5
    endloop
  endfacet
  facet normal -0 0 1
    outer loop
      vertex 41.2164 -68.3333 5
      vertex 47.2235 -70.6749 5
      vertex 41.2907 -68.1693 5
    endloop
  endfacet
  facet normal -0 0 1
    outer loop
      vertex 41.1316 -68.492 5
      vertex 47.2235 -70.6749 5
      vertex 41.2164 -68.3333 5
    endloop
  endfacet
  facet normal -0 0 1
    outer loop
      vertex 41.0365 -68.6448 5
      vertex 47.2235 -70.6749 5
      vertex 41.1316 -68.492 5
    endloop
  endfacet
  facet normal 0 0 1
    outer loop
      vertex 47.2235 -70.6749 5
      vertex 41.0365 -68.6448 5
      vertex 42.5 -73.6122 5
    endloop
  endfacet
  facet normal -0 0 1
    outer loop
      vertex 40.9317 -68.7911 5
      vertex 42.5 -73.6122 5
      vertex 41.0365 -68.6448 5
    endloop
  endfacet
  facet normal -0 0 1
    outer loop
      vertex 40.8176 -68.9302 5
      vertex 42.5 -73.6122 5
      vertex 40.9317 -68.7911 5
    endloop
  endfacet
  facet normal -0 0 1
    outer loop
      vertex 40.6945 -69.0615 5
      vertex 42.5 -73.6122 5
      vertex 40.8176 -68.9302 5
    endloop
  endfacet
  facet normal -0 0 1
    outer loop
      vertex 40.5632 -69.1845 5
      vertex 42.5 -73.6122 5
      vertex 40.6945 -69.0615 5
    endloop
  endfacet
  facet normal -0 0 1
    outer loop
      vertex 40.4241 -69.2987 5
      vertex 42.5 -73.6122 5
      vertex 40.5632 -69.1845 5
    endloop
  endfacet
  facet normal -0 0 1
    outer loop
      vertex 40.2778 -69.4035 5
      vertex 42.5 -73.6122 5
      vertex 40.4241 -69.2987 5
    endloop
  endfacet
  facet normal -0 0 1
    outer loop
      vertex 40.125 -69.4985 5
      vertex 42.5 -73.6122 5
      vertex 40.2778 -69.4035 5
    endloop
  endfacet
  facet normal -0 0 1
    outer loop
      vertex 39.9663 -69.5834 5
      vertex 42.5 -73.6122 5
      vertex 40.125 -69.4985 5
    endloop
  endfacet
  facet normal -0 0 1
    outer loop
      vertex 39.8024 -69.6576 5
      vertex 42.5 -73.6122 5
      vertex 39.9663 -69.5834 5
    endloop
  endfacet
  facet normal -0 0 1
    outer loop
      vertex 39.634 -69.721 5
      vertex 42.5 -73.6122 5
      vertex 39.8024 -69.6576 5
    endloop
  endfacet
  facet normal -0 0 1
    outer loop
      vertex 39.4618 -69.7733 5
      vertex 42.5 -73.6122 5
      vertex 39.634 -69.721 5
    endloop
  endfacet
  facet normal -0 0 1
    outer loop
      vertex 39.2865 -69.8141 5
      vertex 42.5 -73.6122 5
      vertex 39.4618 -69.7733 5
    endloop
  endfacet
  facet normal -0 0 1
    outer loop
      vertex 39.1089 -69.8434 5
      vertex 42.5 -73.6122 5
      vertex 39.2865 -69.8141 5
    endloop
  endfacet
  facet normal -0 0 1
    outer loop
      vertex 38.9299 -69.8611 5
      vertex 42.5 -73.6122 5
      vertex 39.1089 -69.8434 5
    endloop
  endfacet
  facet normal 0 0 1
    outer loop
      vertex 37.5945 -76.2342 5
      vertex 38.9299 -69.8611 5
      vertex 38.75 -69.867 5
    endloop
  endfacet
  facet normal 0 0 1
    outer loop
      vertex 37.5945 -76.2342 5
      vertex 38.75 -69.867 5
      vertex 38.5701 -69.8611 5
    endloop
  endfacet
  facet normal 0 0 1
    outer loop
      vertex 37.5945 -76.2342 5
      vertex 38.5701 -69.8611 5
      vertex 38.3911 -69.8434 5
    endloop
  endfacet
  facet normal 0 0 1
    outer loop
      vertex 37.5945 -76.2342 5
      vertex 38.3911 -69.8434 5
      vertex 38.2135 -69.8141 5
    endloop
  endfacet
  facet normal 0 0 1
    outer loop
      vertex 37.5945 -76.2342 5
      vertex 38.2135 -69.8141 5
      vertex 38.0382 -69.7733 5
    endloop
  endfacet
  facet normal 0 0 1
    outer loop
      vertex 37.5945 -76.2342 5
      vertex 38.0382 -69.7733 5
      vertex 37.866 -69.721 5
    endloop
  endfacet
  facet normal 0 0 1
    outer loop
      vertex 37.5945 -76.2342 5
      vertex 37.866 -69.721 5
      vertex 37.6976 -69.6576 5
    endloop
  endfacet
  facet normal 0 0 1
    outer loop
      vertex 38.9299 -69.8611 5
      vertex 37.5945 -76.2342 5
      vertex 42.5 -73.6122 5
    endloop
  endfacet
  facet normal 0 0 1
    outer loop
      vertex 37.5337 -69.5834 5
      vertex 37.5945 -76.2342 5
      vertex 37.6976 -69.6576 5
    endloop
  endfacet
  facet normal 0 0 1
    outer loop
      vertex 37.375 -69.4985 5
      vertex 37.5945 -76.2342 5
      vertex 37.5337 -69.5834 5
    endloop
  endfacet
  facet normal 0 0 1
    outer loop
      vertex 37.2222 -69.4035 5
      vertex 37.5945 -76.2342 5
      vertex 37.375 -69.4985 5
    endloop
  endfacet
  facet normal 0 0 1
    outer loop
      vertex 37.0759 -69.2987 5
      vertex 37.5945 -76.2342 5
      vertex 37.2222 -69.4035 5
    endloop
  endfacet
  facet normal 0 0 1
    outer loop
      vertex 36.9368 -69.1845 5
      vertex 37.5945 -76.2342 5
      vertex 37.0759 -69.2987 5
    endloop
  endfacet
  facet normal 0 0 1
    outer loop
      vertex 36.8055 -69.0615 5
      vertex 37.5945 -76.2342 5
      vertex 36.9368 -69.1845 5
    endloop
  endfacet
  facet normal 0 0 1
    outer loop
      vertex 32.5281 -78.5298 5
      vertex 36.8055 -69.0615 5
      vertex 36.6824 -68.9302 5
    endloop
  endfacet
  facet normal 0 0 1
    outer loop
      vertex 32.5281 -78.5298 5
      vertex 36.6824 -68.9302 5
      vertex 36.5683 -68.7911 5
    endloop
  endfacet
  facet normal 0 0 1
    outer loop
      vertex 32.5281 -78.5298 5
      vertex 36.5683 -68.7911 5
      vertex 36.4635 -68.6448 5
    endloop
  endfacet
  facet normal 0 0 1
    outer loop
      vertex 32.5281 -78.5298 5
      vertex 36.4635 -68.6448 5
      vertex 36.3684 -68.492 5
    endloop
  endfacet
  facet normal 0 0 1
    outer loop
      vertex 32.5281 -78.5298 5
      vertex 36.3684 -68.492 5
      vertex 36.2836 -68.3333 5
    endloop
  endfacet
  facet normal 0 0 1
    outer loop
      vertex 26.7878 -64.6716 5
      vertex 36.2836 -68.3333 5
      vertex 36.2093 -68.1693 5
    endloop
  endfacet
  facet normal 0 0 1
    outer loop
      vertex 26.7878 -64.6716 5
      vertex 36.2093 -68.1693 5
      vertex 36.1459 -68.0009 5
    endloop
  endfacet
  facet normal 0 0 1
    outer loop
      vertex 26.7878 -64.6716 5
      vertex 36.1459 -68.0009 5
      vertex 36.0937 -67.8287 5
    endloop
  endfacet
  facet normal 0 0 1
    outer loop
      vertex 26.7878 -64.6716 5
      vertex 36.0937 -67.8287 5
      vertex 36.0528 -67.6535 5
    endloop
  endfacet
  facet normal 0 0 1
    outer loop
      vertex 36.0059 -66.9371 5
      vertex 30.9602 -62.7811 5
      vertex 36 -67.117 5
    endloop
  endfacet
  facet normal 0 0 1
    outer loop
      vertex 36 -67.117 5
      vertex 30.9602 -62.7811 5
      vertex 36.0059 -67.2968 5
    endloop
  endfacet
  facet normal 0 0 1
    outer loop
      vertex 36.8055 -69.0615 5
      vertex 32.5281 -78.5298 5
      vertex 37.5945 -76.2342 5
    endloop
  endfacet
  facet normal 0 0 1
    outer loop
      vertex 26.7878 -64.6716 5
      vertex 36.0528 -67.6535 5
      vertex 36.0235 -67.4759 5
    endloop
  endfacet
  facet normal 0 0 1
    outer loop
      vertex 36.0059 -67.2968 5
      vertex 30.9602 -62.7811 5
      vertex 36.0235 -67.4759 5
    endloop
  endfacet
  facet normal -0 0 1
    outer loop
      vertex 26.7878 -64.6716 5
      vertex 36.0235 -67.4759 5
      vertex 30.9602 -62.7811 5
    endloop
  endfacet
  facet normal 0 0 1
    outer loop
      vertex 36.2836 -68.3333 5
      vertex 26.7878 -64.6716 5
      vertex 32.5281 -78.5298 5
    endloop
  endfacet
  facet normal 0 0 1
    outer loop
      vertex 32.5281 -78.5298 5
      vertex 26.7878 -64.6716 5
      vertex 27.3224 -80.4891 5
    endloop
  endfacet
  facet normal -0 0 1
    outer loop
      vertex 22.5008 -66.2851 5
      vertex 27.3224 -80.4891 5
      vertex 26.7878 -64.6716 5
    endloop
  endfacet
  facet normal 0 0 1
    outer loop
      vertex 22.5008 -66.2851 5
      vertex 21.9996 -82.1037 5
      vertex 27.3224 -80.4891 5
    endloop
  endfacet
  facet normal -0 0 1
    outer loop
      vertex 18.1173 -67.6148 5
      vertex 21.9996 -82.1037 5
      vertex 22.5008 -66.2851 5
    endloop
  endfacet
  facet normal 0 0 1
    outer loop
      vertex 18.1173 -67.6148 5
      vertex 16.5827 -83.3667 5
      vertex 21.9996 -82.1037 5
    endloop
  endfacet
  facet normal -0 0 1
    outer loop
      vertex 13.6563 -68.655 5
      vertex 16.5827 -83.3667 5
      vertex 18.1173 -67.6148 5
    endloop
  endfacet
  facet normal 0 0 1
    outer loop
      vertex 13.6563 -68.655 5
      vertex 11.0947 -84.2728 5
      vertex 16.5827 -83.3667 5
    endloop
  endfacet
  facet normal -0 0 1
    outer loop
      vertex 9.13683 -69.4011 5
      vertex 11.0947 -84.2728 5
      vertex 13.6563 -68.655 5
    endloop
  endfacet
  facet normal 0 0 1
    outer loop
      vertex 9.13683 -69.4011 5
      vertex 5.55927 -84.818 5
      vertex 11.0947 -84.2728 5
    endloop
  endfacet
  facet normal -0 0 1
    outer loop
      vertex 4.57822 -69.8501 5
      vertex 5.55927 -84.818 5
      vertex 9.13683 -69.4011 5
    endloop
  endfacet
  facet normal -0 0 1
    outer loop
      vertex 0 -70 5
      vertex 5.55927 -84.818 5
      vertex 4.57822 -69.8501 5
    endloop
  endfacet
  facet normal 0 0 1
    outer loop
      vertex 0 -70 5
      vertex 0 -85 5
      vertex 5.55927 -84.818 5
    endloop
  endfacet
  facet normal 0 0 1
    outer loop
      vertex -4.57822 -69.8501 5
      vertex 0 -85 5
      vertex 0 -70 5
    endloop
  endfacet
  facet normal 0 0 1
    outer loop
      vertex -4.57822 -69.8501 5
      vertex -5.55927 -84.818 5
      vertex 0 -85 5
    endloop
  endfacet
  facet normal 0 0 1
    outer loop
      vertex -9.13683 -69.4011 5
      vertex -5.55927 -84.818 5
      vertex -4.57822 -69.8501 5
    endloop
  endfacet
  facet normal 0 0 1
    outer loop
      vertex -9.13683 -69.4011 5
      vertex -11.0947 -84.2728 5
      vertex -5.55927 -84.818 5
    endloop
  endfacet
  facet normal 0 0 1
    outer loop
      vertex -13.6563 -68.655 5
      vertex -11.0947 -84.2728 5
      vertex -9.13683 -69.4011 5
    endloop
  endfacet
  facet normal 0 0 1
    outer loop
      vertex -13.6563 -68.655 5
      vertex -16.5827 -83.3667 5
      vertex -11.0947 -84.2728 5
    endloop
  endfacet
  facet normal 0 0 1
    outer loop
      vertex -18.1173 -67.6148 5
      vertex -16.5827 -83.3667 5
      vertex -13.6563 -68.655 5
    endloop
  endfacet
  facet normal 0 0 1
    outer loop
      vertex -18.1173 -67.6148 5
      vertex -21.9996 -82.1037 5
      vertex -16.5827 -83.3667 5
    endloop
  endfacet
  facet normal 0 0 1
    outer loop
      vertex -22.5008 -66.2851 5
      vertex -21.9996 -82.1037 5
      vertex -18.1173 -67.6148 5
    endloop
  endfacet
  facet normal 0 0 1
    outer loop
      vertex -27.3224 -80.4891 5
      vertex -22.5008 -66.2851 5
      vertex -26.7878 -64.6716 5
    endloop
  endfacet
  facet normal 0 0 1
    outer loop
      vertex -22.5008 -66.2851 5
      vertex -27.3224 -80.4891 5
      vertex -21.9996 -82.1037 5
    endloop
  endfacet
  facet normal 0 0 1
    outer loop
      vertex -36.0235 -67.4759 5
      vertex -26.7878 -64.6716 5
      vertex -30.9602 -62.7811 5
    endloop
  endfacet
  facet normal 0 0 1
    outer loop
      vertex -26.7878 -64.6716 5
      vertex -32.5281 -78.5298 5
      vertex -27.3224 -80.4891 5
    endloop
  endfacet
  facet normal 0 0 1
    outer loop
      vertex -36.5683 -65.4429 5
      vertex -30.9602 -62.7811 5
      vertex -35 -60.6218 5
    endloop
  endfacet
  facet normal 0 0 1
    outer loop
      vertex -36.0059 -67.2968 5
      vertex -30.9602 -62.7811 5
      vertex -36 -67.117 5
    endloop
  endfacet
  facet normal 0 0 1
    outer loop
      vertex -36.0235 -67.4759 5
      vertex -30.9602 -62.7811 5
      vertex -36.0059 -67.2968 5
    endloop
  endfacet
  facet normal 0 0 1
    outer loop
      vertex -26.7878 -64.6716 5
      vertex -36.0235 -67.4759 5
      vertex -36.0528 -67.6535 5
    endloop
  endfacet
  facet normal 0 0 1
    outer loop
      vertex -26.7878 -64.6716 5
      vertex -36.0528 -67.6535 5
      vertex -36.0937 -67.8287 5
    endloop
  endfacet
  facet normal 0 0 1
    outer loop
      vertex -26.7878 -64.6716 5
      vertex -36.0937 -67.8287 5
      vertex -36.1459 -68.0009 5
    endloop
  endfacet
  facet normal 0 0 1
    outer loop
      vertex -36.2093 -68.1693 5
      vertex -26.7878 -64.6716 5
      vertex -36.1459 -68.0009 5
    endloop
  endfacet
  facet normal 0 0 1
    outer loop
      vertex -36.2836 -68.3333 5
      vertex -26.7878 -64.6716 5
      vertex -36.2093 -68.1693 5
    endloop
  endfacet
  facet normal 0 0 1
    outer loop
      vertex -26.7878 -64.6716 5
      vertex -36.2836 -68.3333 5
      vertex -32.5281 -78.5298 5
    endloop
  endfacet
  facet normal -0 0 1
    outer loop
      vertex -36.3684 -68.492 5
      vertex -32.5281 -78.5298 5
      vertex -36.2836 -68.3333 5
    endloop
  endfacet
  facet normal -0 0 1
    outer loop
      vertex -36.4635 -68.6448 5
      vertex -32.5281 -78.5298 5
      vertex -36.3684 -68.492 5
    endloop
  endfacet
  facet normal -0 0 1
    outer loop
      vertex -36.5683 -68.7911 5
      vertex -32.5281 -78.5298 5
      vertex -36.4635 -68.6448 5
    endloop
  endfacet
  facet normal -0 0 1
    outer loop
      vertex -36.6824 -68.9302 5
      vertex -32.5281 -78.5298 5
      vertex -36.5683 -68.7911 5
    endloop
  endfacet
  facet normal -0 0 1
    outer loop
      vertex -36.8055 -69.0615 5
      vertex -32.5281 -78.5298 5
      vertex -36.6824 -68.9302 5
    endloop
  endfacet
  facet normal -0 0 1
    outer loop
      vertex -36.9368 -69.1845 5
      vertex -32.5281 -78.5298 5
      vertex -36.8055 -69.0615 5
    endloop
  endfacet
  facet normal 0 0 1
    outer loop
      vertex -37.5945 -76.2342 5
      vertex -36.9368 -69.1845 5
      vertex -37.0759 -69.2987 5
    endloop
  endfacet
  facet normal 0 0 1
    outer loop
      vertex -37.5945 -76.2342 5
      vertex -37.0759 -69.2987 5
      vertex -37.2222 -69.4035 5
    endloop
  endfacet
  facet normal 0 0 1
    outer loop
      vertex -37.5945 -76.2342 5
      vertex -37.2222 -69.4035 5
      vertex -37.375 -69.4985 5
    endloop
  endfacet
  facet normal 0 0 1
    outer loop
      vertex -37.5945 -76.2342 5
      vertex -37.375 -69.4985 5
      vertex -37.5337 -69.5834 5
    endloop
  endfacet
  facet normal 0 0 1
    outer loop
      vertex -36.9368 -69.1845 5
      vertex -37.5945 -76.2342 5
      vertex -32.5281 -78.5298 5
    endloop
  endfacet
  facet normal -0 0 1
    outer loop
      vertex -37.6976 -69.6576 5
      vertex -37.5945 -76.2342 5
      vertex -37.5337 -69.5834 5
    endloop
  endfacet
  facet normal -0 0 1
    outer loop
      vertex -37.866 -69.721 5
      vertex -37.5945 -76.2342 5
      vertex -37.6976 -69.6576 5
    endloop
  endfacet
  facet normal -0 0 1
    outer loop
      vertex -38.0382 -69.7733 5
      vertex -37.5945 -76.2342 5
      vertex -37.866 -69.721 5
    endloop
  endfacet
  facet normal -0 0 1
    outer loop
      vertex -38.2135 -69.8141 5
      vertex -37.5945 -76.2342 5
      vertex -38.0382 -69.7733 5
    endloop
  endfacet
  facet normal -0 0 1
    outer loop
      vertex -38.3911 -69.8434 5
      vertex -37.5945 -76.2342 5
      vertex -38.2135 -69.8141 5
    endloop
  endfacet
  facet normal -0 0 1
    outer loop
      vertex -38.5701 -69.8611 5
      vertex -37.5945 -76.2342 5
      vertex -38.3911 -69.8434 5
    endloop
  endfacet
  facet normal -0 0 1
    outer loop
      vertex -38.75 -69.867 5
      vertex -37.5945 -76.2342 5
      vertex -38.5701 -69.8611 5
    endloop
  endfacet
  facet normal 0 0 1
    outer loop
      vertex -38.9299 -69.8611 5
      vertex -37.5945 -76.2342 5
      vertex -38.75 -69.867 5
    endloop
  endfacet
  facet normal 0 0 1
    outer loop
      vertex -42.5 -73.6122 5
      vertex -38.9299 -69.8611 5
      vertex -39.1089 -69.8434 5
    endloop
  endfacet
  facet normal 0 0 1
    outer loop
      vertex -42.5 -73.6122 5
      vertex -39.1089 -69.8434 5
      vertex -39.2865 -69.8141 5
    endloop
  endfacet
  facet normal 0 0 1
    outer loop
      vertex -42.5 -73.6122 5
      vertex -39.2865 -69.8141 5
      vertex -39.4618 -69.7733 5
    endloop
  endfacet
  facet normal 0 0 1
    outer loop
      vertex -42.5 -73.6122 5
      vertex -39.4618 -69.7733 5
      vertex -39.634 -69.721 5
    endloop
  endfacet
  facet normal 0 0 1
    outer loop
      vertex -42.5 -73.6122 5
      vertex -39.634 -69.721 5
      vertex -39.8024 -69.6576 5
    endloop
  endfacet
  facet normal 0 0 1
    outer loop
      vertex -42.5 -73.6122 5
      vertex -39.8024 -69.6576 5
      vertex -39.9663 -69.5834 5
    endloop
  endfacet
  facet normal 0 0 1
    outer loop
      vertex -42.5 -73.6122 5
      vertex -39.9663 -69.5834 5
      vertex -40.125 -69.4985 5
    endloop
  endfacet
  facet normal 0 0 1
    outer loop
      vertex -42.5 -73.6122 5
      vertex -40.125 -69.4985 5
      vertex -40.2778 -69.4035 5
    endloop
  endfacet
  facet normal 0 0 1
    outer loop
      vertex -42.5 -73.6122 5
      vertex -40.2778 -69.4035 5
      vertex -40.4241 -69.2987 5
    endloop
  endfacet
  facet normal 0 0 1
    outer loop
      vertex -42.5 -73.6122 5
      vertex -40.4241 -69.2987 5
      vertex -40.5632 -69.1845 5
    endloop
  endfacet
  facet normal 0 0 1
    outer loop
      vertex -42.5 -73.6122 5
      vertex -40.5632 -69.1845 5
      vertex -40.6945 -69.0615 5
    endloop
  endfacet
  facet normal 0 0 1
    outer loop
      vertex -42.5 -73.6122 5
      vertex -40.6945 -69.0615 5
      vertex -40.8176 -68.9302 5
    endloop
  endfacet
  facet normal 0 0 1
    outer loop
      vertex -42.5 -73.6122 5
      vertex -40.8176 -68.9302 5
      vertex -40.9317 -68.7911 5
    endloop
  endfacet
  facet normal 0 0 1
    outer loop
      vertex -42.5 -73.6122 5
      vertex -40.9317 -68.7911 5
      vertex -41.0365 -68.6448 5
    endloop
  endfacet
  facet normal 0 0 1
    outer loop
      vertex -42.5 -73.6122 5
      vertex -41.0365 -68.6448 5
      vertex -41.1316 -68.492 5
    endloop
  endfacet
  facet normal 0 0 1
    outer loop
      vertex -42.5 -73.6122 5
      vertex -41.1316 -68.492 5
      vertex -41.2164 -68.3333 5
    endloop
  endfacet
  facet normal 0 0 1
    outer loop
      vertex -38.9299 -69.8611 5
      vertex -42.5 -73.6122 5
      vertex -37.5945 -76.2342 5
    endloop
  endfacet
  facet normal 0 0 1
    outer loop
      vertex -41.2907 -68.1693 5
      vertex -42.5 -73.6122 5
      vertex -41.2164 -68.3333 5
    endloop
  endfacet
  facet normal 0 0 1
    outer loop
      vertex -41.3541 -68.0009 5
      vertex -42.5 -73.6122 5
      vertex -41.2907 -68.1693 5
    endloop
  endfacet
  facet normal 0 0 1
    outer loop
      vertex -41.4063 -67.8287 5
      vertex -42.5 -73.6122 5
      vertex -41.3541 -68.0009 5
    endloop
  endfacet
  facet normal 0 0 1
    outer loop
      vertex -41.4472 -67.6535 5
      vertex -42.5 -73.6122 5
      vertex -41.4063 -67.8287 5
    endloop
  endfacet
  facet normal 0 0 1
    outer loop
      vertex -41.4765 -67.4759 5
      vertex -42.5 -73.6122 5
      vertex -41.4472 -67.6535 5
    endloop
  endfacet
  facet normal 0 0 1
    outer loop
      vertex -41.4941 -67.2968 5
      vertex -42.5 -73.6122 5
      vertex -41.4765 -67.4759 5
    endloop
  endfacet
  facet normal 0 0 1
    outer loop
      vertex -42.5 -73.6122 5
      vertex -41.4941 -67.2968 5
      vertex -41.5 -67.117 5
    endloop
  endfacet
  facet normal -0 0 1
    outer loop
      vertex 79.9664 1.21629 5
      vertex 85 0 5
      vertex 84.818 5.55927 5
    endloop
  endfacet
  facet normal 0 0 1
    outer loop
      vertex 78.384 2.60406 5
      vertex 84.818 5.55927 5
      vertex 84.2728 11.0947 5
    endloop
  endfacet
  facet normal 0 0 1
    outer loop
      vertex 85 0 5
      vertex 80.1972 0.536498 5
      vertex 80.2265 0.358947 5
    endloop
  endfacet
  facet normal 0 0 1
    outer loop
      vertex 69.4011 9.13683 5
      vertex 84.2728 11.0947 5
      vertex 83.3667 16.5827 5
    endloop
  endfacet
  facet normal 0 0 1
    outer loop
      vertex 85 0 5
      vertex 80.2441 0.179858 5
      vertex 80.25 0 5
    endloop
  endfacet
  facet normal 0 0 1
    outer loop
      vertex 68.655 13.6563 5
      vertex 83.3667 16.5827 5
      vertex 82.1037 21.9996 5
    endloop
  endfacet
  facet normal 0 0 1
    outer loop
      vertex 80.2265 -0.358947 5
      vertex 85 0 5
      vertex 80.2441 -0.179858 5
    endloop
  endfacet
  facet normal 0 0 1
    outer loop
      vertex 68.655 13.6563 5
      vertex 82.1037 21.9996 5
      vertex 80.4891 27.3224 5
    endloop
  endfacet
  facet normal 0 0 1
    outer loop
      vertex 80.1563 -0.711752 5
      vertex 85 0 5
      vertex 80.1972 -0.536498 5
    endloop
  endfacet
  facet normal 0 0 1
    outer loop
      vertex 80.1041 -0.883958 5
      vertex 85 0 5
      vertex 80.1563 -0.711752 5
    endloop
  endfacet
  facet normal 0 0 1
    outer loop
      vertex 80.1972 -0.536498 5
      vertex 85 0 5
      vertex 80.2265 -0.358947 5
    endloop
  endfacet
  facet normal 0 0 1
    outer loop
      vertex 80.2441 -0.179858 5
      vertex 85 0 5
      vertex 80.25 0 5
    endloop
  endfacet
  facet normal 0 0 1
    outer loop
      vertex 85 0 5
      vertex 80.2265 0.358947 5
      vertex 80.2441 0.179858 5
    endloop
  endfacet
  facet normal 0 0 1
    outer loop
      vertex 85 0 5
      vertex 80.1563 0.711752 5
      vertex 80.1972 0.536498 5
    endloop
  endfacet
  facet normal 0 0 1
    outer loop
      vertex 85 0 5
      vertex 80.1041 0.883958 5
      vertex 80.1563 0.711752 5
    endloop
  endfacet
  facet normal 0 0 1
    outer loop
      vertex 85 0 5
      vertex 80.0407 1.05238 5
      vertex 80.1041 0.883958 5
    endloop
  endfacet
  facet normal 0 0 1
    outer loop
      vertex 85 0 5
      vertex 79.9664 1.21629 5
      vertex 80.0407 1.05238 5
    endloop
  endfacet
  facet normal 0 0 1
    outer loop
      vertex 84.818 5.55927 5
      vertex 79.8816 1.375 5
      vertex 79.9664 1.21629 5
    endloop
  endfacet
  facet normal 0 0 1
    outer loop
      vertex 84.818 5.55927 5
      vertex 79.7865 1.52782 5
      vertex 79.8816 1.375 5
    endloop
  endfacet
  facet normal 0 0 1
    outer loop
      vertex 84.818 5.55927 5
      vertex 79.6817 1.67409 5
      vertex 79.7865 1.52782 5
    endloop
  endfacet
  facet normal 0 0 1
    outer loop
      vertex 84.818 5.55927 5
      vertex 79.5676 1.8132 5
      vertex 79.6817 1.67409 5
    endloop
  endfacet
  facet normal 0 0 1
    outer loop
      vertex 84.818 5.55927 5
      vertex 79.4445 1.94454 5
      vertex 79.5676 1.8132 5
    endloop
  endfacet
  facet normal 0 0 1
    outer loop
      vertex 84.818 5.55927 5
      vertex 79.3132 2.06756 5
      vertex 79.4445 1.94454 5
    endloop
  endfacet
  facet normal 0 0 1
    outer loop
      vertex 84.818 5.55927 5
      vertex 79.1741 2.18172 5
      vertex 79.3132 2.06756 5
    endloop
  endfacet
  facet normal 0 0 1
    outer loop
      vertex 84.818 5.55927 5
      vertex 79.0278 2.28654 5
      vertex 79.1741 2.18172 5
    endloop
  endfacet
  facet normal 0 0 1
    outer loop
      vertex 84.818 5.55927 5
      vertex 78.875 2.38157 5
      vertex 79.0278 2.28654 5
    endloop
  endfacet
  facet normal 0 0 1
    outer loop
      vertex 84.818 5.55927 5
      vertex 78.7163 2.4664 5
      vertex 78.875 2.38157 5
    endloop
  endfacet
  facet normal 0 0 1
    outer loop
      vertex 84.818 5.55927 5
      vertex 78.5524 2.54067 5
      vertex 78.7163 2.4664 5
    endloop
  endfacet
  facet normal 0 0 1
    outer loop
      vertex 68.655 13.6563 5
      vertex 80.4891 27.3224 5
      vertex 78.5298 32.5281 5
    endloop
  endfacet
  facet normal 0 0 1
    outer loop
      vertex 84.818 5.55927 5
      vertex 78.384 2.60406 5
      vertex 78.5524 2.54067 5
    endloop
  endfacet
  facet normal 0 0 1
    outer loop
      vertex 83.3667 16.5827 5
      vertex 68.655 13.6563 5
      vertex 69.4011 9.13683 5
    endloop
  endfacet
  facet normal 0 0 1
    outer loop
      vertex 84.2728 11.0947 5
      vertex 78.2118 2.6563 5
      vertex 78.384 2.60406 5
    endloop
  endfacet
  facet normal 0 0 1
    outer loop
      vertex 84.2728 11.0947 5
      vertex 78.0365 2.69716 5
      vertex 78.2118 2.6563 5
    endloop
  endfacet
  facet normal 0 0 1
    outer loop
      vertex 84.2728 11.0947 5
      vertex 77.8589 2.72647 5
      vertex 78.0365 2.69716 5
    endloop
  endfacet
  facet normal 0 -0 1
    outer loop
      vertex 77.3201 2.74411 5
      vertex 84.2728 11.0947 5
      vertex 69.4011 9.13683 5
    endloop
  endfacet
  facet normal 0 0 1
    outer loop
      vertex 84.2728 11.0947 5
      vertex 77.6799 2.74411 5
      vertex 77.8589 2.72647 5
    endloop
  endfacet
  facet normal 0 0 1
    outer loop
      vertex 84.2728 11.0947 5
      vertex 77.5 2.75 5
      vertex 77.6799 2.74411 5
    endloop
  endfacet
  facet normal 0 0 1
    outer loop
      vertex 84.2728 11.0947 5
      vertex 77.3201 2.74411 5
      vertex 77.5 2.75 5
    endloop
  endfacet
  facet normal 0 0 1
    outer loop
      vertex 77.3201 2.74411 5
      vertex 69.4011 9.13683 5
      vertex 77.1411 2.72647 5
    endloop
  endfacet
  facet normal 0 0 1
    outer loop
      vertex 77.1411 2.72647 5
      vertex 69.4011 9.13683 5
      vertex 76.9635 2.69716 5
    endloop
  endfacet
  facet normal 0 0 1
    outer loop
      vertex 76.9635 2.69716 5
      vertex 69.4011 9.13683 5
      vertex 76.7882 2.6563 5
    endloop
  endfacet
  facet normal 0 0 1
    outer loop
      vertex 76.7882 2.6563 5
      vertex 69.4011 9.13683 5
      vertex 76.616 2.60406 5
    endloop
  endfacet
  facet normal 0 0 1
    outer loop
      vertex 68.655 13.6563 5
      vertex 78.5298 32.5281 5
      vertex 76.2342 37.5945 5
    endloop
  endfacet
  facet normal 0 0 1
    outer loop
      vertex 76.616 2.60406 5
      vertex 69.4011 9.13683 5
      vertex 76.4476 2.54067 5
    endloop
  endfacet
  facet normal -0 -0 1
    outer loop
      vertex 69.8501 4.57822 5
      vertex 76.4476 2.54067 5
      vertex 69.4011 9.13683 5
    endloop
  endfacet
  facet normal 0 0 1
    outer loop
      vertex 76.4476 2.54067 5
      vertex 69.8501 4.57822 5
      vertex 76.2837 2.4664 5
    endloop
  endfacet
  facet normal 0 0 1
    outer loop
      vertex 76.2837 2.4664 5
      vertex 69.8501 4.57822 5
      vertex 76.125 2.38157 5
    endloop
  endfacet
  facet normal 0 0 1
    outer loop
      vertex 76.125 2.38157 5
      vertex 69.8501 4.57822 5
      vertex 75.9722 2.28654 5
    endloop
  endfacet
  facet normal 0 0 1
    outer loop
      vertex 75.9722 2.28654 5
      vertex 69.8501 4.57822 5
      vertex 75.8259 2.18172 5
    endloop
  endfacet
  facet normal 0 0 1
    outer loop
      vertex 75.8259 2.18172 5
      vertex 69.8501 4.57822 5
      vertex 75.6868 2.06756 5
    endloop
  endfacet
  facet normal 0 0 1
    outer loop
      vertex 75.6868 2.06756 5
      vertex 69.8501 4.57822 5
      vertex 75.5555 1.94454 5
    endloop
  endfacet
  facet normal 0 0 1
    outer loop
      vertex 75.5555 1.94454 5
      vertex 69.8501 4.57822 5
      vertex 75.4324 1.8132 5
    endloop
  endfacet
  facet normal 0 0 1
    outer loop
      vertex 75.4324 1.8132 5
      vertex 69.8501 4.57822 5
      vertex 75.3183 1.67409 5
    endloop
  endfacet
  facet normal 0 0 1
    outer loop
      vertex 75.3183 1.67409 5
      vertex 69.8501 4.57822 5
      vertex 75.2135 1.52782 5
    endloop
  endfacet
  facet normal 0 0 1
    outer loop
      vertex 75.2135 1.52782 5
      vertex 69.8501 4.57822 5
      vertex 75.1184 1.375 5
    endloop
  endfacet
  facet normal 0 0 1
    outer loop
      vertex 75.1184 1.375 5
      vertex 69.8501 4.57822 5
      vertex 75.0336 1.21629 5
    endloop
  endfacet
  facet normal 0 0 1
    outer loop
      vertex 75.0336 1.21629 5
      vertex 69.8501 4.57822 5
      vertex 74.9593 1.05238 5
    endloop
  endfacet
  facet normal 0 -0 1
    outer loop
      vertex 70 0 5
      vertex 74.9593 1.05238 5
      vertex 69.8501 4.57822 5
    endloop
  endfacet
  facet normal 0 0 1
    outer loop
      vertex 74.9593 1.05238 5
      vertex 70 0 5
      vertex 74.8959 0.883958 5
    endloop
  endfacet
  facet normal 0 0 1
    outer loop
      vertex 74.8959 0.883958 5
      vertex 70 0 5
      vertex 74.8437 0.711752 5
    endloop
  endfacet
  facet normal 0 0 1
    outer loop
      vertex 68.655 13.6563 5
      vertex 76.2342 37.5945 5
      vertex 73.6122 42.5 5
    endloop
  endfacet
  facet normal 0 0 1
    outer loop
      vertex 80.0407 -1.05238 5
      vertex 85 0 5
      vertex 80.1041 -0.883958 5
    endloop
  endfacet
  facet normal 0 0 1
    outer loop
      vertex 79.9664 -1.21629 5
      vertex 85 0 5
      vertex 80.0407 -1.05238 5
    endloop
  endfacet
  facet normal 0 0 1
    outer loop
      vertex 85 0 5
      vertex 79.9664 -1.21629 5
      vertex 84.818 -5.55927 5
    endloop
  endfacet
  facet normal -0 0 1
    outer loop
      vertex 79.8816 -1.375 5
      vertex 84.818 -5.55927 5
      vertex 79.9664 -1.21629 5
    endloop
  endfacet
  facet normal -0 0 1
    outer loop
      vertex 79.7865 -1.52782 5
      vertex 84.818 -5.55927 5
      vertex 79.8816 -1.375 5
    endloop
  endfacet
  facet normal -0 0 1
    outer loop
      vertex 79.6817 -1.67409 5
      vertex 84.818 -5.55927 5
      vertex 79.7865 -1.52782 5
    endloop
  endfacet
  facet normal -0 0 1
    outer loop
      vertex 79.5676 -1.8132 5
      vertex 84.818 -5.55927 5
      vertex 79.6817 -1.67409 5
    endloop
  endfacet
  facet normal -0 0 1
    outer loop
      vertex 79.4445 -1.94454 5
      vertex 84.818 -5.55927 5
      vertex 79.5676 -1.8132 5
    endloop
  endfacet
  facet normal -0 0 1
    outer loop
      vertex 79.3132 -2.06756 5
      vertex 84.818 -5.55927 5
      vertex 79.4445 -1.94454 5
    endloop
  endfacet
  facet normal -0 0 1
    outer loop
      vertex 79.1741 -2.18172 5
      vertex 84.818 -5.55927 5
      vertex 79.3132 -2.06756 5
    endloop
  endfacet
  facet normal -0 0 1
    outer loop
      vertex 79.0278 -2.28654 5
      vertex 84.818 -5.55927 5
      vertex 79.1741 -2.18172 5
    endloop
  endfacet
  facet normal -0 0 1
    outer loop
      vertex 78.875 -2.38157 5
      vertex 84.818 -5.55927 5
      vertex 79.0278 -2.28654 5
    endloop
  endfacet
  facet normal -0 0 1
    outer loop
      vertex 78.7163 -2.4664 5
      vertex 84.818 -5.55927 5
      vertex 78.875 -2.38157 5
    endloop
  endfacet
  facet normal -0 0 1
    outer loop
      vertex 78.5524 -2.54067 5
      vertex 84.818 -5.55927 5
      vertex 78.7163 -2.4664 5
    endloop
  endfacet
  facet normal -0 0 1
    outer loop
      vertex 78.384 -2.60406 5
      vertex 84.818 -5.55927 5
      vertex 78.5524 -2.54067 5
    endloop
  endfacet
  facet normal 0 0 1
    outer loop
      vertex 84.818 -5.55927 5
      vertex 78.384 -2.60406 5
      vertex 84.2728 -11.0947 5
    endloop
  endfacet
  facet normal -0 0 1
    outer loop
      vertex 78.2118 -2.6563 5
      vertex 84.2728 -11.0947 5
      vertex 78.384 -2.60406 5
    endloop
  endfacet
  facet normal -0 0 1
    outer loop
      vertex 78.0365 -2.69716 5
      vertex 84.2728 -11.0947 5
      vertex 78.2118 -2.6563 5
    endloop
  endfacet
  facet normal -0 0 1
    outer loop
      vertex 77.8589 -2.72647 5
      vertex 84.2728 -11.0947 5
      vertex 78.0365 -2.69716 5
    endloop
  endfacet
  facet normal -0 0 1
    outer loop
      vertex 77.6799 -2.74411 5
      vertex 84.2728 -11.0947 5
      vertex 77.8589 -2.72647 5
    endloop
  endfacet
  facet normal -0 0 1
    outer loop
      vertex 77.5 -2.75 5
      vertex 84.2728 -11.0947 5
      vertex 77.6799 -2.74411 5
    endloop
  endfacet
  facet normal 0 0 1
    outer loop
      vertex 77.3201 -2.74411 5
      vertex 84.2728 -11.0947 5
      vertex 77.5 -2.75 5
    endloop
  endfacet
  facet normal 0 0 1
    outer loop
      vertex 69.4011 -9.13683 5
      vertex 77.3201 -2.74411 5
      vertex 77.1411 -2.72647 5
    endloop
  endfacet
  facet normal 0 0 1
    outer loop
      vertex 69.4011 -9.13683 5
      vertex 77.1411 -2.72647 5
      vertex 76.9635 -2.69716 5
    endloop
  endfacet
  facet normal 0 0 1
    outer loop
      vertex 76.616 -2.60406 5
      vertex 69.4011 -9.13683 5
      vertex 76.7882 -2.6563 5
    endloop
  endfacet
  facet normal 0 0 1
    outer loop
      vertex 76.7882 -2.6563 5
      vertex 69.4011 -9.13683 5
      vertex 76.9635 -2.69716 5
    endloop
  endfacet
  facet normal 0 0 1
    outer loop
      vertex 76.4476 -2.54067 5
      vertex 69.4011 -9.13683 5
      vertex 76.616 -2.60406 5
    endloop
  endfacet
  facet normal 0 0 1
    outer loop
      vertex 69.4011 -9.13683 5
      vertex 76.4476 -2.54067 5
      vertex 69.8501 -4.57822 5
    endloop
  endfacet
  facet normal 0 0 1
    outer loop
      vertex 69.8501 -4.57822 5
      vertex 76.4476 -2.54067 5
      vertex 76.2837 -2.4664 5
    endloop
  endfacet
  facet normal 0 0 1
    outer loop
      vertex 69.8501 -4.57822 5
      vertex 76.2837 -2.4664 5
      vertex 76.125 -2.38157 5
    endloop
  endfacet
  facet normal 0 0 1
    outer loop
      vertex 69.8501 -4.57822 5
      vertex 76.125 -2.38157 5
      vertex 75.9722 -2.28654 5
    endloop
  endfacet
  facet normal 0 0 1
    outer loop
      vertex 77.3201 -2.74411 5
      vertex 69.4011 -9.13683 5
      vertex 84.2728 -11.0947 5
    endloop
  endfacet
  facet normal 0 0 1
    outer loop
      vertex 84.2728 -11.0947 5
      vertex 69.4011 -9.13683 5
      vertex 83.3667 -16.5827 5
    endloop
  endfacet
  facet normal -0 0 1
    outer loop
      vertex 68.655 -13.6563 5
      vertex 83.3667 -16.5827 5
      vertex 69.4011 -9.13683 5
    endloop
  endfacet
  facet normal 0 0 1
    outer loop
      vertex 75.8259 -2.18172 5
      vertex 69.8501 -4.57822 5
      vertex 75.9722 -2.28654 5
    endloop
  endfacet
  facet normal 0 0 1
    outer loop
      vertex 75.6868 -2.06756 5
      vertex 69.8501 -4.57822 5
      vertex 75.8259 -2.18172 5
    endloop
  endfacet
  facet normal 0 0 1
    outer loop
      vertex 75.5555 -1.94454 5
      vertex 69.8501 -4.57822 5
      vertex 75.6868 -2.06756 5
    endloop
  endfacet
  facet normal 0 0 1
    outer loop
      vertex 75.4324 -1.8132 5
      vertex 69.8501 -4.57822 5
      vertex 75.5555 -1.94454 5
    endloop
  endfacet
  facet normal 0 0 1
    outer loop
      vertex 75.3183 -1.67409 5
      vertex 69.8501 -4.57822 5
      vertex 75.4324 -1.8132 5
    endloop
  endfacet
  facet normal 0 0 1
    outer loop
      vertex 75.2135 -1.52782 5
      vertex 69.8501 -4.57822 5
      vertex 75.3183 -1.67409 5
    endloop
  endfacet
  facet normal 0 0 1
    outer loop
      vertex 75.1184 -1.375 5
      vertex 69.8501 -4.57822 5
      vertex 75.2135 -1.52782 5
    endloop
  endfacet
  facet normal 0 0 1
    outer loop
      vertex 75.0336 -1.21629 5
      vertex 69.8501 -4.57822 5
      vertex 75.1184 -1.375 5
    endloop
  endfacet
  facet normal 0 0 1
    outer loop
      vertex 74.9593 -1.05238 5
      vertex 69.8501 -4.57822 5
      vertex 75.0336 -1.21629 5
    endloop
  endfacet
  facet normal 0 0 1
    outer loop
      vertex 69.8501 -4.57822 5
      vertex 74.9593 -1.05238 5
      vertex 70 0 5
    endloop
  endfacet
  facet normal 0 0 1
    outer loop
      vertex 70 0 5
      vertex 74.9593 -1.05238 5
      vertex 74.8959 -0.883958 5
    endloop
  endfacet
  facet normal 0 0 1
    outer loop
      vertex 70 0 5
      vertex 74.8959 -0.883958 5
      vertex 74.8437 -0.711752 5
    endloop
  endfacet
  facet normal 0 0 1
    outer loop
      vertex 70 0 5
      vertex 74.8437 -0.711752 5
      vertex 74.8028 -0.536498 5
    endloop
  endfacet
  facet normal 0 0 1
    outer loop
      vertex 70 0 5
      vertex 74.8028 -0.536498 5
      vertex 74.7735 -0.358947 5
    endloop
  endfacet
  facet normal 0 0 1
    outer loop
      vertex 70 0 5
      vertex 74.7735 -0.358947 5
      vertex 74.7559 -0.179858 5
    endloop
  endfacet
  facet normal 0 0 1
    outer loop
      vertex 83.3667 -16.5827 5
      vertex 68.655 -13.6563 5
      vertex 82.1037 -21.9996 5
    endloop
  endfacet
  facet normal -0 0 1
    outer loop
      vertex 70 0 5
      vertex 74.7559 -0.179858 5
      vertex 74.75 0 5
    endloop
  endfacet
  facet normal 0 0 1
    outer loop
      vertex 74.8437 0.711752 5
      vertex 70 0 5
      vertex 74.8028 0.536498 5
    endloop
  endfacet
  facet normal 0 0 1
    outer loop
      vertex 60.6218 35 5
      vertex 73.6122 42.5 5
      vertex 70.6749 47.2235 5
    endloop
  endfacet
  facet normal -0 0 1
    outer loop
      vertex 67.6148 -18.1173 5
      vertex 82.1037 -21.9996 5
      vertex 68.655 -13.6563 5
    endloop
  endfacet
  facet normal 0 0 1
    outer loop
      vertex 82.1037 -21.9996 5
      vertex 67.6148 -18.1173 5
      vertex 80.4891 -27.3224 5
    endloop
  endfacet
  facet normal 0 0 1
    outer loop
      vertex 74.7559 0.179858 5
      vertex 70 0 5
      vertex 74.75 0 5
    endloop
  endfacet
  facet normal 0 0 1
    outer loop
      vertex 74.7735 0.358947 5
      vertex 70 0 5
      vertex 74.7559 0.179858 5
    endloop
  endfacet
  facet normal 0 0 1
    outer loop
      vertex 74.8028 0.536498 5
      vertex 70 0 5
      vertex 74.7735 0.358947 5
    endloop
  endfacet
  facet normal 0 0 1
    outer loop
      vertex 73.6122 42.5 5
      vertex 67.6148 18.1173 5
      vertex 68.655 13.6563 5
    endloop
  endfacet
  facet normal 0 0 1
    outer loop
      vertex 58.2029 38.8899 5
      vertex 70.6749 47.2235 5
      vertex 67.435 51.7447 5
    endloop
  endfacet
  facet normal 0 0 1
    outer loop
      vertex 73.6122 42.5 5
      vertex 66.2851 22.5008 5
      vertex 67.6148 18.1173 5
    endloop
  endfacet
  facet normal 0 0 1
    outer loop
      vertex 73.6122 42.5 5
      vertex 64.6716 26.7878 5
      vertex 66.2851 22.5008 5
    endloop
  endfacet
  facet normal 0 0 1
    outer loop
      vertex 55.5347 42.6133 5
      vertex 67.435 51.7447 5
      vertex 63.9064 56.0444 5
    endloop
  endfacet
  facet normal 0 0 1
    outer loop
      vertex 73.6122 42.5 5
      vertex 62.7811 30.9602 5
      vertex 64.6716 26.7878 5
    endloop
  endfacet
  facet normal 0 0 1
    outer loop
      vertex 73.6122 42.5 5
      vertex 60.6218 35 5
      vertex 62.7811 30.9602 5
    endloop
  endfacet
  facet normal 0 0 1
    outer loop
      vertex 52.6288 46.1542 5
      vertex 63.9064 56.0444 5
      vertex 60.1041 60.1041 5
    endloop
  endfacet
  facet normal 0 0 1
    outer loop
      vertex 70.6749 47.2235 5
      vertex 58.2029 38.8899 5
      vertex 60.6218 35 5
    endloop
  endfacet
  facet normal 0 0 1
    outer loop
      vertex 49.4975 49.4975 5
      vertex 60.1041 60.1041 5
      vertex 56.0444 63.9064 5
    endloop
  endfacet
  facet normal 0 0 1
    outer loop
      vertex 67.435 51.7447 5
      vertex 55.5347 42.6133 5
      vertex 58.2029 38.8899 5
    endloop
  endfacet
  facet normal 0 0 1
    outer loop
      vertex 63.9064 56.0444 5
      vertex 52.6288 46.1542 5
      vertex 55.5347 42.6133 5
    endloop
  endfacet
  facet normal 0 0 1
    outer loop
      vertex 46.1542 52.6288 5
      vertex 56.0444 63.9064 5
      vertex 51.7447 67.435 5
    endloop
  endfacet
  facet normal 0 0 1
    outer loop
      vertex 60.1041 60.1041 5
      vertex 49.4975 49.4975 5
      vertex 52.6288 46.1542 5
    endloop
  endfacet
  facet normal 0 0 1
    outer loop
      vertex 41.4063 66.4052 5
      vertex 51.7447 67.435 5
      vertex 47.2235 70.6749 5
    endloop
  endfacet
  facet normal 0 0 1
    outer loop
      vertex 56.0444 63.9064 5
      vertex 46.1542 52.6288 5
      vertex 49.4975 49.4975 5
    endloop
  endfacet
  facet normal 0 0 1
    outer loop
      vertex 51.7447 67.435 5
      vertex 42.6133 55.5347 5
      vertex 46.1542 52.6288 5
    endloop
  endfacet
  facet normal 0 0 1
    outer loop
      vertex 41.0365 68.6448 5
      vertex 47.2235 70.6749 5
      vertex 42.5 73.6122 5
    endloop
  endfacet
  facet normal 0 0 1
    outer loop
      vertex 47.2235 70.6749 5
      vertex 41.5 67.117 5
      vertex 41.4941 66.9371 5
    endloop
  endfacet
  facet normal 0 0 1
    outer loop
      vertex 41.4765 66.758 5
      vertex 47.2235 70.6749 5
      vertex 41.4941 66.9371 5
    endloop
  endfacet
  facet normal 0 0 1
    outer loop
      vertex 41.4472 66.5805 5
      vertex 47.2235 70.6749 5
      vertex 41.4765 66.758 5
    endloop
  endfacet
  facet normal 0 0 1
    outer loop
      vertex 41.4063 66.4052 5
      vertex 47.2235 70.6749 5
      vertex 41.4472 66.5805 5
    endloop
  endfacet
  facet normal 0 0 1
    outer loop
      vertex 51.7447 67.435 5
      vertex 41.4063 66.4052 5
      vertex 41.3541 66.233 5
    endloop
  endfacet
  facet normal 0 0 1
    outer loop
      vertex 51.7447 67.435 5
      vertex 41.3541 66.233 5
      vertex 41.2907 66.0646 5
    endloop
  endfacet
  facet normal 0 0 1
    outer loop
      vertex 51.7447 67.435 5
      vertex 41.2907 66.0646 5
      vertex 41.2164 65.9007 5
    endloop
  endfacet
  facet normal 0 0 1
    outer loop
      vertex 41.1316 65.742 5
      vertex 51.7447 67.435 5
      vertex 41.2164 65.9007 5
    endloop
  endfacet
  facet normal 0 0 1
    outer loop
      vertex 41.0365 65.5891 5
      vertex 51.7447 67.435 5
      vertex 41.1316 65.742 5
    endloop
  endfacet
  facet normal 0 0 1
    outer loop
      vertex 51.7447 67.435 5
      vertex 41.0365 65.5891 5
      vertex 42.6133 55.5347 5
    endloop
  endfacet
  facet normal -0 0 1
    outer loop
      vertex 40.9317 65.4429 5
      vertex 42.6133 55.5347 5
      vertex 41.0365 65.5891 5
    endloop
  endfacet
  facet normal -0 0 1
    outer loop
      vertex 40.8176 65.3038 5
      vertex 42.6133 55.5347 5
      vertex 40.9317 65.4429 5
    endloop
  endfacet
  facet normal -0 0 1
    outer loop
      vertex 40.6945 65.1724 5
      vertex 42.6133 55.5347 5
      vertex 40.8176 65.3038 5
    endloop
  endfacet
  facet normal -0 0 1
    outer loop
      vertex 40.5632 65.0494 5
      vertex 42.6133 55.5347 5
      vertex 40.6945 65.1724 5
    endloop
  endfacet
  facet normal -0 0 1
    outer loop
      vertex 40.4241 64.9352 5
      vertex 42.6133 55.5347 5
      vertex 40.5632 65.0494 5
    endloop
  endfacet
  facet normal 0 0 1
    outer loop
      vertex 38.8899 58.2029 5
      vertex 40.4241 64.9352 5
      vertex 40.2778 64.8304 5
    endloop
  endfacet
  facet normal 0 0 1
    outer loop
      vertex 38.8899 58.2029 5
      vertex 40.2778 64.8304 5
      vertex 40.125 64.7354 5
    endloop
  endfacet
  facet normal 0 0 1
    outer loop
      vertex 38.8899 58.2029 5
      vertex 40.125 64.7354 5
      vertex 39.9663 64.6506 5
    endloop
  endfacet
  facet normal 0 0 1
    outer loop
      vertex 38.8899 58.2029 5
      vertex 39.9663 64.6506 5
      vertex 39.8024 64.5763 5
    endloop
  endfacet
  facet normal 0 0 1
    outer loop
      vertex 38.8899 58.2029 5
      vertex 39.8024 64.5763 5
      vertex 39.634 64.5129 5
    endloop
  endfacet
  facet normal 0 0 1
    outer loop
      vertex 38.8899 58.2029 5
      vertex 39.634 64.5129 5
      vertex 39.4618 64.4607 5
    endloop
  endfacet
  facet normal 0 0 1
    outer loop
      vertex 38.8899 58.2029 5
      vertex 39.4618 64.4607 5
      vertex 39.2865 64.4198 5
    endloop
  endfacet
  facet normal 0 0 1
    outer loop
      vertex 38.8899 58.2029 5
      vertex 39.2865 64.4198 5
      vertex 39.1089 64.3905 5
    endloop
  endfacet
  facet normal 0 0 1
    outer loop
      vertex 38.8899 58.2029 5
      vertex 39.1089 64.3905 5
      vertex 38.9299 64.3729 5
    endloop
  endfacet
  facet normal 0 0 1
    outer loop
      vertex 40.4241 64.9352 5
      vertex 38.8899 58.2029 5
      vertex 42.6133 55.5347 5
    endloop
  endfacet
  facet normal -0 0 1
    outer loop
      vertex 38.75 64.367 5
      vertex 38.8899 58.2029 5
      vertex 38.9299 64.3729 5
    endloop
  endfacet
  facet normal 0 0 1
    outer loop
      vertex 38.5701 64.3729 5
      vertex 38.8899 58.2029 5
      vertex 38.75 64.367 5
    endloop
  endfacet
  facet normal 0 0 1
    outer loop
      vertex 38.3911 64.3905 5
      vertex 38.8899 58.2029 5
      vertex 38.5701 64.3729 5
    endloop
  endfacet
  facet normal 0 0 1
    outer loop
      vertex 35 60.6218 5
      vertex 38.3911 64.3905 5
      vertex 38.2135 64.4198 5
    endloop
  endfacet
  facet normal 0 0 1
    outer loop
      vertex 35 60.6218 5
      vertex 38.2135 64.4198 5
      vertex 38.0382 64.4607 5
    endloop
  endfacet
  facet normal 0 0 1
    outer loop
      vertex 35 60.6218 5
      vertex 38.0382 64.4607 5
      vertex 37.866 64.5129 5
    endloop
  endfacet
  facet normal 0 0 1
    outer loop
      vertex 35 60.6218 5
      vertex 37.866 64.5129 5
      vertex 37.6976 64.5763 5
    endloop
  endfacet
  facet normal 0 0 1
    outer loop
      vertex 35 60.6218 5
      vertex 37.6976 64.5763 5
      vertex 37.5337 64.6506 5
    endloop
  endfacet
  facet normal 0 0 1
    outer loop
      vertex 35 60.6218 5
      vertex 37.5337 64.6506 5
      vertex 37.375 64.7354 5
    endloop
  endfacet
  facet normal 0 0 1
    outer loop
      vertex 35 60.6218 5
      vertex 37.375 64.7354 5
      vertex 37.2222 64.8304 5
    endloop
  endfacet
  facet normal 0 0 1
    outer loop
      vertex 35 60.6218 5
      vertex 37.2222 64.8304 5
      vertex 37.0759 64.9352 5
    endloop
  endfacet
  facet normal 0 0 1
    outer loop
      vertex 35 60.6218 5
      vertex 37.0759 64.9352 5
      vertex 36.9368 65.0494 5
    endloop
  endfacet
  facet normal 0 0 1
    outer loop
      vertex 35 60.6218 5
      vertex 36.9368 65.0494 5
      vertex 36.8055 65.1724 5
    endloop
  endfacet
  facet normal 0 0 1
    outer loop
      vertex 35 60.6218 5
      vertex 36.8055 65.1724 5
      vertex 36.6824 65.3038 5
    endloop
  endfacet
  facet normal 0 0 1
    outer loop
      vertex 35 60.6218 5
      vertex 36.6824 65.3038 5
      vertex 36.5683 65.4429 5
    endloop
  endfacet
  facet normal 0 0 1
    outer loop
      vertex 35 60.6218 5
      vertex 36.5683 65.4429 5
      vertex 36.4635 65.5891 5
    endloop
  endfacet
  facet normal 0 0 1
    outer loop
      vertex 35 60.6218 5
      vertex 36.4635 65.5891 5
      vertex 36.3684 65.742 5
    endloop
  endfacet
  facet normal 0 0 1
    outer loop
      vertex 35 60.6218 5
      vertex 36.3684 65.742 5
      vertex 36.2836 65.9007 5
    endloop
  endfacet
  facet normal 0 0 1
    outer loop
      vertex 35 60.6218 5
      vertex 36.2836 65.9007 5
      vertex 36.2093 66.0646 5
    endloop
  endfacet
  facet normal 0 0 1
    outer loop
      vertex 35 60.6218 5
      vertex 36.2093 66.0646 5
      vertex 36.1459 66.233 5
    endloop
  endfacet
  facet normal 0 0 1
    outer loop
      vertex 38.3911 64.3905 5
      vertex 35 60.6218 5
      vertex 38.8899 58.2029 5
    endloop
  endfacet
  facet normal 0 0 1
    outer loop
      vertex 36.0937 66.4052 5
      vertex 35 60.6218 5
      vertex 36.1459 66.233 5
    endloop
  endfacet
  facet normal 0 0 1
    outer loop
      vertex 36.0528 66.5805 5
      vertex 35 60.6218 5
      vertex 36.0937 66.4052 5
    endloop
  endfacet
  facet normal 0 0 1
    outer loop
      vertex 36.0235 66.758 5
      vertex 35 60.6218 5
      vertex 36.0528 66.5805 5
    endloop
  endfacet
  facet normal 0 0 1
    outer loop
      vertex 36.0059 66.9371 5
      vertex 35 60.6218 5
      vertex 36.0235 66.758 5
    endloop
  endfacet
  facet normal 0 0 1
    outer loop
      vertex 35 60.6218 5
      vertex 36.0059 66.9371 5
      vertex 36 67.117 5
    endloop
  endfacet
  facet normal -0.956943 0.290276 0
    outer loop
      vertex -82.1037 21.9996 0
      vertex -80.4891 27.3224 5
      vertex -80.4891 27.3224 0
    endloop
  endfacet
  facet normal -0.956943 0.290276 0
    outer loop
      vertex -80.4891 27.3224 5
      vertex -82.1037 21.9996 0
      vertex -82.1037 21.9996 5
    endloop
  endfacet
  facet normal -0.986643 0.1629 0
    outer loop
      vertex -84.2728 11.0947 0
      vertex -83.3667 16.5827 5
      vertex -83.3667 16.5827 0
    endloop
  endfacet
  facet normal -0.986643 0.1629 0
    outer loop
      vertex -83.3667 16.5827 5
      vertex -84.2728 11.0947 0
      vertex -84.2728 11.0947 5
    endloop
  endfacet
  facet normal -0.68359 0.729866 0
    outer loop
      vertex -56.0444 63.9064 0
      vertex -60.1041 60.1041 5
      vertex -56.0444 63.9064 5
    endloop
  endfacet
  facet normal -0.68359 0.729866 0
    outer loop
      vertex -60.1041 60.1041 5
      vertex -56.0444 63.9064 0
      vertex -60.1041 60.1041 0
    endloop
  endfacet
  facet normal -0.412714 0.910861 0
    outer loop
      vertex -32.5281 78.5298 0
      vertex -37.5945 76.2342 5
      vertex -32.5281 78.5298 5
    endloop
  endfacet
  facet normal -0.412714 0.910861 0
    outer loop
      vertex -37.5945 76.2342 5
      vertex -32.5281 78.5298 0
      vertex -37.5945 76.2342 0
    endloop
  endfacet
  facet normal -0.582484 0.812842 0
    outer loop
      vertex -47.2235 70.6749 0
      vertex -51.7447 67.435 5
      vertex -47.2235 70.6749 5
    endloop
  endfacet
  facet normal -0.582484 0.812842 0
    outer loop
      vertex -51.7447 67.435 5
      vertex -47.2235 70.6749 0
      vertex -51.7447 67.435 0
    endloop
  endfacet
  facet normal -0.471391 0.881925 0
    outer loop
      vertex -37.5945 76.2342 0
      vertex -42.5 73.6122 5
      vertex -37.5945 76.2342 5
    endloop
  endfacet
  facet normal -0.471391 0.881925 0
    outer loop
      vertex -42.5 73.6122 5
      vertex -37.5945 76.2342 0
      vertex -42.5 73.6122 0
    endloop
  endfacet
  facet normal -0.352252 0.935905 0
    outer loop
      vertex -27.3224 80.4891 0
      vertex -32.5281 78.5298 5
      vertex -27.3224 80.4891 5
    endloop
  endfacet
  facet normal -0.352252 0.935905 0
    outer loop
      vertex -32.5281 78.5298 5
      vertex -27.3224 80.4891 0
      vertex -32.5281 78.5298 0
    endloop
  endfacet
  facet normal -0.227069 0.973879 0
    outer loop
      vertex -16.5827 83.3667 0
      vertex -21.9996 82.1037 5
      vertex -16.5827 83.3667 5
    endloop
  endfacet
  facet normal -0.227069 0.973879 0
    outer loop
      vertex -21.9996 82.1037 5
      vertex -16.5827 83.3667 0
      vertex -21.9996 82.1037 0
    endloop
  endfacet
  facet normal -0.0980185 0.995185 0
    outer loop
      vertex -5.55927 84.818 0
      vertex -11.0947 84.2728 5
      vertex -5.55927 84.818 5
    endloop
  endfacet
  facet normal -0.0980185 0.995185 0
    outer loop
      vertex -11.0947 84.2728 5
      vertex -5.55927 84.818 0
      vertex -11.0947 84.2728 0
    endloop
  endfacet
  facet normal -0.1629 0.986643 0
    outer loop
      vertex -11.0947 84.2728 0
      vertex -16.5827 83.3667 5
      vertex -11.0947 84.2728 5
    endloop
  endfacet
  facet normal -0.1629 0.986643 0
    outer loop
      vertex -16.5827 83.3667 5
      vertex -11.0947 84.2728 0
      vertex -16.5827 83.3667 0
    endloop
  endfacet
  facet normal 0.999465 0.0327206 0
    outer loop
      vertex 85 0 5
      vertex 84.818 5.55927 0
      vertex 84.818 5.55927 5
    endloop
  endfacet
  facet normal 0.999465 0.0327206 0
    outer loop
      vertex 84.818 5.55927 0
      vertex 85 0 5
      vertex 85 0 0
    endloop
  endfacet
  facet normal 0.995185 -0.0980185 0
    outer loop
      vertex 84.2728 -11.0947 5
      vertex 84.818 -5.55927 0
      vertex 84.818 -5.55927 5
    endloop
  endfacet
  facet normal 0.995185 -0.0980185 0
    outer loop
      vertex 84.818 -5.55927 0
      vertex 84.2728 -11.0947 5
      vertex 84.2728 -11.0947 0
    endloop
  endfacet
  facet normal 0.0980185 -0.995185 0
    outer loop
      vertex 5.55927 -84.818 0
      vertex 11.0947 -84.2728 5
      vertex 5.55927 -84.818 5
    endloop
  endfacet
  facet normal 0.0980185 -0.995185 0
    outer loop
      vertex 11.0947 -84.2728 5
      vertex 5.55927 -84.818 0
      vertex 11.0947 -84.2728 0
    endloop
  endfacet
  facet normal 0.290276 -0.956943 0
    outer loop
      vertex 21.9996 -82.1037 0
      vertex 27.3224 -80.4891 5
      vertex 21.9996 -82.1037 5
    endloop
  endfacet
  facet normal 0.290276 -0.956943 0
    outer loop
      vertex 27.3224 -80.4891 5
      vertex 21.9996 -82.1037 0
      vertex 27.3224 -80.4891 0
    endloop
  endfacet
  facet normal 0.352252 -0.935905 0
    outer loop
      vertex 27.3224 -80.4891 0
      vertex 32.5281 -78.5298 5
      vertex 27.3224 -80.4891 5
    endloop
  endfacet
  facet normal 0.352252 -0.935905 0
    outer loop
      vertex 32.5281 -78.5298 5
      vertex 27.3224 -80.4891 0
      vertex 32.5281 -78.5298 0
    endloop
  endfacet
  facet normal 0.68359 -0.729866 0
    outer loop
      vertex 56.0444 -63.9064 0
      vertex 60.1041 -60.1041 5
      vertex 56.0444 -63.9064 5
    endloop
  endfacet
  facet normal 0.68359 -0.729866 0
    outer loop
      vertex 60.1041 -60.1041 5
      vertex 56.0444 -63.9064 0
      vertex 60.1041 -60.1041 0
    endloop
  endfacet
  facet normal 0.412714 -0.910861 0
    outer loop
      vertex 32.5281 -78.5298 0
      vertex 37.5945 -76.2342 5
      vertex 32.5281 -78.5298 5
    endloop
  endfacet
  facet normal 0.412714 -0.910861 0
    outer loop
      vertex 37.5945 -76.2342 5
      vertex 32.5281 -78.5298 0
      vertex 37.5945 -76.2342 0
    endloop
  endfacet
  facet normal 0.729866 -0.68359 0
    outer loop
      vertex 60.1041 -60.1041 5
      vertex 63.9064 -56.0444 0
      vertex 63.9064 -56.0444 5
    endloop
  endfacet
  facet normal 0.729866 -0.68359 0
    outer loop
      vertex 63.9064 -56.0444 0
      vertex 60.1041 -60.1041 5
      vertex 60.1041 -60.1041 0
    endloop
  endfacet
  facet normal 0.812842 -0.582484 0
    outer loop
      vertex 67.435 -51.7447 5
      vertex 70.6749 -47.2235 0
      vertex 70.6749 -47.2235 5
    endloop
  endfacet
  facet normal 0.812842 -0.582484 0
    outer loop
      vertex 70.6749 -47.2235 0
      vertex 67.435 -51.7447 5
      vertex 67.435 -51.7447 0
    endloop
  endfacet
  facet normal 0.935905 -0.352252 0
    outer loop
      vertex 78.5298 -32.5281 5
      vertex 80.4891 -27.3224 0
      vertex 80.4891 -27.3224 5
    endloop
  endfacet
  facet normal 0.935905 -0.352252 0
    outer loop
      vertex 80.4891 -27.3224 0
      vertex 78.5298 -32.5281 5
      vertex 78.5298 -32.5281 0
    endloop
  endfacet
  facet normal 0.956943 -0.290276 0
    outer loop
      vertex 80.4891 -27.3224 5
      vertex 82.1037 -21.9996 0
      vertex 82.1037 -21.9996 5
    endloop
  endfacet
  facet normal 0.956943 -0.290276 0
    outer loop
      vertex 82.1037 -21.9996 0
      vertex 80.4891 -27.3224 5
      vertex 80.4891 -27.3224 0
    endloop
  endfacet
  facet normal -0.68359 -0.729866 0
    outer loop
      vertex -60.1041 -60.1041 0
      vertex -56.0444 -63.9064 5
      vertex -60.1041 -60.1041 5
    endloop
  endfacet
  facet normal -0.68359 -0.729866 -0
    outer loop
      vertex -56.0444 -63.9064 5
      vertex -60.1041 -60.1041 0
      vertex -56.0444 -63.9064 0
    endloop
  endfacet
  facet normal -0.412714 -0.910861 0
    outer loop
      vertex -37.5945 -76.2342 0
      vertex -32.5281 -78.5298 5
      vertex -37.5945 -76.2342 5
    endloop
  endfacet
  facet normal -0.412714 -0.910861 -0
    outer loop
      vertex -32.5281 -78.5298 5
      vertex -37.5945 -76.2342 0
      vertex -32.5281 -78.5298 0
    endloop
  endfacet
  facet normal -0.227069 -0.973879 0
    outer loop
      vertex -21.9996 -82.1037 0
      vertex -16.5827 -83.3667 5
      vertex -21.9996 -82.1037 5
    endloop
  endfacet
  facet normal -0.227069 -0.973879 -0
    outer loop
      vertex -16.5827 -83.3667 5
      vertex -21.9996 -82.1037 0
      vertex -16.5827 -83.3667 0
    endloop
  endfacet
  facet normal -0.1629 -0.986643 0
    outer loop
      vertex -16.5827 -83.3667 0
      vertex -11.0947 -84.2728 5
      vertex -16.5827 -83.3667 5
    endloop
  endfacet
  facet normal -0.1629 -0.986643 -0
    outer loop
      vertex -11.0947 -84.2728 5
      vertex -16.5827 -83.3667 0
      vertex -11.0947 -84.2728 0
    endloop
  endfacet
  facet normal -0.471391 -0.881925 0
    outer loop
      vertex -42.5 -73.6122 0
      vertex -37.5945 -76.2342 5
      vertex -42.5 -73.6122 5
    endloop
  endfacet
  facet normal -0.471391 -0.881925 -0
    outer loop
      vertex -37.5945 -76.2342 5
      vertex -42.5 -73.6122 0
      vertex -37.5945 -76.2342 0
    endloop
  endfacet
  facet normal -0.634385 -0.773017 0
    outer loop
      vertex -56.0444 -63.9064 0
      vertex -51.7447 -67.435 5
      vertex -56.0444 -63.9064 5
    endloop
  endfacet
  facet normal -0.634385 -0.773017 -0
    outer loop
      vertex -51.7447 -67.435 5
      vertex -56.0444 -63.9064 0
      vertex -51.7447 -67.435 0
    endloop
  endfacet
  facet normal -0.729866 -0.68359 0
    outer loop
      vertex -60.1041 -60.1041 0
      vertex -63.9064 -56.0444 5
      vertex -63.9064 -56.0444 0
    endloop
  endfacet
  facet normal -0.729866 -0.68359 0
    outer loop
      vertex -63.9064 -56.0444 5
      vertex -60.1041 -60.1041 0
      vertex -60.1041 -60.1041 5
    endloop
  endfacet
  facet normal -0.849199 -0.528073 0
    outer loop
      vertex -70.6749 -47.2235 0
      vertex -73.6122 -42.5 5
      vertex -73.6122 -42.5 0
    endloop
  endfacet
  facet normal -0.849199 -0.528073 0
    outer loop
      vertex -73.6122 -42.5 5
      vertex -70.6749 -47.2235 0
      vertex -70.6749 -47.2235 5
    endloop
  endfacet
  facet normal -0.995185 -0.0980185 0
    outer loop
      vertex -84.2728 -11.0947 0
      vertex -84.818 -5.55927 5
      vertex -84.818 -5.55927 0
    endloop
  endfacet
  facet normal -0.995185 -0.0980185 0
    outer loop
      vertex -84.818 -5.55927 5
      vertex -84.2728 -11.0947 0
      vertex -84.2728 -11.0947 5
    endloop
  endfacet
  facet normal -0.956943 -0.290276 0
    outer loop
      vertex -80.4891 -27.3224 0
      vertex -82.1037 -21.9996 5
      vertex -82.1037 -21.9996 0
    endloop
  endfacet
  facet normal -0.956943 -0.290276 0
    outer loop
      vertex -82.1037 -21.9996 5
      vertex -80.4891 -27.3224 0
      vertex -80.4891 -27.3224 5
    endloop
  endfacet
  facet normal 0.956943 0.290276 0
    outer loop
      vertex 82.1037 21.9996 5
      vertex 80.4891 27.3224 0
      vertex 80.4891 27.3224 5
    endloop
  endfacet
  facet normal 0.956943 0.290276 0
    outer loop
      vertex 80.4891 27.3224 0
      vertex 82.1037 21.9996 5
      vertex 82.1037 21.9996 0
    endloop
  endfacet
  facet normal -0.729866 0.68359 0
    outer loop
      vertex -63.9064 56.0444 0
      vertex -60.1041 60.1041 5
      vertex -60.1041 60.1041 0
    endloop
  endfacet
  facet normal -0.729866 0.68359 0
    outer loop
      vertex -60.1041 60.1041 5
      vertex -63.9064 56.0444 0
      vertex -63.9064 56.0444 5
    endloop
  endfacet
  facet normal -0.881925 0.471391 0
    outer loop
      vertex -76.2342 37.5945 0
      vertex -73.6122 42.5 5
      vertex -73.6122 42.5 0
    endloop
  endfacet
  facet normal -0.881925 0.471391 0
    outer loop
      vertex -73.6122 42.5 5
      vertex -76.2342 37.5945 0
      vertex -76.2342 37.5945 5
    endloop
  endfacet
  facet normal 0.973879 -0.227069 0
    outer loop
      vertex 82.1037 -21.9996 5
      vertex 83.3667 -16.5827 0
      vertex 83.3667 -16.5827 5
    endloop
  endfacet
  facet normal 0.973879 -0.227069 0
    outer loop
      vertex 83.3667 -16.5827 0
      vertex 82.1037 -21.9996 5
      vertex 82.1037 -21.9996 0
    endloop
  endfacet
  facet normal 0.1629 -0.986643 0
    outer loop
      vertex 11.0947 -84.2728 0
      vertex 16.5827 -83.3667 5
      vertex 11.0947 -84.2728 5
    endloop
  endfacet
  facet normal 0.1629 -0.986643 0
    outer loop
      vertex 16.5827 -83.3667 5
      vertex 11.0947 -84.2728 0
      vertex 16.5827 -83.3667 0
    endloop
  endfacet
  facet normal 0.471391 -0.881925 0
    outer loop
      vertex 37.5945 -76.2342 0
      vertex 42.5 -73.6122 5
      vertex 37.5945 -76.2342 5
    endloop
  endfacet
  facet normal 0.471391 -0.881925 0
    outer loop
      vertex 42.5 -73.6122 5
      vertex 37.5945 -76.2342 0
      vertex 42.5 -73.6122 0
    endloop
  endfacet
  facet normal 0.849199 -0.528073 0
    outer loop
      vertex 70.6749 -47.2235 5
      vertex 73.6122 -42.5 0
      vertex 73.6122 -42.5 5
    endloop
  endfacet
  facet normal 0.849199 -0.528073 0
    outer loop
      vertex 73.6122 -42.5 0
      vertex 70.6749 -47.2235 5
      vertex 70.6749 -47.2235 0
    endloop
  endfacet
  facet normal 0.773017 -0.634385 0
    outer loop
      vertex 63.9064 -56.0444 5
      vertex 67.435 -51.7447 0
      vertex 67.435 -51.7447 5
    endloop
  endfacet
  facet normal 0.773017 -0.634385 0
    outer loop
      vertex 67.435 -51.7447 0
      vertex 63.9064 -56.0444 5
      vertex 63.9064 -56.0444 0
    endloop
  endfacet
  facet normal 0.910861 -0.412714 0
    outer loop
      vertex 76.2342 -37.5945 5
      vertex 78.5298 -32.5281 0
      vertex 78.5298 -32.5281 5
    endloop
  endfacet
  facet normal 0.910861 -0.412714 0
    outer loop
      vertex 78.5298 -32.5281 0
      vertex 76.2342 -37.5945 5
      vertex 76.2342 -37.5945 0
    endloop
  endfacet
  facet normal -0.290276 -0.956943 0
    outer loop
      vertex -27.3224 -80.4891 0
      vertex -21.9996 -82.1037 5
      vertex -27.3224 -80.4891 5
    endloop
  endfacet
  facet normal -0.290276 -0.956943 -0
    outer loop
      vertex -21.9996 -82.1037 5
      vertex -27.3224 -80.4891 0
      vertex -21.9996 -82.1037 0
    endloop
  endfacet
  facet normal -0.0980185 -0.995185 0
    outer loop
      vertex -11.0947 -84.2728 0
      vertex -5.55927 -84.818 5
      vertex -11.0947 -84.2728 5
    endloop
  endfacet
  facet normal -0.0980185 -0.995185 -0
    outer loop
      vertex -5.55927 -84.818 5
      vertex -11.0947 -84.2728 0
      vertex -5.55927 -84.818 0
    endloop
  endfacet
  facet normal -0.881925 -0.471391 0
    outer loop
      vertex -73.6122 -42.5 0
      vertex -76.2342 -37.5945 5
      vertex -76.2342 -37.5945 0
    endloop
  endfacet
  facet normal -0.881925 -0.471391 0
    outer loop
      vertex -76.2342 -37.5945 5
      vertex -73.6122 -42.5 0
      vertex -73.6122 -42.5 5
    endloop
  endfacet
  facet normal -0.986643 -0.1629 0
    outer loop
      vertex -83.3667 -16.5827 0
      vertex -84.2728 -11.0947 5
      vertex -84.2728 -11.0947 0
    endloop
  endfacet
  facet normal -0.986643 -0.1629 0
    outer loop
      vertex -84.2728 -11.0947 5
      vertex -83.3667 -16.5827 0
      vertex -83.3667 -16.5827 5
    endloop
  endfacet
  facet normal -0.935905 -0.352252 0
    outer loop
      vertex -78.5298 -32.5281 0
      vertex -80.4891 -27.3224 5
      vertex -80.4891 -27.3224 0
    endloop
  endfacet
  facet normal -0.935905 -0.352252 0
    outer loop
      vertex -80.4891 -27.3224 5
      vertex -78.5298 -32.5281 0
      vertex -78.5298 -32.5281 5
    endloop
  endfacet
  facet normal 0.0284906 -0.87029 -0.491714
    outer loop
      vertex 4.77443 -72.8437 0
      vertex 0 -73 0
      vertex 0 -33.45 -70
    endloop
  endfacet
  facet normal 0.87029 0.0284906 -0.491714
    outer loop
      vertex 73 0 0
      vertex 33.45 0 -70
      vertex 72.8437 4.77443 0
    endloop
  endfacet
  facet normal 0.870291 0.0284829 -0.491714
    outer loop
      vertex 33.45 0 -70
      vertex 33.3784 2.18773 -70
      vertex 72.8437 4.77443 0
    endloop
  endfacet
  facet normal 0.870291 -0.0284829 -0.491714
    outer loop
      vertex 72.8437 -4.77443 0
      vertex 33.3784 -2.18773 -70
      vertex 33.45 0 -70
    endloop
  endfacet
  facet normal -0.866564 -0.0853444 -0.491714
    outer loop
      vertex -72.3755 -9.52841 0
      vertex -72.8437 -4.77443 0
      vertex -33.3784 -2.18773 -70
    endloop
  endfacet
  facet normal -0.0853444 0.866564 -0.491714
    outer loop
      vertex -2.18773 33.3784 -70
      vertex -9.52841 72.3755 0
      vertex -4.77443 72.8437 0
    endloop
  endfacet
  facet normal 0.635539 -0.595237 -0.491714
    outer loop
      vertex 51.6188 -51.6188 0
      vertex 23.6527 -23.6527 -70
      vertex 54.8843 -48.1322 0
    endloop
  endfacet
  facet normal -0.673082 0.552428 -0.491715
    outer loop
      vertex -26.5377 20.3631 -70
      vertex -54.8843 48.1322 0
      vertex -25.149 22.0551 -70
    endloop
  endfacet
  facet normal 0.859125 -0.141851 -0.491714
    outer loop
      vertex 71.5973 -14.2416 0
      vertex 32.8073 -6.52577 -70
      vertex 72.3755 -9.52841 0
    endloop
  endfacet
  facet normal 0.359374 -0.793138 -0.491714
    outer loop
      vertex 27.9359 -67.4432 0
      vertex 12.8008 -30.9038 -70
      vertex 14.7946 -30.0004 -70
    endloop
  endfacet
  facet normal -0.595237 -0.635539 -0.491714
    outer loop
      vertex -48.1322 -54.8843 0
      vertex -51.6188 -51.6188 0
      vertex -23.6527 -23.6527 -70
    endloop
  endfacet
  facet normal -0.306698 -0.814957 -0.491713
    outer loop
      vertex -10.7521 -31.6748 -70
      vertex -27.9359 -67.4432 0
      vertex -12.8008 -30.9038 -70
    endloop
  endfacet
  facet normal -0.833261 0.252769 -0.491714
    outer loop
      vertex -32.3102 8.6575 -70
      vertex -70.5126 18.8938 0
      vertex -69.1259 23.4651 0
    endloop
  endfacet
  facet normal 0.814957 -0.306698 -0.491713
    outer loop
      vertex 67.4432 -27.9359 0
      vertex 30.9038 -12.8008 -70
      vertex 31.6748 -10.7521 -70
    endloop
  endfacet
  facet normal 0.87029 -0.0284906 -0.491714
    outer loop
      vertex 72.8437 -4.77443 0
      vertex 33.45 0 -70
      vertex 73 0 0
    endloop
  endfacet
  facet normal 0.739462 -0.459796 -0.491715
    outer loop
      vertex 63.2199 -36.5 0
      vertex 27.8127 -18.5838 -70
      vertex 28.9685 -16.725 -70
    endloop
  endfacet
  facet normal 0.141851 -0.859125 -0.491714
    outer loop
      vertex 9.52841 -72.3755 0
      vertex 6.52577 -32.8073 -70
      vertex 14.2416 -71.5973 0
    endloop
  endfacet
  facet normal 0.252771 -0.833261 -0.491714
    outer loop
      vertex 23.4651 -69.1259 0
      vertex 8.6575 -32.3102 -70
      vertex 10.7521 -31.6748 -70
    endloop
  endfacet
  facet normal 0.507189 -0.707797 -0.491714
    outer loop
      vertex 40.5566 -60.6973 0
      vertex 18.5838 -27.8127 -70
      vertex 20.3631 -26.5377 -70
    endloop
  endfacet
  facet normal 0.552409 0.673099 -0.491714
    outer loop
      vertex 48.1322 54.8843 0
      vertex 20.3631 26.5377 -70
      vertex 44.4396 57.9148 0
    endloop
  endfacet
  facet normal -0.870291 -0.0284829 -0.491714
    outer loop
      vertex -33.3784 -2.18773 -70
      vertex -72.8437 -4.77443 0
      vertex -33.45 0 -70
    endloop
  endfacet
  facet normal 0.739445 -0.459824 -0.491714
    outer loop
      vertex 60.6973 -40.5566 0
      vertex 27.8127 -18.5838 -70
      vertex 63.2199 -36.5 0
    endloop
  endfacet
  facet normal 0.767925 -0.410496 -0.491715
    outer loop
      vertex 63.2199 -36.5 0
      vertex 28.9685 -16.725 -70
      vertex 30.0004 -14.7946 -70
    endloop
  endfacet
  facet normal 0.707797 -0.507189 -0.491714
    outer loop
      vertex 60.6973 -40.5566 0
      vertex 26.5377 -20.3631 -70
      vertex 27.8127 -18.5838 -70
    endloop
  endfacet
  facet normal 0.707793 -0.507194 -0.491714
    outer loop
      vertex 57.9148 -44.4396 0
      vertex 26.5377 -20.3631 -70
      vertex 60.6973 -40.5566 0
    endloop
  endfacet
  facet normal 0.793138 -0.359374 -0.491714
    outer loop
      vertex 67.4432 -27.9359 0
      vertex 30.0004 -14.7946 -70
      vertex 30.9038 -12.8008 -70
    endloop
  endfacet
  facet normal 0.306726 -0.814946 -0.491714
    outer loop
      vertex 23.4651 -69.1259 0
      vertex 10.7521 -31.6748 -70
      vertex 27.9359 -67.4432 0
    endloop
  endfacet
  facet normal 0.197721 -0.848011 -0.491714
    outer loop
      vertex 14.2416 -71.5973 0
      vertex 8.6575 -32.3102 -70
      vertex 18.8938 -70.5126 0
    endloop
  endfacet
  facet normal 0.507194 -0.707793 -0.491714
    outer loop
      vertex 40.5566 -60.6973 0
      vertex 20.3631 -26.5377 -70
      vertex 44.4396 -57.9148 0
    endloop
  endfacet
  facet normal 0.552409 -0.673099 -0.491714
    outer loop
      vertex 44.4396 -57.9148 0
      vertex 20.3631 -26.5377 -70
      vertex 48.1322 -54.8843 0
    endloop
  endfacet
  facet normal 0.459824 -0.739445 -0.491714
    outer loop
      vertex 36.5 -63.2199 0
      vertex 18.5838 -27.8127 -70
      vertex 40.5566 -60.6973 0
    endloop
  endfacet
  facet normal 0.552428 -0.673082 -0.491715
    outer loop
      vertex 48.1322 -54.8843 0
      vertex 20.3631 -26.5377 -70
      vertex 22.0551 -25.149 -70
    endloop
  endfacet
  facet normal -0.673099 -0.552409 -0.491714
    outer loop
      vertex -54.8843 -48.1322 0
      vertex -57.9148 -44.4396 0
      vertex -26.5377 -20.3631 -70
    endloop
  endfacet
  facet normal -0.707797 -0.507189 -0.491714
    outer loop
      vertex -26.5377 -20.3631 -70
      vertex -60.6973 -40.5566 0
      vertex -27.8127 -18.5838 -70
    endloop
  endfacet
  facet normal -0.793138 -0.359374 -0.491714
    outer loop
      vertex -30.0004 -14.7946 -70
      vertex -67.4432 -27.9359 0
      vertex -30.9038 -12.8008 -70
    endloop
  endfacet
  facet normal -0.814957 -0.306698 -0.491713
    outer loop
      vertex -30.9038 -12.8008 -70
      vertex -67.4432 -27.9359 0
      vertex -31.6748 -10.7521 -70
    endloop
  endfacet
  facet normal -0.595239 -0.635537 -0.491714
    outer loop
      vertex -22.0551 -25.149 -70
      vertex -48.1322 -54.8843 0
      vertex -23.6527 -23.6527 -70
    endloop
  endfacet
  facet normal -0.459824 -0.739445 -0.491714
    outer loop
      vertex -36.5 -63.2199 0
      vertex -40.5566 -60.6973 0
      vertex -18.5838 -27.8127 -70
    endloop
  endfacet
  facet normal 0.252771 0.833261 -0.491714
    outer loop
      vertex 10.7521 31.6748 -70
      vertex 8.6575 32.3102 -70
      vertex 23.4651 69.1259 0
    endloop
  endfacet
  facet normal 0.833261 0.252769 -0.491714
    outer loop
      vertex 70.5126 18.8938 0
      vertex 32.3102 8.6575 -70
      vertex 69.1259 23.4651 0
    endloop
  endfacet
  facet normal -0.252769 0.833261 -0.491714
    outer loop
      vertex -8.6575 32.3102 -70
      vertex -23.4651 69.1259 0
      vertex -18.8938 70.5126 0
    endloop
  endfacet
  facet normal -0.635537 0.595239 -0.491714
    outer loop
      vertex -25.149 22.0551 -70
      vertex -54.8843 48.1322 0
      vertex -23.6527 23.6527 -70
    endloop
  endfacet
  facet normal -0.814946 0.306726 -0.491714
    outer loop
      vertex -31.6748 10.7521 -70
      vertex -69.1259 23.4651 0
      vertex -67.4432 27.9359 0
    endloop
  endfacet
  facet normal -0.85913 0.141818 -0.491715
    outer loop
      vertex -33.1638 4.3661 -70
      vertex -72.3755 9.52841 0
      vertex -32.8073 6.52577 -70
    endloop
  endfacet
  facet normal -0.866564 0.0853444 -0.491714
    outer loop
      vertex -33.3784 2.18773 -70
      vertex -72.8437 4.77443 0
      vertex -72.3755 9.52841 0
    endloop
  endfacet
  facet normal 0.866564 -0.0853444 -0.491714
    outer loop
      vertex 72.3755 -9.52841 0
      vertex 33.3784 -2.18773 -70
      vertex 72.8437 -4.77443 0
    endloop
  endfacet
  facet normal 0.848011 -0.197721 -0.491714
    outer loop
      vertex 70.5126 -18.8938 0
      vertex 32.3102 -8.6575 -70
      vertex 71.5973 -14.2416 0
    endloop
  endfacet
  facet normal 0.814946 -0.306726 -0.491714
    outer loop
      vertex 67.4432 -27.9359 0
      vertex 31.6748 -10.7521 -70
      vertex 69.1259 -23.4651 0
    endloop
  endfacet
  facet normal 0.833261 -0.252769 -0.491714
    outer loop
      vertex 69.1259 -23.4651 0
      vertex 32.3102 -8.6575 -70
      vertex 70.5126 -18.8938 0
    endloop
  endfacet
  facet normal 0.833261 -0.252771 -0.491714
    outer loop
      vertex 69.1259 -23.4651 0
      vertex 31.6748 -10.7521 -70
      vertex 32.3102 -8.6575 -70
    endloop
  endfacet
  facet normal 0.673099 -0.552409 -0.491714
    outer loop
      vertex 54.8843 -48.1322 0
      vertex 26.5377 -20.3631 -70
      vertex 57.9148 -44.4396 0
    endloop
  endfacet
  facet normal 0.767942 -0.410466 -0.491714
    outer loop
      vertex 63.2199 -36.5 0
      vertex 30.0004 -14.7946 -70
      vertex 65.4717 -32.2871 0
    endloop
  endfacet
  facet normal 0.793141 -0.359367 -0.491714
    outer loop
      vertex 65.4717 -32.2871 0
      vertex 30.0004 -14.7946 -70
      vertex 67.4432 -27.9359 0
    endloop
  endfacet
  facet normal 0.0853685 -0.866561 -0.491715
    outer loop
      vertex 9.52841 -72.3755 0
      vertex 2.18773 -33.3784 -70
      vertex 4.3661 -33.1638 -70
    endloop
  endfacet
  facet normal 0.141818 -0.85913 -0.491715
    outer loop
      vertex 9.52841 -72.3755 0
      vertex 4.3661 -33.1638 -70
      vertex 6.52577 -32.8073 -70
    endloop
  endfacet
  facet normal 0.0853444 -0.866564 -0.491714
    outer loop
      vertex 4.77443 -72.8437 0
      vertex 2.18773 -33.3784 -70
      vertex 9.52841 -72.3755 0
    endloop
  endfacet
  facet normal 0.0284829 -0.870291 -0.491714
    outer loop
      vertex 4.77443 -72.8437 0
      vertex 0 -33.45 -70
      vertex 2.18773 -33.3784 -70
    endloop
  endfacet
  facet normal 0.197747 -0.848006 -0.491713
    outer loop
      vertex 14.2416 -71.5973 0
      vertex 6.52577 -32.8073 -70
      vertex 8.6575 -32.3102 -70
    endloop
  endfacet
  facet normal 0.306698 -0.814957 -0.491713
    outer loop
      vertex 27.9359 -67.4432 0
      vertex 10.7521 -31.6748 -70
      vertex 12.8008 -30.9038 -70
    endloop
  endfacet
  facet normal 0.252769 -0.833261 -0.491714
    outer loop
      vertex 18.8938 -70.5126 0
      vertex 8.6575 -32.3102 -70
      vertex 23.4651 -69.1259 0
    endloop
  endfacet
  facet normal 0.410466 -0.767942 -0.491714
    outer loop
      vertex 32.2871 -65.4717 0
      vertex 14.7946 -30.0004 -70
      vertex 36.5 -63.2199 0
    endloop
  endfacet
  facet normal 0.359367 -0.793141 -0.491714
    outer loop
      vertex 27.9359 -67.4432 0
      vertex 14.7946 -30.0004 -70
      vertex 32.2871 -65.4717 0
    endloop
  endfacet
  facet normal 0.595239 -0.635537 -0.491714
    outer loop
      vertex 48.1322 -54.8843 0
      vertex 22.0551 -25.149 -70
      vertex 23.6527 -23.6527 -70
    endloop
  endfacet
  facet normal 0.595237 -0.635539 -0.491714
    outer loop
      vertex 48.1322 -54.8843 0
      vertex 23.6527 -23.6527 -70
      vertex 51.6188 -51.6188 0
    endloop
  endfacet
  facet normal -0.848006 -0.197747 -0.491713
    outer loop
      vertex -32.3102 -8.6575 -70
      vertex -71.5973 -14.2416 0
      vertex -32.8073 -6.52577 -70
    endloop
  endfacet
  facet normal -0.866561 -0.0853685 -0.491715
    outer loop
      vertex -33.1638 -4.3661 -70
      vertex -72.3755 -9.52841 0
      vertex -33.3784 -2.18773 -70
    endloop
  endfacet
  facet normal -0.707793 -0.507194 -0.491714
    outer loop
      vertex -57.9148 -44.4396 0
      vertex -60.6973 -40.5566 0
      vertex -26.5377 -20.3631 -70
    endloop
  endfacet
  facet normal -0.635539 -0.595237 -0.491714
    outer loop
      vertex -51.6188 -51.6188 0
      vertex -54.8843 -48.1322 0
      vertex -23.6527 -23.6527 -70
    endloop
  endfacet
  facet normal -0.739445 -0.459824 -0.491714
    outer loop
      vertex -60.6973 -40.5566 0
      vertex -63.2199 -36.5 0
      vertex -27.8127 -18.5838 -70
    endloop
  endfacet
  facet normal -0.833261 -0.252769 -0.491714
    outer loop
      vertex -69.1259 -23.4651 0
      vertex -70.5126 -18.8938 0
      vertex -32.3102 -8.6575 -70
    endloop
  endfacet
  facet normal -0.507189 -0.707797 -0.491714
    outer loop
      vertex -18.5838 -27.8127 -70
      vertex -40.5566 -60.6973 0
      vertex -20.3631 -26.5377 -70
    endloop
  endfacet
  facet normal -0.359374 -0.793138 -0.491714
    outer loop
      vertex -12.8008 -30.9038 -70
      vertex -27.9359 -67.4432 0
      vertex -14.7946 -30.0004 -70
    endloop
  endfacet
  facet normal -0.359367 -0.793141 -0.491714
    outer loop
      vertex -27.9359 -67.4432 0
      vertex -32.2871 -65.4717 0
      vertex -14.7946 -30.0004 -70
    endloop
  endfacet
  facet normal -0.306726 -0.814946 -0.491714
    outer loop
      vertex -23.4651 -69.1259 0
      vertex -27.9359 -67.4432 0
      vertex -10.7521 -31.6748 -70
    endloop
  endfacet
  facet normal -0.0853444 -0.866564 -0.491714
    outer loop
      vertex -4.77443 -72.8437 0
      vertex -9.52841 -72.3755 0
      vertex -2.18773 -33.3784 -70
    endloop
  endfacet
  facet normal -0.0284906 -0.87029 -0.491714
    outer loop
      vertex 0 -73 0
      vertex -4.77443 -72.8437 0
      vertex 0 -33.45 -70
    endloop
  endfacet
  facet normal 0.552428 0.673082 -0.491715
    outer loop
      vertex 22.0551 25.149 -70
      vertex 20.3631 26.5377 -70
      vertex 48.1322 54.8843 0
    endloop
  endfacet
  facet normal 0.306726 0.814946 -0.491714
    outer loop
      vertex 27.9359 67.4432 0
      vertex 10.7521 31.6748 -70
      vertex 23.4651 69.1259 0
    endloop
  endfacet
  facet normal 0.0284829 0.870291 -0.491714
    outer loop
      vertex 2.18773 33.3784 -70
      vertex 0 33.45 -70
      vertex 4.77443 72.8437 0
    endloop
  endfacet
  facet normal 0.767925 0.410496 -0.491715
    outer loop
      vertex 30.0004 14.7946 -70
      vertex 28.9685 16.725 -70
      vertex 63.2199 36.5 0
    endloop
  endfacet
  facet normal 0.859125 0.141851 -0.491714
    outer loop
      vertex 72.3755 9.52841 0
      vertex 32.8073 6.52577 -70
      vertex 71.5973 14.2416 0
    endloop
  endfacet
  facet normal -0.0853685 0.866561 -0.491715
    outer loop
      vertex -4.3661 33.1638 -70
      vertex -9.52841 72.3755 0
      vertex -2.18773 33.3784 -70
    endloop
  endfacet
  facet normal -0.507189 0.707797 -0.491714
    outer loop
      vertex -20.3631 26.5377 -70
      vertex -40.5566 60.6973 0
      vertex -18.5838 27.8127 -70
    endloop
  endfacet
  facet normal -0.359367 0.793141 -0.491714
    outer loop
      vertex -14.7946 30.0004 -70
      vertex -32.2871 65.4717 0
      vertex -27.9359 67.4432 0
    endloop
  endfacet
  facet normal -0.197721 0.848011 -0.491714
    outer loop
      vertex -8.6575 32.3102 -70
      vertex -18.8938 70.5126 0
      vertex -14.2416 71.5973 0
    endloop
  endfacet
  facet normal -0.767925 0.410496 -0.491715
    outer loop
      vertex -30.0004 14.7946 -70
      vertex -63.2199 36.5 0
      vertex -28.9685 16.725 -70
    endloop
  endfacet
  facet normal -0.673099 0.552409 -0.491714
    outer loop
      vertex -26.5377 20.3631 -70
      vertex -57.9148 44.4396 0
      vertex -54.8843 48.1322 0
    endloop
  endfacet
  facet normal -0.793141 0.359367 -0.491714
    outer loop
      vertex -30.0004 14.7946 -70
      vertex -67.4432 27.9359 0
      vertex -65.4717 32.2871 0
    endloop
  endfacet
  facet normal -0.833261 0.252771 -0.491714
    outer loop
      vertex -32.3102 8.6575 -70
      vertex -69.1259 23.4651 0
      vertex -31.6748 10.7521 -70
    endloop
  endfacet
  facet normal -0.866561 0.0853685 -0.491715
    outer loop
      vertex -33.3784 2.18773 -70
      vertex -72.3755 9.52841 0
      vertex -33.1638 4.3661 -70
    endloop
  endfacet
  facet normal -0.87029 -0.0284906 -0.491714
    outer loop
      vertex -72.8437 -4.77443 0
      vertex -73 0 0
      vertex -33.45 0 -70
    endloop
  endfacet
  facet normal 0.866561 -0.0853685 -0.491715
    outer loop
      vertex 72.3755 -9.52841 0
      vertex 33.1638 -4.3661 -70
      vertex 33.3784 -2.18773 -70
    endloop
  endfacet
  facet normal 0.85913 -0.141818 -0.491715
    outer loop
      vertex 72.3755 -9.52841 0
      vertex 32.8073 -6.52577 -70
      vertex 33.1638 -4.3661 -70
    endloop
  endfacet
  facet normal 0.848006 -0.197747 -0.491713
    outer loop
      vertex 71.5973 -14.2416 0
      vertex 32.3102 -8.6575 -70
      vertex 32.8073 -6.52577 -70
    endloop
  endfacet
  facet normal 0.673082 -0.552428 -0.491715
    outer loop
      vertex 54.8843 -48.1322 0
      vertex 25.149 -22.0551 -70
      vertex 26.5377 -20.3631 -70
    endloop
  endfacet
  facet normal 0.635537 -0.595239 -0.491714
    outer loop
      vertex 54.8843 -48.1322 0
      vertex 23.6527 -23.6527 -70
      vertex 25.149 -22.0551 -70
    endloop
  endfacet
  facet normal 0.459796 -0.739462 -0.491715
    outer loop
      vertex 36.5 -63.2199 0
      vertex 16.725 -28.9685 -70
      vertex 18.5838 -27.8127 -70
    endloop
  endfacet
  facet normal 0.410496 -0.767925 -0.491715
    outer loop
      vertex 36.5 -63.2199 0
      vertex 14.7946 -30.0004 -70
      vertex 16.725 -28.9685 -70
    endloop
  endfacet
  facet normal -0.673082 -0.552428 -0.491715
    outer loop
      vertex -25.149 -22.0551 -70
      vertex -54.8843 -48.1322 0
      vertex -26.5377 -20.3631 -70
    endloop
  endfacet
  facet normal -0.767942 -0.410466 -0.491714
    outer loop
      vertex -63.2199 -36.5 0
      vertex -65.4717 -32.2871 0
      vertex -30.0004 -14.7946 -70
    endloop
  endfacet
  facet normal -0.793141 -0.359367 -0.491714
    outer loop
      vertex -65.4717 -32.2871 0
      vertex -67.4432 -27.9359 0
      vertex -30.0004 -14.7946 -70
    endloop
  endfacet
  facet normal -0.814946 -0.306726 -0.491714
    outer loop
      vertex -67.4432 -27.9359 0
      vertex -69.1259 -23.4651 0
      vertex -31.6748 -10.7521 -70
    endloop
  endfacet
  facet normal -0.833261 -0.252771 -0.491714
    outer loop
      vertex -31.6748 -10.7521 -70
      vertex -69.1259 -23.4651 0
      vertex -32.3102 -8.6575 -70
    endloop
  endfacet
  facet normal -0.848011 -0.197721 -0.491714
    outer loop
      vertex -70.5126 -18.8938 0
      vertex -71.5973 -14.2416 0
      vertex -32.3102 -8.6575 -70
    endloop
  endfacet
  facet normal -0.859125 -0.141851 -0.491714
    outer loop
      vertex -71.5973 -14.2416 0
      vertex -72.3755 -9.52841 0
      vertex -32.8073 -6.52577 -70
    endloop
  endfacet
  facet normal -0.85913 -0.141818 -0.491715
    outer loop
      vertex -32.8073 -6.52577 -70
      vertex -72.3755 -9.52841 0
      vertex -33.1638 -4.3661 -70
    endloop
  endfacet
  facet normal -0.507194 -0.707793 -0.491714
    outer loop
      vertex -40.5566 -60.6973 0
      vertex -44.4396 -57.9148 0
      vertex -20.3631 -26.5377 -70
    endloop
  endfacet
  facet normal -0.552409 -0.673099 -0.491714
    outer loop
      vertex -44.4396 -57.9148 0
      vertex -48.1322 -54.8843 0
      vertex -20.3631 -26.5377 -70
    endloop
  endfacet
  facet normal -0.410466 -0.767942 -0.491714
    outer loop
      vertex -32.2871 -65.4717 0
      vertex -36.5 -63.2199 0
      vertex -14.7946 -30.0004 -70
    endloop
  endfacet
  facet normal -0.197721 -0.848011 -0.491714
    outer loop
      vertex -14.2416 -71.5973 0
      vertex -18.8938 -70.5126 0
      vertex -8.6575 -32.3102 -70
    endloop
  endfacet
  facet normal -0.252771 -0.833261 -0.491714
    outer loop
      vertex -8.6575 -32.3102 -70
      vertex -23.4651 -69.1259 0
      vertex -10.7521 -31.6748 -70
    endloop
  endfacet
  facet normal -0.141818 -0.85913 -0.491715
    outer loop
      vertex -4.3661 -33.1638 -70
      vertex -9.52841 -72.3755 0
      vertex -6.52577 -32.8073 -70
    endloop
  endfacet
  facet normal -0.0853685 -0.866561 -0.491715
    outer loop
      vertex -2.18773 -33.3784 -70
      vertex -9.52841 -72.3755 0
      vertex -4.3661 -33.1638 -70
    endloop
  endfacet
  facet normal -0.0284829 -0.870291 -0.491714
    outer loop
      vertex 0 -33.45 -70
      vertex -4.77443 -72.8437 0
      vertex -2.18773 -33.3784 -70
    endloop
  endfacet
  facet normal 0.507194 0.707793 -0.491714
    outer loop
      vertex 44.4396 57.9148 0
      vertex 20.3631 26.5377 -70
      vertex 40.5566 60.6973 0
    endloop
  endfacet
  facet normal 0.359374 0.793138 -0.491714
    outer loop
      vertex 14.7946 30.0004 -70
      vertex 12.8008 30.9038 -70
      vertex 27.9359 67.4432 0
    endloop
  endfacet
  facet normal 0.197721 0.848011 -0.491714
    outer loop
      vertex 18.8938 70.5126 0
      vertex 8.6575 32.3102 -70
      vertex 14.2416 71.5973 0
    endloop
  endfacet
  facet normal 0.252769 0.833261 -0.491714
    outer loop
      vertex 23.4651 69.1259 0
      vertex 8.6575 32.3102 -70
      vertex 18.8938 70.5126 0
    endloop
  endfacet
  facet normal 0.0853444 0.866564 -0.491714
    outer loop
      vertex 9.52841 72.3755 0
      vertex 2.18773 33.3784 -70
      vertex 4.77443 72.8437 0
    endloop
  endfacet
  facet normal 0.0853685 0.866561 -0.491715
    outer loop
      vertex 4.3661 33.1638 -70
      vertex 2.18773 33.3784 -70
      vertex 9.52841 72.3755 0
    endloop
  endfacet
  facet normal -0.0284829 0.870291 -0.491714
    outer loop
      vertex -2.18773 33.3784 -70
      vertex -4.77443 72.8437 0
      vertex 0 33.45 -70
    endloop
  endfacet
  facet normal 0.767942 0.410466 -0.491714
    outer loop
      vertex 65.4717 32.2871 0
      vertex 30.0004 14.7946 -70
      vertex 63.2199 36.5 0
    endloop
  endfacet
  facet normal 0.673099 0.552409 -0.491714
    outer loop
      vertex 57.9148 44.4396 0
      vertex 26.5377 20.3631 -70
      vertex 54.8843 48.1322 0
    endloop
  endfacet
  facet normal 0.793141 0.359367 -0.491714
    outer loop
      vertex 67.4432 27.9359 0
      vertex 30.0004 14.7946 -70
      vertex 65.4717 32.2871 0
    endloop
  endfacet
  facet normal -0.141818 0.85913 -0.491715
    outer loop
      vertex -6.52577 32.8073 -70
      vertex -9.52841 72.3755 0
      vertex -4.3661 33.1638 -70
    endloop
  endfacet
  facet normal -0.306698 0.814957 -0.491713
    outer loop
      vertex -12.8008 30.9038 -70
      vertex -27.9359 67.4432 0
      vertex -10.7521 31.6748 -70
    endloop
  endfacet
  facet normal -0.595239 0.635537 -0.491714
    outer loop
      vertex -23.6527 23.6527 -70
      vertex -48.1322 54.8843 0
      vertex -22.0551 25.149 -70
    endloop
  endfacet
  facet normal -0.410466 0.767942 -0.491714
    outer loop
      vertex -14.7946 30.0004 -70
      vertex -36.5 63.2199 0
      vertex -32.2871 65.4717 0
    endloop
  endfacet
  facet normal -0.459796 0.739462 -0.491715
    outer loop
      vertex -18.5838 27.8127 -70
      vertex -36.5 63.2199 0
      vertex -16.725 28.9685 -70
    endloop
  endfacet
  facet normal -0.252771 0.833261 -0.491714
    outer loop
      vertex -10.7521 31.6748 -70
      vertex -23.4651 69.1259 0
      vertex -8.6575 32.3102 -70
    endloop
  endfacet
  facet normal -0.306726 0.814946 -0.491714
    outer loop
      vertex -10.7521 31.6748 -70
      vertex -27.9359 67.4432 0
      vertex -23.4651 69.1259 0
    endloop
  endfacet
  facet normal -0.707793 0.507194 -0.491714
    outer loop
      vertex -26.5377 20.3631 -70
      vertex -60.6973 40.5566 0
      vertex -57.9148 44.4396 0
    endloop
  endfacet
  facet normal -0.814957 0.306698 -0.491713
    outer loop
      vertex -31.6748 10.7521 -70
      vertex -67.4432 27.9359 0
      vertex -30.9038 12.8008 -70
    endloop
  endfacet
  facet normal -0.793138 0.359374 -0.491714
    outer loop
      vertex -30.9038 12.8008 -70
      vertex -67.4432 27.9359 0
      vertex -30.0004 14.7946 -70
    endloop
  endfacet
  facet normal -0.767942 0.410466 -0.491714
    outer loop
      vertex -30.0004 14.7946 -70
      vertex -65.4717 32.2871 0
      vertex -63.2199 36.5 0
    endloop
  endfacet
  facet normal -0.739445 0.459824 -0.491714
    outer loop
      vertex -27.8127 18.5838 -70
      vertex -63.2199 36.5 0
      vertex -60.6973 40.5566 0
    endloop
  endfacet
  facet normal -0.707797 0.507189 -0.491714
    outer loop
      vertex -27.8127 18.5838 -70
      vertex -60.6973 40.5566 0
      vertex -26.5377 20.3631 -70
    endloop
  endfacet
  facet normal -0.848011 0.197721 -0.491714
    outer loop
      vertex -32.3102 8.6575 -70
      vertex -71.5973 14.2416 0
      vertex -70.5126 18.8938 0
    endloop
  endfacet
  facet normal -0.87029 0.0284906 -0.491714
    outer loop
      vertex -33.45 0 -70
      vertex -73 0 0
      vertex -72.8437 4.77443 0
    endloop
  endfacet
  facet normal -0.870291 0.0284829 -0.491714
    outer loop
      vertex -33.45 0 -70
      vertex -72.8437 4.77443 0
      vertex -33.3784 2.18773 -70
    endloop
  endfacet
  facet normal -0.635537 -0.595239 -0.491714
    outer loop
      vertex -23.6527 -23.6527 -70
      vertex -54.8843 -48.1322 0
      vertex -25.149 -22.0551 -70
    endloop
  endfacet
  facet normal -0.767925 -0.410496 -0.491715
    outer loop
      vertex -28.9685 -16.725 -70
      vertex -63.2199 -36.5 0
      vertex -30.0004 -14.7946 -70
    endloop
  endfacet
  facet normal -0.552428 -0.673082 -0.491715
    outer loop
      vertex -20.3631 -26.5377 -70
      vertex -48.1322 -54.8843 0
      vertex -22.0551 -25.149 -70
    endloop
  endfacet
  facet normal -0.410496 -0.767925 -0.491715
    outer loop
      vertex -14.7946 -30.0004 -70
      vertex -36.5 -63.2199 0
      vertex -16.725 -28.9685 -70
    endloop
  endfacet
  facet normal -0.459796 -0.739462 -0.491715
    outer loop
      vertex -16.725 -28.9685 -70
      vertex -36.5 -63.2199 0
      vertex -18.5838 -27.8127 -70
    endloop
  endfacet
  facet normal -0.141851 -0.859125 -0.491714
    outer loop
      vertex -9.52841 -72.3755 0
      vertex -14.2416 -71.5973 0
      vertex -6.52577 -32.8073 -70
    endloop
  endfacet
  facet normal -0.197747 -0.848006 -0.491713
    outer loop
      vertex -6.52577 -32.8073 -70
      vertex -14.2416 -71.5973 0
      vertex -8.6575 -32.3102 -70
    endloop
  endfacet
  facet normal -0.252769 -0.833261 -0.491714
    outer loop
      vertex -18.8938 -70.5126 0
      vertex -23.4651 -69.1259 0
      vertex -8.6575 -32.3102 -70
    endloop
  endfacet
  facet normal 0.410496 0.767925 -0.491715
    outer loop
      vertex 16.725 28.9685 -70
      vertex 14.7946 30.0004 -70
      vertex 36.5 63.2199 0
    endloop
  endfacet
  facet normal 0.410466 0.767942 -0.491714
    outer loop
      vertex 36.5 63.2199 0
      vertex 14.7946 30.0004 -70
      vertex 32.2871 65.4717 0
    endloop
  endfacet
  facet normal 0.359367 0.793141 -0.491714
    outer loop
      vertex 32.2871 65.4717 0
      vertex 14.7946 30.0004 -70
      vertex 27.9359 67.4432 0
    endloop
  endfacet
  facet normal 0.459824 0.739445 -0.491714
    outer loop
      vertex 40.5566 60.6973 0
      vertex 18.5838 27.8127 -70
      vertex 36.5 63.2199 0
    endloop
  endfacet
  facet normal 0.507189 0.707797 -0.491714
    outer loop
      vertex 20.3631 26.5377 -70
      vertex 18.5838 27.8127 -70
      vertex 40.5566 60.6973 0
    endloop
  endfacet
  facet normal 0.306698 0.814957 -0.491713
    outer loop
      vertex 12.8008 30.9038 -70
      vertex 10.7521 31.6748 -70
      vertex 27.9359 67.4432 0
    endloop
  endfacet
  facet normal 0.197747 0.848006 -0.491713
    outer loop
      vertex 8.6575 32.3102 -70
      vertex 6.52577 32.8073 -70
      vertex 14.2416 71.5973 0
    endloop
  endfacet
  facet normal -0.0284906 0.87029 -0.491714
    outer loop
      vertex 0 33.45 -70
      vertex -4.77443 72.8437 0
      vertex 0 73 0
    endloop
  endfacet
  facet normal 0.0284906 0.87029 -0.491714
    outer loop
      vertex 4.77443 72.8437 0
      vertex 0 33.45 -70
      vertex 0 73 0
    endloop
  endfacet
  facet normal 0.707793 0.507194 -0.491714
    outer loop
      vertex 60.6973 40.5566 0
      vertex 26.5377 20.3631 -70
      vertex 57.9148 44.4396 0
    endloop
  endfacet
  facet normal 0.595239 0.635537 -0.491714
    outer loop
      vertex 23.6527 23.6527 -70
      vertex 22.0551 25.149 -70
      vertex 48.1322 54.8843 0
    endloop
  endfacet
  facet normal 0.848006 0.197747 -0.491713
    outer loop
      vertex 32.8073 6.52577 -70
      vertex 32.3102 8.6575 -70
      vertex 71.5973 14.2416 0
    endloop
  endfacet
  facet normal 0.848011 0.197721 -0.491714
    outer loop
      vertex 71.5973 14.2416 0
      vertex 32.3102 8.6575 -70
      vertex 70.5126 18.8938 0
    endloop
  endfacet
  facet normal 0.793138 0.359374 -0.491714
    outer loop
      vertex 30.9038 12.8008 -70
      vertex 30.0004 14.7946 -70
      vertex 67.4432 27.9359 0
    endloop
  endfacet
  facet normal 0.814957 0.306698 -0.491713
    outer loop
      vertex 31.6748 10.7521 -70
      vertex 30.9038 12.8008 -70
      vertex 67.4432 27.9359 0
    endloop
  endfacet
  facet normal -0.197747 0.848006 -0.491713
    outer loop
      vertex -8.6575 32.3102 -70
      vertex -14.2416 71.5973 0
      vertex -6.52577 32.8073 -70
    endloop
  endfacet
  facet normal -0.141851 0.859125 -0.491714
    outer loop
      vertex -6.52577 32.8073 -70
      vertex -14.2416 71.5973 0
      vertex -9.52841 72.3755 0
    endloop
  endfacet
  facet normal -0.359374 0.793138 -0.491714
    outer loop
      vertex -14.7946 30.0004 -70
      vertex -27.9359 67.4432 0
      vertex -12.8008 30.9038 -70
    endloop
  endfacet
  facet normal -0.635539 0.595237 -0.491714
    outer loop
      vertex -23.6527 23.6527 -70
      vertex -54.8843 48.1322 0
      vertex -51.6188 51.6188 0
    endloop
  endfacet
  facet normal -0.595237 0.635539 -0.491714
    outer loop
      vertex -23.6527 23.6527 -70
      vertex -51.6188 51.6188 0
      vertex -48.1322 54.8843 0
    endloop
  endfacet
  facet normal -0.552428 0.673082 -0.491715
    outer loop
      vertex -22.0551 25.149 -70
      vertex -48.1322 54.8843 0
      vertex -20.3631 26.5377 -70
    endloop
  endfacet
  facet normal -0.552409 0.673099 -0.491714
    outer loop
      vertex -20.3631 26.5377 -70
      vertex -48.1322 54.8843 0
      vertex -44.4396 57.9148 0
    endloop
  endfacet
  facet normal -0.507194 0.707793 -0.491714
    outer loop
      vertex -20.3631 26.5377 -70
      vertex -44.4396 57.9148 0
      vertex -40.5566 60.6973 0
    endloop
  endfacet
  facet normal -0.459824 0.739445 -0.491714
    outer loop
      vertex -18.5838 27.8127 -70
      vertex -40.5566 60.6973 0
      vertex -36.5 63.2199 0
    endloop
  endfacet
  facet normal -0.410496 0.767925 -0.491715
    outer loop
      vertex -16.725 28.9685 -70
      vertex -36.5 63.2199 0
      vertex -14.7946 30.0004 -70
    endloop
  endfacet
  facet normal -0.739462 0.459796 -0.491715
    outer loop
      vertex -28.9685 16.725 -70
      vertex -63.2199 36.5 0
      vertex -27.8127 18.5838 -70
    endloop
  endfacet
  facet normal -0.859125 0.141851 -0.491714
    outer loop
      vertex -32.8073 6.52577 -70
      vertex -72.3755 9.52841 0
      vertex -71.5973 14.2416 0
    endloop
  endfacet
  facet normal -0.848006 0.197747 -0.491713
    outer loop
      vertex -32.8073 6.52577 -70
      vertex -71.5973 14.2416 0
      vertex -32.3102 8.6575 -70
    endloop
  endfacet
  facet normal -0.739462 -0.459796 -0.491715
    outer loop
      vertex -27.8127 -18.5838 -70
      vertex -63.2199 -36.5 0
      vertex -28.9685 -16.725 -70
    endloop
  endfacet
  facet normal 0.459796 0.739462 -0.491715
    outer loop
      vertex 18.5838 27.8127 -70
      vertex 16.725 28.9685 -70
      vertex 36.5 63.2199 0
    endloop
  endfacet
  facet normal 0.141818 0.85913 -0.491715
    outer loop
      vertex 6.52577 32.8073 -70
      vertex 4.3661 33.1638 -70
      vertex 9.52841 72.3755 0
    endloop
  endfacet
  facet normal 0.141851 0.859125 -0.491714
    outer loop
      vertex 14.2416 71.5973 0
      vertex 6.52577 32.8073 -70
      vertex 9.52841 72.3755 0
    endloop
  endfacet
  facet normal 0.739445 0.459824 -0.491714
    outer loop
      vertex 63.2199 36.5 0
      vertex 27.8127 18.5838 -70
      vertex 60.6973 40.5566 0
    endloop
  endfacet
  facet normal 0.707797 0.507189 -0.491714
    outer loop
      vertex 27.8127 18.5838 -70
      vertex 26.5377 20.3631 -70
      vertex 60.6973 40.5566 0
    endloop
  endfacet
  facet normal 0.739462 0.459796 -0.491715
    outer loop
      vertex 28.9685 16.725 -70
      vertex 27.8127 18.5838 -70
      vertex 63.2199 36.5 0
    endloop
  endfacet
  facet normal 0.673082 0.552428 -0.491715
    outer loop
      vertex 26.5377 20.3631 -70
      vertex 25.149 22.0551 -70
      vertex 54.8843 48.1322 0
    endloop
  endfacet
  facet normal 0.595237 0.635539 -0.491714
    outer loop
      vertex 51.6188 51.6188 0
      vertex 23.6527 23.6527 -70
      vertex 48.1322 54.8843 0
    endloop
  endfacet
  facet normal 0.635539 0.595237 -0.491714
    outer loop
      vertex 54.8843 48.1322 0
      vertex 23.6527 23.6527 -70
      vertex 51.6188 51.6188 0
    endloop
  endfacet
  facet normal 0.635537 0.595239 -0.491714
    outer loop
      vertex 25.149 22.0551 -70
      vertex 23.6527 23.6527 -70
      vertex 54.8843 48.1322 0
    endloop
  endfacet
  facet normal 0.866564 0.0853444 -0.491714
    outer loop
      vertex 72.8437 4.77443 0
      vertex 33.3784 2.18773 -70
      vertex 72.3755 9.52841 0
    endloop
  endfacet
  facet normal 0.814946 0.306726 -0.491714
    outer loop
      vertex 69.1259 23.4651 0
      vertex 31.6748 10.7521 -70
      vertex 67.4432 27.9359 0
    endloop
  endfacet
  facet normal 0.833261 0.252771 -0.491714
    outer loop
      vertex 32.3102 8.6575 -70
      vertex 31.6748 10.7521 -70
      vertex 69.1259 23.4651 0
    endloop
  endfacet
  facet normal 0.85913 0.141818 -0.491715
    outer loop
      vertex 33.1638 4.3661 -70
      vertex 32.8073 6.52577 -70
      vertex 72.3755 9.52841 0
    endloop
  endfacet
  facet normal 0.866561 0.0853685 -0.491715
    outer loop
      vertex 33.3784 2.18773 -70
      vertex 33.1638 4.3661 -70
      vertex 72.3755 9.52841 0
    endloop
  endfacet
  facet normal 0.999465 0.0327105 0
    outer loop
      vertex 33.45 0 -70
      vertex 33.3784 2.18773 -105
      vertex 33.3784 2.18773 -70
    endloop
  endfacet
  facet normal 0.999465 0.0327105 0
    outer loop
      vertex 33.3784 2.18773 -105
      vertex 33.45 0 -70
      vertex 33.45 0 -105
    endloop
  endfacet
  facet normal -0.999465 0.0327105 0
    outer loop
      vertex -33.45 0 -105
      vertex -33.3784 2.18773 -70
      vertex -33.3784 2.18773 -105
    endloop
  endfacet
  facet normal -0.999465 0.0327105 0
    outer loop
      vertex -33.3784 2.18773 -70
      vertex -33.45 0 -105
      vertex -33.45 0 -70
    endloop
  endfacet
  facet normal 0.0327105 0.999465 -0
    outer loop
      vertex 2.18773 33.3784 -105
      vertex 0 33.45 -70
      vertex 2.18773 33.3784 -70
    endloop
  endfacet
  facet normal 0.0327105 0.999465 0
    outer loop
      vertex 0 33.45 -70
      vertex 2.18773 33.3784 -105
      vertex 0 33.45 -105
    endloop
  endfacet
  facet normal 0.729868 0.683588 0
    outer loop
      vertex 25.149 22.0551 -70
      vertex 23.6527 23.6527 -105
      vertex 23.6527 23.6527 -70
    endloop
  endfacet
  facet normal 0.729868 0.683588 0
    outer loop
      vertex 23.6527 23.6527 -105
      vertex 25.149 22.0551 -70
      vertex 25.149 22.0551 -105
    endloop
  endfacet
  facet normal -0.683588 0.729868 0
    outer loop
      vertex -22.0551 25.149 -105
      vertex -23.6527 23.6527 -70
      vertex -22.0551 25.149 -70
    endloop
  endfacet
  facet normal -0.683588 0.729868 0
    outer loop
      vertex -23.6527 23.6527 -70
      vertex -22.0551 25.149 -105
      vertex -23.6527 23.6527 -105
    endloop
  endfacet
  facet normal -0.35222 0.935917 0
    outer loop
      vertex -10.7521 31.6748 -105
      vertex -12.8008 30.9038 -70
      vertex -10.7521 31.6748 -70
    endloop
  endfacet
  facet normal -0.35222 0.935917 0
    outer loop
      vertex -12.8008 30.9038 -70
      vertex -10.7521 31.6748 -105
      vertex -12.8008 30.9038 -105
    endloop
  endfacet
  facet normal 0.91086 0.412715 0
    outer loop
      vertex 30.9038 12.8008 -70
      vertex 30.0004 14.7946 -105
      vertex 30.0004 14.7946 -70
    endloop
  endfacet
  facet normal 0.91086 0.412715 0
    outer loop
      vertex 30.0004 14.7946 -105
      vertex 30.9038 12.8008 -70
      vertex 30.9038 12.8008 -105
    endloop
  endfacet
  facet normal 0.412715 0.91086 -0
    outer loop
      vertex 14.7946 30.0004 -105
      vertex 12.8008 30.9038 -70
      vertex 14.7946 30.0004 -70
    endloop
  endfacet
  facet normal 0.412715 0.91086 0
    outer loop
      vertex 12.8008 30.9038 -70
      vertex 14.7946 30.0004 -105
      vertex 12.8008 30.9038 -105
    endloop
  endfacet
  facet normal 0.582469 0.812853 -0
    outer loop
      vertex 20.3631 26.5377 -105
      vertex 18.5838 27.8127 -70
      vertex 20.3631 26.5377 -70
    endloop
  endfacet
  facet normal 0.582469 0.812853 0
    outer loop
      vertex 18.5838 27.8127 -70
      vertex 20.3631 26.5377 -105
      vertex 18.5838 27.8127 -105
    endloop
  endfacet
  facet normal -0.91086 0.412715 0
    outer loop
      vertex -30.9038 12.8008 -105
      vertex -30.0004 14.7946 -70
      vertex -30.0004 14.7946 -105
    endloop
  endfacet
  facet normal -0.91086 0.412715 0
    outer loop
      vertex -30.0004 14.7946 -70
      vertex -30.9038 12.8008 -105
      vertex -30.9038 12.8008 -70
    endloop
  endfacet
  facet normal -0.162867 0.986648 0
    outer loop
      vertex -4.3661 33.1638 -105
      vertex -6.52577 32.8073 -70
      vertex -4.3661 33.1638 -70
    endloop
  endfacet
  facet normal -0.162867 0.986648 0
    outer loop
      vertex -6.52577 32.8073 -70
      vertex -4.3661 33.1638 -105
      vertex -6.52577 32.8073 -105
    endloop
  endfacet
  facet normal 0 0 -1
    outer loop
      vertex 30.45 0 -105
      vertex 33.45 0 -105
      vertex 33.3784 -2.18773 -105
    endloop
  endfacet
  facet normal 0 0 -1
    outer loop
      vertex 30.3848 -1.99152 -105
      vertex 33.3784 -2.18773 -105
      vertex 33.1638 -4.3661 -105
    endloop
  endfacet
  facet normal 0 0 -1
    outer loop
      vertex 33.45 0 -105
      vertex 30.45 0 -105
      vertex 33.3784 2.18773 -105
    endloop
  endfacet
  facet normal 0 0 -1
    outer loop
      vertex 30.1895 -3.97452 -105
      vertex 33.1638 -4.3661 -105
      vertex 32.8073 -6.52577 -105
    endloop
  endfacet
  facet normal 0 0 -1
    outer loop
      vertex 30.3848 1.99152 -105
      vertex 33.3784 2.18773 -105
      vertex 30.45 0 -105
    endloop
  endfacet
  facet normal 0 0 -1
    outer loop
      vertex 29.8649 -5.9405 -105
      vertex 32.8073 -6.52577 -105
      vertex 32.3102 -8.6575 -105
    endloop
  endfacet
  facet normal -0 0 -1
    outer loop
      vertex 33.3784 2.18773 -105
      vertex 30.3848 1.99152 -105
      vertex 33.1638 4.3661 -105
    endloop
  endfacet
  facet normal 0 0 -1
    outer loop
      vertex 29.4124 -7.88104 -105
      vertex 32.3102 -8.6575 -105
      vertex 31.6748 -10.7521 -105
    endloop
  endfacet
  facet normal 0 0 -1
    outer loop
      vertex 30.1895 3.97452 -105
      vertex 33.1638 4.3661 -105
      vertex 30.3848 1.99152 -105
    endloop
  endfacet
  facet normal 0 0 -1
    outer loop
      vertex 28.834 -9.78783 -105
      vertex 31.6748 -10.7521 -105
      vertex 30.9038 -12.8008 -105
    endloop
  endfacet
  facet normal -0 0 -1
    outer loop
      vertex 33.1638 4.3661 -105
      vertex 30.1895 3.97452 -105
      vertex 32.8073 6.52577 -105
    endloop
  endfacet
  facet normal 0 0 -1
    outer loop
      vertex 29.8649 5.9405 -105
      vertex 32.8073 6.52577 -105
      vertex 30.1895 3.97452 -105
    endloop
  endfacet
  facet normal 0 0 -1
    outer loop
      vertex 33.3784 -2.18773 -105
      vertex 30.3848 -1.99152 -105
      vertex 30.45 0 -105
    endloop
  endfacet
  facet normal 0 0 -1
    outer loop
      vertex 33.1638 -4.3661 -105
      vertex 30.1895 -3.97452 -105
      vertex 30.3848 -1.99152 -105
    endloop
  endfacet
  facet normal 0 0 -1
    outer loop
      vertex 28.1321 -11.6527 -105
      vertex 30.9038 -12.8008 -105
      vertex 30.0004 -14.7946 -105
    endloop
  endfacet
  facet normal 0 0 -1
    outer loop
      vertex 32.8073 -6.52577 -105
      vertex 29.8649 -5.9405 -105
      vertex 30.1895 -3.97452 -105
    endloop
  endfacet
  facet normal 0 0 -1
    outer loop
      vertex 32.3102 -8.6575 -105
      vertex 29.4124 -7.88104 -105
      vertex 29.8649 -5.9405 -105
    endloop
  endfacet
  facet normal 0 0 -1
    outer loop
      vertex 27.3098 -13.4677 -105
      vertex 30.0004 -14.7946 -105
      vertex 28.9685 -16.725 -105
    endloop
  endfacet
  facet normal 0 0 -1
    outer loop
      vertex 31.6748 -10.7521 -105
      vertex 28.834 -9.78783 -105
      vertex 29.4124 -7.88104 -105
    endloop
  endfacet
  facet normal 0 0 -1
    outer loop
      vertex 30.9038 -12.8008 -105
      vertex 28.1321 -11.6527 -105
      vertex 28.834 -9.78783 -105
    endloop
  endfacet
  facet normal 0 0 -1
    outer loop
      vertex 26.3705 -15.225 -105
      vertex 28.9685 -16.725 -105
      vertex 27.8127 -18.5838 -105
    endloop
  endfacet
  facet normal 0 0 -1
    outer loop
      vertex 30.0004 -14.7946 -105
      vertex 27.3098 -13.4677 -105
      vertex 28.1321 -11.6527 -105
    endloop
  endfacet
  facet normal 0 0 -1
    outer loop
      vertex 25.3182 -16.9171 -105
      vertex 27.8127 -18.5838 -105
      vertex 26.5377 -20.3631 -105
    endloop
  endfacet
  facet normal 0 0 -1
    outer loop
      vertex 28.9685 -16.725 -105
      vertex 26.3705 -15.225 -105
      vertex 27.3098 -13.4677 -105
    endloop
  endfacet
  facet normal 0 0 -1
    outer loop
      vertex 27.8127 -18.5838 -105
      vertex 25.3182 -16.9171 -105
      vertex 26.3705 -15.225 -105
    endloop
  endfacet
  facet normal 0 0 -1
    outer loop
      vertex 24.1576 -18.5368 -105
      vertex 26.5377 -20.3631 -105
      vertex 25.149 -22.0551 -105
    endloop
  endfacet
  facet normal 0 0 -1
    outer loop
      vertex 26.5377 -20.3631 -105
      vertex 24.1576 -18.5368 -105
      vertex 25.3182 -16.9171 -105
    endloop
  endfacet
  facet normal 0 0 -1
    outer loop
      vertex 22.8935 -20.0771 -105
      vertex 25.149 -22.0551 -105
      vertex 23.6527 -23.6527 -105
    endloop
  endfacet
  facet normal 0 0 -1
    outer loop
      vertex 25.149 -22.0551 -105
      vertex 22.8935 -20.0771 -105
      vertex 24.1576 -18.5368 -105
    endloop
  endfacet
  facet normal 0 0 -1
    outer loop
      vertex 21.5314 -21.5314 -105
      vertex 23.6527 -23.6527 -105
      vertex 22.0551 -25.149 -105
    endloop
  endfacet
  facet normal 0 0 -1
    outer loop
      vertex 23.6527 -23.6527 -105
      vertex 21.5314 -21.5314 -105
      vertex 22.8935 -20.0771 -105
    endloop
  endfacet
  facet normal 0 0 -1
    outer loop
      vertex 20.0771 -22.8935 -105
      vertex 22.0551 -25.149 -105
      vertex 20.3631 -26.5377 -105
    endloop
  endfacet
  facet normal 0 0 -1
    outer loop
      vertex 22.0551 -25.149 -105
      vertex 20.0771 -22.8935 -105
      vertex 21.5314 -21.5314 -105
    endloop
  endfacet
  facet normal 0 0 -1
    outer loop
      vertex 18.5368 -24.1576 -105
      vertex 20.3631 -26.5377 -105
      vertex 18.5838 -27.8127 -105
    endloop
  endfacet
  facet normal 0 0 -1
    outer loop
      vertex 20.3631 -26.5377 -105
      vertex 18.5368 -24.1576 -105
      vertex 20.0771 -22.8935 -105
    endloop
  endfacet
  facet normal 0 0 -1
    outer loop
      vertex 18.5838 -27.8127 -105
      vertex 16.9171 -25.3182 -105
      vertex 18.5368 -24.1576 -105
    endloop
  endfacet
  facet normal 0 0 -1
    outer loop
      vertex 16.725 -28.9685 -105
      vertex 16.9171 -25.3182 -105
      vertex 18.5838 -27.8127 -105
    endloop
  endfacet
  facet normal 0 0 -1
    outer loop
      vertex 16.725 -28.9685 -105
      vertex 15.225 -26.3705 -105
      vertex 16.9171 -25.3182 -105
    endloop
  endfacet
  facet normal 0 0 -1
    outer loop
      vertex 14.7946 -30.0004 -105
      vertex 15.225 -26.3705 -105
      vertex 16.725 -28.9685 -105
    endloop
  endfacet
  facet normal 0 0 -1
    outer loop
      vertex 14.7946 -30.0004 -105
      vertex 13.4677 -27.3098 -105
      vertex 15.225 -26.3705 -105
    endloop
  endfacet
  facet normal 0 0 -1
    outer loop
      vertex 12.8008 -30.9038 -105
      vertex 13.4677 -27.3098 -105
      vertex 14.7946 -30.0004 -105
    endloop
  endfacet
  facet normal 0 0 -1
    outer loop
      vertex 12.8008 -30.9038 -105
      vertex 11.6527 -28.1321 -105
      vertex 13.4677 -27.3098 -105
    endloop
  endfacet
  facet normal 0 0 -1
    outer loop
      vertex 10.7521 -31.6748 -105
      vertex 11.6527 -28.1321 -105
      vertex 12.8008 -30.9038 -105
    endloop
  endfacet
  facet normal 0 0 -1
    outer loop
      vertex 10.7521 -31.6748 -105
      vertex 9.78783 -28.834 -105
      vertex 11.6527 -28.1321 -105
    endloop
  endfacet
  facet normal 0 0 -1
    outer loop
      vertex 8.6575 -32.3102 -105
      vertex 9.78783 -28.834 -105
      vertex 10.7521 -31.6748 -105
    endloop
  endfacet
  facet normal 0 0 -1
    outer loop
      vertex 8.6575 -32.3102 -105
      vertex 7.88104 -29.4124 -105
      vertex 9.78783 -28.834 -105
    endloop
  endfacet
  facet normal 0 0 -1
    outer loop
      vertex 6.52577 -32.8073 -105
      vertex 7.88104 -29.4124 -105
      vertex 8.6575 -32.3102 -105
    endloop
  endfacet
  facet normal 0 0 -1
    outer loop
      vertex 6.52577 -32.8073 -105
      vertex 5.9405 -29.8649 -105
      vertex 7.88104 -29.4124 -105
    endloop
  endfacet
  facet normal 0 0 -1
    outer loop
      vertex 4.3661 -33.1638 -105
      vertex 5.9405 -29.8649 -105
      vertex 6.52577 -32.8073 -105
    endloop
  endfacet
  facet normal 0 0 -1
    outer loop
      vertex 4.3661 -33.1638 -105
      vertex 3.97452 -30.1895 -105
      vertex 5.9405 -29.8649 -105
    endloop
  endfacet
  facet normal 0 0 -1
    outer loop
      vertex 2.18773 -33.3784 -105
      vertex 3.97452 -30.1895 -105
      vertex 4.3661 -33.1638 -105
    endloop
  endfacet
  facet normal 0 0 -1
    outer loop
      vertex 2.18773 -33.3784 -105
      vertex 1.99152 -30.3848 -105
      vertex 3.97452 -30.1895 -105
    endloop
  endfacet
  facet normal 0 0 -1
    outer loop
      vertex 0 -33.45 -105
      vertex 1.99152 -30.3848 -105
      vertex 2.18773 -33.3784 -105
    endloop
  endfacet
  facet normal 0 0 -1
    outer loop
      vertex 0 -33.45 -105
      vertex 0 -30.45 -105
      vertex 1.99152 -30.3848 -105
    endloop
  endfacet
  facet normal 0 0 -1
    outer loop
      vertex 0 -33.45 -105
      vertex -1.99152 -30.3848 -105
      vertex 0 -30.45 -105
    endloop
  endfacet
  facet normal 0 0 -1
    outer loop
      vertex -2.18773 -33.3784 -105
      vertex -1.99152 -30.3848 -105
      vertex 0 -33.45 -105
    endloop
  endfacet
  facet normal 0 0 -1
    outer loop
      vertex -2.18773 -33.3784 -105
      vertex -3.97452 -30.1895 -105
      vertex -1.99152 -30.3848 -105
    endloop
  endfacet
  facet normal 0 0 -1
    outer loop
      vertex -4.3661 -33.1638 -105
      vertex -3.97452 -30.1895 -105
      vertex -2.18773 -33.3784 -105
    endloop
  endfacet
  facet normal 0 0 -1
    outer loop
      vertex -4.3661 -33.1638 -105
      vertex -5.9405 -29.8649 -105
      vertex -3.97452 -30.1895 -105
    endloop
  endfacet
  facet normal 0 0 -1
    outer loop
      vertex -6.52577 -32.8073 -105
      vertex -5.9405 -29.8649 -105
      vertex -4.3661 -33.1638 -105
    endloop
  endfacet
  facet normal 0 0 -1
    outer loop
      vertex -6.52577 -32.8073 -105
      vertex -7.88104 -29.4124 -105
      vertex -5.9405 -29.8649 -105
    endloop
  endfacet
  facet normal 0 0 -1
    outer loop
      vertex -8.6575 -32.3102 -105
      vertex -7.88104 -29.4124 -105
      vertex -6.52577 -32.8073 -105
    endloop
  endfacet
  facet normal 0 0 -1
    outer loop
      vertex -8.6575 -32.3102 -105
      vertex -9.78783 -28.834 -105
      vertex -7.88104 -29.4124 -105
    endloop
  endfacet
  facet normal 0 0 -1
    outer loop
      vertex -10.7521 -31.6748 -105
      vertex -9.78783 -28.834 -105
      vertex -8.6575 -32.3102 -105
    endloop
  endfacet
  facet normal 0 0 -1
    outer loop
      vertex -10.7521 -31.6748 -105
      vertex -11.6527 -28.1321 -105
      vertex -9.78783 -28.834 -105
    endloop
  endfacet
  facet normal 0 0 -1
    outer loop
      vertex -12.8008 -30.9038 -105
      vertex -11.6527 -28.1321 -105
      vertex -10.7521 -31.6748 -105
    endloop
  endfacet
  facet normal 0 0 -1
    outer loop
      vertex -12.8008 -30.9038 -105
      vertex -13.4677 -27.3098 -105
      vertex -11.6527 -28.1321 -105
    endloop
  endfacet
  facet normal 0 0 -1
    outer loop
      vertex -14.7946 -30.0004 -105
      vertex -13.4677 -27.3098 -105
      vertex -12.8008 -30.9038 -105
    endloop
  endfacet
  facet normal 0 0 -1
    outer loop
      vertex -14.7946 -30.0004 -105
      vertex -15.225 -26.3705 -105
      vertex -13.4677 -27.3098 -105
    endloop
  endfacet
  facet normal 0 0 -1
    outer loop
      vertex -16.725 -28.9685 -105
      vertex -15.225 -26.3705 -105
      vertex -14.7946 -30.0004 -105
    endloop
  endfacet
  facet normal 0 0 -1
    outer loop
      vertex -16.725 -28.9685 -105
      vertex -16.9171 -25.3182 -105
      vertex -15.225 -26.3705 -105
    endloop
  endfacet
  facet normal 0 0 -1
    outer loop
      vertex -18.5838 -27.8127 -105
      vertex -16.9171 -25.3182 -105
      vertex -16.725 -28.9685 -105
    endloop
  endfacet
  facet normal -0 0 -1
    outer loop
      vertex -16.9171 -25.3182 -105
      vertex -18.5838 -27.8127 -105
      vertex -18.5368 -24.1576 -105
    endloop
  endfacet
  facet normal 0 0 -1
    outer loop
      vertex -20.3631 -26.5377 -105
      vertex -18.5368 -24.1576 -105
      vertex -18.5838 -27.8127 -105
    endloop
  endfacet
  facet normal -0 0 -1
    outer loop
      vertex -18.5368 -24.1576 -105
      vertex -20.3631 -26.5377 -105
      vertex -20.0771 -22.8935 -105
    endloop
  endfacet
  facet normal 0 0 -1
    outer loop
      vertex -22.0551 -25.149 -105
      vertex -20.0771 -22.8935 -105
      vertex -20.3631 -26.5377 -105
    endloop
  endfacet
  facet normal -0 0 -1
    outer loop
      vertex -20.0771 -22.8935 -105
      vertex -22.0551 -25.149 -105
      vertex -21.5314 -21.5314 -105
    endloop
  endfacet
  facet normal 0 0 -1
    outer loop
      vertex -23.6527 -23.6527 -105
      vertex -21.5314 -21.5314 -105
      vertex -22.0551 -25.149 -105
    endloop
  endfacet
  facet normal -0 0 -1
    outer loop
      vertex -21.5314 -21.5314 -105
      vertex -23.6527 -23.6527 -105
      vertex -22.8935 -20.0771 -105
    endloop
  endfacet
  facet normal 0 0 -1
    outer loop
      vertex -25.149 -22.0551 -105
      vertex -22.8935 -20.0771 -105
      vertex -23.6527 -23.6527 -105
    endloop
  endfacet
  facet normal -0 0 -1
    outer loop
      vertex -22.8935 -20.0771 -105
      vertex -25.149 -22.0551 -105
      vertex -24.1576 -18.5368 -105
    endloop
  endfacet
  facet normal 0 0 -1
    outer loop
      vertex -26.5377 -20.3631 -105
      vertex -24.1576 -18.5368 -105
      vertex -25.149 -22.0551 -105
    endloop
  endfacet
  facet normal -0 0 -1
    outer loop
      vertex -24.1576 -18.5368 -105
      vertex -26.5377 -20.3631 -105
      vertex -25.3182 -16.9171 -105
    endloop
  endfacet
  facet normal 0 0 -1
    outer loop
      vertex -27.8127 -18.5838 -105
      vertex -25.3182 -16.9171 -105
      vertex -26.5377 -20.3631 -105
    endloop
  endfacet
  facet normal -0 0 -1
    outer loop
      vertex -25.3182 -16.9171 -105
      vertex -27.8127 -18.5838 -105
      vertex -26.3705 -15.225 -105
    endloop
  endfacet
  facet normal 0 0 -1
    outer loop
      vertex -28.9685 -16.725 -105
      vertex -26.3705 -15.225 -105
      vertex -27.8127 -18.5838 -105
    endloop
  endfacet
  facet normal -0 0 -1
    outer loop
      vertex -26.3705 -15.225 -105
      vertex -28.9685 -16.725 -105
      vertex -27.3098 -13.4677 -105
    endloop
  endfacet
  facet normal 0 0 -1
    outer loop
      vertex -30.0004 -14.7946 -105
      vertex -27.3098 -13.4677 -105
      vertex -28.9685 -16.725 -105
    endloop
  endfacet
  facet normal -0 0 -1
    outer loop
      vertex -27.3098 -13.4677 -105
      vertex -30.0004 -14.7946 -105
      vertex -28.1321 -11.6527 -105
    endloop
  endfacet
  facet normal 0 0 -1
    outer loop
      vertex -30.9038 -12.8008 -105
      vertex -28.1321 -11.6527 -105
      vertex -30.0004 -14.7946 -105
    endloop
  endfacet
  facet normal -0 0 -1
    outer loop
      vertex -28.1321 -11.6527 -105
      vertex -30.9038 -12.8008 -105
      vertex -28.834 -9.78783 -105
    endloop
  endfacet
  facet normal 0 0 -1
    outer loop
      vertex -31.6748 -10.7521 -105
      vertex -28.834 -9.78783 -105
      vertex -30.9038 -12.8008 -105
    endloop
  endfacet
  facet normal -0 0 -1
    outer loop
      vertex -28.834 -9.78783 -105
      vertex -31.6748 -10.7521 -105
      vertex -29.4124 -7.88104 -105
    endloop
  endfacet
  facet normal 0 0 -1
    outer loop
      vertex -32.3102 -8.6575 -105
      vertex -29.4124 -7.88104 -105
      vertex -31.6748 -10.7521 -105
    endloop
  endfacet
  facet normal -0 0 -1
    outer loop
      vertex -29.4124 -7.88104 -105
      vertex -32.3102 -8.6575 -105
      vertex -29.8649 -5.9405 -105
    endloop
  endfacet
  facet normal 0 0 -1
    outer loop
      vertex -32.8073 -6.52577 -105
      vertex -29.8649 -5.9405 -105
      vertex -32.3102 -8.6575 -105
    endloop
  endfacet
  facet normal -0 0 -1
    outer loop
      vertex 32.8073 6.52577 -105
      vertex 29.8649 5.9405 -105
      vertex 32.3102 8.6575 -105
    endloop
  endfacet
  facet normal 0 0 -1
    outer loop
      vertex 29.4124 7.88104 -105
      vertex 32.3102 8.6575 -105
      vertex 29.8649 5.9405 -105
    endloop
  endfacet
  facet normal -0 0 -1
    outer loop
      vertex 32.3102 8.6575 -105
      vertex 29.4124 7.88104 -105
      vertex 31.6748 10.7521 -105
    endloop
  endfacet
  facet normal 0 0 -1
    outer loop
      vertex 28.834 9.78783 -105
      vertex 31.6748 10.7521 -105
      vertex 29.4124 7.88104 -105
    endloop
  endfacet
  facet normal -0 0 -1
    outer loop
      vertex 31.6748 10.7521 -105
      vertex 28.834 9.78783 -105
      vertex 30.9038 12.8008 -105
    endloop
  endfacet
  facet normal 0 0 -1
    outer loop
      vertex 28.1321 11.6527 -105
      vertex 30.9038 12.8008 -105
      vertex 28.834 9.78783 -105
    endloop
  endfacet
  facet normal -0 0 -1
    outer loop
      vertex 30.9038 12.8008 -105
      vertex 28.1321 11.6527 -105
      vertex 30.0004 14.7946 -105
    endloop
  endfacet
  facet normal 0 0 -1
    outer loop
      vertex 27.3098 13.4677 -105
      vertex 30.0004 14.7946 -105
      vertex 28.1321 11.6527 -105
    endloop
  endfacet
  facet normal -0 0 -1
    outer loop
      vertex 30.0004 14.7946 -105
      vertex 27.3098 13.4677 -105
      vertex 28.9685 16.725 -105
    endloop
  endfacet
  facet normal 0 0 -1
    outer loop
      vertex 26.3705 15.225 -105
      vertex 28.9685 16.725 -105
      vertex 27.3098 13.4677 -105
    endloop
  endfacet
  facet normal -0 0 -1
    outer loop
      vertex 28.9685 16.725 -105
      vertex 26.3705 15.225 -105
      vertex 27.8127 18.5838 -105
    endloop
  endfacet
  facet normal 0 0 -1
    outer loop
      vertex 25.3182 16.9171 -105
      vertex 27.8127 18.5838 -105
      vertex 26.3705 15.225 -105
    endloop
  endfacet
  facet normal -0 0 -1
    outer loop
      vertex 27.8127 18.5838 -105
      vertex 25.3182 16.9171 -105
      vertex 26.5377 20.3631 -105
    endloop
  endfacet
  facet normal 0 0 -1
    outer loop
      vertex 24.1576 18.5368 -105
      vertex 26.5377 20.3631 -105
      vertex 25.3182 16.9171 -105
    endloop
  endfacet
  facet normal -0 0 -1
    outer loop
      vertex 26.5377 20.3631 -105
      vertex 24.1576 18.5368 -105
      vertex 25.149 22.0551 -105
    endloop
  endfacet
  facet normal 0 0 -1
    outer loop
      vertex 22.8935 20.0771 -105
      vertex 25.149 22.0551 -105
      vertex 24.1576 18.5368 -105
    endloop
  endfacet
  facet normal -0 0 -1
    outer loop
      vertex 25.149 22.0551 -105
      vertex 22.8935 20.0771 -105
      vertex 23.6527 23.6527 -105
    endloop
  endfacet
  facet normal 0 0 -1
    outer loop
      vertex 21.5314 21.5314 -105
      vertex 23.6527 23.6527 -105
      vertex 22.8935 20.0771 -105
    endloop
  endfacet
  facet normal -0 0 -1
    outer loop
      vertex 23.6527 23.6527 -105
      vertex 21.5314 21.5314 -105
      vertex 22.0551 25.149 -105
    endloop
  endfacet
  facet normal 0 0 -1
    outer loop
      vertex 20.0771 22.8935 -105
      vertex 22.0551 25.149 -105
      vertex 21.5314 21.5314 -105
    endloop
  endfacet
  facet normal -0 0 -1
    outer loop
      vertex 22.0551 25.149 -105
      vertex 20.0771 22.8935 -105
      vertex 20.3631 26.5377 -105
    endloop
  endfacet
  facet normal 0 0 -1
    outer loop
      vertex 18.5368 24.1576 -105
      vertex 20.3631 26.5377 -105
      vertex 20.0771 22.8935 -105
    endloop
  endfacet
  facet normal -0 0 -1
    outer loop
      vertex 20.3631 26.5377 -105
      vertex 18.5368 24.1576 -105
      vertex 18.5838 27.8127 -105
    endloop
  endfacet
  facet normal 0 0 -1
    outer loop
      vertex 16.9171 25.3182 -105
      vertex 18.5838 27.8127 -105
      vertex 18.5368 24.1576 -105
    endloop
  endfacet
  facet normal 0 0 -1
    outer loop
      vertex 16.9171 25.3182 -105
      vertex 16.725 28.9685 -105
      vertex 18.5838 27.8127 -105
    endloop
  endfacet
  facet normal 0 0 -1
    outer loop
      vertex 15.225 26.3705 -105
      vertex 16.725 28.9685 -105
      vertex 16.9171 25.3182 -105
    endloop
  endfacet
  facet normal 0 0 -1
    outer loop
      vertex 15.225 26.3705 -105
      vertex 14.7946 30.0004 -105
      vertex 16.725 28.9685 -105
    endloop
  endfacet
  facet normal 0 0 -1
    outer loop
      vertex 13.4677 27.3098 -105
      vertex 14.7946 30.0004 -105
      vertex 15.225 26.3705 -105
    endloop
  endfacet
  facet normal 0 0 -1
    outer loop
      vertex 13.4677 27.3098 -105
      vertex 12.8008 30.9038 -105
      vertex 14.7946 30.0004 -105
    endloop
  endfacet
  facet normal 0 0 -1
    outer loop
      vertex 11.6527 28.1321 -105
      vertex 12.8008 30.9038 -105
      vertex 13.4677 27.3098 -105
    endloop
  endfacet
  facet normal 0 0 -1
    outer loop
      vertex 11.6527 28.1321 -105
      vertex 10.7521 31.6748 -105
      vertex 12.8008 30.9038 -105
    endloop
  endfacet
  facet normal 0 0 -1
    outer loop
      vertex 9.78783 28.834 -105
      vertex 10.7521 31.6748 -105
      vertex 11.6527 28.1321 -105
    endloop
  endfacet
  facet normal 0 0 -1
    outer loop
      vertex 9.78783 28.834 -105
      vertex 8.6575 32.3102 -105
      vertex 10.7521 31.6748 -105
    endloop
  endfacet
  facet normal 0 0 -1
    outer loop
      vertex 7.88104 29.4124 -105
      vertex 8.6575 32.3102 -105
      vertex 9.78783 28.834 -105
    endloop
  endfacet
  facet normal 0 0 -1
    outer loop
      vertex 7.88104 29.4124 -105
      vertex 6.52577 32.8073 -105
      vertex 8.6575 32.3102 -105
    endloop
  endfacet
  facet normal 0 0 -1
    outer loop
      vertex 5.9405 29.8649 -105
      vertex 6.52577 32.8073 -105
      vertex 7.88104 29.4124 -105
    endloop
  endfacet
  facet normal 0 0 -1
    outer loop
      vertex 5.9405 29.8649 -105
      vertex 4.3661 33.1638 -105
      vertex 6.52577 32.8073 -105
    endloop
  endfacet
  facet normal 0 0 -1
    outer loop
      vertex 3.97452 30.1895 -105
      vertex 4.3661 33.1638 -105
      vertex 5.9405 29.8649 -105
    endloop
  endfacet
  facet normal 0 0 -1
    outer loop
      vertex 3.97452 30.1895 -105
      vertex 2.18773 33.3784 -105
      vertex 4.3661 33.1638 -105
    endloop
  endfacet
  facet normal 0 0 -1
    outer loop
      vertex 1.99152 30.3848 -105
      vertex 2.18773 33.3784 -105
      vertex 3.97452 30.1895 -105
    endloop
  endfacet
  facet normal 0 0 -1
    outer loop
      vertex 0 30.45 -105
      vertex 2.18773 33.3784 -105
      vertex 1.99152 30.3848 -105
    endloop
  endfacet
  facet normal 0 0 -1
    outer loop
      vertex 0 30.45 -105
      vertex 0 33.45 -105
      vertex 2.18773 33.3784 -105
    endloop
  endfacet
  facet normal 0 0 -1
    outer loop
      vertex -1.99152 30.3848 -105
      vertex 0 33.45 -105
      vertex 0 30.45 -105
    endloop
  endfacet
  facet normal 0 0 -1
    outer loop
      vertex -1.99152 30.3848 -105
      vertex -2.18773 33.3784 -105
      vertex 0 33.45 -105
    endloop
  endfacet
  facet normal 0 0 -1
    outer loop
      vertex -3.97452 30.1895 -105
      vertex -2.18773 33.3784 -105
      vertex -1.99152 30.3848 -105
    endloop
  endfacet
  facet normal 0 0 -1
    outer loop
      vertex -3.97452 30.1895 -105
      vertex -4.3661 33.1638 -105
      vertex -2.18773 33.3784 -105
    endloop
  endfacet
  facet normal 0 0 -1
    outer loop
      vertex -5.9405 29.8649 -105
      vertex -4.3661 33.1638 -105
      vertex -3.97452 30.1895 -105
    endloop
  endfacet
  facet normal 0 0 -1
    outer loop
      vertex -5.9405 29.8649 -105
      vertex -6.52577 32.8073 -105
      vertex -4.3661 33.1638 -105
    endloop
  endfacet
  facet normal 0 0 -1
    outer loop
      vertex -7.88104 29.4124 -105
      vertex -6.52577 32.8073 -105
      vertex -5.9405 29.8649 -105
    endloop
  endfacet
  facet normal 0 0 -1
    outer loop
      vertex -7.88104 29.4124 -105
      vertex -8.6575 32.3102 -105
      vertex -6.52577 32.8073 -105
    endloop
  endfacet
  facet normal 0 0 -1
    outer loop
      vertex -9.78783 28.834 -105
      vertex -8.6575 32.3102 -105
      vertex -7.88104 29.4124 -105
    endloop
  endfacet
  facet normal 0 0 -1
    outer loop
      vertex -9.78783 28.834 -105
      vertex -10.7521 31.6748 -105
      vertex -8.6575 32.3102 -105
    endloop
  endfacet
  facet normal 0 0 -1
    outer loop
      vertex -11.6527 28.1321 -105
      vertex -10.7521 31.6748 -105
      vertex -9.78783 28.834 -105
    endloop
  endfacet
  facet normal 0 0 -1
    outer loop
      vertex -11.6527 28.1321 -105
      vertex -12.8008 30.9038 -105
      vertex -10.7521 31.6748 -105
    endloop
  endfacet
  facet normal 0 0 -1
    outer loop
      vertex -13.4677 27.3098 -105
      vertex -12.8008 30.9038 -105
      vertex -11.6527 28.1321 -105
    endloop
  endfacet
  facet normal 0 0 -1
    outer loop
      vertex -13.4677 27.3098 -105
      vertex -14.7946 30.0004 -105
      vertex -12.8008 30.9038 -105
    endloop
  endfacet
  facet normal 0 0 -1
    outer loop
      vertex -15.225 26.3705 -105
      vertex -14.7946 30.0004 -105
      vertex -13.4677 27.3098 -105
    endloop
  endfacet
  facet normal 0 0 -1
    outer loop
      vertex -15.225 26.3705 -105
      vertex -16.725 28.9685 -105
      vertex -14.7946 30.0004 -105
    endloop
  endfacet
  facet normal 0 0 -1
    outer loop
      vertex -16.9171 25.3182 -105
      vertex -16.725 28.9685 -105
      vertex -15.225 26.3705 -105
    endloop
  endfacet
  facet normal 0 0 -1
    outer loop
      vertex -18.5838 27.8127 -105
      vertex -16.9171 25.3182 -105
      vertex -18.5368 24.1576 -105
    endloop
  endfacet
  facet normal 0 0 -1
    outer loop
      vertex -16.9171 25.3182 -105
      vertex -18.5838 27.8127 -105
      vertex -16.725 28.9685 -105
    endloop
  endfacet
  facet normal 0 0 -1
    outer loop
      vertex -20.3631 26.5377 -105
      vertex -18.5368 24.1576 -105
      vertex -20.0771 22.8935 -105
    endloop
  endfacet
  facet normal 0 0 -1
    outer loop
      vertex -18.5368 24.1576 -105
      vertex -20.3631 26.5377 -105
      vertex -18.5838 27.8127 -105
    endloop
  endfacet
  facet normal 0 0 -1
    outer loop
      vertex -22.0551 25.149 -105
      vertex -20.0771 22.8935 -105
      vertex -21.5314 21.5314 -105
    endloop
  endfacet
  facet normal 0 0 -1
    outer loop
      vertex -20.0771 22.8935 -105
      vertex -22.0551 25.149 -105
      vertex -20.3631 26.5377 -105
    endloop
  endfacet
  facet normal 0 0 -1
    outer loop
      vertex -23.6527 23.6527 -105
      vertex -21.5314 21.5314 -105
      vertex -22.8935 20.0771 -105
    endloop
  endfacet
  facet normal 0 0 -1
    outer loop
      vertex -21.5314 21.5314 -105
      vertex -23.6527 23.6527 -105
      vertex -22.0551 25.149 -105
    endloop
  endfacet
  facet normal 0 0 -1
    outer loop
      vertex -25.149 22.0551 -105
      vertex -22.8935 20.0771 -105
      vertex -24.1576 18.5368 -105
    endloop
  endfacet
  facet normal 0 0 -1
    outer loop
      vertex -22.8935 20.0771 -105
      vertex -25.149 22.0551 -105
      vertex -23.6527 23.6527 -105
    endloop
  endfacet
  facet normal 0 0 -1
    outer loop
      vertex -26.5377 20.3631 -105
      vertex -24.1576 18.5368 -105
      vertex -25.3182 16.9171 -105
    endloop
  endfacet
  facet normal 0 0 -1
    outer loop
      vertex -27.8127 18.5838 -105
      vertex -25.3182 16.9171 -105
      vertex -26.3705 15.225 -105
    endloop
  endfacet
  facet normal 0 0 -1
    outer loop
      vertex -24.1576 18.5368 -105
      vertex -26.5377 20.3631 -105
      vertex -25.149 22.0551 -105
    endloop
  endfacet
  facet normal 0 0 -1
    outer loop
      vertex -28.9685 16.725 -105
      vertex -26.3705 15.225 -105
      vertex -27.3098 13.4677 -105
    endloop
  endfacet
  facet normal 0 0 -1
    outer loop
      vertex -25.3182 16.9171 -105
      vertex -27.8127 18.5838 -105
      vertex -26.5377 20.3631 -105
    endloop
  endfacet
  facet normal 0 0 -1
    outer loop
      vertex -30.0004 14.7946 -105
      vertex -27.3098 13.4677 -105
      vertex -28.1321 11.6527 -105
    endloop
  endfacet
  facet normal 0 0 -1
    outer loop
      vertex -30.9038 12.8008 -105
      vertex -28.1321 11.6527 -105
      vertex -28.834 9.78783 -105
    endloop
  endfacet
  facet normal 0 0 -1
    outer loop
      vertex -26.3705 15.225 -105
      vertex -28.9685 16.725 -105
      vertex -27.8127 18.5838 -105
    endloop
  endfacet
  facet normal 0 0 -1
    outer loop
      vertex -31.6748 10.7521 -105
      vertex -28.834 9.78783 -105
      vertex -29.4124 7.88104 -105
    endloop
  endfacet
  facet normal 0 0 -1
    outer loop
      vertex -32.3102 8.6575 -105
      vertex -29.4124 7.88104 -105
      vertex -29.8649 5.9405 -105
    endloop
  endfacet
  facet normal 0 0 -1
    outer loop
      vertex -27.3098 13.4677 -105
      vertex -30.0004 14.7946 -105
      vertex -28.9685 16.725 -105
    endloop
  endfacet
  facet normal 0 0 -1
    outer loop
      vertex -32.8073 6.52577 -105
      vertex -29.8649 5.9405 -105
      vertex -30.1895 3.97452 -105
    endloop
  endfacet
  facet normal 0 0 -1
    outer loop
      vertex -33.1638 4.3661 -105
      vertex -30.1895 3.97452 -105
      vertex -30.3848 1.99152 -105
    endloop
  endfacet
  facet normal 0 0 -1
    outer loop
      vertex -33.3784 2.18773 -105
      vertex -30.3848 1.99152 -105
      vertex -30.45 0 -105
    endloop
  endfacet
  facet normal -0 0 -1
    outer loop
      vertex -29.8649 -5.9405 -105
      vertex -32.8073 -6.52577 -105
      vertex -30.1895 -3.97452 -105
    endloop
  endfacet
  facet normal 0 0 -1
    outer loop
      vertex -28.1321 11.6527 -105
      vertex -30.9038 12.8008 -105
      vertex -30.0004 14.7946 -105
    endloop
  endfacet
  facet normal 0 0 -1
    outer loop
      vertex -33.1638 -4.3661 -105
      vertex -30.1895 -3.97452 -105
      vertex -32.8073 -6.52577 -105
    endloop
  endfacet
  facet normal 0 0 -1
    outer loop
      vertex -28.834 9.78783 -105
      vertex -31.6748 10.7521 -105
      vertex -30.9038 12.8008 -105
    endloop
  endfacet
  facet normal -0 0 -1
    outer loop
      vertex -30.1895 -3.97452 -105
      vertex -33.1638 -4.3661 -105
      vertex -30.3848 -1.99152 -105
    endloop
  endfacet
  facet normal 0 0 -1
    outer loop
      vertex -29.4124 7.88104 -105
      vertex -32.3102 8.6575 -105
      vertex -31.6748 10.7521 -105
    endloop
  endfacet
  facet normal 0 0 -1
    outer loop
      vertex -33.3784 -2.18773 -105
      vertex -30.3848 -1.99152 -105
      vertex -33.1638 -4.3661 -105
    endloop
  endfacet
  facet normal 0 0 -1
    outer loop
      vertex -29.8649 5.9405 -105
      vertex -32.8073 6.52577 -105
      vertex -32.3102 8.6575 -105
    endloop
  endfacet
  facet normal -0 0 -1
    outer loop
      vertex -30.3848 -1.99152 -105
      vertex -33.3784 -2.18773 -105
      vertex -30.45 0 -105
    endloop
  endfacet
  facet normal 0 0 -1
    outer loop
      vertex -30.1895 3.97452 -105
      vertex -33.1638 4.3661 -105
      vertex -32.8073 6.52577 -105
    endloop
  endfacet
  facet normal 0 0 -1
    outer loop
      vertex -33.45 0 -105
      vertex -30.45 0 -105
      vertex -33.3784 -2.18773 -105
    endloop
  endfacet
  facet normal 0 0 -1
    outer loop
      vertex -30.3848 1.99152 -105
      vertex -33.3784 2.18773 -105
      vertex -33.1638 4.3661 -105
    endloop
  endfacet
  facet normal 0 0 -1
    outer loop
      vertex -30.45 0 -105
      vertex -33.45 0 -105
      vertex -33.3784 2.18773 -105
    endloop
  endfacet
  facet normal 0.973872 0.227098 0
    outer loop
      vertex 32.8073 6.52577 -70
      vertex 32.3102 8.6575 -105
      vertex 32.3102 8.6575 -70
    endloop
  endfacet
  facet normal 0.973872 0.227098 0
    outer loop
      vertex 32.3102 8.6575 -105
      vertex 32.8073 6.52577 -70
      vertex 32.8073 6.52577 -105
    endloop
  endfacet
  facet normal 0.956939 0.290289 0
    outer loop
      vertex 32.3102 8.6575 -70
      vertex 31.6748 10.7521 -105
      vertex 31.6748 10.7521 -70
    endloop
  endfacet
  facet normal 0.956939 0.290289 0
    outer loop
      vertex 31.6748 10.7521 -105
      vertex 32.3102 8.6575 -70
      vertex 32.3102 8.6575 -105
    endloop
  endfacet
  facet normal 0.812853 0.582469 0
    outer loop
      vertex 27.8127 18.5838 -70
      vertex 26.5377 20.3631 -105
      vertex 26.5377 20.3631 -70
    endloop
  endfacet
  facet normal 0.812853 0.582469 0
    outer loop
      vertex 26.5377 20.3631 -105
      vertex 27.8127 18.5838 -70
      vertex 27.8127 18.5838 -105
    endloop
  endfacet
  facet normal 0.772985 0.634424 0
    outer loop
      vertex 26.5377 20.3631 -70
      vertex 25.149 22.0551 -105
      vertex 25.149 22.0551 -70
    endloop
  endfacet
  facet normal 0.772985 0.634424 0
    outer loop
      vertex 25.149 22.0551 -105
      vertex 26.5377 20.3631 -70
      vertex 26.5377 20.3631 -105
    endloop
  endfacet
  facet normal 0.849218 0.528043 0
    outer loop
      vertex 28.9685 16.725 -70
      vertex 27.8127 18.5838 -105
      vertex 27.8127 18.5838 -70
    endloop
  endfacet
  facet normal 0.849218 0.528043 0
    outer loop
      vertex 27.8127 18.5838 -105
      vertex 28.9685 16.725 -70
      vertex 28.9685 16.725 -105
    endloop
  endfacet
  facet normal 0.227098 0.973872 -0
    outer loop
      vertex 8.6575 32.3102 -105
      vertex 6.52577 32.8073 -70
      vertex 8.6575 32.3102 -70
    endloop
  endfacet
  facet normal 0.227098 0.973872 0
    outer loop
      vertex 6.52577 32.8073 -70
      vertex 8.6575 32.3102 -105
      vertex 6.52577 32.8073 -105
    endloop
  endfacet
  facet normal 0.634424 0.772985 -0
    outer loop
      vertex 22.0551 25.149 -105
      vertex 20.3631 26.5377 -70
      vertex 22.0551 25.149 -70
    endloop
  endfacet
  facet normal 0.634424 0.772985 0
    outer loop
      vertex 20.3631 26.5377 -70
      vertex 22.0551 25.149 -105
      vertex 20.3631 26.5377 -105
    endloop
  endfacet
  facet normal -0.973872 0.227098 0
    outer loop
      vertex -32.8073 6.52577 -105
      vertex -32.3102 8.6575 -70
      vertex -32.3102 8.6575 -105
    endloop
  endfacet
  facet normal -0.973872 0.227098 0
    outer loop
      vertex -32.3102 8.6575 -70
      vertex -32.8073 6.52577 -105
      vertex -32.8073 6.52577 -70
    endloop
  endfacet
  facet normal -0.812853 0.582469 0
    outer loop
      vertex -27.8127 18.5838 -105
      vertex -26.5377 20.3631 -70
      vertex -26.5377 20.3631 -105
    endloop
  endfacet
  facet normal -0.812853 0.582469 0
    outer loop
      vertex -26.5377 20.3631 -70
      vertex -27.8127 18.5838 -105
      vertex -27.8127 18.5838 -70
    endloop
  endfacet
  facet normal -0.528043 0.849218 0
    outer loop
      vertex -16.725 28.9685 -105
      vertex -18.5838 27.8127 -70
      vertex -16.725 28.9685 -70
    endloop
  endfacet
  facet normal -0.528043 0.849218 0
    outer loop
      vertex -18.5838 27.8127 -70
      vertex -16.725 28.9685 -105
      vertex -18.5838 27.8127 -105
    endloop
  endfacet
  facet normal -0.412715 0.91086 0
    outer loop
      vertex -12.8008 30.9038 -105
      vertex -14.7946 30.0004 -70
      vertex -12.8008 30.9038 -70
    endloop
  endfacet
  facet normal -0.412715 0.91086 0
    outer loop
      vertex -14.7946 30.0004 -70
      vertex -12.8008 30.9038 -105
      vertex -14.7946 30.0004 -105
    endloop
  endfacet
  facet normal -0.582469 0.812853 0
    outer loop
      vertex -18.5838 27.8127 -105
      vertex -20.3631 26.5377 -70
      vertex -18.5838 27.8127 -70
    endloop
  endfacet
  facet normal -0.582469 0.812853 0
    outer loop
      vertex -20.3631 26.5377 -70
      vertex -18.5838 27.8127 -105
      vertex -20.3631 26.5377 -105
    endloop
  endfacet
  facet normal -0.227098 0.973872 0
    outer loop
      vertex -6.52577 32.8073 -105
      vertex -8.6575 32.3102 -70
      vertex -6.52577 32.8073 -70
    endloop
  endfacet
  facet normal -0.227098 0.973872 0
    outer loop
      vertex -8.6575 32.3102 -70
      vertex -6.52577 32.8073 -105
      vertex -8.6575 32.3102 -105
    endloop
  endfacet
  facet normal -0.0327105 0.999465 0
    outer loop
      vertex 0 33.45 -105
      vertex -2.18773 33.3784 -70
      vertex 0 33.45 -70
    endloop
  endfacet
  facet normal -0.0327105 0.999465 0
    outer loop
      vertex -2.18773 33.3784 -70
      vertex 0 33.45 -105
      vertex -2.18773 33.3784 -105
    endloop
  endfacet
  facet normal 0.986648 -0.162867 0
    outer loop
      vertex 32.8073 -6.52577 -70
      vertex 33.1638 -4.3661 -105
      vertex 33.1638 -4.3661 -70
    endloop
  endfacet
  facet normal 0.986648 -0.162867 0
    outer loop
      vertex 33.1638 -4.3661 -105
      vertex 32.8073 -6.52577 -70
      vertex 32.8073 -6.52577 -105
    endloop
  endfacet
  facet normal 0.162867 -0.986648 0
    outer loop
      vertex 4.3661 -33.1638 -105
      vertex 6.52577 -32.8073 -70
      vertex 4.3661 -33.1638 -70
    endloop
  endfacet
  facet normal 0.162867 -0.986648 0
    outer loop
      vertex 6.52577 -32.8073 -70
      vertex 4.3661 -33.1638 -105
      vertex 6.52577 -32.8073 -105
    endloop
  endfacet
  facet normal 0.0327105 -0.999465 0
    outer loop
      vertex 0 -33.45 -105
      vertex 2.18773 -33.3784 -70
      vertex 0 -33.45 -70
    endloop
  endfacet
  facet normal 0.0327105 -0.999465 0
    outer loop
      vertex 2.18773 -33.3784 -70
      vertex 0 -33.45 -105
      vertex 2.18773 -33.3784 -105
    endloop
  endfacet
  facet normal 0.227098 -0.973872 0
    outer loop
      vertex 6.52577 -32.8073 -105
      vertex 8.6575 -32.3102 -70
      vertex 6.52577 -32.8073 -70
    endloop
  endfacet
  facet normal 0.227098 -0.973872 0
    outer loop
      vertex 8.6575 -32.3102 -70
      vertex 6.52577 -32.8073 -105
      vertex 8.6575 -32.3102 -105
    endloop
  endfacet
  facet normal 0.528043 -0.849218 0
    outer loop
      vertex 16.725 -28.9685 -105
      vertex 18.5838 -27.8127 -70
      vertex 16.725 -28.9685 -70
    endloop
  endfacet
  facet normal 0.528043 -0.849218 0
    outer loop
      vertex 18.5838 -27.8127 -70
      vertex 16.725 -28.9685 -105
      vertex 18.5838 -27.8127 -105
    endloop
  endfacet
  facet normal 0.582469 -0.812853 0
    outer loop
      vertex 18.5838 -27.8127 -105
      vertex 20.3631 -26.5377 -70
      vertex 18.5838 -27.8127 -70
    endloop
  endfacet
  facet normal 0.582469 -0.812853 0
    outer loop
      vertex 20.3631 -26.5377 -70
      vertex 18.5838 -27.8127 -105
      vertex 20.3631 -26.5377 -105
    endloop
  endfacet
  facet normal 0.412715 -0.91086 0
    outer loop
      vertex 12.8008 -30.9038 -105
      vertex 14.7946 -30.0004 -70
      vertex 12.8008 -30.9038 -70
    endloop
  endfacet
  facet normal 0.412715 -0.91086 0
    outer loop
      vertex 14.7946 -30.0004 -70
      vertex 12.8008 -30.9038 -105
      vertex 14.7946 -30.0004 -105
    endloop
  endfacet
  facet normal 0.956939 -0.290289 0
    outer loop
      vertex 31.6748 -10.7521 -70
      vertex 32.3102 -8.6575 -105
      vertex 32.3102 -8.6575 -70
    endloop
  endfacet
  facet normal 0.956939 -0.290289 0
    outer loop
      vertex 32.3102 -8.6575 -105
      vertex 31.6748 -10.7521 -70
      vertex 31.6748 -10.7521 -105
    endloop
  endfacet
  facet normal 0.995183 -0.0980394 0
    outer loop
      vertex 33.1638 -4.3661 -70
      vertex 33.3784 -2.18773 -105
      vertex 33.3784 -2.18773 -70
    endloop
  endfacet
  facet normal 0.995183 -0.0980394 0
    outer loop
      vertex 33.3784 -2.18773 -105
      vertex 33.1638 -4.3661 -70
      vertex 33.1638 -4.3661 -105
    endloop
  endfacet
  facet normal -0.91086 -0.412715 0
    outer loop
      vertex -30.0004 -14.7946 -105
      vertex -30.9038 -12.8008 -70
      vertex -30.9038 -12.8008 -105
    endloop
  endfacet
  facet normal -0.91086 -0.412715 0
    outer loop
      vertex -30.9038 -12.8008 -70
      vertex -30.0004 -14.7946 -105
      vertex -30.0004 -14.7946 -70
    endloop
  endfacet
  facet normal -0.812853 -0.582469 0
    outer loop
      vertex -26.5377 -20.3631 -105
      vertex -27.8127 -18.5838 -70
      vertex -27.8127 -18.5838 -105
    endloop
  endfacet
  facet normal -0.812853 -0.582469 0
    outer loop
      vertex -27.8127 -18.5838 -70
      vertex -26.5377 -20.3631 -105
      vertex -26.5377 -20.3631 -70
    endloop
  endfacet
  facet normal -0.973872 -0.227098 0
    outer loop
      vertex -32.3102 -8.6575 -105
      vertex -32.8073 -6.52577 -70
      vertex -32.8073 -6.52577 -105
    endloop
  endfacet
  facet normal -0.973872 -0.227098 0
    outer loop
      vertex -32.8073 -6.52577 -70
      vertex -32.3102 -8.6575 -105
      vertex -32.3102 -8.6575 -70
    endloop
  endfacet
  facet normal -0.999465 -0.0327105 0
    outer loop
      vertex -33.3784 -2.18773 -105
      vertex -33.45 0 -70
      vertex -33.45 0 -105
    endloop
  endfacet
  facet normal -0.999465 -0.0327105 0
    outer loop
      vertex -33.45 0 -70
      vertex -33.3784 -2.18773 -105
      vertex -33.3784 -2.18773 -70
    endloop
  endfacet
  facet normal 0.986648 0.162867 0
    outer loop
      vertex 33.1638 4.3661 -70
      vertex 32.8073 6.52577 -105
      vertex 32.8073 6.52577 -70
    endloop
  endfacet
  facet normal 0.986648 0.162867 0
    outer loop
      vertex 32.8073 6.52577 -105
      vertex 33.1638 4.3661 -70
      vertex 33.1638 4.3661 -105
    endloop
  endfacet
  facet normal 0.995183 0.0980394 0
    outer loop
      vertex 33.3784 2.18773 -70
      vertex 33.1638 4.3661 -105
      vertex 33.1638 4.3661 -70
    endloop
  endfacet
  facet normal 0.995183 0.0980394 0
    outer loop
      vertex 33.1638 4.3661 -105
      vertex 33.3784 2.18773 -70
      vertex 33.3784 2.18773 -105
    endloop
  endfacet
  facet normal 0.935917 0.35222 0
    outer loop
      vertex 31.6748 10.7521 -70
      vertex 30.9038 12.8008 -105
      vertex 30.9038 12.8008 -70
    endloop
  endfacet
  facet normal 0.935917 0.35222 0
    outer loop
      vertex 30.9038 12.8008 -105
      vertex 31.6748 10.7521 -70
      vertex 31.6748 10.7521 -105
    endloop
  endfacet
  facet normal 0.881906 0.471425 0
    outer loop
      vertex 30.0004 14.7946 -70
      vertex 28.9685 16.725 -105
      vertex 28.9685 16.725 -70
    endloop
  endfacet
  facet normal 0.881906 0.471425 0
    outer loop
      vertex 28.9685 16.725 -105
      vertex 30.0004 14.7946 -70
      vertex 30.0004 14.7946 -105
    endloop
  endfacet
  facet normal 0.290289 0.956939 -0
    outer loop
      vertex 10.7521 31.6748 -105
      vertex 8.6575 32.3102 -70
      vertex 10.7521 31.6748 -70
    endloop
  endfacet
  facet normal 0.290289 0.956939 0
    outer loop
      vertex 8.6575 32.3102 -70
      vertex 10.7521 31.6748 -105
      vertex 8.6575 32.3102 -105
    endloop
  endfacet
  facet normal 0.35222 0.935917 -0
    outer loop
      vertex 12.8008 30.9038 -105
      vertex 10.7521 31.6748 -70
      vertex 12.8008 30.9038 -70
    endloop
  endfacet
  facet normal 0.35222 0.935917 0
    outer loop
      vertex 10.7521 31.6748 -70
      vertex 12.8008 30.9038 -105
      vertex 10.7521 31.6748 -105
    endloop
  endfacet
  facet normal 0.162867 0.986648 -0
    outer loop
      vertex 6.52577 32.8073 -105
      vertex 4.3661 33.1638 -70
      vertex 6.52577 32.8073 -70
    endloop
  endfacet
  facet normal 0.162867 0.986648 0
    outer loop
      vertex 4.3661 33.1638 -70
      vertex 6.52577 32.8073 -105
      vertex 4.3661 33.1638 -105
    endloop
  endfacet
  facet normal 0.0980394 0.995183 -0
    outer loop
      vertex 4.3661 33.1638 -105
      vertex 2.18773 33.3784 -70
      vertex 4.3661 33.1638 -70
    endloop
  endfacet
  facet normal 0.0980394 0.995183 0
    outer loop
      vertex 2.18773 33.3784 -70
      vertex 4.3661 33.1638 -105
      vertex 2.18773 33.3784 -105
    endloop
  endfacet
  facet normal 0.528043 0.849218 -0
    outer loop
      vertex 18.5838 27.8127 -105
      vertex 16.725 28.9685 -70
      vertex 18.5838 27.8127 -70
    endloop
  endfacet
  facet normal 0.528043 0.849218 0
    outer loop
      vertex 16.725 28.9685 -70
      vertex 18.5838 27.8127 -105
      vertex 16.725 28.9685 -105
    endloop
  endfacet
  facet normal 0.471425 0.881906 -0
    outer loop
      vertex 16.725 28.9685 -105
      vertex 14.7946 30.0004 -70
      vertex 16.725 28.9685 -70
    endloop
  endfacet
  facet normal 0.471425 0.881906 0
    outer loop
      vertex 14.7946 30.0004 -70
      vertex 16.725 28.9685 -105
      vertex 14.7946 30.0004 -105
    endloop
  endfacet
  facet normal 0.683588 0.729868 -0
    outer loop
      vertex 23.6527 23.6527 -105
      vertex 22.0551 25.149 -70
      vertex 23.6527 23.6527 -70
    endloop
  endfacet
  facet normal 0.683588 0.729868 0
    outer loop
      vertex 22.0551 25.149 -70
      vertex 23.6527 23.6527 -105
      vertex 22.0551 25.149 -105
    endloop
  endfacet
  facet normal -0.772985 0.634424 0
    outer loop
      vertex -26.5377 20.3631 -105
      vertex -25.149 22.0551 -70
      vertex -25.149 22.0551 -105
    endloop
  endfacet
  facet normal -0.772985 0.634424 0
    outer loop
      vertex -25.149 22.0551 -70
      vertex -26.5377 20.3631 -105
      vertex -26.5377 20.3631 -70
    endloop
  endfacet
  facet normal -0.729868 0.683588 0
    outer loop
      vertex -25.149 22.0551 -105
      vertex -23.6527 23.6527 -70
      vertex -23.6527 23.6527 -105
    endloop
  endfacet
  facet normal -0.729868 0.683588 0
    outer loop
      vertex -23.6527 23.6527 -70
      vertex -25.149 22.0551 -105
      vertex -25.149 22.0551 -70
    endloop
  endfacet
  facet normal -0.881906 0.471425 0
    outer loop
      vertex -30.0004 14.7946 -105
      vertex -28.9685 16.725 -70
      vertex -28.9685 16.725 -105
    endloop
  endfacet
  facet normal -0.881906 0.471425 0
    outer loop
      vertex -28.9685 16.725 -70
      vertex -30.0004 14.7946 -105
      vertex -30.0004 14.7946 -70
    endloop
  endfacet
  facet normal -0.849218 0.528043 0
    outer loop
      vertex -28.9685 16.725 -105
      vertex -27.8127 18.5838 -70
      vertex -27.8127 18.5838 -105
    endloop
  endfacet
  facet normal -0.849218 0.528043 0
    outer loop
      vertex -27.8127 18.5838 -70
      vertex -28.9685 16.725 -105
      vertex -28.9685 16.725 -70
    endloop
  endfacet
  facet normal -0.956939 0.290289 0
    outer loop
      vertex -32.3102 8.6575 -105
      vertex -31.6748 10.7521 -70
      vertex -31.6748 10.7521 -105
    endloop
  endfacet
  facet normal -0.956939 0.290289 0
    outer loop
      vertex -31.6748 10.7521 -70
      vertex -32.3102 8.6575 -105
      vertex -32.3102 8.6575 -70
    endloop
  endfacet
  facet normal -0.935917 0.35222 0
    outer loop
      vertex -31.6748 10.7521 -105
      vertex -30.9038 12.8008 -70
      vertex -30.9038 12.8008 -105
    endloop
  endfacet
  facet normal -0.935917 0.35222 0
    outer loop
      vertex -30.9038 12.8008 -70
      vertex -31.6748 10.7521 -105
      vertex -31.6748 10.7521 -70
    endloop
  endfacet
  facet normal -0.986648 0.162867 0
    outer loop
      vertex -33.1638 4.3661 -105
      vertex -32.8073 6.52577 -70
      vertex -32.8073 6.52577 -105
    endloop
  endfacet
  facet normal -0.986648 0.162867 0
    outer loop
      vertex -32.8073 6.52577 -70
      vertex -33.1638 4.3661 -105
      vertex -33.1638 4.3661 -70
    endloop
  endfacet
  facet normal -0.995183 0.0980394 0
    outer loop
      vertex -33.3784 2.18773 -105
      vertex -33.1638 4.3661 -70
      vertex -33.1638 4.3661 -105
    endloop
  endfacet
  facet normal -0.995183 0.0980394 0
    outer loop
      vertex -33.1638 4.3661 -70
      vertex -33.3784 2.18773 -105
      vertex -33.3784 2.18773 -70
    endloop
  endfacet
  facet normal -0.471425 0.881906 0
    outer loop
      vertex -14.7946 30.0004 -105
      vertex -16.725 28.9685 -70
      vertex -14.7946 30.0004 -70
    endloop
  endfacet
  facet normal -0.471425 0.881906 0
    outer loop
      vertex -16.725 28.9685 -70
      vertex -14.7946 30.0004 -105
      vertex -16.725 28.9685 -105
    endloop
  endfacet
  facet normal -0.634424 0.772985 0
    outer loop
      vertex -20.3631 26.5377 -105
      vertex -22.0551 25.149 -70
      vertex -20.3631 26.5377 -70
    endloop
  endfacet
  facet normal -0.634424 0.772985 0
    outer loop
      vertex -22.0551 25.149 -70
      vertex -20.3631 26.5377 -105
      vertex -22.0551 25.149 -105
    endloop
  endfacet
  facet normal -0.290289 0.956939 0
    outer loop
      vertex -8.6575 32.3102 -105
      vertex -10.7521 31.6748 -70
      vertex -8.6575 32.3102 -70
    endloop
  endfacet
  facet normal -0.290289 0.956939 0
    outer loop
      vertex -10.7521 31.6748 -70
      vertex -8.6575 32.3102 -105
      vertex -10.7521 31.6748 -105
    endloop
  endfacet
  facet normal -0.0980394 0.995183 0
    outer loop
      vertex -2.18773 33.3784 -105
      vertex -4.3661 33.1638 -70
      vertex -2.18773 33.3784 -70
    endloop
  endfacet
  facet normal -0.0980394 0.995183 0
    outer loop
      vertex -4.3661 33.1638 -70
      vertex -2.18773 33.3784 -105
      vertex -4.3661 33.1638 -105
    endloop
  endfacet
  facet normal 0.999465 -0.0327105 0
    outer loop
      vertex 33.3784 -2.18773 -70
      vertex 33.45 0 -105
      vertex 33.45 0 -70
    endloop
  endfacet
  facet normal 0.999465 -0.0327105 0
    outer loop
      vertex 33.45 0 -105
      vertex 33.3784 -2.18773 -70
      vertex 33.3784 -2.18773 -105
    endloop
  endfacet
  facet normal 0.0980394 -0.995183 0
    outer loop
      vertex 2.18773 -33.3784 -105
      vertex 4.3661 -33.1638 -70
      vertex 2.18773 -33.3784 -70
    endloop
  endfacet
  facet normal 0.0980394 -0.995183 0
    outer loop
      vertex 4.3661 -33.1638 -70
      vertex 2.18773 -33.3784 -105
      vertex 4.3661 -33.1638 -105
    endloop
  endfacet
  facet normal 0.290289 -0.956939 0
    outer loop
      vertex 8.6575 -32.3102 -105
      vertex 10.7521 -31.6748 -70
      vertex 8.6575 -32.3102 -70
    endloop
  endfacet
  facet normal 0.290289 -0.956939 0
    outer loop
      vertex 10.7521 -31.6748 -70
      vertex 8.6575 -32.3102 -105
      vertex 10.7521 -31.6748 -105
    endloop
  endfacet
  facet normal 0.634424 -0.772985 0
    outer loop
      vertex 20.3631 -26.5377 -105
      vertex 22.0551 -25.149 -70
      vertex 20.3631 -26.5377 -70
    endloop
  endfacet
  facet normal 0.634424 -0.772985 0
    outer loop
      vertex 22.0551 -25.149 -70
      vertex 20.3631 -26.5377 -105
      vertex 22.0551 -25.149 -105
    endloop
  endfacet
  facet normal 0.471425 -0.881906 0
    outer loop
      vertex 14.7946 -30.0004 -105
      vertex 16.725 -28.9685 -70
      vertex 14.7946 -30.0004 -70
    endloop
  endfacet
  facet normal 0.471425 -0.881906 0
    outer loop
      vertex 16.725 -28.9685 -70
      vertex 14.7946 -30.0004 -105
      vertex 16.725 -28.9685 -105
    endloop
  endfacet
  facet normal 0.729868 -0.683588 0
    outer loop
      vertex 23.6527 -23.6527 -70
      vertex 25.149 -22.0551 -105
      vertex 25.149 -22.0551 -70
    endloop
  endfacet
  facet normal 0.729868 -0.683588 0
    outer loop
      vertex 25.149 -22.0551 -105
      vertex 23.6527 -23.6527 -70
      vertex 23.6527 -23.6527 -105
    endloop
  endfacet
  facet normal 0.812853 -0.582469 0
    outer loop
      vertex 26.5377 -20.3631 -70
      vertex 27.8127 -18.5838 -105
      vertex 27.8127 -18.5838 -70
    endloop
  endfacet
  facet normal 0.812853 -0.582469 0
    outer loop
      vertex 27.8127 -18.5838 -105
      vertex 26.5377 -20.3631 -70
      vertex 26.5377 -20.3631 -105
    endloop
  endfacet
  facet normal 0.91086 -0.412715 0
    outer loop
      vertex 30.0004 -14.7946 -70
      vertex 30.9038 -12.8008 -105
      vertex 30.9038 -12.8008 -70
    endloop
  endfacet
  facet normal 0.91086 -0.412715 0
    outer loop
      vertex 30.9038 -12.8008 -105
      vertex 30.0004 -14.7946 -70
      vertex 30.0004 -14.7946 -105
    endloop
  endfacet
  facet normal 0.849218 -0.528043 0
    outer loop
      vertex 27.8127 -18.5838 -70
      vertex 28.9685 -16.725 -105
      vertex 28.9685 -16.725 -70
    endloop
  endfacet
  facet normal 0.849218 -0.528043 0
    outer loop
      vertex 28.9685 -16.725 -105
      vertex 27.8127 -18.5838 -70
      vertex 27.8127 -18.5838 -105
    endloop
  endfacet
  facet normal 0.973872 -0.227098 0
    outer loop
      vertex 32.3102 -8.6575 -70
      vertex 32.8073 -6.52577 -105
      vertex 32.8073 -6.52577 -70
    endloop
  endfacet
  facet normal 0.973872 -0.227098 0
    outer loop
      vertex 32.8073 -6.52577 -105
      vertex 32.3102 -8.6575 -70
      vertex 32.3102 -8.6575 -105
    endloop
  endfacet
  facet normal -0.683588 -0.729868 0
    outer loop
      vertex -23.6527 -23.6527 -105
      vertex -22.0551 -25.149 -70
      vertex -23.6527 -23.6527 -70
    endloop
  endfacet
  facet normal -0.683588 -0.729868 -0
    outer loop
      vertex -22.0551 -25.149 -70
      vertex -23.6527 -23.6527 -105
      vertex -22.0551 -25.149 -105
    endloop
  endfacet
  facet normal -0.582469 -0.812853 0
    outer loop
      vertex -20.3631 -26.5377 -105
      vertex -18.5838 -27.8127 -70
      vertex -20.3631 -26.5377 -70
    endloop
  endfacet
  facet normal -0.582469 -0.812853 -0
    outer loop
      vertex -18.5838 -27.8127 -70
      vertex -20.3631 -26.5377 -105
      vertex -18.5838 -27.8127 -105
    endloop
  endfacet
  facet normal -0.412715 -0.91086 0
    outer loop
      vertex -14.7946 -30.0004 -105
      vertex -12.8008 -30.9038 -70
      vertex -14.7946 -30.0004 -70
    endloop
  endfacet
  facet normal -0.412715 -0.91086 -0
    outer loop
      vertex -12.8008 -30.9038 -70
      vertex -14.7946 -30.0004 -105
      vertex -12.8008 -30.9038 -105
    endloop
  endfacet
  facet normal -0.528043 -0.849218 0
    outer loop
      vertex -18.5838 -27.8127 -105
      vertex -16.725 -28.9685 -70
      vertex -18.5838 -27.8127 -70
    endloop
  endfacet
  facet normal -0.528043 -0.849218 -0
    outer loop
      vertex -16.725 -28.9685 -70
      vertex -18.5838 -27.8127 -105
      vertex -16.725 -28.9685 -105
    endloop
  endfacet
  facet normal -0.35222 -0.935917 0
    outer loop
      vertex -12.8008 -30.9038 -105
      vertex -10.7521 -31.6748 -70
      vertex -12.8008 -30.9038 -70
    endloop
  endfacet
  facet normal -0.35222 -0.935917 -0
    outer loop
      vertex -10.7521 -31.6748 -70
      vertex -12.8008 -30.9038 -105
      vertex -10.7521 -31.6748 -105
    endloop
  endfacet
  facet normal -0.227098 -0.973872 0
    outer loop
      vertex -8.6575 -32.3102 -105
      vertex -6.52577 -32.8073 -70
      vertex -8.6575 -32.3102 -70
    endloop
  endfacet
  facet normal -0.227098 -0.973872 -0
    outer loop
      vertex -6.52577 -32.8073 -70
      vertex -8.6575 -32.3102 -105
      vertex -6.52577 -32.8073 -105
    endloop
  endfacet
  facet normal -0.162867 -0.986648 0
    outer loop
      vertex -6.52577 -32.8073 -105
      vertex -4.3661 -33.1638 -70
      vertex -6.52577 -32.8073 -70
    endloop
  endfacet
  facet normal -0.162867 -0.986648 -0
    outer loop
      vertex -4.3661 -33.1638 -70
      vertex -6.52577 -32.8073 -105
      vertex -4.3661 -33.1638 -105
    endloop
  endfacet
  facet normal -0.0980394 -0.995183 0
    outer loop
      vertex -4.3661 -33.1638 -105
      vertex -2.18773 -33.3784 -70
      vertex -4.3661 -33.1638 -70
    endloop
  endfacet
  facet normal -0.0980394 -0.995183 -0
    outer loop
      vertex -2.18773 -33.3784 -70
      vertex -4.3661 -33.1638 -105
      vertex -2.18773 -33.3784 -105
    endloop
  endfacet
  facet normal -0.0327105 -0.999465 0
    outer loop
      vertex -2.18773 -33.3784 -105
      vertex 0 -33.45 -70
      vertex -2.18773 -33.3784 -70
    endloop
  endfacet
  facet normal -0.0327105 -0.999465 -0
    outer loop
      vertex 0 -33.45 -70
      vertex -2.18773 -33.3784 -105
      vertex 0 -33.45 -105
    endloop
  endfacet
  facet normal -0.881906 -0.471425 0
    outer loop
      vertex -28.9685 -16.725 -105
      vertex -30.0004 -14.7946 -70
      vertex -30.0004 -14.7946 -105
    endloop
  endfacet
  facet normal -0.881906 -0.471425 0
    outer loop
      vertex -30.0004 -14.7946 -70
      vertex -28.9685 -16.725 -105
      vertex -28.9685 -16.725 -70
    endloop
  endfacet
  facet normal -0.772985 -0.634424 0
    outer loop
      vertex -25.149 -22.0551 -105
      vertex -26.5377 -20.3631 -70
      vertex -26.5377 -20.3631 -105
    endloop
  endfacet
  facet normal -0.772985 -0.634424 0
    outer loop
      vertex -26.5377 -20.3631 -70
      vertex -25.149 -22.0551 -105
      vertex -25.149 -22.0551 -70
    endloop
  endfacet
  facet normal -0.956939 -0.290289 0
    outer loop
      vertex -31.6748 -10.7521 -105
      vertex -32.3102 -8.6575 -70
      vertex -32.3102 -8.6575 -105
    endloop
  endfacet
  facet normal -0.956939 -0.290289 0
    outer loop
      vertex -32.3102 -8.6575 -70
      vertex -31.6748 -10.7521 -105
      vertex -31.6748 -10.7521 -70
    endloop
  endfacet
  facet normal -0.995183 -0.0980394 0
    outer loop
      vertex -33.1638 -4.3661 -105
      vertex -33.3784 -2.18773 -70
      vertex -33.3784 -2.18773 -105
    endloop
  endfacet
  facet normal -0.995183 -0.0980394 0
    outer loop
      vertex -33.3784 -2.18773 -70
      vertex -33.1638 -4.3661 -105
      vertex -33.1638 -4.3661 -70
    endloop
  endfacet
  facet normal -0.986648 -0.162867 0
    outer loop
      vertex -32.8073 -6.52577 -105
      vertex -33.1638 -4.3661 -70
      vertex -33.1638 -4.3661 -105
    endloop
  endfacet
  facet normal -0.986648 -0.162867 0
    outer loop
      vertex -33.1638 -4.3661 -70
      vertex -32.8073 -6.52577 -105
      vertex -32.8073 -6.52577 -70
    endloop
  endfacet
  facet normal 0.35222 -0.935917 0
    outer loop
      vertex 10.7521 -31.6748 -105
      vertex 12.8008 -30.9038 -70
      vertex 10.7521 -31.6748 -70
    endloop
  endfacet
  facet normal 0.35222 -0.935917 0
    outer loop
      vertex 12.8008 -30.9038 -70
      vertex 10.7521 -31.6748 -105
      vertex 12.8008 -30.9038 -105
    endloop
  endfacet
  facet normal 0.683588 -0.729868 0
    outer loop
      vertex 22.0551 -25.149 -105
      vertex 23.6527 -23.6527 -70
      vertex 22.0551 -25.149 -70
    endloop
  endfacet
  facet normal 0.683588 -0.729868 0
    outer loop
      vertex 23.6527 -23.6527 -70
      vertex 22.0551 -25.149 -105
      vertex 23.6527 -23.6527 -105
    endloop
  endfacet
  facet normal 0.772985 -0.634424 0
    outer loop
      vertex 25.149 -22.0551 -70
      vertex 26.5377 -20.3631 -105
      vertex 26.5377 -20.3631 -70
    endloop
  endfacet
  facet normal 0.772985 -0.634424 0
    outer loop
      vertex 26.5377 -20.3631 -105
      vertex 25.149 -22.0551 -70
      vertex 25.149 -22.0551 -105
    endloop
  endfacet
  facet normal 0.935917 -0.35222 0
    outer loop
      vertex 30.9038 -12.8008 -70
      vertex 31.6748 -10.7521 -105
      vertex 31.6748 -10.7521 -70
    endloop
  endfacet
  facet normal 0.935917 -0.35222 0
    outer loop
      vertex 31.6748 -10.7521 -105
      vertex 30.9038 -12.8008 -70
      vertex 30.9038 -12.8008 -105
    endloop
  endfacet
  facet normal 0.881906 -0.471425 0
    outer loop
      vertex 28.9685 -16.725 -70
      vertex 30.0004 -14.7946 -105
      vertex 30.0004 -14.7946 -70
    endloop
  endfacet
  facet normal 0.881906 -0.471425 0
    outer loop
      vertex 30.0004 -14.7946 -105
      vertex 28.9685 -16.725 -70
      vertex 28.9685 -16.725 -105
    endloop
  endfacet
  facet normal -0.634424 -0.772985 0
    outer loop
      vertex -22.0551 -25.149 -105
      vertex -20.3631 -26.5377 -70
      vertex -22.0551 -25.149 -70
    endloop
  endfacet
  facet normal -0.634424 -0.772985 -0
    outer loop
      vertex -20.3631 -26.5377 -70
      vertex -22.0551 -25.149 -105
      vertex -20.3631 -26.5377 -105
    endloop
  endfacet
  facet normal -0.471425 -0.881906 0
    outer loop
      vertex -16.725 -28.9685 -105
      vertex -14.7946 -30.0004 -70
      vertex -16.725 -28.9685 -70
    endloop
  endfacet
  facet normal -0.471425 -0.881906 -0
    outer loop
      vertex -14.7946 -30.0004 -70
      vertex -16.725 -28.9685 -105
      vertex -14.7946 -30.0004 -105
    endloop
  endfacet
  facet normal -0.290289 -0.956939 0
    outer loop
      vertex -10.7521 -31.6748 -105
      vertex -8.6575 -32.3102 -70
      vertex -10.7521 -31.6748 -70
    endloop
  endfacet
  facet normal -0.290289 -0.956939 -0
    outer loop
      vertex -8.6575 -32.3102 -70
      vertex -10.7521 -31.6748 -105
      vertex -8.6575 -32.3102 -105
    endloop
  endfacet
  facet normal -0.849218 -0.528043 0
    outer loop
      vertex -27.8127 -18.5838 -105
      vertex -28.9685 -16.725 -70
      vertex -28.9685 -16.725 -105
    endloop
  endfacet
  facet normal -0.849218 -0.528043 0
    outer loop
      vertex -28.9685 -16.725 -70
      vertex -27.8127 -18.5838 -105
      vertex -27.8127 -18.5838 -70
    endloop
  endfacet
  facet normal -0.729868 -0.683588 0
    outer loop
      vertex -23.6527 -23.6527 -105
      vertex -25.149 -22.0551 -70
      vertex -25.149 -22.0551 -105
    endloop
  endfacet
  facet normal -0.729868 -0.683588 0
    outer loop
      vertex -25.149 -22.0551 -70
      vertex -23.6527 -23.6527 -105
      vertex -23.6527 -23.6527 -70
    endloop
  endfacet
  facet normal -0.935917 -0.35222 0
    outer loop
      vertex -30.9038 -12.8008 -105
      vertex -31.6748 -10.7521 -70
      vertex -31.6748 -10.7521 -105
    endloop
  endfacet
  facet normal -0.935917 -0.35222 0
    outer loop
      vertex -31.6748 -10.7521 -70
      vertex -30.9038 -12.8008 -105
      vertex -30.9038 -12.8008 -70
    endloop
  endfacet
  facet normal -0.986646 -0.162881 0
    outer loop
      vertex 69.4011 9.13683 -0.00999928
      vertex 68.655 13.6563 5
      vertex 68.655 13.6563 -0.00999928
    endloop
  endfacet
  facet normal -0.986646 -0.162881 0
    outer loop
      vertex 68.655 13.6563 5
      vertex 69.4011 9.13683 -0.00999928
      vertex 69.4011 9.13683 5
    endloop
  endfacet
  facet normal -0.999464 -0.0327244 0
    outer loop
      vertex 70 0 -0.00999928
      vertex 69.8501 4.57822 5
      vertex 69.8501 4.57822 -0.00999928
    endloop
  endfacet
  facet normal -0.999464 -0.0327244 0
    outer loop
      vertex 69.8501 4.57822 5
      vertex 70 0 -0.00999928
      vertex 70 0 5
    endloop
  endfacet
  facet normal -0.729869 -0.683587 0
    outer loop
      vertex 52.6288 46.1542 -0.00999928
      vertex 49.4975 49.4975 5
      vertex 49.4975 49.4975 -0.00999928
    endloop
  endfacet
  facet normal -0.729869 -0.683587 0
    outer loop
      vertex 49.4975 49.4975 5
      vertex 52.6288 46.1542 -0.00999928
      vertex 52.6288 46.1542 5
    endloop
  endfacet
  facet normal 0.352248 -0.935907 0
    outer loop
      vertex -26.7878 64.6716 -0.00999928
      vertex -22.5008 66.2851 5
      vertex -26.7878 64.6716 5
    endloop
  endfacet
  facet normal 0.352248 -0.935907 0
    outer loop
      vertex -22.5008 66.2851 5
      vertex -26.7878 64.6716 -0.00999928
      vertex -22.5008 66.2851 -0.00999928
    endloop
  endfacet
  facet normal 0.773015 0.634388 0
    outer loop
      vertex -52.6288 -46.1542 5
      vertex -55.5347 -42.6133 -0.00999928
      vertex -55.5347 -42.6133 5
    endloop
  endfacet
  facet normal 0.773015 0.634388 0
    outer loop
      vertex -55.5347 -42.6133 -0.00999928
      vertex -52.6288 -46.1542 5
      vertex -52.6288 -46.1542 -0.00999928
    endloop
  endfacet
  facet normal -0.412709 -0.910863 0
    outer loop
      vertex 26.7878 64.6716 -0.00999928
      vertex 30.9602 62.7811 5
      vertex 26.7878 64.6716 5
    endloop
  endfacet
  facet normal -0.412709 -0.910863 -0
    outer loop
      vertex 30.9602 62.7811 5
      vertex 26.7878 64.6716 -0.00999928
      vertex 30.9602 62.7811 -0.00999928
    endloop
  endfacet
  facet normal 0.849202 -0.528069 0
    outer loop
      vertex -60.6218 35 5
      vertex -58.2029 38.8899 -0.00999928
      vertex -58.2029 38.8899 5
    endloop
  endfacet
  facet normal 0.849202 -0.528069 0
    outer loop
      vertex -58.2029 38.8899 -0.00999928
      vertex -60.6218 35 5
      vertex -60.6218 35 -0.00999928
    endloop
  endfacet
  facet normal 0.812842 -0.582485 0
    outer loop
      vertex -58.2029 38.8899 5
      vertex -55.5347 42.6133 -0.00999928
      vertex -55.5347 42.6133 5
    endloop
  endfacet
  facet normal 0.812842 -0.582485 0
    outer loop
      vertex -55.5347 42.6133 -0.00999928
      vertex -58.2029 38.8899 5
      vertex -58.2029 38.8899 -0.00999928
    endloop
  endfacet
  facet normal -0.849202 0.528069 0
    outer loop
      vertex 58.2029 -38.8899 -0.00999928
      vertex 60.6218 -35 5
      vertex 60.6218 -35 -0.00999928
    endloop
  endfacet
  facet normal -0.849202 0.528069 0
    outer loop
      vertex 60.6218 -35 5
      vertex 58.2029 -38.8899 -0.00999928
      vertex 58.2029 -38.8899 5
    endloop
  endfacet
  facet normal -0.227085 0.973875 0
    outer loop
      vertex 18.1173 -67.6148 -0.00999928
      vertex 13.6563 -68.655 5
      vertex 18.1173 -67.6148 5
    endloop
  endfacet
  facet normal -0.227085 0.973875 0
    outer loop
      vertex 13.6563 -68.655 5
      vertex 18.1173 -67.6148 -0.00999928
      vertex 13.6563 -68.655 -0.00999928
    endloop
  endfacet
  facet normal -0.683587 0.729869 0
    outer loop
      vertex 49.4975 -49.4975 -0.00999928
      vertex 46.1542 -52.6288 5
      vertex 49.4975 -49.4975 5
    endloop
  endfacet
  facet normal -0.683587 0.729869 0
    outer loop
      vertex 46.1542 -52.6288 5
      vertex 49.4975 -49.4975 -0.00999928
      vertex 46.1542 -52.6288 -0.00999928
    endloop
  endfacet
  facet normal 0.352248 0.935907 -0
    outer loop
      vertex -22.5008 -66.2851 -0.00999928
      vertex -26.7878 -64.6716 5
      vertex -22.5008 -66.2851 5
    endloop
  endfacet
  facet normal 0.352248 0.935907 0
    outer loop
      vertex -26.7878 -64.6716 5
      vertex -22.5008 -66.2851 -0.00999928
      vertex -26.7878 -64.6716 -0.00999928
    endloop
  endfacet
  facet normal 0.528069 0.849202 -0
    outer loop
      vertex -35 -60.6218 -0.00999928
      vertex -38.8899 -58.2029 5
      vertex -35 -60.6218 5
    endloop
  endfacet
  facet normal 0.528069 0.849202 0
    outer loop
      vertex -38.8899 -58.2029 5
      vertex -35 -60.6218 -0.00999928
      vertex -38.8899 -58.2029 -0.00999928
    endloop
  endfacet
  facet normal 0.973875 0.227085 0
    outer loop
      vertex -67.6148 -18.1173 5
      vertex -68.655 -13.6563 -0.00999928
      vertex -68.655 -13.6563 5
    endloop
  endfacet
  facet normal 0.973875 0.227085 0
    outer loop
      vertex -68.655 -13.6563 -0.00999928
      vertex -67.6148 -18.1173 5
      vertex -67.6148 -18.1173 -0.00999928
    endloop
  endfacet
  facet normal -0.995184 -0.0980206 0
    outer loop
      vertex 69.8501 4.57822 -0.00999928
      vertex 69.4011 9.13683 5
      vertex 69.4011 9.13683 -0.00999928
    endloop
  endfacet
  facet normal -0.995184 -0.0980206 0
    outer loop
      vertex 69.4011 9.13683 5
      vertex 69.8501 4.57822 -0.00999928
      vertex 69.8501 4.57822 5
    endloop
  endfacet
  facet normal -0.910863 -0.412709 0
    outer loop
      vertex 64.6716 26.7878 -0.00999928
      vertex 62.7811 30.9602 5
      vertex 62.7811 30.9602 -0.00999928
    endloop
  endfacet
  facet normal -0.910863 -0.412709 0
    outer loop
      vertex 62.7811 30.9602 5
      vertex 64.6716 26.7878 -0.00999928
      vertex 64.6716 26.7878 5
    endloop
  endfacet
  facet normal -0.935907 -0.352248 0
    outer loop
      vertex 66.2851 22.5008 -0.00999928
      vertex 64.6716 26.7878 5
      vertex 64.6716 26.7878 -0.00999928
    endloop
  endfacet
  facet normal -0.935907 -0.352248 0
    outer loop
      vertex 64.6716 26.7878 5
      vertex 66.2851 22.5008 -0.00999928
      vertex 66.2851 22.5008 5
    endloop
  endfacet
  facet normal -0.881923 -0.471394 0
    outer loop
      vertex 62.7811 30.9602 -0.00999928
      vertex 60.6218 35 5
      vertex 60.6218 35 -0.00999928
    endloop
  endfacet
  facet normal -0.881923 -0.471394 0
    outer loop
      vertex 60.6218 35 5
      vertex 62.7811 30.9602 -0.00999928
      vertex 62.7811 30.9602 5
    endloop
  endfacet
  facet normal -0.773015 -0.634388 0
    outer loop
      vertex 55.5347 42.6133 -0.00999928
      vertex 52.6288 46.1542 5
      vertex 52.6288 46.1542 -0.00999928
    endloop
  endfacet
  facet normal -0.773015 -0.634388 0
    outer loop
      vertex 52.6288 46.1542 5
      vertex 55.5347 42.6133 -0.00999928
      vertex 55.5347 42.6133 5
    endloop
  endfacet
  facet normal -0.849202 -0.528069 0
    outer loop
      vertex 60.6218 35 -0.00999928
      vertex 58.2029 38.8899 5
      vertex 58.2029 38.8899 -0.00999928
    endloop
  endfacet
  facet normal -0.849202 -0.528069 0
    outer loop
      vertex 58.2029 38.8899 5
      vertex 60.6218 35 -0.00999928
      vertex 60.6218 35 5
    endloop
  endfacet
  facet normal -0.290281 -0.956942 0
    outer loop
      vertex 18.1173 67.6148 -0.00999928
      vertex 22.5008 66.2851 5
      vertex 18.1173 67.6148 5
    endloop
  endfacet
  facet normal -0.290281 -0.956942 -0
    outer loop
      vertex 22.5008 66.2851 5
      vertex 18.1173 67.6148 -0.00999928
      vertex 22.5008 66.2851 -0.00999928
    endloop
  endfacet
  facet normal -0.162881 -0.986646 0
    outer loop
      vertex 9.13683 69.4011 -0.00999928
      vertex 13.6563 68.655 5
      vertex 9.13683 69.4011 5
    endloop
  endfacet
  facet normal -0.162881 -0.986646 -0
    outer loop
      vertex 13.6563 68.655 5
      vertex 9.13683 69.4011 -0.00999928
      vertex 13.6563 68.655 -0.00999928
    endloop
  endfacet
  facet normal -0.582485 -0.812842 0
    outer loop
      vertex 38.8899 58.2029 -0.00999928
      vertex 42.6133 55.5347 5
      vertex 38.8899 58.2029 5
    endloop
  endfacet
  facet normal -0.582485 -0.812842 -0
    outer loop
      vertex 42.6133 55.5347 5
      vertex 38.8899 58.2029 -0.00999928
      vertex 42.6133 55.5347 -0.00999928
    endloop
  endfacet
  facet normal 0.773015 -0.634388 0
    outer loop
      vertex -55.5347 42.6133 5
      vertex -52.6288 46.1542 -0.00999928
      vertex -52.6288 46.1542 5
    endloop
  endfacet
  facet normal 0.773015 -0.634388 0
    outer loop
      vertex -52.6288 46.1542 -0.00999928
      vertex -55.5347 42.6133 5
      vertex -55.5347 42.6133 -0.00999928
    endloop
  endfacet
  facet normal 0.910863 -0.412709 0
    outer loop
      vertex -64.6716 26.7878 5
      vertex -62.7811 30.9602 -0.00999928
      vertex -62.7811 30.9602 5
    endloop
  endfacet
  facet normal 0.910863 -0.412709 0
    outer loop
      vertex -62.7811 30.9602 -0.00999928
      vertex -64.6716 26.7878 5
      vertex -64.6716 26.7878 -0.00999928
    endloop
  endfacet
  facet normal 0.881923 -0.471394 0
    outer loop
      vertex -62.7811 30.9602 5
      vertex -60.6218 35 -0.00999928
      vertex -60.6218 35 5
    endloop
  endfacet
  facet normal 0.881923 -0.471394 0
    outer loop
      vertex -60.6218 35 -0.00999928
      vertex -62.7811 30.9602 5
      vertex -62.7811 30.9602 -0.00999928
    endloop
  endfacet
  facet normal 0.956942 -0.290281 0
    outer loop
      vertex -67.6148 18.1173 5
      vertex -66.2851 22.5008 -0.00999928
      vertex -66.2851 22.5008 5
    endloop
  endfacet
  facet normal 0.956942 -0.290281 0
    outer loop
      vertex -66.2851 22.5008 -0.00999928
      vertex -67.6148 18.1173 5
      vertex -67.6148 18.1173 -0.00999928
    endloop
  endfacet
  facet normal 0.986646 -0.162881 0
    outer loop
      vertex -69.4011 9.13683 5
      vertex -68.655 13.6563 -0.00999928
      vertex -68.655 13.6563 5
    endloop
  endfacet
  facet normal 0.986646 -0.162881 0
    outer loop
      vertex -68.655 13.6563 -0.00999928
      vertex -69.4011 9.13683 5
      vertex -69.4011 9.13683 -0.00999928
    endloop
  endfacet
  facet normal 0.412709 -0.910863 0
    outer loop
      vertex -30.9602 62.7811 -0.00999928
      vertex -26.7878 64.6716 5
      vertex -30.9602 62.7811 5
    endloop
  endfacet
  facet normal 0.412709 -0.910863 0
    outer loop
      vertex -26.7878 64.6716 5
      vertex -30.9602 62.7811 -0.00999928
      vertex -26.7878 64.6716 -0.00999928
    endloop
  endfacet
  facet normal 0.471394 -0.881923 0
    outer loop
      vertex -35 60.6218 -0.00999928
      vertex -30.9602 62.7811 5
      vertex -35 60.6218 5
    endloop
  endfacet
  facet normal 0.471394 -0.881923 0
    outer loop
      vertex -30.9602 62.7811 5
      vertex -35 60.6218 -0.00999928
      vertex -30.9602 62.7811 -0.00999928
    endloop
  endfacet
  facet normal 0.582485 -0.812842 0
    outer loop
      vertex -42.6133 55.5347 -0.00999928
      vertex -38.8899 58.2029 5
      vertex -42.6133 55.5347 5
    endloop
  endfacet
  facet normal 0.582485 -0.812842 0
    outer loop
      vertex -38.8899 58.2029 5
      vertex -42.6133 55.5347 -0.00999928
      vertex -38.8899 58.2029 -0.00999928
    endloop
  endfacet
  facet normal 0.162881 -0.986646 0
    outer loop
      vertex -13.6563 68.655 -0.00999928
      vertex -9.13683 69.4011 5
      vertex -13.6563 68.655 5
    endloop
  endfacet
  facet normal 0.162881 -0.986646 0
    outer loop
      vertex -9.13683 69.4011 5
      vertex -13.6563 68.655 -0.00999928
      vertex -9.13683 69.4011 -0.00999928
    endloop
  endfacet
  facet normal -0.162881 0.986646 0
    outer loop
      vertex 13.6563 -68.655 -0.00999928
      vertex 9.13683 -69.4011 5
      vertex 13.6563 -68.655 5
    endloop
  endfacet
  facet normal -0.162881 0.986646 0
    outer loop
      vertex 9.13683 -69.4011 5
      vertex 13.6563 -68.655 -0.00999928
      vertex 9.13683 -69.4011 -0.00999928
    endloop
  endfacet
  facet normal -0.412709 0.910863 0
    outer loop
      vertex 30.9602 -62.7811 -0.00999928
      vertex 26.7878 -64.6716 5
      vertex 30.9602 -62.7811 5
    endloop
  endfacet
  facet normal -0.412709 0.910863 0
    outer loop
      vertex 26.7878 -64.6716 5
      vertex 30.9602 -62.7811 -0.00999928
      vertex 26.7878 -64.6716 -0.00999928
    endloop
  endfacet
  facet normal -0.582485 0.812842 0
    outer loop
      vertex 42.6133 -55.5347 -0.00999928
      vertex 38.8899 -58.2029 5
      vertex 42.6133 -55.5347 5
    endloop
  endfacet
  facet normal -0.582485 0.812842 0
    outer loop
      vertex 38.8899 -58.2029 5
      vertex 42.6133 -55.5347 -0.00999928
      vertex 38.8899 -58.2029 -0.00999928
    endloop
  endfacet
  facet normal -0.471394 0.881923 0
    outer loop
      vertex 35 -60.6218 -0.00999928
      vertex 30.9602 -62.7811 5
      vertex 35 -60.6218 5
    endloop
  endfacet
  facet normal -0.471394 0.881923 0
    outer loop
      vertex 30.9602 -62.7811 5
      vertex 35 -60.6218 -0.00999928
      vertex 30.9602 -62.7811 -0.00999928
    endloop
  endfacet
  facet normal -0.812842 0.582485 0
    outer loop
      vertex 55.5347 -42.6133 -0.00999928
      vertex 58.2029 -38.8899 5
      vertex 58.2029 -38.8899 -0.00999928
    endloop
  endfacet
  facet normal -0.812842 0.582485 0
    outer loop
      vertex 58.2029 -38.8899 5
      vertex 55.5347 -42.6133 -0.00999928
      vertex 55.5347 -42.6133 5
    endloop
  endfacet
  facet normal -0.999464 0.0327244 0
    outer loop
      vertex 69.8501 -4.57822 -0.00999928
      vertex 70 0 5
      vertex 70 0 -0.00999928
    endloop
  endfacet
  facet normal -0.999464 0.0327244 0
    outer loop
      vertex 70 0 5
      vertex 69.8501 -4.57822 -0.00999928
      vertex 69.8501 -4.57822 5
    endloop
  endfacet
  facet normal -0.986646 0.162881 0
    outer loop
      vertex 68.655 -13.6563 -0.00999928
      vertex 69.4011 -9.13683 5
      vertex 69.4011 -9.13683 -0.00999928
    endloop
  endfacet
  facet normal -0.986646 0.162881 0
    outer loop
      vertex 69.4011 -9.13683 5
      vertex 68.655 -13.6563 -0.00999928
      vertex 68.655 -13.6563 5
    endloop
  endfacet
  facet normal 0.162881 0.986646 -0
    outer loop
      vertex -9.13683 -69.4011 -0.00999928
      vertex -13.6563 -68.655 5
      vertex -9.13683 -69.4011 5
    endloop
  endfacet
  facet normal 0.162881 0.986646 0
    outer loop
      vertex -13.6563 -68.655 5
      vertex -9.13683 -69.4011 -0.00999928
      vertex -13.6563 -68.655 -0.00999928
    endloop
  endfacet
  facet normal 0.634388 0.773015 -0
    outer loop
      vertex -42.6133 -55.5347 -0.00999928
      vertex -46.1542 -52.6288 5
      vertex -42.6133 -55.5347 5
    endloop
  endfacet
  facet normal 0.634388 0.773015 0
    outer loop
      vertex -46.1542 -52.6288 5
      vertex -42.6133 -55.5347 -0.00999928
      vertex -46.1542 -52.6288 -0.00999928
    endloop
  endfacet
  facet normal 0.290281 0.956942 -0
    outer loop
      vertex -18.1173 -67.6148 -0.00999928
      vertex -22.5008 -66.2851 5
      vertex -18.1173 -67.6148 5
    endloop
  endfacet
  facet normal 0.290281 0.956942 0
    outer loop
      vertex -22.5008 -66.2851 5
      vertex -18.1173 -67.6148 -0.00999928
      vertex -22.5008 -66.2851 -0.00999928
    endloop
  endfacet
  facet normal 0.0327244 0.999464 -0
    outer loop
      vertex 0 -70 -0.00999928
      vertex -4.57822 -69.8501 5
      vertex 0 -70 5
    endloop
  endfacet
  facet normal 0.0327244 0.999464 0
    outer loop
      vertex -4.57822 -69.8501 5
      vertex 0 -70 -0.00999928
      vertex -4.57822 -69.8501 -0.00999928
    endloop
  endfacet
  facet normal 0.910863 0.412709 0
    outer loop
      vertex -62.7811 -30.9602 5
      vertex -64.6716 -26.7878 -0.00999928
      vertex -64.6716 -26.7878 5
    endloop
  endfacet
  facet normal 0.910863 0.412709 0
    outer loop
      vertex -64.6716 -26.7878 -0.00999928
      vertex -62.7811 -30.9602 5
      vertex -62.7811 -30.9602 -0.00999928
    endloop
  endfacet
  facet normal 0.812842 0.582485 0
    outer loop
      vertex -55.5347 -42.6133 5
      vertex -58.2029 -38.8899 -0.00999928
      vertex -58.2029 -38.8899 5
    endloop
  endfacet
  facet normal 0.812842 0.582485 0
    outer loop
      vertex -58.2029 -38.8899 -0.00999928
      vertex -55.5347 -42.6133 5
      vertex -55.5347 -42.6133 -0.00999928
    endloop
  endfacet
  facet normal 0.995184 0.0980206 0
    outer loop
      vertex -69.4011 -9.13683 5
      vertex -69.8501 -4.57822 -0.00999928
      vertex -69.8501 -4.57822 5
    endloop
  endfacet
  facet normal 0.995184 0.0980206 0
    outer loop
      vertex -69.8501 -4.57822 -0.00999928
      vertex -69.4011 -9.13683 5
      vertex -69.4011 -9.13683 -0.00999928
    endloop
  endfacet
  facet normal -0 0 1
    outer loop
      vertex 69.8315 4.57626 -0.00999928
      vertex 70 0 -0.00999928
      vertex 69.8501 4.57822 -0.00999928
    endloop
  endfacet
  facet normal 0 0 1
    outer loop
      vertex 70 0 -0.00999928
      vertex 69.8315 4.57626 -0.00999928
      vertex 69.9813 0 -0.00999928
    endloop
  endfacet
  facet normal 0 0 1
    outer loop
      vertex 69.8501 4.57822 -0.00999928
      vertex 69.8315 4.577 -0.00999928
      vertex 69.8315 4.57626 -0.00999928
    endloop
  endfacet
  facet normal -0 0 1
    outer loop
      vertex 69.3827 9.13366 -0.00999928
      vertex 69.8501 4.57822 -0.00999928
      vertex 69.4011 9.13683 -0.00999928
    endloop
  endfacet
  facet normal 0 0 1
    outer loop
      vertex 69.8501 4.57822 -0.00999928
      vertex 69.3827 9.13366 -0.00999928
      vertex 69.8315 4.577 -0.00999928
    endloop
  endfacet
  facet normal 0 0 1
    outer loop
      vertex 69.4011 9.13683 -0.00999928
      vertex 69.3826 9.1344 -0.00999928
      vertex 69.3827 9.13366 -0.00999928
    endloop
  endfacet
  facet normal 0 0 1
    outer loop
      vertex 69.4011 9.13683 -0.00999928
      vertex 69.3825 9.13513 -0.00999928
      vertex 69.3826 9.1344 -0.00999928
    endloop
  endfacet
  facet normal 0 0 1
    outer loop
      vertex 68.655 13.6563 -0.00999928
      vertex 69.3825 9.13513 -0.00999928
      vertex 69.4011 9.13683 -0.00999928
    endloop
  endfacet
  facet normal 0 0 1
    outer loop
      vertex 68.655 13.6563 -0.00999928
      vertex 68.6367 13.6527 -0.00999928
      vertex 69.3825 9.13513 -0.00999928
    endloop
  endfacet
  facet normal -0 0 1
    outer loop
      vertex 67.597 18.1118 -0.00999928
      vertex 68.655 13.6563 -0.00999928
      vertex 67.6148 18.1173 -0.00999928
    endloop
  endfacet
  facet normal 0 0 1
    outer loop
      vertex 68.655 13.6563 -0.00999928
      vertex 67.597 18.1118 -0.00999928
      vertex 68.6367 13.6527 -0.00999928
    endloop
  endfacet
  facet normal 0 0 1
    outer loop
      vertex 67.6148 18.1173 -0.00999928
      vertex 67.5968 18.1125 -0.00999928
      vertex 67.597 18.1118 -0.00999928
    endloop
  endfacet
  facet normal 0 0 1
    outer loop
      vertex 67.6148 18.1173 -0.00999928
      vertex 67.5966 18.1132 -0.00999928
      vertex 67.5968 18.1125 -0.00999928
    endloop
  endfacet
  facet normal 0 0 1
    outer loop
      vertex 66.2851 22.5008 -0.00999928
      vertex 67.5966 18.1132 -0.00999928
      vertex 67.6148 18.1173 -0.00999928
    endloop
  endfacet
  facet normal 0 0 1
    outer loop
      vertex 66.2851 22.5008 -0.00999928
      vertex 66.2674 22.4948 -0.00999928
      vertex 67.5966 18.1132 -0.00999928
    endloop
  endfacet
  facet normal -0 0 1
    outer loop
      vertex 64.6546 26.78 -0.00999928
      vertex 66.2851 22.5008 -0.00999928
      vertex 64.6716 26.7878 -0.00999928
    endloop
  endfacet
  facet normal 0 0 1
    outer loop
      vertex 66.2851 22.5008 -0.00999928
      vertex 64.6546 26.78 -0.00999928
      vertex 66.2674 22.4948 -0.00999928
    endloop
  endfacet
  facet normal 0 0 1
    outer loop
      vertex 64.6716 26.7878 -0.00999928
      vertex 64.6543 26.7807 -0.00999928
      vertex 64.6546 26.78 -0.00999928
    endloop
  endfacet
  facet normal -0 0 1
    outer loop
      vertex 62.7647 30.9513 -0.00999928
      vertex 64.6716 26.7878 -0.00999928
      vertex 62.7811 30.9602 -0.00999928
    endloop
  endfacet
  facet normal 0 0 1
    outer loop
      vertex 64.6716 26.7878 -0.00999928
      vertex 62.7647 30.9513 -0.00999928
      vertex 64.6543 26.7807 -0.00999928
    endloop
  endfacet
  facet normal 0 0 1
    outer loop
      vertex 62.7811 30.9602 -0.00999928
      vertex 62.7644 30.952 -0.00999928
      vertex 62.7647 30.9513 -0.00999928
    endloop
  endfacet
  facet normal 0 0 1
    outer loop
      vertex 62.7811 30.9602 -0.00999928
      vertex 62.764 30.9526 -0.00999928
      vertex 62.7644 30.952 -0.00999928
    endloop
  endfacet
  facet normal 0 0 1
    outer loop
      vertex 60.6218 35 -0.00999928
      vertex 62.764 30.9526 -0.00999928
      vertex 62.7811 30.9602 -0.00999928
    endloop
  endfacet
  facet normal 0 0 1
    outer loop
      vertex 60.6218 35 -0.00999928
      vertex 60.6056 34.9907 -0.00999928
      vertex 62.764 30.9526 -0.00999928
    endloop
  endfacet
  facet normal 0 0 1
    outer loop
      vertex 60.6218 35 -0.00999928
      vertex 60.6052 34.9913 -0.00999928
      vertex 60.6056 34.9907 -0.00999928
    endloop
  endfacet
  facet normal 0 0 1
    outer loop
      vertex 58.2029 38.8899 -0.00999928
      vertex 60.6052 34.9913 -0.00999928
      vertex 60.6218 35 -0.00999928
    endloop
  endfacet
  facet normal 0 0 1
    outer loop
      vertex 58.2029 38.8899 -0.00999928
      vertex 58.1874 38.8796 -0.00999928
      vertex 60.6052 34.9913 -0.00999928
    endloop
  endfacet
  facet normal 0 0 1
    outer loop
      vertex 58.2029 38.8899 -0.00999928
      vertex 58.1869 38.8802 -0.00999928
      vertex 58.1874 38.8796 -0.00999928
    endloop
  endfacet
  facet normal 0 0 1
    outer loop
      vertex 55.5347 42.6133 -0.00999928
      vertex 58.1869 38.8802 -0.00999928
      vertex 58.2029 38.8899 -0.00999928
    endloop
  endfacet
  facet normal 0 0 1
    outer loop
      vertex 55.5347 42.6133 -0.00999928
      vertex 55.5199 42.6019 -0.00999928
      vertex 58.1869 38.8802 -0.00999928
    endloop
  endfacet
  facet normal 0 0 1
    outer loop
      vertex 55.5347 42.6133 -0.00999928
      vertex 55.5195 42.6025 -0.00999928
      vertex 55.5199 42.6019 -0.00999928
    endloop
  endfacet
  facet normal 0 0 1
    outer loop
      vertex 52.6288 46.1542 -0.00999928
      vertex 55.5195 42.6025 -0.00999928
      vertex 55.5347 42.6133 -0.00999928
    endloop
  endfacet
  facet normal 0 0 1
    outer loop
      vertex 52.6288 46.1542 -0.00999928
      vertex 52.6148 46.1419 -0.00999928
      vertex 55.5195 42.6025 -0.00999928
    endloop
  endfacet
  facet normal 0 0 1
    outer loop
      vertex 52.6288 46.1542 -0.00999928
      vertex 52.6143 46.1424 -0.00999928
      vertex 52.6148 46.1419 -0.00999928
    endloop
  endfacet
  facet normal 0 0 1
    outer loop
      vertex 49.4975 49.4975 -0.00999928
      vertex 52.6143 46.1424 -0.00999928
      vertex 52.6288 46.1542 -0.00999928
    endloop
  endfacet
  facet normal 0 0 1
    outer loop
      vertex 49.4975 49.4975 -0.00999928
      vertex 49.4843 49.4843 -0.00999928
      vertex 52.6143 46.1424 -0.00999928
    endloop
  endfacet
  facet normal -0 0 1
    outer loop
      vertex 46.1424 52.6143 -0.00999928
      vertex 49.4975 49.4975 -0.00999928
      vertex 46.1542 52.6288 -0.00999928
    endloop
  endfacet
  facet normal 0 0 1
    outer loop
      vertex 49.4975 49.4975 -0.00999928
      vertex 46.1424 52.6143 -0.00999928
      vertex 49.4843 49.4843 -0.00999928
    endloop
  endfacet
  facet normal 0 0 1
    outer loop
      vertex 46.1542 52.6288 -0.00999928
      vertex 46.1419 52.6148 -0.00999928
      vertex 46.1424 52.6143 -0.00999928
    endloop
  endfacet
  facet normal -0 0 1
    outer loop
      vertex 42.6025 55.5195 -0.00999928
      vertex 46.1542 52.6288 -0.00999928
      vertex 42.6133 55.5347 -0.00999928
    endloop
  endfacet
  facet normal 0 0 1
    outer loop
      vertex 46.1542 52.6288 -0.00999928
      vertex 42.6025 55.5195 -0.00999928
      vertex 46.1419 52.6148 -0.00999928
    endloop
  endfacet
  facet normal 0 0 1
    outer loop
      vertex 42.6133 55.5347 -0.00999928
      vertex 42.6019 55.5199 -0.00999928
      vertex 42.6025 55.5195 -0.00999928
    endloop
  endfacet
  facet normal -0 0 1
    outer loop
      vertex 38.8802 58.1869 -0.00999928
      vertex 42.6133 55.5347 -0.00999928
      vertex 38.8899 58.2029 -0.00999928
    endloop
  endfacet
  facet normal 0 0 1
    outer loop
      vertex 42.6133 55.5347 -0.00999928
      vertex 38.8802 58.1869 -0.00999928
      vertex 42.6019 55.5199 -0.00999928
    endloop
  endfacet
  facet normal 0 0 1
    outer loop
      vertex 38.8899 58.2029 -0.00999928
      vertex 38.8796 58.1874 -0.00999928
      vertex 38.8802 58.1869 -0.00999928
    endloop
  endfacet
  facet normal -0 0 1
    outer loop
      vertex 34.9913 60.6052 -0.00999928
      vertex 38.8899 58.2029 -0.00999928
      vertex 35 60.6218 -0.00999928
    endloop
  endfacet
  facet normal 0 0 1
    outer loop
      vertex 38.8899 58.2029 -0.00999928
      vertex 34.9913 60.6052 -0.00999928
      vertex 38.8796 58.1874 -0.00999928
    endloop
  endfacet
  facet normal 0 0 1
    outer loop
      vertex 35 60.6218 -0.00999928
      vertex 34.9907 60.6056 -0.00999928
      vertex 34.9913 60.6052 -0.00999928
    endloop
  endfacet
  facet normal -0 0 1
    outer loop
      vertex 30.9526 62.764 -0.00999928
      vertex 35 60.6218 -0.00999928
      vertex 30.9602 62.7811 -0.00999928
    endloop
  endfacet
  facet normal 0 0 1
    outer loop
      vertex 35 60.6218 -0.00999928
      vertex 30.9526 62.764 -0.00999928
      vertex 34.9907 60.6056 -0.00999928
    endloop
  endfacet
  facet normal 0 0 1
    outer loop
      vertex 30.9602 62.7811 -0.00999928
      vertex 30.952 62.7644 -0.00999928
      vertex 30.9526 62.764 -0.00999928
    endloop
  endfacet
  facet normal 0 0 1
    outer loop
      vertex 30.9602 62.7811 -0.00999928
      vertex 30.9513 62.7647 -0.00999928
      vertex 30.952 62.7644 -0.00999928
    endloop
  endfacet
  facet normal 0 0 1
    outer loop
      vertex 26.7878 64.6716 -0.00999928
      vertex 30.9513 62.7647 -0.00999928
      vertex 30.9602 62.7811 -0.00999928
    endloop
  endfacet
  facet normal 0 0 1
    outer loop
      vertex 26.7878 64.6716 -0.00999928
      vertex 26.7807 64.6543 -0.00999928
      vertex 30.9513 62.7647 -0.00999928
    endloop
  endfacet
  facet normal 0 0 1
    outer loop
      vertex 26.7878 64.6716 -0.00999928
      vertex 26.78 64.6546 -0.00999928
      vertex 26.7807 64.6543 -0.00999928
    endloop
  endfacet
  facet normal 0 0 1
    outer loop
      vertex 22.5008 66.2851 -0.00999928
      vertex 26.78 64.6546 -0.00999928
      vertex 26.7878 64.6716 -0.00999928
    endloop
  endfacet
  facet normal 0 0 1
    outer loop
      vertex 22.5008 66.2851 -0.00999928
      vertex 22.4948 66.2674 -0.00999928
      vertex 26.78 64.6546 -0.00999928
    endloop
  endfacet
  facet normal -0 0 1
    outer loop
      vertex 18.1132 67.5966 -0.00999928
      vertex 22.5008 66.2851 -0.00999928
      vertex 18.1173 67.6148 -0.00999928
    endloop
  endfacet
  facet normal 0 0 1
    outer loop
      vertex 22.5008 66.2851 -0.00999928
      vertex 18.1132 67.5966 -0.00999928
      vertex 22.4948 66.2674 -0.00999928
    endloop
  endfacet
  facet normal 0 0 1
    outer loop
      vertex 18.1173 67.6148 -0.00999928
      vertex 18.1125 67.5968 -0.00999928
      vertex 18.1132 67.5966 -0.00999928
    endloop
  endfacet
  facet normal 0 0 1
    outer loop
      vertex 18.1173 67.6148 -0.00999928
      vertex 18.1118 67.597 -0.00999928
      vertex 18.1125 67.5968 -0.00999928
    endloop
  endfacet
  facet normal 0 0 1
    outer loop
      vertex 13.6563 68.655 -0.00999928
      vertex 18.1118 67.597 -0.00999928
      vertex 18.1173 67.6148 -0.00999928
    endloop
  endfacet
  facet normal 0 0 1
    outer loop
      vertex 13.6563 68.655 -0.00999928
      vertex 13.6527 68.6367 -0.00999928
      vertex 18.1118 67.597 -0.00999928
    endloop
  endfacet
  facet normal -0 0 1
    outer loop
      vertex 9.13513 69.3825 -0.00999928
      vertex 13.6563 68.655 -0.00999928
      vertex 9.13683 69.4011 -0.00999928
    endloop
  endfacet
  facet normal 0 0 1
    outer loop
      vertex 13.6563 68.655 -0.00999928
      vertex 9.13513 69.3825 -0.00999928
      vertex 13.6527 68.6367 -0.00999928
    endloop
  endfacet
  facet normal 0 0 1
    outer loop
      vertex 9.13683 69.4011 -0.00999928
      vertex 9.1344 69.3826 -0.00999928
      vertex 9.13513 69.3825 -0.00999928
    endloop
  endfacet
  facet normal 0 0 1
    outer loop
      vertex 9.13683 69.4011 -0.00999928
      vertex 9.13366 69.3827 -0.00999928
      vertex 9.1344 69.3826 -0.00999928
    endloop
  endfacet
  facet normal 0 0 1
    outer loop
      vertex 4.57822 69.8501 -0.00999928
      vertex 9.13366 69.3827 -0.00999928
      vertex 9.13683 69.4011 -0.00999928
    endloop
  endfacet
  facet normal 0 0 1
    outer loop
      vertex 4.57822 69.8501 -0.00999928
      vertex 4.577 69.8315 -0.00999928
      vertex 9.13366 69.3827 -0.00999928
    endloop
  endfacet
  facet normal 0 0 1
    outer loop
      vertex 4.57822 69.8501 -0.00999928
      vertex 4.57626 69.8315 -0.00999928
      vertex 4.577 69.8315 -0.00999928
    endloop
  endfacet
  facet normal 0 0 1
    outer loop
      vertex 0 70 -0.00999928
      vertex 4.57626 69.8315 -0.00999928
      vertex 4.57822 69.8501 -0.00999928
    endloop
  endfacet
  facet normal 0 0 1
    outer loop
      vertex 0 70 -0.00999928
      vertex 0 69.9813 -0.00999928
      vertex 4.57626 69.8315 -0.00999928
    endloop
  endfacet
  facet normal 0 0 1
    outer loop
      vertex 0 70 -0.00999928
      vertex -4.57626 69.8315 -0.00999928
      vertex 0 69.9813 -0.00999928
    endloop
  endfacet
  facet normal -0 0 1
    outer loop
      vertex -4.57822 69.8501 -0.00999928
      vertex -4.57626 69.8315 -0.00999928
      vertex 0 70 -0.00999928
    endloop
  endfacet
  facet normal 0 0 1
    outer loop
      vertex -4.57626 69.8315 -0.00999928
      vertex -4.57822 69.8501 -0.00999928
      vertex -4.577 69.8315 -0.00999928
    endloop
  endfacet
  facet normal 0 0 1
    outer loop
      vertex -4.57822 69.8501 -0.00999928
      vertex -9.13366 69.3827 -0.00999928
      vertex -4.577 69.8315 -0.00999928
    endloop
  endfacet
  facet normal -0 0 1
    outer loop
      vertex -9.13683 69.4011 -0.00999928
      vertex -9.13366 69.3827 -0.00999928
      vertex -4.57822 69.8501 -0.00999928
    endloop
  endfacet
  facet normal 0 0 1
    outer loop
      vertex -9.13366 69.3827 -0.00999928
      vertex -9.13683 69.4011 -0.00999928
      vertex -9.1344 69.3826 -0.00999928
    endloop
  endfacet
  facet normal 0 0 1
    outer loop
      vertex -9.13683 69.4011 -0.00999928
      vertex -9.13513 69.3825 -0.00999928
      vertex -9.1344 69.3826 -0.00999928
    endloop
  endfacet
  facet normal 0 0 1
    outer loop
      vertex -13.6563 68.655 -0.00999928
      vertex -9.13513 69.3825 -0.00999928
      vertex -9.13683 69.4011 -0.00999928
    endloop
  endfacet
  facet normal 0 0 1
    outer loop
      vertex -9.13513 69.3825 -0.00999928
      vertex -13.6563 68.655 -0.00999928
      vertex -13.6527 68.6367 -0.00999928
    endloop
  endfacet
  facet normal 0 0 1
    outer loop
      vertex -13.6563 68.655 -0.00999928
      vertex -18.1118 67.597 -0.00999928
      vertex -13.6527 68.6367 -0.00999928
    endloop
  endfacet
  facet normal -0 0 1
    outer loop
      vertex -18.1173 67.6148 -0.00999928
      vertex -18.1118 67.597 -0.00999928
      vertex -13.6563 68.655 -0.00999928
    endloop
  endfacet
  facet normal 0 0 1
    outer loop
      vertex -18.1118 67.597 -0.00999928
      vertex -18.1173 67.6148 -0.00999928
      vertex -18.1125 67.5968 -0.00999928
    endloop
  endfacet
  facet normal 0 0 1
    outer loop
      vertex -18.1173 67.6148 -0.00999928
      vertex -18.1132 67.5966 -0.00999928
      vertex -18.1125 67.5968 -0.00999928
    endloop
  endfacet
  facet normal 0 0 1
    outer loop
      vertex -22.5008 66.2851 -0.00999928
      vertex -18.1132 67.5966 -0.00999928
      vertex -18.1173 67.6148 -0.00999928
    endloop
  endfacet
  facet normal 0 0 1
    outer loop
      vertex -18.1132 67.5966 -0.00999928
      vertex -22.5008 66.2851 -0.00999928
      vertex -22.4948 66.2674 -0.00999928
    endloop
  endfacet
  facet normal 0 0 1
    outer loop
      vertex -22.5008 66.2851 -0.00999928
      vertex -26.78 64.6546 -0.00999928
      vertex -22.4948 66.2674 -0.00999928
    endloop
  endfacet
  facet normal -0 0 1
    outer loop
      vertex -26.7878 64.6716 -0.00999928
      vertex -26.78 64.6546 -0.00999928
      vertex -22.5008 66.2851 -0.00999928
    endloop
  endfacet
  facet normal 0 0 1
    outer loop
      vertex -26.78 64.6546 -0.00999928
      vertex -26.7878 64.6716 -0.00999928
      vertex -26.7807 64.6543 -0.00999928
    endloop
  endfacet
  facet normal 0 0 1
    outer loop
      vertex -26.7878 64.6716 -0.00999928
      vertex -30.9513 62.7647 -0.00999928
      vertex -26.7807 64.6543 -0.00999928
    endloop
  endfacet
  facet normal -0 0 1
    outer loop
      vertex -30.9602 62.7811 -0.00999928
      vertex -30.9513 62.7647 -0.00999928
      vertex -26.7878 64.6716 -0.00999928
    endloop
  endfacet
  facet normal 0 0 1
    outer loop
      vertex -30.9513 62.7647 -0.00999928
      vertex -30.9602 62.7811 -0.00999928
      vertex -30.952 62.7644 -0.00999928
    endloop
  endfacet
  facet normal 0 0 1
    outer loop
      vertex -30.9602 62.7811 -0.00999928
      vertex -30.9526 62.764 -0.00999928
      vertex -30.952 62.7644 -0.00999928
    endloop
  endfacet
  facet normal 0 0 1
    outer loop
      vertex -35 60.6218 -0.00999928
      vertex -30.9526 62.764 -0.00999928
      vertex -30.9602 62.7811 -0.00999928
    endloop
  endfacet
  facet normal 0 0 1
    outer loop
      vertex -30.9526 62.764 -0.00999928
      vertex -35 60.6218 -0.00999928
      vertex -34.9907 60.6056 -0.00999928
    endloop
  endfacet
  facet normal 0 0 1
    outer loop
      vertex -35 60.6218 -0.00999928
      vertex -34.9913 60.6052 -0.00999928
      vertex -34.9907 60.6056 -0.00999928
    endloop
  endfacet
  facet normal 0 0 1
    outer loop
      vertex -38.8899 58.2029 -0.00999928
      vertex -34.9913 60.6052 -0.00999928
      vertex -35 60.6218 -0.00999928
    endloop
  endfacet
  facet normal 0 0 1
    outer loop
      vertex -34.9913 60.6052 -0.00999928
      vertex -38.8899 58.2029 -0.00999928
      vertex -38.8796 58.1874 -0.00999928
    endloop
  endfacet
  facet normal 0 0 1
    outer loop
      vertex -38.8899 58.2029 -0.00999928
      vertex -38.8802 58.1869 -0.00999928
      vertex -38.8796 58.1874 -0.00999928
    endloop
  endfacet
  facet normal 0 0 1
    outer loop
      vertex -42.6133 55.5347 -0.00999928
      vertex -38.8802 58.1869 -0.00999928
      vertex -38.8899 58.2029 -0.00999928
    endloop
  endfacet
  facet normal 0 0 1
    outer loop
      vertex -38.8802 58.1869 -0.00999928
      vertex -42.6133 55.5347 -0.00999928
      vertex -42.6019 55.5199 -0.00999928
    endloop
  endfacet
  facet normal 0 0 1
    outer loop
      vertex -42.6133 55.5347 -0.00999928
      vertex -42.6025 55.5195 -0.00999928
      vertex -42.6019 55.5199 -0.00999928
    endloop
  endfacet
  facet normal 0 0 1
    outer loop
      vertex -46.1542 52.6288 -0.00999928
      vertex -42.6025 55.5195 -0.00999928
      vertex -42.6133 55.5347 -0.00999928
    endloop
  endfacet
  facet normal 0 0 1
    outer loop
      vertex -42.6025 55.5195 -0.00999928
      vertex -46.1542 52.6288 -0.00999928
      vertex -46.1419 52.6148 -0.00999928
    endloop
  endfacet
  facet normal 0 0 1
    outer loop
      vertex -46.1542 52.6288 -0.00999928
      vertex -46.1424 52.6143 -0.00999928
      vertex -46.1419 52.6148 -0.00999928
    endloop
  endfacet
  facet normal 0 0 1
    outer loop
      vertex -49.4975 49.4975 -0.00999928
      vertex -46.1424 52.6143 -0.00999928
      vertex -46.1542 52.6288 -0.00999928
    endloop
  endfacet
  facet normal 0 0 1
    outer loop
      vertex -46.1424 52.6143 -0.00999928
      vertex -49.4975 49.4975 -0.00999928
      vertex -49.4843 49.4843 -0.00999928
    endloop
  endfacet
  facet normal 0 0 1
    outer loop
      vertex -49.4975 49.4975 -0.00999928
      vertex -52.6143 46.1424 -0.00999928
      vertex -49.4843 49.4843 -0.00999928
    endloop
  endfacet
  facet normal -0 0 1
    outer loop
      vertex -52.6288 46.1542 -0.00999928
      vertex -52.6143 46.1424 -0.00999928
      vertex -49.4975 49.4975 -0.00999928
    endloop
  endfacet
  facet normal 0 0 1
    outer loop
      vertex -52.6143 46.1424 -0.00999928
      vertex -52.6288 46.1542 -0.00999928
      vertex -52.6148 46.1419 -0.00999928
    endloop
  endfacet
  facet normal 0 0 1
    outer loop
      vertex -52.6288 46.1542 -0.00999928
      vertex -55.5195 42.6025 -0.00999928
      vertex -52.6148 46.1419 -0.00999928
    endloop
  endfacet
  facet normal -0 0 1
    outer loop
      vertex -55.5347 42.6133 -0.00999928
      vertex -55.5195 42.6025 -0.00999928
      vertex -52.6288 46.1542 -0.00999928
    endloop
  endfacet
  facet normal 0 0 1
    outer loop
      vertex -55.5195 42.6025 -0.00999928
      vertex -55.5347 42.6133 -0.00999928
      vertex -55.5199 42.6019 -0.00999928
    endloop
  endfacet
  facet normal 0 0 1
    outer loop
      vertex -55.5347 42.6133 -0.00999928
      vertex -58.1869 38.8802 -0.00999928
      vertex -55.5199 42.6019 -0.00999928
    endloop
  endfacet
  facet normal -0 0 1
    outer loop
      vertex -58.2029 38.8899 -0.00999928
      vertex -58.1869 38.8802 -0.00999928
      vertex -55.5347 42.6133 -0.00999928
    endloop
  endfacet
  facet normal 0 0 1
    outer loop
      vertex -58.1869 38.8802 -0.00999928
      vertex -58.2029 38.8899 -0.00999928
      vertex -58.1874 38.8796 -0.00999928
    endloop
  endfacet
  facet normal 0 0 1
    outer loop
      vertex -58.2029 38.8899 -0.00999928
      vertex -60.6052 34.9913 -0.00999928
      vertex -58.1874 38.8796 -0.00999928
    endloop
  endfacet
  facet normal -0 0 1
    outer loop
      vertex -60.6218 35 -0.00999928
      vertex -60.6052 34.9913 -0.00999928
      vertex -58.2029 38.8899 -0.00999928
    endloop
  endfacet
  facet normal 0 0 1
    outer loop
      vertex -60.6218 35 -0.00999928
      vertex -60.6056 34.9907 -0.00999928
      vertex -60.6052 34.9913 -0.00999928
    endloop
  endfacet
  facet normal 0 0 1
    outer loop
      vertex -60.6218 35 -0.00999928
      vertex -62.764 30.9526 -0.00999928
      vertex -60.6056 34.9907 -0.00999928
    endloop
  endfacet
  facet normal -0 0 1
    outer loop
      vertex -62.7811 30.9602 -0.00999928
      vertex -62.764 30.9526 -0.00999928
      vertex -60.6218 35 -0.00999928
    endloop
  endfacet
  facet normal 0 0 1
    outer loop
      vertex -62.764 30.9526 -0.00999928
      vertex -62.7811 30.9602 -0.00999928
      vertex -62.7644 30.952 -0.00999928
    endloop
  endfacet
  facet normal 0 0 1
    outer loop
      vertex -62.7811 30.9602 -0.00999928
      vertex -62.7647 30.9513 -0.00999928
      vertex -62.7644 30.952 -0.00999928
    endloop
  endfacet
  facet normal 0 0 1
    outer loop
      vertex -64.6716 26.7878 -0.00999928
      vertex -62.7647 30.9513 -0.00999928
      vertex -62.7811 30.9602 -0.00999928
    endloop
  endfacet
  facet normal 0 0 1
    outer loop
      vertex -62.7647 30.9513 -0.00999928
      vertex -64.6716 26.7878 -0.00999928
      vertex -64.6543 26.7807 -0.00999928
    endloop
  endfacet
  facet normal 0 0 1
    outer loop
      vertex -64.6716 26.7878 -0.00999928
      vertex -64.6546 26.78 -0.00999928
      vertex -64.6543 26.7807 -0.00999928
    endloop
  endfacet
  facet normal 0 0 1
    outer loop
      vertex -66.2851 22.5008 -0.00999928
      vertex -64.6546 26.78 -0.00999928
      vertex -64.6716 26.7878 -0.00999928
    endloop
  endfacet
  facet normal 0 0 1
    outer loop
      vertex -64.6546 26.78 -0.00999928
      vertex -66.2851 22.5008 -0.00999928
      vertex -66.2674 22.4948 -0.00999928
    endloop
  endfacet
  facet normal 0 0 1
    outer loop
      vertex -66.2851 22.5008 -0.00999928
      vertex -67.5966 18.1132 -0.00999928
      vertex -66.2674 22.4948 -0.00999928
    endloop
  endfacet
  facet normal -0 0 1
    outer loop
      vertex -67.6148 18.1173 -0.00999928
      vertex -67.5966 18.1132 -0.00999928
      vertex -66.2851 22.5008 -0.00999928
    endloop
  endfacet
  facet normal 0 0 1
    outer loop
      vertex -67.5966 18.1132 -0.00999928
      vertex -67.6148 18.1173 -0.00999928
      vertex -67.5968 18.1125 -0.00999928
    endloop
  endfacet
  facet normal 0 0 1
    outer loop
      vertex -67.6148 18.1173 -0.00999928
      vertex -67.597 18.1118 -0.00999928
      vertex -67.5968 18.1125 -0.00999928
    endloop
  endfacet
  facet normal 0 0 1
    outer loop
      vertex -68.655 13.6563 -0.00999928
      vertex -67.597 18.1118 -0.00999928
      vertex -67.6148 18.1173 -0.00999928
    endloop
  endfacet
  facet normal 0 0 1
    outer loop
      vertex -67.597 18.1118 -0.00999928
      vertex -68.655 13.6563 -0.00999928
      vertex -68.6367 13.6527 -0.00999928
    endloop
  endfacet
  facet normal 0 0 1
    outer loop
      vertex -68.655 13.6563 -0.00999928
      vertex -69.3825 9.13513 -0.00999928
      vertex -68.6367 13.6527 -0.00999928
    endloop
  endfacet
  facet normal -0 0 1
    outer loop
      vertex -69.4011 9.13683 -0.00999928
      vertex -69.3825 9.13513 -0.00999928
      vertex -68.655 13.6563 -0.00999928
    endloop
  endfacet
  facet normal 0 0 1
    outer loop
      vertex -69.3825 9.13513 -0.00999928
      vertex -69.4011 9.13683 -0.00999928
      vertex -69.3826 9.1344 -0.00999928
    endloop
  endfacet
  facet normal 0 0 1
    outer loop
      vertex -69.4011 9.13683 -0.00999928
      vertex -69.3827 9.13366 -0.00999928
      vertex -69.3826 9.1344 -0.00999928
    endloop
  endfacet
  facet normal 0 0 1
    outer loop
      vertex -69.8501 4.57822 -0.00999928
      vertex -69.3827 9.13366 -0.00999928
      vertex -69.4011 9.13683 -0.00999928
    endloop
  endfacet
  facet normal 0 0 1
    outer loop
      vertex -69.3827 9.13366 -0.00999928
      vertex -69.8501 4.57822 -0.00999928
      vertex -69.8315 4.577 -0.00999928
    endloop
  endfacet
  facet normal 0 0 1
    outer loop
      vertex -69.8501 4.57822 -0.00999928
      vertex -69.8315 4.57626 -0.00999928
      vertex -69.8315 4.577 -0.00999928
    endloop
  endfacet
  facet normal 0 0 1
    outer loop
      vertex -70 0 -0.00999928
      vertex -69.8315 4.57626 -0.00999928
      vertex -69.8501 4.57822 -0.00999928
    endloop
  endfacet
  facet normal 0 0 1
    outer loop
      vertex -69.8315 4.57626 -0.00999928
      vertex -70 0 -0.00999928
      vertex -69.9813 0 -0.00999928
    endloop
  endfacet
  facet normal 0 0 1
    outer loop
      vertex 69.8315 -4.57626 -0.00999928
      vertex 70 0 -0.00999928
      vertex 69.9813 0 -0.00999928
    endloop
  endfacet
  facet normal 0 0 1
    outer loop
      vertex 70 0 -0.00999928
      vertex 69.8315 -4.57626 -0.00999928
      vertex 69.8501 -4.57822 -0.00999928
    endloop
  endfacet
  facet normal -0 0 1
    outer loop
      vertex 69.8315 -4.577 -0.00999928
      vertex 69.8501 -4.57822 -0.00999928
      vertex 69.8315 -4.57626 -0.00999928
    endloop
  endfacet
  facet normal 0 0 1
    outer loop
      vertex 69.3827 -9.13366 -0.00999928
      vertex 69.8501 -4.57822 -0.00999928
      vertex 69.8315 -4.577 -0.00999928
    endloop
  endfacet
  facet normal 0 0 1
    outer loop
      vertex 69.8501 -4.57822 -0.00999928
      vertex 69.3827 -9.13366 -0.00999928
      vertex 69.4011 -9.13683 -0.00999928
    endloop
  endfacet
  facet normal -0 0 1
    outer loop
      vertex 69.3826 -9.1344 -0.00999928
      vertex 69.4011 -9.13683 -0.00999928
      vertex 69.3827 -9.13366 -0.00999928
    endloop
  endfacet
  facet normal -0 0 1
    outer loop
      vertex 69.3825 -9.13513 -0.00999928
      vertex 69.4011 -9.13683 -0.00999928
      vertex 69.3826 -9.1344 -0.00999928
    endloop
  endfacet
  facet normal 0 0 1
    outer loop
      vertex 69.3825 -9.13513 -0.00999928
      vertex 68.655 -13.6563 -0.00999928
      vertex 69.4011 -9.13683 -0.00999928
    endloop
  endfacet
  facet normal -0 0 1
    outer loop
      vertex 68.6367 -13.6527 -0.00999928
      vertex 68.655 -13.6563 -0.00999928
      vertex 69.3825 -9.13513 -0.00999928
    endloop
  endfacet
  facet normal 0 0 1
    outer loop
      vertex 67.597 -18.1118 -0.00999928
      vertex 68.655 -13.6563 -0.00999928
      vertex 68.6367 -13.6527 -0.00999928
    endloop
  endfacet
  facet normal 0 0 1
    outer loop
      vertex 68.655 -13.6563 -0.00999928
      vertex 67.597 -18.1118 -0.00999928
      vertex 67.6148 -18.1173 -0.00999928
    endloop
  endfacet
  facet normal -0 0 1
    outer loop
      vertex 67.5968 -18.1125 -0.00999928
      vertex 67.6148 -18.1173 -0.00999928
      vertex 67.597 -18.1118 -0.00999928
    endloop
  endfacet
  facet normal -0 0 1
    outer loop
      vertex 67.5966 -18.1132 -0.00999928
      vertex 67.6148 -18.1173 -0.00999928
      vertex 67.5968 -18.1125 -0.00999928
    endloop
  endfacet
  facet normal 0 0 1
    outer loop
      vertex 67.5966 -18.1132 -0.00999928
      vertex 66.2851 -22.5008 -0.00999928
      vertex 67.6148 -18.1173 -0.00999928
    endloop
  endfacet
  facet normal -0 0 1
    outer loop
      vertex 66.2674 -22.4948 -0.00999928
      vertex 66.2851 -22.5008 -0.00999928
      vertex 67.5966 -18.1132 -0.00999928
    endloop
  endfacet
  facet normal 0 0 1
    outer loop
      vertex 64.6546 -26.78 -0.00999928
      vertex 66.2851 -22.5008 -0.00999928
      vertex 66.2674 -22.4948 -0.00999928
    endloop
  endfacet
  facet normal 0 0 1
    outer loop
      vertex 66.2851 -22.5008 -0.00999928
      vertex 64.6546 -26.78 -0.00999928
      vertex 64.6716 -26.7878 -0.00999928
    endloop
  endfacet
  facet normal -0 0 1
    outer loop
      vertex 64.6543 -26.7807 -0.00999928
      vertex 64.6716 -26.7878 -0.00999928
      vertex 64.6546 -26.78 -0.00999928
    endloop
  endfacet
  facet normal 0 0 1
    outer loop
      vertex 62.7647 -30.9513 -0.00999928
      vertex 64.6716 -26.7878 -0.00999928
      vertex 64.6543 -26.7807 -0.00999928
    endloop
  endfacet
  facet normal 0 0 1
    outer loop
      vertex 64.6716 -26.7878 -0.00999928
      vertex 62.7647 -30.9513 -0.00999928
      vertex 62.7811 -30.9602 -0.00999928
    endloop
  endfacet
  facet normal -0 0 1
    outer loop
      vertex 62.7644 -30.952 -0.00999928
      vertex 62.7811 -30.9602 -0.00999928
      vertex 62.7647 -30.9513 -0.00999928
    endloop
  endfacet
  facet normal -0 0 1
    outer loop
      vertex 62.764 -30.9526 -0.00999928
      vertex 62.7811 -30.9602 -0.00999928
      vertex 62.7644 -30.952 -0.00999928
    endloop
  endfacet
  facet normal 0 0 1
    outer loop
      vertex 62.764 -30.9526 -0.00999928
      vertex 60.6218 -35 -0.00999928
      vertex 62.7811 -30.9602 -0.00999928
    endloop
  endfacet
  facet normal -0 0 1
    outer loop
      vertex 60.6056 -34.9907 -0.00999928
      vertex 60.6218 -35 -0.00999928
      vertex 62.764 -30.9526 -0.00999928
    endloop
  endfacet
  facet normal -0 0 1
    outer loop
      vertex 60.6052 -34.9913 -0.00999928
      vertex 60.6218 -35 -0.00999928
      vertex 60.6056 -34.9907 -0.00999928
    endloop
  endfacet
  facet normal 0 0 1
    outer loop
      vertex 60.6052 -34.9913 -0.00999928
      vertex 58.2029 -38.8899 -0.00999928
      vertex 60.6218 -35 -0.00999928
    endloop
  endfacet
  facet normal -0 0 1
    outer loop
      vertex 58.1874 -38.8796 -0.00999928
      vertex 58.2029 -38.8899 -0.00999928
      vertex 60.6052 -34.9913 -0.00999928
    endloop
  endfacet
  facet normal -0 0 1
    outer loop
      vertex 58.1869 -38.8802 -0.00999928
      vertex 58.2029 -38.8899 -0.00999928
      vertex 58.1874 -38.8796 -0.00999928
    endloop
  endfacet
  facet normal 0 0 1
    outer loop
      vertex 58.1869 -38.8802 -0.00999928
      vertex 55.5347 -42.6133 -0.00999928
      vertex 58.2029 -38.8899 -0.00999928
    endloop
  endfacet
  facet normal -0 0 1
    outer loop
      vertex 55.5199 -42.6019 -0.00999928
      vertex 55.5347 -42.6133 -0.00999928
      vertex 58.1869 -38.8802 -0.00999928
    endloop
  endfacet
  facet normal -0 0 1
    outer loop
      vertex 55.5195 -42.6025 -0.00999928
      vertex 55.5347 -42.6133 -0.00999928
      vertex 55.5199 -42.6019 -0.00999928
    endloop
  endfacet
  facet normal 0 0 1
    outer loop
      vertex 55.5195 -42.6025 -0.00999928
      vertex 52.6288 -46.1542 -0.00999928
      vertex 55.5347 -42.6133 -0.00999928
    endloop
  endfacet
  facet normal -0 0 1
    outer loop
      vertex 52.6148 -46.1419 -0.00999928
      vertex 52.6288 -46.1542 -0.00999928
      vertex 55.5195 -42.6025 -0.00999928
    endloop
  endfacet
  facet normal -0 0 1
    outer loop
      vertex 52.6143 -46.1424 -0.00999928
      vertex 52.6288 -46.1542 -0.00999928
      vertex 52.6148 -46.1419 -0.00999928
    endloop
  endfacet
  facet normal 0 0 1
    outer loop
      vertex 52.6143 -46.1424 -0.00999928
      vertex 49.4975 -49.4975 -0.00999928
      vertex 52.6288 -46.1542 -0.00999928
    endloop
  endfacet
  facet normal -0 0 1
    outer loop
      vertex 49.4843 -49.4843 -0.00999928
      vertex 49.4975 -49.4975 -0.00999928
      vertex 52.6143 -46.1424 -0.00999928
    endloop
  endfacet
  facet normal 0 0 1
    outer loop
      vertex 46.1424 -52.6143 -0.00999928
      vertex 49.4975 -49.4975 -0.00999928
      vertex 49.4843 -49.4843 -0.00999928
    endloop
  endfacet
  facet normal 0 0 1
    outer loop
      vertex 49.4975 -49.4975 -0.00999928
      vertex 46.1424 -52.6143 -0.00999928
      vertex 46.1542 -52.6288 -0.00999928
    endloop
  endfacet
  facet normal -0 0 1
    outer loop
      vertex 46.1419 -52.6148 -0.00999928
      vertex 46.1542 -52.6288 -0.00999928
      vertex 46.1424 -52.6143 -0.00999928
    endloop
  endfacet
  facet normal 0 0 1
    outer loop
      vertex 42.6025 -55.5195 -0.00999928
      vertex 46.1542 -52.6288 -0.00999928
      vertex 46.1419 -52.6148 -0.00999928
    endloop
  endfacet
  facet normal 0 0 1
    outer loop
      vertex 46.1542 -52.6288 -0.00999928
      vertex 42.6025 -55.5195 -0.00999928
      vertex 42.6133 -55.5347 -0.00999928
    endloop
  endfacet
  facet normal -0 0 1
    outer loop
      vertex 42.6019 -55.5199 -0.00999928
      vertex 42.6133 -55.5347 -0.00999928
      vertex 42.6025 -55.5195 -0.00999928
    endloop
  endfacet
  facet normal 0 0 1
    outer loop
      vertex 38.8802 -58.1869 -0.00999928
      vertex 42.6133 -55.5347 -0.00999928
      vertex 42.6019 -55.5199 -0.00999928
    endloop
  endfacet
  facet normal 0 0 1
    outer loop
      vertex 42.6133 -55.5347 -0.00999928
      vertex 38.8802 -58.1869 -0.00999928
      vertex 38.8899 -58.2029 -0.00999928
    endloop
  endfacet
  facet normal -0 0 1
    outer loop
      vertex 38.8796 -58.1874 -0.00999928
      vertex 38.8899 -58.2029 -0.00999928
      vertex 38.8802 -58.1869 -0.00999928
    endloop
  endfacet
  facet normal 0 0 1
    outer loop
      vertex 34.9913 -60.6052 -0.00999928
      vertex 38.8899 -58.2029 -0.00999928
      vertex 38.8796 -58.1874 -0.00999928
    endloop
  endfacet
  facet normal 0 0 1
    outer loop
      vertex 38.8899 -58.2029 -0.00999928
      vertex 34.9913 -60.6052 -0.00999928
      vertex 35 -60.6218 -0.00999928
    endloop
  endfacet
  facet normal -0 0 1
    outer loop
      vertex 34.9907 -60.6056 -0.00999928
      vertex 35 -60.6218 -0.00999928
      vertex 34.9913 -60.6052 -0.00999928
    endloop
  endfacet
  facet normal 0 0 1
    outer loop
      vertex 30.9526 -62.764 -0.00999928
      vertex 35 -60.6218 -0.00999928
      vertex 34.9907 -60.6056 -0.00999928
    endloop
  endfacet
  facet normal 0 0 1
    outer loop
      vertex 35 -60.6218 -0.00999928
      vertex 30.9526 -62.764 -0.00999928
      vertex 30.9602 -62.7811 -0.00999928
    endloop
  endfacet
  facet normal -0 0 1
    outer loop
      vertex 30.952 -62.7644 -0.00999928
      vertex 30.9602 -62.7811 -0.00999928
      vertex 30.9526 -62.764 -0.00999928
    endloop
  endfacet
  facet normal -0 0 1
    outer loop
      vertex 30.9513 -62.7647 -0.00999928
      vertex 30.9602 -62.7811 -0.00999928
      vertex 30.952 -62.7644 -0.00999928
    endloop
  endfacet
  facet normal 0 0 1
    outer loop
      vertex 30.9513 -62.7647 -0.00999928
      vertex 26.7878 -64.6716 -0.00999928
      vertex 30.9602 -62.7811 -0.00999928
    endloop
  endfacet
  facet normal -0 0 1
    outer loop
      vertex 26.7807 -64.6543 -0.00999928
      vertex 26.7878 -64.6716 -0.00999928
      vertex 30.9513 -62.7647 -0.00999928
    endloop
  endfacet
  facet normal -0 0 1
    outer loop
      vertex 26.78 -64.6546 -0.00999928
      vertex 26.7878 -64.6716 -0.00999928
      vertex 26.7807 -64.6543 -0.00999928
    endloop
  endfacet
  facet normal 0 0 1
    outer loop
      vertex 26.78 -64.6546 -0.00999928
      vertex 22.5008 -66.2851 -0.00999928
      vertex 26.7878 -64.6716 -0.00999928
    endloop
  endfacet
  facet normal -0 0 1
    outer loop
      vertex 22.4948 -66.2674 -0.00999928
      vertex 22.5008 -66.2851 -0.00999928
      vertex 26.78 -64.6546 -0.00999928
    endloop
  endfacet
  facet normal 0 0 1
    outer loop
      vertex 18.1132 -67.5966 -0.00999928
      vertex 22.5008 -66.2851 -0.00999928
      vertex 22.4948 -66.2674 -0.00999928
    endloop
  endfacet
  facet normal 0 0 1
    outer loop
      vertex 22.5008 -66.2851 -0.00999928
      vertex 18.1132 -67.5966 -0.00999928
      vertex 18.1173 -67.6148 -0.00999928
    endloop
  endfacet
  facet normal -0 0 1
    outer loop
      vertex 18.1125 -67.5968 -0.00999928
      vertex 18.1173 -67.6148 -0.00999928
      vertex 18.1132 -67.5966 -0.00999928
    endloop
  endfacet
  facet normal -0 0 1
    outer loop
      vertex 18.1118 -67.597 -0.00999928
      vertex 18.1173 -67.6148 -0.00999928
      vertex 18.1125 -67.5968 -0.00999928
    endloop
  endfacet
  facet normal 0 0 1
    outer loop
      vertex 18.1118 -67.597 -0.00999928
      vertex 13.6563 -68.655 -0.00999928
      vertex 18.1173 -67.6148 -0.00999928
    endloop
  endfacet
  facet normal -0 0 1
    outer loop
      vertex 13.6527 -68.6367 -0.00999928
      vertex 13.6563 -68.655 -0.00999928
      vertex 18.1118 -67.597 -0.00999928
    endloop
  endfacet
  facet normal 0 0 1
    outer loop
      vertex 9.13513 -69.3825 -0.00999928
      vertex 13.6563 -68.655 -0.00999928
      vertex 13.6527 -68.6367 -0.00999928
    endloop
  endfacet
  facet normal 0 0 1
    outer loop
      vertex 13.6563 -68.655 -0.00999928
      vertex 9.13513 -69.3825 -0.00999928
      vertex 9.13683 -69.4011 -0.00999928
    endloop
  endfacet
  facet normal -0 0 1
    outer loop
      vertex 9.1344 -69.3826 -0.00999928
      vertex 9.13683 -69.4011 -0.00999928
      vertex 9.13513 -69.3825 -0.00999928
    endloop
  endfacet
  facet normal -0 0 1
    outer loop
      vertex 9.13366 -69.3827 -0.00999928
      vertex 9.13683 -69.4011 -0.00999928
      vertex 9.1344 -69.3826 -0.00999928
    endloop
  endfacet
  facet normal 0 0 1
    outer loop
      vertex 9.13366 -69.3827 -0.00999928
      vertex 4.57822 -69.8501 -0.00999928
      vertex 9.13683 -69.4011 -0.00999928
    endloop
  endfacet
  facet normal -0 0 1
    outer loop
      vertex 4.577 -69.8315 -0.00999928
      vertex 4.57822 -69.8501 -0.00999928
      vertex 9.13366 -69.3827 -0.00999928
    endloop
  endfacet
  facet normal -0 0 1
    outer loop
      vertex 4.57626 -69.8315 -0.00999928
      vertex 4.57822 -69.8501 -0.00999928
      vertex 4.577 -69.8315 -0.00999928
    endloop
  endfacet
  facet normal 0 0 1
    outer loop
      vertex 0 -70 -0.00999928
      vertex 4.57626 -69.8315 -0.00999928
      vertex 0 -69.9813 -0.00999928
    endloop
  endfacet
  facet normal 0 0 1
    outer loop
      vertex 4.57626 -69.8315 -0.00999928
      vertex 0 -70 -0.00999928
      vertex 4.57822 -69.8501 -0.00999928
    endloop
  endfacet
  facet normal 0 0 1
    outer loop
      vertex -4.57626 -69.8315 -0.00999928
      vertex 0 -70 -0.00999928
      vertex 0 -69.9813 -0.00999928
    endloop
  endfacet
  facet normal 0 0 1
    outer loop
      vertex -4.57822 -69.8501 -0.00999928
      vertex -4.57626 -69.8315 -0.00999928
      vertex -4.577 -69.8315 -0.00999928
    endloop
  endfacet
  facet normal 0 0 1
    outer loop
      vertex -4.57626 -69.8315 -0.00999928
      vertex -4.57822 -69.8501 -0.00999928
      vertex 0 -70 -0.00999928
    endloop
  endfacet
  facet normal 0 0 1
    outer loop
      vertex -9.13366 -69.3827 -0.00999928
      vertex -4.57822 -69.8501 -0.00999928
      vertex -4.577 -69.8315 -0.00999928
    endloop
  endfacet
  facet normal 0 0 1
    outer loop
      vertex -9.13683 -69.4011 -0.00999928
      vertex -9.13366 -69.3827 -0.00999928
      vertex -9.1344 -69.3826 -0.00999928
    endloop
  endfacet
  facet normal 0 0 1
    outer loop
      vertex -9.13366 -69.3827 -0.00999928
      vertex -9.13683 -69.4011 -0.00999928
      vertex -4.57822 -69.8501 -0.00999928
    endloop
  endfacet
  facet normal 0 0 1
    outer loop
      vertex -9.13513 -69.3825 -0.00999928
      vertex -9.13683 -69.4011 -0.00999928
      vertex -9.1344 -69.3826 -0.00999928
    endloop
  endfacet
  facet normal -0 0 1
    outer loop
      vertex -13.6563 -68.655 -0.00999928
      vertex -9.13513 -69.3825 -0.00999928
      vertex -13.6527 -68.6367 -0.00999928
    endloop
  endfacet
  facet normal 0 0 1
    outer loop
      vertex -9.13513 -69.3825 -0.00999928
      vertex -13.6563 -68.655 -0.00999928
      vertex -9.13683 -69.4011 -0.00999928
    endloop
  endfacet
  facet normal 0 0 1
    outer loop
      vertex -18.1118 -67.597 -0.00999928
      vertex -13.6563 -68.655 -0.00999928
      vertex -13.6527 -68.6367 -0.00999928
    endloop
  endfacet
  facet normal 0 0 1
    outer loop
      vertex -18.1173 -67.6148 -0.00999928
      vertex -18.1118 -67.597 -0.00999928
      vertex -18.1125 -67.5968 -0.00999928
    endloop
  endfacet
  facet normal 0 0 1
    outer loop
      vertex -18.1118 -67.597 -0.00999928
      vertex -18.1173 -67.6148 -0.00999928
      vertex -13.6563 -68.655 -0.00999928
    endloop
  endfacet
  facet normal 0 0 1
    outer loop
      vertex -18.1132 -67.5966 -0.00999928
      vertex -18.1173 -67.6148 -0.00999928
      vertex -18.1125 -67.5968 -0.00999928
    endloop
  endfacet
  facet normal -0 0 1
    outer loop
      vertex -22.5008 -66.2851 -0.00999928
      vertex -18.1132 -67.5966 -0.00999928
      vertex -22.4948 -66.2674 -0.00999928
    endloop
  endfacet
  facet normal 0 0 1
    outer loop
      vertex -18.1132 -67.5966 -0.00999928
      vertex -22.5008 -66.2851 -0.00999928
      vertex -18.1173 -67.6148 -0.00999928
    endloop
  endfacet
  facet normal 0 0 1
    outer loop
      vertex -26.78 -64.6546 -0.00999928
      vertex -22.5008 -66.2851 -0.00999928
      vertex -22.4948 -66.2674 -0.00999928
    endloop
  endfacet
  facet normal 0 0 1
    outer loop
      vertex -26.7878 -64.6716 -0.00999928
      vertex -26.78 -64.6546 -0.00999928
      vertex -26.7807 -64.6543 -0.00999928
    endloop
  endfacet
  facet normal 0 0 1
    outer loop
      vertex -26.78 -64.6546 -0.00999928
      vertex -26.7878 -64.6716 -0.00999928
      vertex -22.5008 -66.2851 -0.00999928
    endloop
  endfacet
  facet normal 0 0 1
    outer loop
      vertex -30.9513 -62.7647 -0.00999928
      vertex -26.7878 -64.6716 -0.00999928
      vertex -26.7807 -64.6543 -0.00999928
    endloop
  endfacet
  facet normal 0 0 1
    outer loop
      vertex -30.9602 -62.7811 -0.00999928
      vertex -30.9513 -62.7647 -0.00999928
      vertex -30.952 -62.7644 -0.00999928
    endloop
  endfacet
  facet normal 0 0 1
    outer loop
      vertex -30.9513 -62.7647 -0.00999928
      vertex -30.9602 -62.7811 -0.00999928
      vertex -26.7878 -64.6716 -0.00999928
    endloop
  endfacet
  facet normal 0 0 1
    outer loop
      vertex -30.9526 -62.764 -0.00999928
      vertex -30.9602 -62.7811 -0.00999928
      vertex -30.952 -62.7644 -0.00999928
    endloop
  endfacet
  facet normal -0 0 1
    outer loop
      vertex -35 -60.6218 -0.00999928
      vertex -30.9526 -62.764 -0.00999928
      vertex -34.9907 -60.6056 -0.00999928
    endloop
  endfacet
  facet normal 0 0 1
    outer loop
      vertex -30.9526 -62.764 -0.00999928
      vertex -35 -60.6218 -0.00999928
      vertex -30.9602 -62.7811 -0.00999928
    endloop
  endfacet
  facet normal 0 0 1
    outer loop
      vertex -34.9913 -60.6052 -0.00999928
      vertex -35 -60.6218 -0.00999928
      vertex -34.9907 -60.6056 -0.00999928
    endloop
  endfacet
  facet normal -0 0 1
    outer loop
      vertex -38.8899 -58.2029 -0.00999928
      vertex -34.9913 -60.6052 -0.00999928
      vertex -38.8796 -58.1874 -0.00999928
    endloop
  endfacet
  facet normal 0 0 1
    outer loop
      vertex -34.9913 -60.6052 -0.00999928
      vertex -38.8899 -58.2029 -0.00999928
      vertex -35 -60.6218 -0.00999928
    endloop
  endfacet
  facet normal 0 0 1
    outer loop
      vertex -38.8802 -58.1869 -0.00999928
      vertex -38.8899 -58.2029 -0.00999928
      vertex -38.8796 -58.1874 -0.00999928
    endloop
  endfacet
  facet normal -0 0 1
    outer loop
      vertex -42.6133 -55.5347 -0.00999928
      vertex -38.8802 -58.1869 -0.00999928
      vertex -42.6019 -55.5199 -0.00999928
    endloop
  endfacet
  facet normal 0 0 1
    outer loop
      vertex -38.8802 -58.1869 -0.00999928
      vertex -42.6133 -55.5347 -0.00999928
      vertex -38.8899 -58.2029 -0.00999928
    endloop
  endfacet
  facet normal 0 0 1
    outer loop
      vertex -42.6025 -55.5195 -0.00999928
      vertex -42.6133 -55.5347 -0.00999928
      vertex -42.6019 -55.5199 -0.00999928
    endloop
  endfacet
  facet normal -0 0 1
    outer loop
      vertex -46.1542 -52.6288 -0.00999928
      vertex -42.6025 -55.5195 -0.00999928
      vertex -46.1419 -52.6148 -0.00999928
    endloop
  endfacet
  facet normal 0 0 1
    outer loop
      vertex -42.6025 -55.5195 -0.00999928
      vertex -46.1542 -52.6288 -0.00999928
      vertex -42.6133 -55.5347 -0.00999928
    endloop
  endfacet
  facet normal 0 0 1
    outer loop
      vertex -46.1424 -52.6143 -0.00999928
      vertex -46.1542 -52.6288 -0.00999928
      vertex -46.1419 -52.6148 -0.00999928
    endloop
  endfacet
  facet normal -0 0 1
    outer loop
      vertex -49.4975 -49.4975 -0.00999928
      vertex -46.1424 -52.6143 -0.00999928
      vertex -49.4843 -49.4843 -0.00999928
    endloop
  endfacet
  facet normal 0 0 1
    outer loop
      vertex -46.1424 -52.6143 -0.00999928
      vertex -49.4975 -49.4975 -0.00999928
      vertex -46.1542 -52.6288 -0.00999928
    endloop
  endfacet
  facet normal 0 0 1
    outer loop
      vertex -52.6143 -46.1424 -0.00999928
      vertex -49.4975 -49.4975 -0.00999928
      vertex -49.4843 -49.4843 -0.00999928
    endloop
  endfacet
  facet normal 0 0 1
    outer loop
      vertex -52.6288 -46.1542 -0.00999928
      vertex -52.6143 -46.1424 -0.00999928
      vertex -52.6148 -46.1419 -0.00999928
    endloop
  endfacet
  facet normal 0 0 1
    outer loop
      vertex -52.6143 -46.1424 -0.00999928
      vertex -52.6288 -46.1542 -0.00999928
      vertex -49.4975 -49.4975 -0.00999928
    endloop
  endfacet
  facet normal 0 0 1
    outer loop
      vertex -55.5195 -42.6025 -0.00999928
      vertex -52.6288 -46.1542 -0.00999928
      vertex -52.6148 -46.1419 -0.00999928
    endloop
  endfacet
  facet normal 0 0 1
    outer loop
      vertex -55.5347 -42.6133 -0.00999928
      vertex -55.5195 -42.6025 -0.00999928
      vertex -55.5199 -42.6019 -0.00999928
    endloop
  endfacet
  facet normal 0 0 1
    outer loop
      vertex -55.5195 -42.6025 -0.00999928
      vertex -55.5347 -42.6133 -0.00999928
      vertex -52.6288 -46.1542 -0.00999928
    endloop
  endfacet
  facet normal 0 0 1
    outer loop
      vertex -58.1869 -38.8802 -0.00999928
      vertex -55.5347 -42.6133 -0.00999928
      vertex -55.5199 -42.6019 -0.00999928
    endloop
  endfacet
  facet normal 0 0 1
    outer loop
      vertex -58.2029 -38.8899 -0.00999928
      vertex -58.1869 -38.8802 -0.00999928
      vertex -58.1874 -38.8796 -0.00999928
    endloop
  endfacet
  facet normal 0 0 1
    outer loop
      vertex -58.1869 -38.8802 -0.00999928
      vertex -58.2029 -38.8899 -0.00999928
      vertex -55.5347 -42.6133 -0.00999928
    endloop
  endfacet
  facet normal 0 0 1
    outer loop
      vertex -60.6052 -34.9913 -0.00999928
      vertex -58.2029 -38.8899 -0.00999928
      vertex -58.1874 -38.8796 -0.00999928
    endloop
  endfacet
  facet normal 0 0 1
    outer loop
      vertex -60.6052 -34.9913 -0.00999928
      vertex -60.6218 -35 -0.00999928
      vertex -58.2029 -38.8899 -0.00999928
    endloop
  endfacet
  facet normal 0 0 1
    outer loop
      vertex -60.6056 -34.9907 -0.00999928
      vertex -60.6218 -35 -0.00999928
      vertex -60.6052 -34.9913 -0.00999928
    endloop
  endfacet
  facet normal 0 0 1
    outer loop
      vertex -62.764 -30.9526 -0.00999928
      vertex -60.6218 -35 -0.00999928
      vertex -60.6056 -34.9907 -0.00999928
    endloop
  endfacet
  facet normal 0 0 1
    outer loop
      vertex -62.7811 -30.9602 -0.00999928
      vertex -62.764 -30.9526 -0.00999928
      vertex -62.7644 -30.952 -0.00999928
    endloop
  endfacet
  facet normal 0 0 1
    outer loop
      vertex -62.764 -30.9526 -0.00999928
      vertex -62.7811 -30.9602 -0.00999928
      vertex -60.6218 -35 -0.00999928
    endloop
  endfacet
  facet normal 0 0 1
    outer loop
      vertex -62.7647 -30.9513 -0.00999928
      vertex -62.7811 -30.9602 -0.00999928
      vertex -62.7644 -30.952 -0.00999928
    endloop
  endfacet
  facet normal -0 0 1
    outer loop
      vertex -64.6716 -26.7878 -0.00999928
      vertex -62.7647 -30.9513 -0.00999928
      vertex -64.6543 -26.7807 -0.00999928
    endloop
  endfacet
  facet normal 0 0 1
    outer loop
      vertex -62.7647 -30.9513 -0.00999928
      vertex -64.6716 -26.7878 -0.00999928
      vertex -62.7811 -30.9602 -0.00999928
    endloop
  endfacet
  facet normal 0 0 1
    outer loop
      vertex -64.6546 -26.78 -0.00999928
      vertex -64.6716 -26.7878 -0.00999928
      vertex -64.6543 -26.7807 -0.00999928
    endloop
  endfacet
  facet normal -0 0 1
    outer loop
      vertex -66.2851 -22.5008 -0.00999928
      vertex -64.6546 -26.78 -0.00999928
      vertex -66.2674 -22.4948 -0.00999928
    endloop
  endfacet
  facet normal 0 0 1
    outer loop
      vertex -64.6546 -26.78 -0.00999928
      vertex -66.2851 -22.5008 -0.00999928
      vertex -64.6716 -26.7878 -0.00999928
    endloop
  endfacet
  facet normal 0 0 1
    outer loop
      vertex -67.5966 -18.1132 -0.00999928
      vertex -66.2851 -22.5008 -0.00999928
      vertex -66.2674 -22.4948 -0.00999928
    endloop
  endfacet
  facet normal 0 0 1
    outer loop
      vertex -67.6148 -18.1173 -0.00999928
      vertex -67.5966 -18.1132 -0.00999928
      vertex -67.5968 -18.1125 -0.00999928
    endloop
  endfacet
  facet normal 0 0 1
    outer loop
      vertex -67.5966 -18.1132 -0.00999928
      vertex -67.6148 -18.1173 -0.00999928
      vertex -66.2851 -22.5008 -0.00999928
    endloop
  endfacet
  facet normal 0 0 1
    outer loop
      vertex -67.597 -18.1118 -0.00999928
      vertex -67.6148 -18.1173 -0.00999928
      vertex -67.5968 -18.1125 -0.00999928
    endloop
  endfacet
  facet normal -0 0 1
    outer loop
      vertex -68.655 -13.6563 -0.00999928
      vertex -67.597 -18.1118 -0.00999928
      vertex -68.6367 -13.6527 -0.00999928
    endloop
  endfacet
  facet normal 0 0 1
    outer loop
      vertex -67.597 -18.1118 -0.00999928
      vertex -68.655 -13.6563 -0.00999928
      vertex -67.6148 -18.1173 -0.00999928
    endloop
  endfacet
  facet normal 0 0 1
    outer loop
      vertex -69.3825 -9.13513 -0.00999928
      vertex -68.655 -13.6563 -0.00999928
      vertex -68.6367 -13.6527 -0.00999928
    endloop
  endfacet
  facet normal 0 0 1
    outer loop
      vertex -69.4011 -9.13683 -0.00999928
      vertex -69.3825 -9.13513 -0.00999928
      vertex -69.3826 -9.1344 -0.00999928
    endloop
  endfacet
  facet normal 0 0 1
    outer loop
      vertex -69.3825 -9.13513 -0.00999928
      vertex -69.4011 -9.13683 -0.00999928
      vertex -68.655 -13.6563 -0.00999928
    endloop
  endfacet
  facet normal 0 0 1
    outer loop
      vertex -69.3827 -9.13366 -0.00999928
      vertex -69.4011 -9.13683 -0.00999928
      vertex -69.3826 -9.1344 -0.00999928
    endloop
  endfacet
  facet normal -0 0 1
    outer loop
      vertex -69.8501 -4.57822 -0.00999928
      vertex -69.3827 -9.13366 -0.00999928
      vertex -69.8315 -4.577 -0.00999928
    endloop
  endfacet
  facet normal 0 0 1
    outer loop
      vertex -69.3827 -9.13366 -0.00999928
      vertex -69.8501 -4.57822 -0.00999928
      vertex -69.4011 -9.13683 -0.00999928
    endloop
  endfacet
  facet normal 0 0 1
    outer loop
      vertex -69.8315 -4.57626 -0.00999928
      vertex -69.8501 -4.57822 -0.00999928
      vertex -69.8315 -4.577 -0.00999928
    endloop
  endfacet
  facet normal -0 0 1
    outer loop
      vertex -70 0 -0.00999928
      vertex -69.8315 -4.57626 -0.00999928
      vertex -69.9813 0 -0.00999928
    endloop
  endfacet
  facet normal 0 0 1
    outer loop
      vertex -69.8315 -4.57626 -0.00999928
      vertex -70 0 -0.00999928
      vertex -69.8501 -4.57822 -0.00999928
    endloop
  endfacet
  facet normal -0.812842 -0.582485 0
    outer loop
      vertex 58.2029 38.8899 -0.00999928
      vertex 55.5347 42.6133 5
      vertex 55.5347 42.6133 -0.00999928
    endloop
  endfacet
  facet normal -0.812842 -0.582485 0
    outer loop
      vertex 55.5347 42.6133 5
      vertex 58.2029 38.8899 -0.00999928
      vertex 58.2029 38.8899 5
    endloop
  endfacet
  facet normal -0.0327244 -0.999464 0
    outer loop
      vertex 0 70 -0.00999928
      vertex 4.57822 69.8501 5
      vertex 0 70 5
    endloop
  endfacet
  facet normal -0.0327244 -0.999464 -0
    outer loop
      vertex 4.57822 69.8501 5
      vertex 0 70 -0.00999928
      vertex 4.57822 69.8501 -0.00999928
    endloop
  endfacet
  facet normal -0.0980206 -0.995184 0
    outer loop
      vertex 4.57822 69.8501 -0.00999928
      vertex 9.13683 69.4011 5
      vertex 4.57822 69.8501 5
    endloop
  endfacet
  facet normal -0.0980206 -0.995184 -0
    outer loop
      vertex 9.13683 69.4011 5
      vertex 4.57822 69.8501 -0.00999928
      vertex 9.13683 69.4011 -0.00999928
    endloop
  endfacet
  facet normal -0.352248 -0.935907 0
    outer loop
      vertex 22.5008 66.2851 -0.00999928
      vertex 26.7878 64.6716 5
      vertex 22.5008 66.2851 5
    endloop
  endfacet
  facet normal -0.352248 -0.935907 -0
    outer loop
      vertex 26.7878 64.6716 5
      vertex 22.5008 66.2851 -0.00999928
      vertex 26.7878 64.6716 -0.00999928
    endloop
  endfacet
  facet normal -0.227085 -0.973875 0
    outer loop
      vertex 13.6563 68.655 -0.00999928
      vertex 18.1173 67.6148 5
      vertex 13.6563 68.655 5
    endloop
  endfacet
  facet normal -0.227085 -0.973875 -0
    outer loop
      vertex 18.1173 67.6148 5
      vertex 13.6563 68.655 -0.00999928
      vertex 18.1173 67.6148 -0.00999928
    endloop
  endfacet
  facet normal -0.528069 -0.849202 0
    outer loop
      vertex 35 60.6218 -0.00999928
      vertex 38.8899 58.2029 5
      vertex 35 60.6218 5
    endloop
  endfacet
  facet normal -0.528069 -0.849202 -0
    outer loop
      vertex 38.8899 58.2029 5
      vertex 35 60.6218 -0.00999928
      vertex 38.8899 58.2029 -0.00999928
    endloop
  endfacet
  facet normal -0.471394 -0.881923 0
    outer loop
      vertex 30.9602 62.7811 -0.00999928
      vertex 35 60.6218 5
      vertex 30.9602 62.7811 5
    endloop
  endfacet
  facet normal -0.471394 -0.881923 -0
    outer loop
      vertex 35 60.6218 5
      vertex 30.9602 62.7811 -0.00999928
      vertex 35 60.6218 -0.00999928
    endloop
  endfacet
  facet normal -0.683587 -0.729869 0
    outer loop
      vertex 46.1542 52.6288 -0.00999928
      vertex 49.4975 49.4975 5
      vertex 46.1542 52.6288 5
    endloop
  endfacet
  facet normal -0.683587 -0.729869 -0
    outer loop
      vertex 49.4975 49.4975 5
      vertex 46.1542 52.6288 -0.00999928
      vertex 49.4975 49.4975 -0.00999928
    endloop
  endfacet
  facet normal -0.634388 -0.773015 0
    outer loop
      vertex 42.6133 55.5347 -0.00999928
      vertex 46.1542 52.6288 5
      vertex 42.6133 55.5347 5
    endloop
  endfacet
  facet normal -0.634388 -0.773015 -0
    outer loop
      vertex 46.1542 52.6288 5
      vertex 42.6133 55.5347 -0.00999928
      vertex 46.1542 52.6288 -0.00999928
    endloop
  endfacet
  facet normal 0.999464 -0.0327244 0
    outer loop
      vertex -70 0 5
      vertex -69.8501 4.57822 -0.00999928
      vertex -69.8501 4.57822 5
    endloop
  endfacet
  facet normal 0.999464 -0.0327244 0
    outer loop
      vertex -69.8501 4.57822 -0.00999928
      vertex -70 0 5
      vertex -70 0 -0.00999928
    endloop
  endfacet
  facet normal 0.729869 -0.683587 0
    outer loop
      vertex -52.6288 46.1542 5
      vertex -49.4975 49.4975 -0.00999928
      vertex -49.4975 49.4975 5
    endloop
  endfacet
  facet normal 0.729869 -0.683587 0
    outer loop
      vertex -49.4975 49.4975 -0.00999928
      vertex -52.6288 46.1542 5
      vertex -52.6288 46.1542 -0.00999928
    endloop
  endfacet
  facet normal 0.935907 -0.352248 0
    outer loop
      vertex -66.2851 22.5008 5
      vertex -64.6716 26.7878 -0.00999928
      vertex -64.6716 26.7878 5
    endloop
  endfacet
  facet normal 0.935907 -0.352248 0
    outer loop
      vertex -64.6716 26.7878 -0.00999928
      vertex -66.2851 22.5008 5
      vertex -66.2851 22.5008 -0.00999928
    endloop
  endfacet
  facet normal 0.973875 -0.227085 0
    outer loop
      vertex -68.655 13.6563 5
      vertex -67.6148 18.1173 -0.00999928
      vertex -67.6148 18.1173 5
    endloop
  endfacet
  facet normal 0.973875 -0.227085 0
    outer loop
      vertex -67.6148 18.1173 -0.00999928
      vertex -68.655 13.6563 5
      vertex -68.655 13.6563 -0.00999928
    endloop
  endfacet
  facet normal 0.683587 -0.729869 0
    outer loop
      vertex -49.4975 49.4975 -0.00999928
      vertex -46.1542 52.6288 5
      vertex -49.4975 49.4975 5
    endloop
  endfacet
  facet normal 0.683587 -0.729869 0
    outer loop
      vertex -46.1542 52.6288 5
      vertex -49.4975 49.4975 -0.00999928
      vertex -46.1542 52.6288 -0.00999928
    endloop
  endfacet
  facet normal 0.634388 -0.773015 0
    outer loop
      vertex -46.1542 52.6288 -0.00999928
      vertex -42.6133 55.5347 5
      vertex -46.1542 52.6288 5
    endloop
  endfacet
  facet normal 0.634388 -0.773015 0
    outer loop
      vertex -42.6133 55.5347 5
      vertex -46.1542 52.6288 -0.00999928
      vertex -42.6133 55.5347 -0.00999928
    endloop
  endfacet
  facet normal 0.528069 -0.849202 0
    outer loop
      vertex -38.8899 58.2029 -0.00999928
      vertex -35 60.6218 5
      vertex -38.8899 58.2029 5
    endloop
  endfacet
  facet normal 0.528069 -0.849202 0
    outer loop
      vertex -35 60.6218 5
      vertex -38.8899 58.2029 -0.00999928
      vertex -35 60.6218 -0.00999928
    endloop
  endfacet
  facet normal 0.227085 -0.973875 0
    outer loop
      vertex -18.1173 67.6148 -0.00999928
      vertex -13.6563 68.655 5
      vertex -18.1173 67.6148 5
    endloop
  endfacet
  facet normal 0.227085 -0.973875 0
    outer loop
      vertex -13.6563 68.655 5
      vertex -18.1173 67.6148 -0.00999928
      vertex -13.6563 68.655 -0.00999928
    endloop
  endfacet
  facet normal 0.290281 -0.956942 0
    outer loop
      vertex -22.5008 66.2851 -0.00999928
      vertex -18.1173 67.6148 5
      vertex -22.5008 66.2851 5
    endloop
  endfacet
  facet normal 0.290281 -0.956942 0
    outer loop
      vertex -18.1173 67.6148 5
      vertex -22.5008 66.2851 -0.00999928
      vertex -18.1173 67.6148 -0.00999928
    endloop
  endfacet
  facet normal 0.0327244 -0.999464 0
    outer loop
      vertex -4.57822 69.8501 -0.00999928
      vertex 0 70 5
      vertex -4.57822 69.8501 5
    endloop
  endfacet
  facet normal 0.0327244 -0.999464 0
    outer loop
      vertex 0 70 5
      vertex -4.57822 69.8501 -0.00999928
      vertex 0 70 -0.00999928
    endloop
  endfacet
  facet normal 0.0980206 -0.995184 0
    outer loop
      vertex -9.13683 69.4011 -0.00999928
      vertex -4.57822 69.8501 5
      vertex -9.13683 69.4011 5
    endloop
  endfacet
  facet normal 0.0980206 -0.995184 0
    outer loop
      vertex -4.57822 69.8501 5
      vertex -9.13683 69.4011 -0.00999928
      vertex -4.57822 69.8501 -0.00999928
    endloop
  endfacet
  facet normal -0.995184 0.0980206 0
    outer loop
      vertex 69.4011 -9.13683 -0.00999928
      vertex 69.8501 -4.57822 5
      vertex 69.8501 -4.57822 -0.00999928
    endloop
  endfacet
  facet normal -0.995184 0.0980206 0
    outer loop
      vertex 69.8501 -4.57822 5
      vertex 69.4011 -9.13683 -0.00999928
      vertex 69.4011 -9.13683 5
    endloop
  endfacet
  facet normal -0.0327244 0.999464 0
    outer loop
      vertex 4.57822 -69.8501 -0.00999928
      vertex 0 -70 5
      vertex 4.57822 -69.8501 5
    endloop
  endfacet
  facet normal -0.0327244 0.999464 0
    outer loop
      vertex 0 -70 5
      vertex 4.57822 -69.8501 -0.00999928
      vertex 0 -70 -0.00999928
    endloop
  endfacet
  facet normal -0.0980206 0.995184 0
    outer loop
      vertex 9.13683 -69.4011 -0.00999928
      vertex 4.57822 -69.8501 5
      vertex 9.13683 -69.4011 5
    endloop
  endfacet
  facet normal -0.0980206 0.995184 0
    outer loop
      vertex 4.57822 -69.8501 5
      vertex 9.13683 -69.4011 -0.00999928
      vertex 4.57822 -69.8501 -0.00999928
    endloop
  endfacet
  facet normal -0.352248 0.935907 0
    outer loop
      vertex 26.7878 -64.6716 -0.00999928
      vertex 22.5008 -66.2851 5
      vertex 26.7878 -64.6716 5
    endloop
  endfacet
  facet normal -0.352248 0.935907 0
    outer loop
      vertex 22.5008 -66.2851 5
      vertex 26.7878 -64.6716 -0.00999928
      vertex 22.5008 -66.2851 -0.00999928
    endloop
  endfacet
  facet normal -0.290281 0.956942 0
    outer loop
      vertex 22.5008 -66.2851 -0.00999928
      vertex 18.1173 -67.6148 5
      vertex 22.5008 -66.2851 5
    endloop
  endfacet
  facet normal -0.290281 0.956942 0
    outer loop
      vertex 18.1173 -67.6148 5
      vertex 22.5008 -66.2851 -0.00999928
      vertex 18.1173 -67.6148 -0.00999928
    endloop
  endfacet
  facet normal -0.634388 0.773015 0
    outer loop
      vertex 46.1542 -52.6288 -0.00999928
      vertex 42.6133 -55.5347 5
      vertex 46.1542 -52.6288 5
    endloop
  endfacet
  facet normal -0.634388 0.773015 0
    outer loop
      vertex 42.6133 -55.5347 5
      vertex 46.1542 -52.6288 -0.00999928
      vertex 42.6133 -55.5347 -0.00999928
    endloop
  endfacet
  facet normal -0.729869 0.683587 0
    outer loop
      vertex 49.4975 -49.4975 -0.00999928
      vertex 52.6288 -46.1542 5
      vertex 52.6288 -46.1542 -0.00999928
    endloop
  endfacet
  facet normal -0.729869 0.683587 0
    outer loop
      vertex 52.6288 -46.1542 5
      vertex 49.4975 -49.4975 -0.00999928
      vertex 49.4975 -49.4975 5
    endloop
  endfacet
  facet normal -0.773015 0.634388 0
    outer loop
      vertex 52.6288 -46.1542 -0.00999928
      vertex 55.5347 -42.6133 5
      vertex 55.5347 -42.6133 -0.00999928
    endloop
  endfacet
  facet normal -0.773015 0.634388 0
    outer loop
      vertex 55.5347 -42.6133 5
      vertex 52.6288 -46.1542 -0.00999928
      vertex 52.6288 -46.1542 5
    endloop
  endfacet
  facet normal -0.910863 0.412709 0
    outer loop
      vertex 62.7811 -30.9602 -0.00999928
      vertex 64.6716 -26.7878 5
      vertex 64.6716 -26.7878 -0.00999928
    endloop
  endfacet
  facet normal -0.910863 0.412709 0
    outer loop
      vertex 64.6716 -26.7878 5
      vertex 62.7811 -30.9602 -0.00999928
      vertex 62.7811 -30.9602 5
    endloop
  endfacet
  facet normal -0.881923 0.471394 0
    outer loop
      vertex 60.6218 -35 -0.00999928
      vertex 62.7811 -30.9602 5
      vertex 62.7811 -30.9602 -0.00999928
    endloop
  endfacet
  facet normal -0.881923 0.471394 0
    outer loop
      vertex 62.7811 -30.9602 5
      vertex 60.6218 -35 -0.00999928
      vertex 60.6218 -35 5
    endloop
  endfacet
  facet normal -0.935907 0.352248 0
    outer loop
      vertex 64.6716 -26.7878 -0.00999928
      vertex 66.2851 -22.5008 5
      vertex 66.2851 -22.5008 -0.00999928
    endloop
  endfacet
  facet normal -0.935907 0.352248 0
    outer loop
      vertex 66.2851 -22.5008 5
      vertex 64.6716 -26.7878 -0.00999928
      vertex 64.6716 -26.7878 5
    endloop
  endfacet
  facet normal -0.973875 0.227085 0
    outer loop
      vertex 67.6148 -18.1173 -0.00999928
      vertex 68.655 -13.6563 5
      vertex 68.655 -13.6563 -0.00999928
    endloop
  endfacet
  facet normal -0.973875 0.227085 0
    outer loop
      vertex 68.655 -13.6563 5
      vertex 67.6148 -18.1173 -0.00999928
      vertex 67.6148 -18.1173 5
    endloop
  endfacet
  facet normal -0.956942 0.290281 0
    outer loop
      vertex 66.2851 -22.5008 -0.00999928
      vertex 67.6148 -18.1173 5
      vertex 67.6148 -18.1173 -0.00999928
    endloop
  endfacet
  facet normal -0.956942 0.290281 0
    outer loop
      vertex 67.6148 -18.1173 5
      vertex 66.2851 -22.5008 -0.00999928
      vertex 66.2851 -22.5008 5
    endloop
  endfacet
  facet normal 0.683587 0.729869 -0
    outer loop
      vertex -46.1542 -52.6288 -0.00999928
      vertex -49.4975 -49.4975 5
      vertex -46.1542 -52.6288 5
    endloop
  endfacet
  facet normal 0.683587 0.729869 0
    outer loop
      vertex -49.4975 -49.4975 5
      vertex -46.1542 -52.6288 -0.00999928
      vertex -49.4975 -49.4975 -0.00999928
    endloop
  endfacet
  facet normal 0.0980206 0.995184 -0
    outer loop
      vertex -4.57822 -69.8501 -0.00999928
      vertex -9.13683 -69.4011 5
      vertex -4.57822 -69.8501 5
    endloop
  endfacet
  facet normal 0.0980206 0.995184 0
    outer loop
      vertex -9.13683 -69.4011 5
      vertex -4.57822 -69.8501 -0.00999928
      vertex -9.13683 -69.4011 -0.00999928
    endloop
  endfacet
  facet normal 0.412709 0.910863 -0
    outer loop
      vertex -26.7878 -64.6716 -0.00999928
      vertex -30.9602 -62.7811 5
      vertex -26.7878 -64.6716 5
    endloop
  endfacet
  facet normal 0.412709 0.910863 0
    outer loop
      vertex -30.9602 -62.7811 5
      vertex -26.7878 -64.6716 -0.00999928
      vertex -30.9602 -62.7811 -0.00999928
    endloop
  endfacet
  facet normal 0.582485 0.812842 -0
    outer loop
      vertex -38.8899 -58.2029 -0.00999928
      vertex -42.6133 -55.5347 5
      vertex -38.8899 -58.2029 5
    endloop
  endfacet
  facet normal 0.582485 0.812842 0
    outer loop
      vertex -42.6133 -55.5347 5
      vertex -38.8899 -58.2029 -0.00999928
      vertex -42.6133 -55.5347 -0.00999928
    endloop
  endfacet
  facet normal 0.729869 0.683587 0
    outer loop
      vertex -49.4975 -49.4975 5
      vertex -52.6288 -46.1542 -0.00999928
      vertex -52.6288 -46.1542 5
    endloop
  endfacet
  facet normal 0.729869 0.683587 0
    outer loop
      vertex -52.6288 -46.1542 -0.00999928
      vertex -49.4975 -49.4975 5
      vertex -49.4975 -49.4975 -0.00999928
    endloop
  endfacet
  facet normal 0.881923 0.471394 0
    outer loop
      vertex -60.6218 -35 5
      vertex -62.7811 -30.9602 -0.00999928
      vertex -62.7811 -30.9602 5
    endloop
  endfacet
  facet normal 0.881923 0.471394 0
    outer loop
      vertex -62.7811 -30.9602 -0.00999928
      vertex -60.6218 -35 5
      vertex -60.6218 -35 -0.00999928
    endloop
  endfacet
  facet normal 0.849202 0.528069 0
    outer loop
      vertex -58.2029 -38.8899 5
      vertex -60.6218 -35 -0.00999928
      vertex -60.6218 -35 5
    endloop
  endfacet
  facet normal 0.849202 0.528069 0
    outer loop
      vertex -60.6218 -35 -0.00999928
      vertex -58.2029 -38.8899 5
      vertex -58.2029 -38.8899 -0.00999928
    endloop
  endfacet
  facet normal 0.986646 0.162881 0
    outer loop
      vertex -68.655 -13.6563 5
      vertex -69.4011 -9.13683 -0.00999928
      vertex -69.4011 -9.13683 5
    endloop
  endfacet
  facet normal 0.986646 0.162881 0
    outer loop
      vertex -69.4011 -9.13683 -0.00999928
      vertex -68.655 -13.6563 5
      vertex -68.655 -13.6563 -0.00999928
    endloop
  endfacet
  facet normal 0.999464 0.0327244 0
    outer loop
      vertex -69.8501 -4.57822 5
      vertex -70 0 -0.00999928
      vertex -70 0 5
    endloop
  endfacet
  facet normal 0.999464 0.0327244 0
    outer loop
      vertex -70 0 -0.00999928
      vertex -69.8501 -4.57822 5
      vertex -69.8501 -4.57822 -0.00999928
    endloop
  endfacet
  facet normal 0.935907 0.352248 0
    outer loop
      vertex -64.6716 -26.7878 5
      vertex -66.2851 -22.5008 -0.00999928
      vertex -66.2851 -22.5008 5
    endloop
  endfacet
  facet normal 0.935907 0.352248 0
    outer loop
      vertex -66.2851 -22.5008 -0.00999928
      vertex -64.6716 -26.7878 5
      vertex -64.6716 -26.7878 -0.00999928
    endloop
  endfacet
  facet normal -0.973875 -0.227085 0
    outer loop
      vertex 68.655 13.6563 -0.00999928
      vertex 67.6148 18.1173 5
      vertex 67.6148 18.1173 -0.00999928
    endloop
  endfacet
  facet normal -0.973875 -0.227085 0
    outer loop
      vertex 67.6148 18.1173 5
      vertex 68.655 13.6563 -0.00999928
      vertex 68.655 13.6563 5
    endloop
  endfacet
  facet normal -0.956942 -0.290281 0
    outer loop
      vertex 67.6148 18.1173 -0.00999928
      vertex 66.2851 22.5008 5
      vertex 66.2851 22.5008 -0.00999928
    endloop
  endfacet
  facet normal -0.956942 -0.290281 0
    outer loop
      vertex 66.2851 22.5008 5
      vertex 67.6148 18.1173 -0.00999928
      vertex 67.6148 18.1173 5
    endloop
  endfacet
  facet normal 0.995184 -0.0980206 0
    outer loop
      vertex -69.8501 4.57822 5
      vertex -69.4011 9.13683 -0.00999928
      vertex -69.4011 9.13683 5
    endloop
  endfacet
  facet normal 0.995184 -0.0980206 0
    outer loop
      vertex -69.4011 9.13683 -0.00999928
      vertex -69.8501 4.57822 5
      vertex -69.8501 4.57822 -0.00999928
    endloop
  endfacet
  facet normal -0.528069 0.849202 0
    outer loop
      vertex 38.8899 -58.2029 -0.00999928
      vertex 35 -60.6218 5
      vertex 38.8899 -58.2029 5
    endloop
  endfacet
  facet normal -0.528069 0.849202 0
    outer loop
      vertex 35 -60.6218 5
      vertex 38.8899 -58.2029 -0.00999928
      vertex 35 -60.6218 -0.00999928
    endloop
  endfacet
  facet normal 0.227085 0.973875 -0
    outer loop
      vertex -13.6563 -68.655 -0.00999928
      vertex -18.1173 -67.6148 5
      vertex -13.6563 -68.655 5
    endloop
  endfacet
  facet normal 0.227085 0.973875 0
    outer loop
      vertex -18.1173 -67.6148 5
      vertex -13.6563 -68.655 -0.00999928
      vertex -18.1173 -67.6148 -0.00999928
    endloop
  endfacet
  facet normal 0.471394 0.881923 -0
    outer loop
      vertex -30.9602 -62.7811 -0.00999928
      vertex -35 -60.6218 5
      vertex -30.9602 -62.7811 5
    endloop
  endfacet
  facet normal 0.471394 0.881923 0
    outer loop
      vertex -35 -60.6218 5
      vertex -30.9602 -62.7811 -0.00999928
      vertex -35 -60.6218 -0.00999928
    endloop
  endfacet
  facet normal 0.956942 0.290281 0
    outer loop
      vertex -66.2851 -22.5008 5
      vertex -67.6148 -18.1173 -0.00999928
      vertex -67.6148 -18.1173 5
    endloop
  endfacet
  facet normal 0.956942 0.290281 0
    outer loop
      vertex -67.6148 -18.1173 -0.00999928
      vertex -66.2851 -22.5008 5
      vertex -66.2851 -22.5008 -0.00999928
    endloop
  endfacet
  facet normal -0.619863 0.580559 0.52794
    outer loop
      vertex 49.4843 -49.4843 -0.00999928
      vertex 52.6143 -46.1424 -0.00999928
      vertex 18.703 -18.703 -70
    endloop
  endfacet
  facet normal -0.848827 -0.0277856 0.52794
    outer loop
      vertex 69.9813 0 -0.00999928
      vertex 69.8315 4.57626 -0.00999928
      vertex 26.45 0 -70
    endloop
  endfacet
  facet normal -0.849662 0 0.527328
    outer loop
      vertex 26.3934 1.72991 -70
      vertex 69.8315 4.57626 -0.00999928
      vertex 69.8315 4.577 -0.00999928
    endloop
  endfacet
  facet normal -0.848828 -0.0277723 0.52794
    outer loop
      vertex 69.8315 4.57626 -0.00999928
      vertex 26.3934 1.72991 -70
      vertex 26.45 0 -70
    endloop
  endfacet
  facet normal -0.848828 0.0277723 0.52794
    outer loop
      vertex 26.3934 -1.72991 -70
      vertex 69.8315 -4.57626 -0.00999928
      vertex 26.45 0 -70
    endloop
  endfacet
  facet normal -0.849662 0 0.527328
    outer loop
      vertex 69.8315 -4.57626 -0.00999928
      vertex 26.3934 -1.72991 -70
      vertex 69.8315 -4.577 -0.00999928
    endloop
  endfacet
  facet normal 0.837939 0.138334 0.52794
    outer loop
      vertex -68.6367 -13.6527 -0.00999928
      vertex -25.9418 -5.16014 -70
      vertex -69.3825 -9.13513 -0.00999928
    endloop
  endfacet
  facet normal 0.706199 -0.470799 0.528802
    outer loop
      vertex -55.5199 42.6019 -0.00999928
      vertex -19.8862 17.4397 -70
      vertex -55.5195 42.6025 -0.00999928
    endloop
  endfacet
  facet normal 0.65652 -0.538758 0.527941
    outer loop
      vertex -19.8862 17.4397 -70
      vertex -55.5199 42.6019 -0.00999928
      vertex -20.9842 16.1017 -70
    endloop
  endfacet
  facet normal -0.837939 0.138334 0.52794
    outer loop
      vertex 68.6367 -13.6527 -0.00999928
      vertex 69.3825 -9.13513 -0.00999928
      vertex 25.9418 -5.16014 -70
    endloop
  endfacet
  facet normal -0.619862 0.58056 0.527941
    outer loop
      vertex 18.703 -18.703 -70
      vertex 52.6148 -46.1419 -0.00999928
      vertex 19.8862 -17.4397 -70
    endloop
  endfacet
  facet normal -0.601019 0.601019 0.526832
    outer loop
      vertex 52.6148 -46.1419 -0.00999928
      vertex 18.703 -18.703 -70
      vertex 52.6143 -46.1424 -0.00999928
    endloop
  endfacet
  facet normal 0.580559 0.619863 0.52794
    outer loop
      vertex -46.1424 -52.6143 -0.00999928
      vertex -18.703 -18.703 -70
      vertex -49.4843 -49.4843 -0.00999928
    endloop
  endfacet
  facet normal -0.79485 0.299154 0.52794
    outer loop
      vertex 64.6546 -26.78 -0.00999928
      vertex 66.2674 -22.4948 -0.00999928
      vertex 25.0463 -8.50207 -70
    endloop
  endfacet
  facet normal -0.794847 0.29916 0.527941
    outer loop
      vertex 24.4366 -10.122 -70
      vertex 64.6546 -26.78 -0.00999928
      vertex 25.0463 -8.50207 -70
    endloop
  endfacet
  facet normal -0.780512 0.334505 0.528116
    outer loop
      vertex 64.6546 -26.78 -0.00999928
      vertex 24.4366 -10.122 -70
      vertex 64.6543 -26.7807 -0.00999928
    endloop
  endfacet
  facet normal -0.350493 0.773585 0.527941
    outer loop
      vertex 26.7807 -64.6543 -0.00999928
      vertex 30.9513 -62.7647 -0.00999928
      vertex 10.122 -24.4366 -70
    endloop
  endfacet
  facet normal -0.334631 0.780805 0.527605
    outer loop
      vertex 11.6985 -23.7223 -70
      vertex 30.9513 -62.7647 -0.00999928
      vertex 30.952 -62.7644 -0.00999928
    endloop
  endfacet
  facet normal -0.350503 0.77358 0.527941
    outer loop
      vertex 30.9513 -62.7647 -0.00999928
      vertex 11.6985 -23.7223 -70
      vertex 10.122 -24.4366 -70
    endloop
  endfacet
  facet normal 0.494696 0.69033 0.52794
    outer loop
      vertex -38.8802 -58.1869 -0.00999928
      vertex -16.1017 -20.9842 -70
      vertex -42.6019 -55.5199 -0.00999928
    endloop
  endfacet
  facet normal -0.538777 -0.656504 0.527941
    outer loop
      vertex 46.1419 52.6148 -0.00999928
      vertex 42.6025 55.5195 -0.00999928
      vertex 17.4397 19.8862 -70
    endloop
  endfacet
  facet normal 0.65388 -0.5449 0.524905
    outer loop
      vertex -58.1874 38.8796 -0.00999928
      vertex -20.9842 16.1017 -70
      vertex -58.1869 38.8802 -0.00999928
    endloop
  endfacet
  facet normal 0.690328 -0.494697 0.527941
    outer loop
      vertex -20.9842 16.1017 -70
      vertex -58.1874 38.8796 -0.00999928
      vertex -21.9924 14.6948 -70
    endloop
  endfacet
  facet normal 0.773585 -0.350493 0.527941
    outer loop
      vertex -24.4366 10.122 -70
      vertex -62.7647 30.9513 -0.00999928
      vertex -64.6543 26.7807 -0.00999928
    endloop
  endfacet
  facet normal 0.816366 -0.233248 0.528338
    outer loop
      vertex -67.5968 18.1125 -0.00999928
      vertex -25.0463 8.50207 -70
      vertex -67.5966 18.1132 -0.00999928
    endloop
  endfacet
  facet normal 0.812716 -0.246517 0.527941
    outer loop
      vertex -25.0463 8.50207 -70
      vertex -67.5968 18.1125 -0.00999928
      vertex -25.5487 6.84576 -70
    endloop
  endfacet
  facet normal -0.845192 0.0832456 0.52794
    outer loop
      vertex 69.3827 -9.13366 -0.00999928
      vertex 69.8315 -4.577 -0.00999928
      vertex 26.3934 -1.72991 -70
    endloop
  endfacet
  facet normal -0.848827 0.0277856 0.52794
    outer loop
      vertex 69.8315 -4.57626 -0.00999928
      vertex 69.9813 0 -0.00999928
      vertex 26.45 0 -70
    endloop
  endfacet
  facet normal -0.837941 0.138322 0.527941
    outer loop
      vertex 25.9418 -5.16014 -70
      vertex 69.3826 -9.1344 -0.00999928
      vertex 26.2237 -3.45242 -70
    endloop
  endfacet
  facet normal -0.841045 0.115212 0.528555
    outer loop
      vertex 69.3826 -9.1344 -0.00999928
      vertex 25.9418 -5.16014 -70
      vertex 69.3825 -9.13513 -0.00999928
    endloop
  endfacet
  facet normal -0.690328 0.494697 0.527941
    outer loop
      vertex 20.9842 -16.1017 -70
      vertex 58.1874 -38.8796 -0.00999928
      vertex 21.9924 -14.6948 -70
    endloop
  endfacet
  facet normal -0.65388 0.5449 0.524905
    outer loop
      vertex 58.1874 -38.8796 -0.00999928
      vertex 20.9842 -16.1017 -70
      vertex 58.1869 -38.8802 -0.00999928
    endloop
  endfacet
  facet normal -0.749 0.400347 0.52794
    outer loop
      vertex 60.6056 -34.9907 -0.00999928
      vertex 62.764 -30.9526 -0.00999928
      vertex 22.9064 -13.225 -70
    endloop
  endfacet
  facet normal -0.773585 0.350493 0.527941
    outer loop
      vertex 62.7647 -30.9513 -0.00999928
      vertex 64.6543 -26.7807 -0.00999928
      vertex 24.4366 -10.122 -70
    endloop
  endfacet
  facet normal -0.69033 0.494696 0.52794
    outer loop
      vertex 55.5199 -42.6019 -0.00999928
      vertex 58.1869 -38.8802 -0.00999928
      vertex 20.9842 -16.1017 -70
    endloop
  endfacet
  facet normal 0 0.849662 0.527328
    outer loop
      vertex 1.72991 -26.3934 -70
      vertex 4.57626 -69.8315 -0.00999928
      vertex 4.577 -69.8315 -0.00999928
    endloop
  endfacet
  facet normal -0.0277723 0.848828 0.52794
    outer loop
      vertex 4.57626 -69.8315 -0.00999928
      vertex 1.72991 -26.3934 -70
      vertex 0 -26.45 -70
    endloop
  endfacet
  facet normal -0.246543 0.812709 0.52794
    outer loop
      vertex 18.1132 -67.5966 -0.00999928
      vertex 22.4948 -66.2674 -0.00999928
      vertex 8.50207 -25.0463 -70
    endloop
  endfacet
  facet normal -0.580559 0.619863 0.52794
    outer loop
      vertex 46.1424 -52.6143 -0.00999928
      vertex 49.4843 -49.4843 -0.00999928
      vertex 18.703 -18.703 -70
    endloop
  endfacet
  facet normal 0.827096 0.192849 0.527941
    outer loop
      vertex -67.597 -18.1118 -0.00999928
      vertex -25.9418 -5.16014 -70
      vertex -68.6367 -13.6527 -0.00999928
    endloop
  endfacet
  facet normal 0.0277723 0.848828 0.52794
    outer loop
      vertex -1.72991 -26.3934 -70
      vertex -4.57626 -69.8315 -0.00999928
      vertex 0 -26.45 -70
    endloop
  endfacet
  facet normal 0 0.849662 0.527328
    outer loop
      vertex -4.57626 -69.8315 -0.00999928
      vertex -1.72991 -26.3934 -70
      vertex -4.577 -69.8315 -0.00999928
    endloop
  endfacet
  facet normal 0.538758 0.65652 0.527941
    outer loop
      vertex -17.4397 -19.8862 -70
      vertex -42.6019 -55.5199 -0.00999928
      vertex -16.1017 -20.9842 -70
    endloop
  endfacet
  facet normal 0.470799 0.706199 0.528802
    outer loop
      vertex -42.6019 -55.5199 -0.00999928
      vertex -17.4397 -19.8862 -70
      vertex -42.6025 -55.5195 -0.00999928
    endloop
  endfacet
  facet normal 0.619863 0.580559 0.52794
    outer loop
      vertex -49.4843 -49.4843 -0.00999928
      vertex -18.703 -18.703 -70
      vertex -52.6143 -46.1424 -0.00999928
    endloop
  endfacet
  facet normal -0.0832672 -0.845189 0.527941
    outer loop
      vertex 3.45242 26.2237 -70
      vertex 9.13366 69.3827 -0.00999928
      vertex 1.72991 26.3934 -70
    endloop
  endfacet
  facet normal -0.113717 -0.841507 0.528142
    outer loop
      vertex 9.13366 69.3827 -0.00999928
      vertex 3.45242 26.2237 -70
      vertex 9.1344 69.3826 -0.00999928
    endloop
  endfacet
  facet normal -0.448485 -0.721207 0.52794
    outer loop
      vertex 14.6948 21.9924 -70
      vertex 34.9907 60.6056 -0.00999928
      vertex 13.225 22.9064 -70
    endloop
  endfacet
  facet normal -0.471464 -0.707196 0.526874
    outer loop
      vertex 34.9907 60.6056 -0.00999928
      vertex 14.6948 21.9924 -70
      vertex 34.9913 60.6052 -0.00999928
    endloop
  endfacet
  facet normal -0.246517 -0.812716 0.527941
    outer loop
      vertex 8.50207 25.0463 -70
      vertex 18.1125 67.5968 -0.00999928
      vertex 6.84576 25.5487 -70
    endloop
  endfacet
  facet normal -0.233248 -0.816366 0.528338
    outer loop
      vertex 18.1125 67.5968 -0.00999928
      vertex 8.50207 25.0463 -70
      vertex 18.1132 67.5966 -0.00999928
    endloop
  endfacet
  facet normal 0.471464 -0.707196 0.526874
    outer loop
      vertex -14.6948 21.9924 -70
      vertex -34.9907 60.6056 -0.00999928
      vertex -34.9913 60.6052 -0.00999928
    endloop
  endfacet
  facet normal 0.448485 -0.721207 0.52794
    outer loop
      vertex -34.9907 60.6056 -0.00999928
      vertex -14.6948 21.9924 -70
      vertex -13.225 22.9064 -70
    endloop
  endfacet
  facet normal 0.192849 -0.827096 0.527941
    outer loop
      vertex -5.16014 25.9418 -70
      vertex -13.6527 68.6367 -0.00999928
      vertex -18.1118 67.597 -0.00999928
    endloop
  endfacet
  facet normal 0.619863 -0.580559 0.52794
    outer loop
      vertex -18.703 18.703 -70
      vertex -49.4843 49.4843 -0.00999928
      vertex -52.6143 46.1424 -0.00999928
    endloop
  endfacet
  facet normal 0.69033 -0.494696 0.52794
    outer loop
      vertex -20.9842 16.1017 -70
      vertex -55.5199 42.6019 -0.00999928
      vertex -58.1869 38.8802 -0.00999928
    endloop
  endfacet
  facet normal 0.849662 -0 0.527328
    outer loop
      vertex -69.8315 4.57626 -0.00999928
      vertex -26.3934 1.72991 -70
      vertex -69.8315 4.577 -0.00999928
    endloop
  endfacet
  facet normal 0.848828 -0.0277723 0.52794
    outer loop
      vertex -26.3934 1.72991 -70
      vertex -69.8315 4.57626 -0.00999928
      vertex -26.45 0 -70
    endloop
  endfacet
  facet normal 0.848827 0.0277856 0.52794
    outer loop
      vertex -69.8315 -4.57626 -0.00999928
      vertex -26.45 0 -70
      vertex -69.9813 0 -0.00999928
    endloop
  endfacet
  facet normal -0.845189 0.0832672 0.527941
    outer loop
      vertex 26.2237 -3.45242 -70
      vertex 69.3827 -9.13366 -0.00999928
      vertex 26.3934 -1.72991 -70
    endloop
  endfacet
  facet normal -0.841507 0.113717 0.528142
    outer loop
      vertex 69.3827 -9.13366 -0.00999928
      vertex 26.2237 -3.45242 -70
      vertex 69.3826 -9.1344 -0.00999928
    endloop
  endfacet
  facet normal -0.812709 0.246543 0.52794
    outer loop
      vertex 66.2674 -22.4948 -0.00999928
      vertex 67.5966 -18.1132 -0.00999928
      vertex 25.0463 -8.50207 -70
    endloop
  endfacet
  facet normal -0.812716 0.246517 0.527941
    outer loop
      vertex 25.0463 -8.50207 -70
      vertex 67.5968 -18.1125 -0.00999928
      vertex 25.5487 -6.84576 -70
    endloop
  endfacet
  facet normal -0.816366 0.233248 0.528338
    outer loop
      vertex 67.5968 -18.1125 -0.00999928
      vertex 25.0463 -8.50207 -70
      vertex 67.5966 -18.1132 -0.00999928
    endloop
  endfacet
  facet normal -0.72122 0.448465 0.527941
    outer loop
      vertex 58.1874 -38.8796 -0.00999928
      vertex 60.6052 -34.9913 -0.00999928
      vertex 21.9924 -14.6948 -70
    endloop
  endfacet
  facet normal -0.721207 0.448485 0.52794
    outer loop
      vertex 21.9924 -14.6948 -70
      vertex 60.6056 -34.9907 -0.00999928
      vertex 22.9064 -13.225 -70
    endloop
  endfacet
  facet normal -0.707196 0.471464 0.526874
    outer loop
      vertex 60.6056 -34.9907 -0.00999928
      vertex 21.9924 -14.6948 -70
      vertex 60.6052 -34.9913 -0.00999928
    endloop
  endfacet
  facet normal -0.77358 0.350503 0.527941
    outer loop
      vertex 23.7223 -11.6985 -70
      vertex 62.7647 -30.9513 -0.00999928
      vertex 24.4366 -10.122 -70
    endloop
  endfacet
  facet normal -0.780805 0.334631 0.527605
    outer loop
      vertex 62.7647 -30.9513 -0.00999928
      vertex 23.7223 -11.6985 -70
      vertex 62.7644 -30.952 -0.00999928
    endloop
  endfacet
  facet normal -0.65652 0.538758 0.527941
    outer loop
      vertex 19.8862 -17.4397 -70
      vertex 55.5199 -42.6019 -0.00999928
      vertex 20.9842 -16.1017 -70
    endloop
  endfacet
  facet normal -0.706199 0.470799 0.528802
    outer loop
      vertex 55.5199 -42.6019 -0.00999928
      vertex 19.8862 -17.4397 -70
      vertex 55.5195 -42.6025 -0.00999928
    endloop
  endfacet
  facet normal -0.656504 0.538777 0.527941
    outer loop
      vertex 52.6148 -46.1419 -0.00999928
      vertex 55.5195 -42.6025 -0.00999928
      vertex 19.8862 -17.4397 -70
    endloop
  endfacet
  facet normal -0.0277856 0.848827 0.52794
    outer loop
      vertex 4.57626 -69.8315 -0.00999928
      vertex 0 -26.45 -70
      vertex 0 -69.9813 -0.00999928
    endloop
  endfacet
  facet normal -0.0832456 0.845192 0.52794
    outer loop
      vertex 4.577 -69.8315 -0.00999928
      vertex 9.13366 -69.3827 -0.00999928
      vertex 1.72991 -26.3934 -70
    endloop
  endfacet
  facet normal -0.138334 0.837939 0.52794
    outer loop
      vertex 9.13513 -69.3825 -0.00999928
      vertex 13.6527 -68.6367 -0.00999928
      vertex 5.16014 -25.9418 -70
    endloop
  endfacet
  facet normal -0.5449 0.65388 0.524905
    outer loop
      vertex 16.1017 -20.9842 -70
      vertex 38.8796 -58.1874 -0.00999928
      vertex 38.8802 -58.1869 -0.00999928
    endloop
  endfacet
  facet normal -0.494697 0.690328 0.527941
    outer loop
      vertex 38.8796 -58.1874 -0.00999928
      vertex 16.1017 -20.9842 -70
      vertex 14.6948 -21.9924 -70
    endloop
  endfacet
  facet normal -0.448465 0.72122 0.527941
    outer loop
      vertex 34.9913 -60.6052 -0.00999928
      vertex 38.8796 -58.1874 -0.00999928
      vertex 14.6948 -21.9924 -70
    endloop
  endfacet
  facet normal -0.538777 0.656504 0.527941
    outer loop
      vertex 42.6025 -55.5195 -0.00999928
      vertex 46.1419 -52.6148 -0.00999928
      vertex 17.4397 -19.8862 -70
    endloop
  endfacet
  facet normal 0.848828 0.0277723 0.52794
    outer loop
      vertex -69.8315 -4.57626 -0.00999928
      vertex -26.3934 -1.72991 -70
      vertex -26.45 0 -70
    endloop
  endfacet
  facet normal 0.849662 0 0.527328
    outer loop
      vertex -26.3934 -1.72991 -70
      vertex -69.8315 -4.57626 -0.00999928
      vertex -69.8315 -4.577 -0.00999928
    endloop
  endfacet
  facet normal 0 0 1
    outer loop
      vertex 26.3934 1.72991 -70
      vertex 26.3934 -1.72991 -70
      vertex 26.45 0 -70
    endloop
  endfacet
  facet normal 0 0 1
    outer loop
      vertex 26.2237 3.45242 -70
      vertex 26.3934 -1.72991 -70
      vertex 26.3934 1.72991 -70
    endloop
  endfacet
  facet normal 0 0 1
    outer loop
      vertex 26.2237 3.45242 -70
      vertex 26.2237 -3.45242 -70
      vertex 26.3934 -1.72991 -70
    endloop
  endfacet
  facet normal 0 0 1
    outer loop
      vertex 25.9418 5.16014 -70
      vertex 26.2237 -3.45242 -70
      vertex 26.2237 3.45242 -70
    endloop
  endfacet
  facet normal 0 0 1
    outer loop
      vertex 25.9418 5.16014 -70
      vertex 25.9418 -5.16014 -70
      vertex 26.2237 -3.45242 -70
    endloop
  endfacet
  facet normal 0 0 1
    outer loop
      vertex 25.5487 6.84576 -70
      vertex 25.9418 -5.16014 -70
      vertex 25.9418 5.16014 -70
    endloop
  endfacet
  facet normal 0 0 1
    outer loop
      vertex 25.5487 6.84576 -70
      vertex 25.5487 -6.84576 -70
      vertex 25.9418 -5.16014 -70
    endloop
  endfacet
  facet normal 0 0 1
    outer loop
      vertex 25.0463 8.50207 -70
      vertex 25.5487 -6.84576 -70
      vertex 25.5487 6.84576 -70
    endloop
  endfacet
  facet normal 0 0 1
    outer loop
      vertex 25.0463 8.50207 -70
      vertex 25.0463 -8.50207 -70
      vertex 25.5487 -6.84576 -70
    endloop
  endfacet
  facet normal 0 0 1
    outer loop
      vertex 24.4366 10.122 -70
      vertex 25.0463 -8.50207 -70
      vertex 25.0463 8.50207 -70
    endloop
  endfacet
  facet normal 0 0 1
    outer loop
      vertex 24.4366 10.122 -70
      vertex 24.4366 -10.122 -70
      vertex 25.0463 -8.50207 -70
    endloop
  endfacet
  facet normal 0 0 1
    outer loop
      vertex 23.7223 11.6985 -70
      vertex 24.4366 -10.122 -70
      vertex 24.4366 10.122 -70
    endloop
  endfacet
  facet normal 0 0 1
    outer loop
      vertex 23.7223 11.6985 -70
      vertex 23.7223 -11.6985 -70
      vertex 24.4366 -10.122 -70
    endloop
  endfacet
  facet normal 0 0 1
    outer loop
      vertex 22.9064 13.225 -70
      vertex 23.7223 -11.6985 -70
      vertex 23.7223 11.6985 -70
    endloop
  endfacet
  facet normal 0 0 1
    outer loop
      vertex 22.9064 13.225 -70
      vertex 22.9064 -13.225 -70
      vertex 23.7223 -11.6985 -70
    endloop
  endfacet
  facet normal 0 0 1
    outer loop
      vertex 21.9924 14.6948 -70
      vertex 22.9064 -13.225 -70
      vertex 22.9064 13.225 -70
    endloop
  endfacet
  facet normal 0 0 1
    outer loop
      vertex 21.9924 14.6948 -70
      vertex 21.9924 -14.6948 -70
      vertex 22.9064 -13.225 -70
    endloop
  endfacet
  facet normal 0 0 1
    outer loop
      vertex 20.9842 16.1017 -70
      vertex 21.9924 -14.6948 -70
      vertex 21.9924 14.6948 -70
    endloop
  endfacet
  facet normal 0 0 1
    outer loop
      vertex 20.9842 16.1017 -70
      vertex 20.9842 -16.1017 -70
      vertex 21.9924 -14.6948 -70
    endloop
  endfacet
  facet normal 0 0 1
    outer loop
      vertex 19.8862 17.4397 -70
      vertex 20.9842 -16.1017 -70
      vertex 20.9842 16.1017 -70
    endloop
  endfacet
  facet normal 0 0 1
    outer loop
      vertex 19.8862 17.4397 -70
      vertex 19.8862 -17.4397 -70
      vertex 20.9842 -16.1017 -70
    endloop
  endfacet
  facet normal 0 0 1
    outer loop
      vertex 18.703 18.703 -70
      vertex 19.8862 -17.4397 -70
      vertex 19.8862 17.4397 -70
    endloop
  endfacet
  facet normal 0 0 1
    outer loop
      vertex 18.703 18.703 -70
      vertex 18.703 -18.703 -70
      vertex 19.8862 -17.4397 -70
    endloop
  endfacet
  facet normal 0 0 1
    outer loop
      vertex 17.4397 19.8862 -70
      vertex 18.703 -18.703 -70
      vertex 18.703 18.703 -70
    endloop
  endfacet
  facet normal 0 0 1
    outer loop
      vertex 17.4397 19.8862 -70
      vertex 17.4397 -19.8862 -70
      vertex 18.703 -18.703 -70
    endloop
  endfacet
  facet normal 0 0 1
    outer loop
      vertex 16.1017 20.9842 -70
      vertex 17.4397 -19.8862 -70
      vertex 17.4397 19.8862 -70
    endloop
  endfacet
  facet normal 0 0 1
    outer loop
      vertex 16.1017 20.9842 -70
      vertex 16.1017 -20.9842 -70
      vertex 17.4397 -19.8862 -70
    endloop
  endfacet
  facet normal 0 0 1
    outer loop
      vertex 14.6948 21.9924 -70
      vertex 16.1017 -20.9842 -70
      vertex 16.1017 20.9842 -70
    endloop
  endfacet
  facet normal 0 0 1
    outer loop
      vertex 14.6948 21.9924 -70
      vertex 14.6948 -21.9924 -70
      vertex 16.1017 -20.9842 -70
    endloop
  endfacet
  facet normal 0 0 1
    outer loop
      vertex 13.225 22.9064 -70
      vertex 14.6948 -21.9924 -70
      vertex 14.6948 21.9924 -70
    endloop
  endfacet
  facet normal 0 0 1
    outer loop
      vertex 13.225 22.9064 -70
      vertex 13.225 -22.9064 -70
      vertex 14.6948 -21.9924 -70
    endloop
  endfacet
  facet normal 0 0 1
    outer loop
      vertex 11.6985 23.7223 -70
      vertex 13.225 -22.9064 -70
      vertex 13.225 22.9064 -70
    endloop
  endfacet
  facet normal 0 0 1
    outer loop
      vertex 11.6985 23.7223 -70
      vertex 11.6985 -23.7223 -70
      vertex 13.225 -22.9064 -70
    endloop
  endfacet
  facet normal 0 0 1
    outer loop
      vertex 10.122 24.4366 -70
      vertex 11.6985 -23.7223 -70
      vertex 11.6985 23.7223 -70
    endloop
  endfacet
  facet normal 0 0 1
    outer loop
      vertex 10.122 24.4366 -70
      vertex 10.122 -24.4366 -70
      vertex 11.6985 -23.7223 -70
    endloop
  endfacet
  facet normal 0 0 1
    outer loop
      vertex 8.50207 25.0463 -70
      vertex 10.122 -24.4366 -70
      vertex 10.122 24.4366 -70
    endloop
  endfacet
  facet normal 0 0 1
    outer loop
      vertex 8.50207 25.0463 -70
      vertex 8.50207 -25.0463 -70
      vertex 10.122 -24.4366 -70
    endloop
  endfacet
  facet normal 0 0 1
    outer loop
      vertex 6.84576 25.5487 -70
      vertex 8.50207 -25.0463 -70
      vertex 8.50207 25.0463 -70
    endloop
  endfacet
  facet normal 0 0 1
    outer loop
      vertex 6.84576 25.5487 -70
      vertex 6.84576 -25.5487 -70
      vertex 8.50207 -25.0463 -70
    endloop
  endfacet
  facet normal 0 0 1
    outer loop
      vertex 5.16014 25.9418 -70
      vertex 6.84576 -25.5487 -70
      vertex 6.84576 25.5487 -70
    endloop
  endfacet
  facet normal 0 0 1
    outer loop
      vertex 5.16014 25.9418 -70
      vertex 5.16014 -25.9418 -70
      vertex 6.84576 -25.5487 -70
    endloop
  endfacet
  facet normal 0 0 1
    outer loop
      vertex 3.45242 26.2237 -70
      vertex 5.16014 -25.9418 -70
      vertex 5.16014 25.9418 -70
    endloop
  endfacet
  facet normal 0 0 1
    outer loop
      vertex 3.45242 26.2237 -70
      vertex 3.45242 -26.2237 -70
      vertex 5.16014 -25.9418 -70
    endloop
  endfacet
  facet normal 0 0 1
    outer loop
      vertex 1.72991 26.3934 -70
      vertex 3.45242 -26.2237 -70
      vertex 3.45242 26.2237 -70
    endloop
  endfacet
  facet normal 0 0 1
    outer loop
      vertex 1.72991 26.3934 -70
      vertex 1.72991 -26.3934 -70
      vertex 3.45242 -26.2237 -70
    endloop
  endfacet
  facet normal 0 0 1
    outer loop
      vertex 0 26.45 -70
      vertex 1.72991 -26.3934 -70
      vertex 1.72991 26.3934 -70
    endloop
  endfacet
  facet normal 0 0 1
    outer loop
      vertex 0 26.45 -70
      vertex 0 -26.45 -70
      vertex 1.72991 -26.3934 -70
    endloop
  endfacet
  facet normal -0 0 1
    outer loop
      vertex -1.72991 26.3934 -70
      vertex 0 -26.45 -70
      vertex 0 26.45 -70
    endloop
  endfacet
  facet normal 0 0 1
    outer loop
      vertex -1.72991 26.3934 -70
      vertex -1.72991 -26.3934 -70
      vertex 0 -26.45 -70
    endloop
  endfacet
  facet normal -0 0 1
    outer loop
      vertex -3.45242 26.2237 -70
      vertex -1.72991 -26.3934 -70
      vertex -1.72991 26.3934 -70
    endloop
  endfacet
  facet normal 0 0 1
    outer loop
      vertex -3.45242 26.2237 -70
      vertex -3.45242 -26.2237 -70
      vertex -1.72991 -26.3934 -70
    endloop
  endfacet
  facet normal -0 0 1
    outer loop
      vertex -5.16014 25.9418 -70
      vertex -3.45242 -26.2237 -70
      vertex -3.45242 26.2237 -70
    endloop
  endfacet
  facet normal 0 0 1
    outer loop
      vertex -5.16014 25.9418 -70
      vertex -5.16014 -25.9418 -70
      vertex -3.45242 -26.2237 -70
    endloop
  endfacet
  facet normal -0 0 1
    outer loop
      vertex -6.84576 25.5487 -70
      vertex -5.16014 -25.9418 -70
      vertex -5.16014 25.9418 -70
    endloop
  endfacet
  facet normal 0 0 1
    outer loop
      vertex -6.84576 25.5487 -70
      vertex -6.84576 -25.5487 -70
      vertex -5.16014 -25.9418 -70
    endloop
  endfacet
  facet normal -0 0 1
    outer loop
      vertex -8.50207 25.0463 -70
      vertex -6.84576 -25.5487 -70
      vertex -6.84576 25.5487 -70
    endloop
  endfacet
  facet normal 0 0 1
    outer loop
      vertex -8.50207 25.0463 -70
      vertex -8.50207 -25.0463 -70
      vertex -6.84576 -25.5487 -70
    endloop
  endfacet
  facet normal -0 0 1
    outer loop
      vertex -10.122 24.4366 -70
      vertex -8.50207 -25.0463 -70
      vertex -8.50207 25.0463 -70
    endloop
  endfacet
  facet normal 0 0 1
    outer loop
      vertex -10.122 24.4366 -70
      vertex -10.122 -24.4366 -70
      vertex -8.50207 -25.0463 -70
    endloop
  endfacet
  facet normal -0 0 1
    outer loop
      vertex -11.6985 23.7223 -70
      vertex -10.122 -24.4366 -70
      vertex -10.122 24.4366 -70
    endloop
  endfacet
  facet normal 0 0 1
    outer loop
      vertex -11.6985 23.7223 -70
      vertex -11.6985 -23.7223 -70
      vertex -10.122 -24.4366 -70
    endloop
  endfacet
  facet normal -0 0 1
    outer loop
      vertex -13.225 22.9064 -70
      vertex -11.6985 -23.7223 -70
      vertex -11.6985 23.7223 -70
    endloop
  endfacet
  facet normal 0 0 1
    outer loop
      vertex -13.225 22.9064 -70
      vertex -13.225 -22.9064 -70
      vertex -11.6985 -23.7223 -70
    endloop
  endfacet
  facet normal -0 0 1
    outer loop
      vertex -14.6948 21.9924 -70
      vertex -13.225 -22.9064 -70
      vertex -13.225 22.9064 -70
    endloop
  endfacet
  facet normal 0 0 1
    outer loop
      vertex -14.6948 21.9924 -70
      vertex -14.6948 -21.9924 -70
      vertex -13.225 -22.9064 -70
    endloop
  endfacet
  facet normal -0 0 1
    outer loop
      vertex -16.1017 20.9842 -70
      vertex -14.6948 -21.9924 -70
      vertex -14.6948 21.9924 -70
    endloop
  endfacet
  facet normal 0 0 1
    outer loop
      vertex -16.1017 20.9842 -70
      vertex -16.1017 -20.9842 -70
      vertex -14.6948 -21.9924 -70
    endloop
  endfacet
  facet normal -0 0 1
    outer loop
      vertex -17.4397 19.8862 -70
      vertex -16.1017 -20.9842 -70
      vertex -16.1017 20.9842 -70
    endloop
  endfacet
  facet normal 0 0 1
    outer loop
      vertex -17.4397 19.8862 -70
      vertex -17.4397 -19.8862 -70
      vertex -16.1017 -20.9842 -70
    endloop
  endfacet
  facet normal -0 0 1
    outer loop
      vertex -18.703 18.703 -70
      vertex -17.4397 -19.8862 -70
      vertex -17.4397 19.8862 -70
    endloop
  endfacet
  facet normal 0 0 1
    outer loop
      vertex -18.703 18.703 -70
      vertex -18.703 -18.703 -70
      vertex -17.4397 -19.8862 -70
    endloop
  endfacet
  facet normal -0 0 1
    outer loop
      vertex -19.8862 17.4397 -70
      vertex -18.703 -18.703 -70
      vertex -18.703 18.703 -70
    endloop
  endfacet
  facet normal 0 0 1
    outer loop
      vertex -19.8862 17.4397 -70
      vertex -19.8862 -17.4397 -70
      vertex -18.703 -18.703 -70
    endloop
  endfacet
  facet normal -0 0 1
    outer loop
      vertex -20.9842 16.1017 -70
      vertex -19.8862 -17.4397 -70
      vertex -19.8862 17.4397 -70
    endloop
  endfacet
  facet normal 0 0 1
    outer loop
      vertex -20.9842 16.1017 -70
      vertex -20.9842 -16.1017 -70
      vertex -19.8862 -17.4397 -70
    endloop
  endfacet
  facet normal -0 0 1
    outer loop
      vertex -21.9924 14.6948 -70
      vertex -20.9842 -16.1017 -70
      vertex -20.9842 16.1017 -70
    endloop
  endfacet
  facet normal 0 0 1
    outer loop
      vertex -21.9924 14.6948 -70
      vertex -21.9924 -14.6948 -70
      vertex -20.9842 -16.1017 -70
    endloop
  endfacet
  facet normal -0 0 1
    outer loop
      vertex -22.9064 13.225 -70
      vertex -21.9924 -14.6948 -70
      vertex -21.9924 14.6948 -70
    endloop
  endfacet
  facet normal 0 0 1
    outer loop
      vertex -22.9064 13.225 -70
      vertex -22.9064 -13.225 -70
      vertex -21.9924 -14.6948 -70
    endloop
  endfacet
  facet normal -0 0 1
    outer loop
      vertex -23.7223 11.6985 -70
      vertex -22.9064 -13.225 -70
      vertex -22.9064 13.225 -70
    endloop
  endfacet
  facet normal 0 0 1
    outer loop
      vertex -23.7223 11.6985 -70
      vertex -23.7223 -11.6985 -70
      vertex -22.9064 -13.225 -70
    endloop
  endfacet
  facet normal -0 0 1
    outer loop
      vertex -24.4366 10.122 -70
      vertex -23.7223 -11.6985 -70
      vertex -23.7223 11.6985 -70
    endloop
  endfacet
  facet normal 0 0 1
    outer loop
      vertex -24.4366 10.122 -70
      vertex -24.4366 -10.122 -70
      vertex -23.7223 -11.6985 -70
    endloop
  endfacet
  facet normal -0 0 1
    outer loop
      vertex -25.0463 8.50207 -70
      vertex -24.4366 -10.122 -70
      vertex -24.4366 10.122 -70
    endloop
  endfacet
  facet normal 0 0 1
    outer loop
      vertex -25.0463 8.50207 -70
      vertex -25.0463 -8.50207 -70
      vertex -24.4366 -10.122 -70
    endloop
  endfacet
  facet normal -0 0 1
    outer loop
      vertex -25.5487 6.84576 -70
      vertex -25.0463 -8.50207 -70
      vertex -25.0463 8.50207 -70
    endloop
  endfacet
  facet normal 0 0 1
    outer loop
      vertex -25.5487 6.84576 -70
      vertex -25.5487 -6.84576 -70
      vertex -25.0463 -8.50207 -70
    endloop
  endfacet
  facet normal -0 0 1
    outer loop
      vertex -25.9418 5.16014 -70
      vertex -25.5487 -6.84576 -70
      vertex -25.5487 6.84576 -70
    endloop
  endfacet
  facet normal 0 0 1
    outer loop
      vertex -25.9418 5.16014 -70
      vertex -25.9418 -5.16014 -70
      vertex -25.5487 -6.84576 -70
    endloop
  endfacet
  facet normal -0 0 1
    outer loop
      vertex -26.2237 3.45242 -70
      vertex -25.9418 -5.16014 -70
      vertex -25.9418 5.16014 -70
    endloop
  endfacet
  facet normal 0 0 1
    outer loop
      vertex -26.2237 3.45242 -70
      vertex -26.2237 -3.45242 -70
      vertex -25.9418 -5.16014 -70
    endloop
  endfacet
  facet normal -0 0 1
    outer loop
      vertex -26.3934 1.72991 -70
      vertex -26.2237 -3.45242 -70
      vertex -26.2237 3.45242 -70
    endloop
  endfacet
  facet normal 0 0 1
    outer loop
      vertex -26.3934 1.72991 -70
      vertex -26.3934 -1.72991 -70
      vertex -26.2237 -3.45242 -70
    endloop
  endfacet
  facet normal 0 -0 1
    outer loop
      vertex -26.3934 -1.72991 -70
      vertex -26.3934 1.72991 -70
      vertex -26.45 0 -70
    endloop
  endfacet
  facet normal 0.773585 0.350493 0.527941
    outer loop
      vertex -62.7647 -30.9513 -0.00999928
      vertex -24.4366 -10.122 -70
      vertex -64.6543 -26.7807 -0.00999928
    endloop
  endfacet
  facet normal 0.350503 0.77358 0.527941
    outer loop
      vertex -11.6985 -23.7223 -70
      vertex -30.9513 -62.7647 -0.00999928
      vertex -10.122 -24.4366 -70
    endloop
  endfacet
  facet normal 0.334631 0.780805 0.527605
    outer loop
      vertex -30.9513 -62.7647 -0.00999928
      vertex -11.6985 -23.7223 -70
      vertex -30.952 -62.7644 -0.00999928
    endloop
  endfacet
  facet normal 0.138334 0.837939 0.52794
    outer loop
      vertex -9.13513 -69.3825 -0.00999928
      vertex -5.16014 -25.9418 -70
      vertex -13.6527 -68.6367 -0.00999928
    endloop
  endfacet
  facet normal 0.721207 0.448485 0.52794
    outer loop
      vertex -60.6056 -34.9907 -0.00999928
      vertex -21.9924 -14.6948 -70
      vertex -22.9064 -13.225 -70
    endloop
  endfacet
  facet normal 0.707196 0.471464 0.526874
    outer loop
      vertex -21.9924 -14.6948 -70
      vertex -60.6056 -34.9907 -0.00999928
      vertex -60.6052 -34.9913 -0.00999928
    endloop
  endfacet
  facet normal 0.656504 0.538777 0.527941
    outer loop
      vertex -52.6148 -46.1419 -0.00999928
      vertex -19.8862 -17.4397 -70
      vertex -55.5195 -42.6025 -0.00999928
    endloop
  endfacet
  facet normal 0.690328 0.494697 0.527941
    outer loop
      vertex -58.1874 -38.8796 -0.00999928
      vertex -20.9842 -16.1017 -70
      vertex -21.9924 -14.6948 -70
    endloop
  endfacet
  facet normal 0.65388 0.5449 0.524905
    outer loop
      vertex -20.9842 -16.1017 -70
      vertex -58.1874 -38.8796 -0.00999928
      vertex -58.1869 -38.8802 -0.00999928
    endloop
  endfacet
  facet normal 0.0277856 -0.848827 0.52794
    outer loop
      vertex 0 26.45 -70
      vertex 0 69.9813 -0.00999928
      vertex -4.57626 69.8315 -0.00999928
    endloop
  endfacet
  facet normal 0 -0.849662 0.527328
    outer loop
      vertex -1.72991 26.3934 -70
      vertex -4.57626 69.8315 -0.00999928
      vertex -4.577 69.8315 -0.00999928
    endloop
  endfacet
  facet normal 0.0277723 -0.848828 0.52794
    outer loop
      vertex -4.57626 69.8315 -0.00999928
      vertex -1.72991 26.3934 -70
      vertex 0 26.45 -70
    endloop
  endfacet
  facet normal 0.5449 -0.65388 0.524905
    outer loop
      vertex -16.1017 20.9842 -70
      vertex -38.8796 58.1874 -0.00999928
      vertex -38.8802 58.1869 -0.00999928
    endloop
  endfacet
  facet normal 0.494697 -0.690328 0.527941
    outer loop
      vertex -38.8796 58.1874 -0.00999928
      vertex -16.1017 20.9842 -70
      vertex -14.6948 21.9924 -70
    endloop
  endfacet
  facet normal 0.350493 -0.773585 0.527941
    outer loop
      vertex -10.122 24.4366 -70
      vertex -26.7807 64.6543 -0.00999928
      vertex -30.9513 62.7647 -0.00999928
    endloop
  endfacet
  facet normal 0.138334 -0.837939 0.52794
    outer loop
      vertex -5.16014 25.9418 -70
      vertex -9.13513 69.3825 -0.00999928
      vertex -13.6527 68.6367 -0.00999928
    endloop
  endfacet
  facet normal 0.749 -0.400347 0.52794
    outer loop
      vertex -22.9064 13.225 -70
      vertex -60.6056 34.9907 -0.00999928
      vertex -62.764 30.9526 -0.00999928
    endloop
  endfacet
  facet normal 0.79485 -0.299154 0.52794
    outer loop
      vertex -25.0463 8.50207 -70
      vertex -64.6546 26.78 -0.00999928
      vertex -66.2674 22.4948 -0.00999928
    endloop
  endfacet
  facet normal 0.812709 -0.246543 0.52794
    outer loop
      vertex -25.0463 8.50207 -70
      vertex -66.2674 22.4948 -0.00999928
      vertex -67.5966 18.1132 -0.00999928
    endloop
  endfacet
  facet normal 0.841045 -0.115212 0.528555
    outer loop
      vertex -69.3826 9.1344 -0.00999928
      vertex -25.9418 5.16014 -70
      vertex -69.3825 9.13513 -0.00999928
    endloop
  endfacet
  facet normal 0.837941 -0.138322 0.527941
    outer loop
      vertex -25.9418 5.16014 -70
      vertex -69.3826 9.1344 -0.00999928
      vertex -26.2237 3.45242 -70
    endloop
  endfacet
  facet normal 0.837939 -0.138334 0.52794
    outer loop
      vertex -25.9418 5.16014 -70
      vertex -68.6367 13.6527 -0.00999928
      vertex -69.3825 9.13513 -0.00999928
    endloop
  endfacet
  facet normal 0.827096 -0.192849 0.527941
    outer loop
      vertex -25.9418 5.16014 -70
      vertex -67.597 18.1118 -0.00999928
      vertex -68.6367 13.6527 -0.00999928
    endloop
  endfacet
  facet normal 0.848827 -0.0277856 0.52794
    outer loop
      vertex -26.45 0 -70
      vertex -69.8315 4.57626 -0.00999928
      vertex -69.9813 0 -0.00999928
    endloop
  endfacet
  facet normal 0.841507 -0.113717 0.528142
    outer loop
      vertex -69.3827 9.13366 -0.00999928
      vertex -26.2237 3.45242 -70
      vertex -69.3826 9.1344 -0.00999928
    endloop
  endfacet
  facet normal 0.845189 -0.0832672 0.527941
    outer loop
      vertex -26.2237 3.45242 -70
      vertex -69.3827 9.13366 -0.00999928
      vertex -26.3934 1.72991 -70
    endloop
  endfacet
  facet normal -0.827096 0.192849 0.527941
    outer loop
      vertex 67.597 -18.1118 -0.00999928
      vertex 68.6367 -13.6527 -0.00999928
      vertex 25.9418 -5.16014 -70
    endloop
  endfacet
  facet normal -0.749005 0.400336 0.527941
    outer loop
      vertex 22.9064 -13.225 -70
      vertex 62.7644 -30.952 -0.00999928
      vertex 23.7223 -11.6985 -70
    endloop
  endfacet
  facet normal -0.708956 0.472637 0.523446
    outer loop
      vertex 62.7644 -30.952 -0.00999928
      vertex 22.9064 -13.225 -70
      vertex 62.764 -30.9526 -0.00999928
    endloop
  endfacet
  facet normal -0.334505 0.780512 0.528116
    outer loop
      vertex 10.122 -24.4366 -70
      vertex 26.78 -64.6546 -0.00999928
      vertex 26.7807 -64.6543 -0.00999928
    endloop
  endfacet
  facet normal -0.29916 0.794847 0.527941
    outer loop
      vertex 26.78 -64.6546 -0.00999928
      vertex 10.122 -24.4366 -70
      vertex 8.50207 -25.0463 -70
    endloop
  endfacet
  facet normal -0.299154 0.79485 0.52794
    outer loop
      vertex 22.4948 -66.2674 -0.00999928
      vertex 26.78 -64.6546 -0.00999928
      vertex 8.50207 -25.0463 -70
    endloop
  endfacet
  facet normal -0.472637 0.708956 0.523446
    outer loop
      vertex 13.225 -22.9064 -70
      vertex 30.952 -62.7644 -0.00999928
      vertex 30.9526 -62.764 -0.00999928
    endloop
  endfacet
  facet normal -0.400336 0.749005 0.527941
    outer loop
      vertex 30.952 -62.7644 -0.00999928
      vertex 13.225 -22.9064 -70
      vertex 11.6985 -23.7223 -70
    endloop
  endfacet
  facet normal -0.400347 0.749 0.52794
    outer loop
      vertex 30.9526 -62.764 -0.00999928
      vertex 34.9907 -60.6056 -0.00999928
      vertex 13.225 -22.9064 -70
    endloop
  endfacet
  facet normal -0.471464 0.707196 0.526874
    outer loop
      vertex 14.6948 -21.9924 -70
      vertex 34.9907 -60.6056 -0.00999928
      vertex 34.9913 -60.6052 -0.00999928
    endloop
  endfacet
  facet normal -0.448485 0.721207 0.52794
    outer loop
      vertex 34.9907 -60.6056 -0.00999928
      vertex 14.6948 -21.9924 -70
      vertex 13.225 -22.9064 -70
    endloop
  endfacet
  facet normal -0.601019 0.601019 0.526832
    outer loop
      vertex 18.703 -18.703 -70
      vertex 46.1419 -52.6148 -0.00999928
      vertex 46.1424 -52.6143 -0.00999928
    endloop
  endfacet
  facet normal -0.58056 0.619862 0.527941
    outer loop
      vertex 46.1419 -52.6148 -0.00999928
      vertex 18.703 -18.703 -70
      vertex 17.4397 -19.8862 -70
    endloop
  endfacet
  facet normal -0.494696 0.69033 0.52794
    outer loop
      vertex 38.8802 -58.1869 -0.00999928
      vertex 42.6019 -55.5199 -0.00999928
      vertex 16.1017 -20.9842 -70
    endloop
  endfacet
  facet normal -0.470799 0.706199 0.528802
    outer loop
      vertex 17.4397 -19.8862 -70
      vertex 42.6019 -55.5199 -0.00999928
      vertex 42.6025 -55.5195 -0.00999928
    endloop
  endfacet
  facet normal -0.538758 0.65652 0.527941
    outer loop
      vertex 42.6019 -55.5199 -0.00999928
      vertex 17.4397 -19.8862 -70
      vertex 16.1017 -20.9842 -70
    endloop
  endfacet
  facet normal 0.845192 0.0832456 0.52794
    outer loop
      vertex -69.3827 -9.13366 -0.00999928
      vertex -26.3934 -1.72991 -70
      vertex -69.8315 -4.577 -0.00999928
    endloop
  endfacet
  facet normal 0.845189 0.0832672 0.527941
    outer loop
      vertex -69.3827 -9.13366 -0.00999928
      vertex -26.2237 -3.45242 -70
      vertex -26.3934 -1.72991 -70
    endloop
  endfacet
  facet normal 0.841507 0.113717 0.528142
    outer loop
      vertex -26.2237 -3.45242 -70
      vertex -69.3827 -9.13366 -0.00999928
      vertex -69.3826 -9.1344 -0.00999928
    endloop
  endfacet
  facet normal 0.794847 0.29916 0.527941
    outer loop
      vertex -64.6546 -26.78 -0.00999928
      vertex -24.4366 -10.122 -70
      vertex -25.0463 -8.50207 -70
    endloop
  endfacet
  facet normal 0.780512 0.334505 0.528116
    outer loop
      vertex -24.4366 -10.122 -70
      vertex -64.6546 -26.78 -0.00999928
      vertex -64.6543 -26.7807 -0.00999928
    endloop
  endfacet
  facet normal 0.619862 0.58056 0.527941
    outer loop
      vertex -52.6148 -46.1419 -0.00999928
      vertex -18.703 -18.703 -70
      vertex -19.8862 -17.4397 -70
    endloop
  endfacet
  facet normal 0.601019 0.601019 0.526832
    outer loop
      vertex -18.703 -18.703 -70
      vertex -52.6148 -46.1419 -0.00999928
      vertex -52.6143 -46.1424 -0.00999928
    endloop
  endfacet
  facet normal 0.538777 0.656504 0.527941
    outer loop
      vertex -42.6025 -55.5195 -0.00999928
      vertex -17.4397 -19.8862 -70
      vertex -46.1419 -52.6148 -0.00999928
    endloop
  endfacet
  facet normal 0.448485 0.721207 0.52794
    outer loop
      vertex -14.6948 -21.9924 -70
      vertex -34.9907 -60.6056 -0.00999928
      vertex -13.225 -22.9064 -70
    endloop
  endfacet
  facet normal 0.471464 0.707196 0.526874
    outer loop
      vertex -34.9907 -60.6056 -0.00999928
      vertex -14.6948 -21.9924 -70
      vertex -34.9913 -60.6052 -0.00999928
    endloop
  endfacet
  facet normal 0.350493 0.773585 0.527941
    outer loop
      vertex -26.7807 -64.6543 -0.00999928
      vertex -10.122 -24.4366 -70
      vertex -30.9513 -62.7647 -0.00999928
    endloop
  endfacet
  facet normal 0.0277856 0.848827 0.52794
    outer loop
      vertex 0 -69.9813 -0.00999928
      vertex 0 -26.45 -70
      vertex -4.57626 -69.8315 -0.00999928
    endloop
  endfacet
  facet normal 0.192883 0.827087 0.527942
    outer loop
      vertex -6.84576 -25.5487 -70
      vertex -18.1118 -67.597 -0.00999928
      vertex -5.16014 -25.9418 -70
    endloop
  endfacet
  facet normal 0.233289 0.816513 0.528093
    outer loop
      vertex -18.1118 -67.597 -0.00999928
      vertex -6.84576 -25.5487 -70
      vertex -18.1125 -67.5968 -0.00999928
    endloop
  endfacet
  facet normal 0.72122 0.448465 0.527941
    outer loop
      vertex -58.1874 -38.8796 -0.00999928
      vertex -21.9924 -14.6948 -70
      vertex -60.6052 -34.9913 -0.00999928
    endloop
  endfacet
  facet normal 0.58056 0.619862 0.527941
    outer loop
      vertex -18.703 -18.703 -70
      vertex -46.1419 -52.6148 -0.00999928
      vertex -17.4397 -19.8862 -70
    endloop
  endfacet
  facet normal 0.601019 0.601019 0.526832
    outer loop
      vertex -46.1419 -52.6148 -0.00999928
      vertex -18.703 -18.703 -70
      vertex -46.1424 -52.6143 -0.00999928
    endloop
  endfacet
  facet normal 0.65652 0.538758 0.527941
    outer loop
      vertex -55.5199 -42.6019 -0.00999928
      vertex -19.8862 -17.4397 -70
      vertex -20.9842 -16.1017 -70
    endloop
  endfacet
  facet normal 0.706199 0.470799 0.528802
    outer loop
      vertex -19.8862 -17.4397 -70
      vertex -55.5199 -42.6019 -0.00999928
      vertex -55.5195 -42.6025 -0.00999928
    endloop
  endfacet
  facet normal 0.69033 0.494696 0.52794
    outer loop
      vertex -55.5199 -42.6019 -0.00999928
      vertex -20.9842 -16.1017 -70
      vertex -58.1869 -38.8802 -0.00999928
    endloop
  endfacet
  facet normal -0.841507 -0.113717 0.528142
    outer loop
      vertex 26.2237 3.45242 -70
      vertex 69.3827 9.13366 -0.00999928
      vertex 69.3826 9.1344 -0.00999928
    endloop
  endfacet
  facet normal -0.845189 -0.0832672 0.527941
    outer loop
      vertex 69.3827 9.13366 -0.00999928
      vertex 26.2237 3.45242 -70
      vertex 26.3934 1.72991 -70
    endloop
  endfacet
  facet normal -0.65388 -0.5449 0.524905
    outer loop
      vertex 20.9842 16.1017 -70
      vertex 58.1874 38.8796 -0.00999928
      vertex 58.1869 38.8802 -0.00999928
    endloop
  endfacet
  facet normal -0.690328 -0.494697 0.527941
    outer loop
      vertex 58.1874 38.8796 -0.00999928
      vertex 20.9842 16.1017 -70
      vertex 21.9924 14.6948 -70
    endloop
  endfacet
  facet normal -0.580559 -0.619863 0.52794
    outer loop
      vertex 49.4843 49.4843 -0.00999928
      vertex 46.1424 52.6143 -0.00999928
      vertex 18.703 18.703 -70
    endloop
  endfacet
  facet normal -0.58056 -0.619862 0.527941
    outer loop
      vertex 18.703 18.703 -70
      vertex 46.1419 52.6148 -0.00999928
      vertex 17.4397 19.8862 -70
    endloop
  endfacet
  facet normal -0.601019 -0.601019 0.526832
    outer loop
      vertex 46.1419 52.6148 -0.00999928
      vertex 18.703 18.703 -70
      vertex 46.1424 52.6143 -0.00999928
    endloop
  endfacet
  facet normal -0.494696 -0.69033 0.52794
    outer loop
      vertex 42.6019 55.5199 -0.00999928
      vertex 38.8802 58.1869 -0.00999928
      vertex 16.1017 20.9842 -70
    endloop
  endfacet
  facet normal -0.538758 -0.65652 0.527941
    outer loop
      vertex 17.4397 19.8862 -70
      vertex 42.6019 55.5199 -0.00999928
      vertex 16.1017 20.9842 -70
    endloop
  endfacet
  facet normal -0.470799 -0.706199 0.528802
    outer loop
      vertex 42.6019 55.5199 -0.00999928
      vertex 17.4397 19.8862 -70
      vertex 42.6025 55.5195 -0.00999928
    endloop
  endfacet
  facet normal -0.29916 -0.794847 0.527941
    outer loop
      vertex 10.122 24.4366 -70
      vertex 26.78 64.6546 -0.00999928
      vertex 8.50207 25.0463 -70
    endloop
  endfacet
  facet normal -0.334505 -0.780512 0.528116
    outer loop
      vertex 26.78 64.6546 -0.00999928
      vertex 10.122 24.4366 -70
      vertex 26.7807 64.6543 -0.00999928
    endloop
  endfacet
  facet normal -0.400347 -0.749 0.52794
    outer loop
      vertex 34.9907 60.6056 -0.00999928
      vertex 30.9526 62.764 -0.00999928
      vertex 13.225 22.9064 -70
    endloop
  endfacet
  facet normal -0.0832456 -0.845192 0.52794
    outer loop
      vertex 9.13366 69.3827 -0.00999928
      vertex 4.577 69.8315 -0.00999928
      vertex 1.72991 26.3934 -70
    endloop
  endfacet
  facet normal -0.138322 -0.837941 0.527941
    outer loop
      vertex 5.16014 25.9418 -70
      vertex 9.1344 69.3826 -0.00999928
      vertex 3.45242 26.2237 -70
    endloop
  endfacet
  facet normal -0.115212 -0.841045 0.528555
    outer loop
      vertex 9.1344 69.3826 -0.00999928
      vertex 5.16014 25.9418 -70
      vertex 9.13513 69.3825 -0.00999928
    endloop
  endfacet
  facet normal -0.138334 -0.837939 0.52794
    outer loop
      vertex 13.6527 68.6367 -0.00999928
      vertex 9.13513 69.3825 -0.00999928
      vertex 5.16014 25.9418 -70
    endloop
  endfacet
  facet normal -0.192883 -0.827087 0.527942
    outer loop
      vertex 6.84576 25.5487 -70
      vertex 18.1118 67.597 -0.00999928
      vertex 5.16014 25.9418 -70
    endloop
  endfacet
  facet normal -0.233289 -0.816513 0.528093
    outer loop
      vertex 18.1118 67.597 -0.00999928
      vertex 6.84576 25.5487 -70
      vertex 18.1125 67.5968 -0.00999928
    endloop
  endfacet
  facet normal -0.192849 -0.827096 0.527941
    outer loop
      vertex 18.1118 67.597 -0.00999928
      vertex 13.6527 68.6367 -0.00999928
      vertex 5.16014 25.9418 -70
    endloop
  endfacet
  facet normal 0.0832456 -0.845192 0.52794
    outer loop
      vertex -1.72991 26.3934 -70
      vertex -4.577 69.8315 -0.00999928
      vertex -9.13366 69.3827 -0.00999928
    endloop
  endfacet
  facet normal 0.580559 -0.619863 0.52794
    outer loop
      vertex -18.703 18.703 -70
      vertex -46.1424 52.6143 -0.00999928
      vertex -49.4843 49.4843 -0.00999928
    endloop
  endfacet
  facet normal 0.400347 -0.749 0.52794
    outer loop
      vertex -13.225 22.9064 -70
      vertex -30.9526 62.764 -0.00999928
      vertex -34.9907 60.6056 -0.00999928
    endloop
  endfacet
  facet normal 0.299154 -0.79485 0.52794
    outer loop
      vertex -8.50207 25.0463 -70
      vertex -22.4948 66.2674 -0.00999928
      vertex -26.78 64.6546 -0.00999928
    endloop
  endfacet
  facet normal 0.707196 -0.471464 0.526874
    outer loop
      vertex -60.6056 34.9907 -0.00999928
      vertex -21.9924 14.6948 -70
      vertex -60.6052 34.9913 -0.00999928
    endloop
  endfacet
  facet normal 0.721207 -0.448485 0.52794
    outer loop
      vertex -21.9924 14.6948 -70
      vertex -60.6056 34.9907 -0.00999928
      vertex -22.9064 13.225 -70
    endloop
  endfacet
  facet normal 0.72122 -0.448465 0.527941
    outer loop
      vertex -21.9924 14.6948 -70
      vertex -58.1874 38.8796 -0.00999928
      vertex -60.6052 34.9913 -0.00999928
    endloop
  endfacet
  facet normal 0.780805 -0.334631 0.527605
    outer loop
      vertex -62.7647 30.9513 -0.00999928
      vertex -23.7223 11.6985 -70
      vertex -62.7644 30.952 -0.00999928
    endloop
  endfacet
  facet normal 0.77358 -0.350503 0.527941
    outer loop
      vertex -23.7223 11.6985 -70
      vertex -62.7647 30.9513 -0.00999928
      vertex -24.4366 10.122 -70
    endloop
  endfacet
  facet normal 0.708956 -0.472637 0.523446
    outer loop
      vertex -62.7644 30.952 -0.00999928
      vertex -22.9064 13.225 -70
      vertex -62.764 30.9526 -0.00999928
    endloop
  endfacet
  facet normal 0.749005 -0.400336 0.527941
    outer loop
      vertex -22.9064 13.225 -70
      vertex -62.7644 30.952 -0.00999928
      vertex -23.7223 11.6985 -70
    endloop
  endfacet
  facet normal 0.816513 -0.233289 0.528093
    outer loop
      vertex -67.597 18.1118 -0.00999928
      vertex -25.5487 6.84576 -70
      vertex -67.5968 18.1125 -0.00999928
    endloop
  endfacet
  facet normal 0.827087 -0.192883 0.527942
    outer loop
      vertex -25.5487 6.84576 -70
      vertex -67.597 18.1118 -0.00999928
      vertex -25.9418 5.16014 -70
    endloop
  endfacet
  facet normal 0.845192 -0.0832456 0.52794
    outer loop
      vertex -26.3934 1.72991 -70
      vertex -69.3827 9.13366 -0.00999928
      vertex -69.8315 4.577 -0.00999928
    endloop
  endfacet
  facet normal -0.827087 0.192883 0.527942
    outer loop
      vertex 25.5487 -6.84576 -70
      vertex 67.597 -18.1118 -0.00999928
      vertex 25.9418 -5.16014 -70
    endloop
  endfacet
  facet normal -0.816513 0.233289 0.528093
    outer loop
      vertex 67.597 -18.1118 -0.00999928
      vertex 25.5487 -6.84576 -70
      vertex 67.5968 -18.1125 -0.00999928
    endloop
  endfacet
  facet normal -0.115212 0.841045 0.528555
    outer loop
      vertex 5.16014 -25.9418 -70
      vertex 9.1344 -69.3826 -0.00999928
      vertex 9.13513 -69.3825 -0.00999928
    endloop
  endfacet
  facet normal -0.138322 0.837941 0.527941
    outer loop
      vertex 9.1344 -69.3826 -0.00999928
      vertex 5.16014 -25.9418 -70
      vertex 3.45242 -26.2237 -70
    endloop
  endfacet
  facet normal -0.113717 0.841507 0.528142
    outer loop
      vertex 3.45242 -26.2237 -70
      vertex 9.13366 -69.3827 -0.00999928
      vertex 9.1344 -69.3826 -0.00999928
    endloop
  endfacet
  facet normal -0.0832672 0.845189 0.527941
    outer loop
      vertex 9.13366 -69.3827 -0.00999928
      vertex 3.45242 -26.2237 -70
      vertex 1.72991 -26.3934 -70
    endloop
  endfacet
  facet normal -0.192849 0.827096 0.527941
    outer loop
      vertex 13.6527 -68.6367 -0.00999928
      vertex 18.1118 -67.597 -0.00999928
      vertex 5.16014 -25.9418 -70
    endloop
  endfacet
  facet normal -0.233248 0.816366 0.528338
    outer loop
      vertex 8.50207 -25.0463 -70
      vertex 18.1125 -67.5968 -0.00999928
      vertex 18.1132 -67.5966 -0.00999928
    endloop
  endfacet
  facet normal -0.246517 0.812716 0.527941
    outer loop
      vertex 18.1125 -67.5968 -0.00999928
      vertex 8.50207 -25.0463 -70
      vertex 6.84576 -25.5487 -70
    endloop
  endfacet
  facet normal 0.837941 0.138322 0.527941
    outer loop
      vertex -69.3826 -9.1344 -0.00999928
      vertex -25.9418 -5.16014 -70
      vertex -26.2237 -3.45242 -70
    endloop
  endfacet
  facet normal 0.841045 0.115212 0.528555
    outer loop
      vertex -25.9418 -5.16014 -70
      vertex -69.3826 -9.1344 -0.00999928
      vertex -69.3825 -9.13513 -0.00999928
    endloop
  endfacet
  facet normal 0.749 0.400347 0.52794
    outer loop
      vertex -60.6056 -34.9907 -0.00999928
      vertex -22.9064 -13.225 -70
      vertex -62.764 -30.9526 -0.00999928
    endloop
  endfacet
  facet normal 0.812709 0.246543 0.52794
    outer loop
      vertex -66.2674 -22.4948 -0.00999928
      vertex -25.0463 -8.50207 -70
      vertex -67.5966 -18.1132 -0.00999928
    endloop
  endfacet
  facet normal 0.79485 0.299154 0.52794
    outer loop
      vertex -64.6546 -26.78 -0.00999928
      vertex -25.0463 -8.50207 -70
      vertex -66.2674 -22.4948 -0.00999928
    endloop
  endfacet
  facet normal 0.448465 0.72122 0.527941
    outer loop
      vertex -34.9913 -60.6052 -0.00999928
      vertex -14.6948 -21.9924 -70
      vertex -38.8796 -58.1874 -0.00999928
    endloop
  endfacet
  facet normal 0.494697 0.690328 0.527941
    outer loop
      vertex -16.1017 -20.9842 -70
      vertex -38.8796 -58.1874 -0.00999928
      vertex -14.6948 -21.9924 -70
    endloop
  endfacet
  facet normal 0.5449 0.65388 0.524905
    outer loop
      vertex -38.8796 -58.1874 -0.00999928
      vertex -16.1017 -20.9842 -70
      vertex -38.8802 -58.1869 -0.00999928
    endloop
  endfacet
  facet normal 0.29916 0.794847 0.527941
    outer loop
      vertex -10.122 -24.4366 -70
      vertex -26.78 -64.6546 -0.00999928
      vertex -8.50207 -25.0463 -70
    endloop
  endfacet
  facet normal 0.334505 0.780512 0.528116
    outer loop
      vertex -26.78 -64.6546 -0.00999928
      vertex -10.122 -24.4366 -70
      vertex -26.7807 -64.6543 -0.00999928
    endloop
  endfacet
  facet normal 0.400347 0.749 0.52794
    outer loop
      vertex -30.9526 -62.764 -0.00999928
      vertex -13.225 -22.9064 -70
      vertex -34.9907 -60.6056 -0.00999928
    endloop
  endfacet
  facet normal 0.400336 0.749005 0.527941
    outer loop
      vertex -13.225 -22.9064 -70
      vertex -30.952 -62.7644 -0.00999928
      vertex -11.6985 -23.7223 -70
    endloop
  endfacet
  facet normal 0.472637 0.708956 0.523446
    outer loop
      vertex -30.952 -62.7644 -0.00999928
      vertex -13.225 -22.9064 -70
      vertex -30.9526 -62.764 -0.00999928
    endloop
  endfacet
  facet normal 0.0832456 0.845192 0.52794
    outer loop
      vertex -4.577 -69.8315 -0.00999928
      vertex -1.72991 -26.3934 -70
      vertex -9.13366 -69.3827 -0.00999928
    endloop
  endfacet
  facet normal 0.192849 0.827096 0.527941
    outer loop
      vertex -13.6527 -68.6367 -0.00999928
      vertex -5.16014 -25.9418 -70
      vertex -18.1118 -67.597 -0.00999928
    endloop
  endfacet
  facet normal 0.299154 0.79485 0.52794
    outer loop
      vertex -22.4948 -66.2674 -0.00999928
      vertex -8.50207 -25.0463 -70
      vertex -26.78 -64.6546 -0.00999928
    endloop
  endfacet
  facet normal 0.246543 0.812709 0.52794
    outer loop
      vertex -18.1132 -67.5966 -0.00999928
      vertex -8.50207 -25.0463 -70
      vertex -22.4948 -66.2674 -0.00999928
    endloop
  endfacet
  facet normal 0.246517 0.812716 0.527941
    outer loop
      vertex -8.50207 -25.0463 -70
      vertex -18.1125 -67.5968 -0.00999928
      vertex -6.84576 -25.5487 -70
    endloop
  endfacet
  facet normal 0.233248 0.816366 0.528338
    outer loop
      vertex -18.1125 -67.5968 -0.00999928
      vertex -8.50207 -25.0463 -70
      vertex -18.1132 -67.5966 -0.00999928
    endloop
  endfacet
  facet normal -0.845192 -0.0832456 0.52794
    outer loop
      vertex 69.8315 4.577 -0.00999928
      vertex 69.3827 9.13366 -0.00999928
      vertex 26.3934 1.72991 -70
    endloop
  endfacet
  facet normal -0.812709 -0.246543 0.52794
    outer loop
      vertex 67.5966 18.1132 -0.00999928
      vertex 66.2674 22.4948 -0.00999928
      vertex 25.0463 8.50207 -70
    endloop
  endfacet
  facet normal -0.780512 -0.334505 0.528116
    outer loop
      vertex 24.4366 10.122 -70
      vertex 64.6546 26.78 -0.00999928
      vertex 64.6543 26.7807 -0.00999928
    endloop
  endfacet
  facet normal -0.794847 -0.29916 0.527941
    outer loop
      vertex 64.6546 26.78 -0.00999928
      vertex 24.4366 10.122 -70
      vertex 25.0463 8.50207 -70
    endloop
  endfacet
  facet normal -0.708956 -0.472637 0.523446
    outer loop
      vertex 22.9064 13.225 -70
      vertex 62.7644 30.952 -0.00999928
      vertex 62.764 30.9526 -0.00999928
    endloop
  endfacet
  facet normal -0.749005 -0.400336 0.527941
    outer loop
      vertex 62.7644 30.952 -0.00999928
      vertex 22.9064 13.225 -70
      vertex 23.7223 11.6985 -70
    endloop
  endfacet
  facet normal -0.69033 -0.494696 0.52794
    outer loop
      vertex 58.1869 38.8802 -0.00999928
      vertex 55.5199 42.6019 -0.00999928
      vertex 20.9842 16.1017 -70
    endloop
  endfacet
  facet normal -0.749 -0.400347 0.52794
    outer loop
      vertex 62.764 30.9526 -0.00999928
      vertex 60.6056 34.9907 -0.00999928
      vertex 22.9064 13.225 -70
    endloop
  endfacet
  facet normal -0.707196 -0.471464 0.526874
    outer loop
      vertex 21.9924 14.6948 -70
      vertex 60.6056 34.9907 -0.00999928
      vertex 60.6052 34.9913 -0.00999928
    endloop
  endfacet
  facet normal -0.721207 -0.448485 0.52794
    outer loop
      vertex 60.6056 34.9907 -0.00999928
      vertex 21.9924 14.6948 -70
      vertex 22.9064 13.225 -70
    endloop
  endfacet
  facet normal -0.601019 -0.601019 0.526832
    outer loop
      vertex 18.703 18.703 -70
      vertex 52.6148 46.1419 -0.00999928
      vertex 52.6143 46.1424 -0.00999928
    endloop
  endfacet
  facet normal -0.619862 -0.58056 0.527941
    outer loop
      vertex 52.6148 46.1419 -0.00999928
      vertex 18.703 18.703 -70
      vertex 19.8862 17.4397 -70
    endloop
  endfacet
  facet normal -0.619863 -0.580559 0.52794
    outer loop
      vertex 52.6143 46.1424 -0.00999928
      vertex 49.4843 49.4843 -0.00999928
      vertex 18.703 18.703 -70
    endloop
  endfacet
  facet normal -0.448465 -0.72122 0.527941
    outer loop
      vertex 38.8796 58.1874 -0.00999928
      vertex 34.9913 60.6052 -0.00999928
      vertex 14.6948 21.9924 -70
    endloop
  endfacet
  facet normal -0.350493 -0.773585 0.527941
    outer loop
      vertex 30.9513 62.7647 -0.00999928
      vertex 26.7807 64.6543 -0.00999928
      vertex 10.122 24.4366 -70
    endloop
  endfacet
  facet normal -0.0277723 -0.848828 0.52794
    outer loop
      vertex 1.72991 26.3934 -70
      vertex 4.57626 69.8315 -0.00999928
      vertex 0 26.45 -70
    endloop
  endfacet
  facet normal 0 -0.849662 0.527328
    outer loop
      vertex 4.57626 69.8315 -0.00999928
      vertex 1.72991 26.3934 -70
      vertex 4.577 69.8315 -0.00999928
    endloop
  endfacet
  facet normal -0.0277856 -0.848827 0.52794
    outer loop
      vertex 4.57626 69.8315 -0.00999928
      vertex 0 69.9813 -0.00999928
      vertex 0 26.45 -70
    endloop
  endfacet
  facet normal 0.115212 -0.841045 0.528555
    outer loop
      vertex -5.16014 25.9418 -70
      vertex -9.1344 69.3826 -0.00999928
      vertex -9.13513 69.3825 -0.00999928
    endloop
  endfacet
  facet normal 0.138322 -0.837941 0.527941
    outer loop
      vertex -9.1344 69.3826 -0.00999928
      vertex -5.16014 25.9418 -70
      vertex -3.45242 26.2237 -70
    endloop
  endfacet
  facet normal 0.113717 -0.841507 0.528142
    outer loop
      vertex -3.45242 26.2237 -70
      vertex -9.13366 69.3827 -0.00999928
      vertex -9.1344 69.3826 -0.00999928
    endloop
  endfacet
  facet normal 0.0832672 -0.845189 0.527941
    outer loop
      vertex -9.13366 69.3827 -0.00999928
      vertex -3.45242 26.2237 -70
      vertex -1.72991 26.3934 -70
    endloop
  endfacet
  facet normal 0.656504 -0.538777 0.527941
    outer loop
      vertex -19.8862 17.4397 -70
      vertex -52.6148 46.1419 -0.00999928
      vertex -55.5195 42.6025 -0.00999928
    endloop
  endfacet
  facet normal 0.601019 -0.601019 0.526832
    outer loop
      vertex -52.6148 46.1419 -0.00999928
      vertex -18.703 18.703 -70
      vertex -52.6143 46.1424 -0.00999928
    endloop
  endfacet
  facet normal 0.619862 -0.58056 0.527941
    outer loop
      vertex -18.703 18.703 -70
      vertex -52.6148 46.1419 -0.00999928
      vertex -19.8862 17.4397 -70
    endloop
  endfacet
  facet normal 0.601019 -0.601019 0.526832
    outer loop
      vertex -18.703 18.703 -70
      vertex -46.1419 52.6148 -0.00999928
      vertex -46.1424 52.6143 -0.00999928
    endloop
  endfacet
  facet normal 0.58056 -0.619862 0.527941
    outer loop
      vertex -46.1419 52.6148 -0.00999928
      vertex -18.703 18.703 -70
      vertex -17.4397 19.8862 -70
    endloop
  endfacet
  facet normal 0.538777 -0.656504 0.527941
    outer loop
      vertex -17.4397 19.8862 -70
      vertex -42.6025 55.5195 -0.00999928
      vertex -46.1419 52.6148 -0.00999928
    endloop
  endfacet
  facet normal 0.494696 -0.69033 0.52794
    outer loop
      vertex -16.1017 20.9842 -70
      vertex -38.8802 58.1869 -0.00999928
      vertex -42.6019 55.5199 -0.00999928
    endloop
  endfacet
  facet normal 0.448465 -0.72122 0.527941
    outer loop
      vertex -14.6948 21.9924 -70
      vertex -34.9913 60.6052 -0.00999928
      vertex -38.8796 58.1874 -0.00999928
    endloop
  endfacet
  facet normal 0.246543 -0.812709 0.52794
    outer loop
      vertex -8.50207 25.0463 -70
      vertex -18.1132 67.5966 -0.00999928
      vertex -22.4948 66.2674 -0.00999928
    endloop
  endfacet
  facet normal 0.233248 -0.816366 0.528338
    outer loop
      vertex -8.50207 25.0463 -70
      vertex -18.1125 67.5968 -0.00999928
      vertex -18.1132 67.5966 -0.00999928
    endloop
  endfacet
  facet normal 0.246517 -0.812716 0.527941
    outer loop
      vertex -18.1125 67.5968 -0.00999928
      vertex -8.50207 25.0463 -70
      vertex -6.84576 25.5487 -70
    endloop
  endfacet
  facet normal 0.780512 -0.334505 0.528116
    outer loop
      vertex -64.6546 26.78 -0.00999928
      vertex -24.4366 10.122 -70
      vertex -64.6543 26.7807 -0.00999928
    endloop
  endfacet
  facet normal 0.794847 -0.29916 0.527941
    outer loop
      vertex -24.4366 10.122 -70
      vertex -64.6546 26.78 -0.00999928
      vertex -25.0463 8.50207 -70
    endloop
  endfacet
  facet normal -0.233289 0.816513 0.528093
    outer loop
      vertex 6.84576 -25.5487 -70
      vertex 18.1118 -67.597 -0.00999928
      vertex 18.1125 -67.5968 -0.00999928
    endloop
  endfacet
  facet normal -0.192883 0.827087 0.527942
    outer loop
      vertex 18.1118 -67.597 -0.00999928
      vertex 6.84576 -25.5487 -70
      vertex 5.16014 -25.9418 -70
    endloop
  endfacet
  facet normal 0.749005 0.400336 0.527941
    outer loop
      vertex -62.7644 -30.952 -0.00999928
      vertex -22.9064 -13.225 -70
      vertex -23.7223 -11.6985 -70
    endloop
  endfacet
  facet normal 0.708956 0.472637 0.523446
    outer loop
      vertex -22.9064 -13.225 -70
      vertex -62.7644 -30.952 -0.00999928
      vertex -62.764 -30.9526 -0.00999928
    endloop
  endfacet
  facet normal 0.77358 0.350503 0.527941
    outer loop
      vertex -62.7647 -30.9513 -0.00999928
      vertex -23.7223 -11.6985 -70
      vertex -24.4366 -10.122 -70
    endloop
  endfacet
  facet normal 0.780805 0.334631 0.527605
    outer loop
      vertex -23.7223 -11.6985 -70
      vertex -62.7647 -30.9513 -0.00999928
      vertex -62.7644 -30.952 -0.00999928
    endloop
  endfacet
  facet normal 0.812716 0.246517 0.527941
    outer loop
      vertex -67.5968 -18.1125 -0.00999928
      vertex -25.0463 -8.50207 -70
      vertex -25.5487 -6.84576 -70
    endloop
  endfacet
  facet normal 0.816366 0.233248 0.528338
    outer loop
      vertex -25.0463 -8.50207 -70
      vertex -67.5968 -18.1125 -0.00999928
      vertex -67.5966 -18.1132 -0.00999928
    endloop
  endfacet
  facet normal 0.0832672 0.845189 0.527941
    outer loop
      vertex -3.45242 -26.2237 -70
      vertex -9.13366 -69.3827 -0.00999928
      vertex -1.72991 -26.3934 -70
    endloop
  endfacet
  facet normal 0.113717 0.841507 0.528142
    outer loop
      vertex -9.13366 -69.3827 -0.00999928
      vertex -3.45242 -26.2237 -70
      vertex -9.1344 -69.3826 -0.00999928
    endloop
  endfacet
  facet normal 0.138322 0.837941 0.527941
    outer loop
      vertex -5.16014 -25.9418 -70
      vertex -9.1344 -69.3826 -0.00999928
      vertex -3.45242 -26.2237 -70
    endloop
  endfacet
  facet normal 0.115212 0.841045 0.528555
    outer loop
      vertex -9.1344 -69.3826 -0.00999928
      vertex -5.16014 -25.9418 -70
      vertex -9.13513 -69.3825 -0.00999928
    endloop
  endfacet
  facet normal -0.816513 -0.233289 0.528093
    outer loop
      vertex 25.5487 6.84576 -70
      vertex 67.597 18.1118 -0.00999928
      vertex 67.5968 18.1125 -0.00999928
    endloop
  endfacet
  facet normal -0.827087 -0.192883 0.527942
    outer loop
      vertex 67.597 18.1118 -0.00999928
      vertex 25.5487 6.84576 -70
      vertex 25.9418 5.16014 -70
    endloop
  endfacet
  facet normal -0.773585 -0.350493 0.527941
    outer loop
      vertex 64.6543 26.7807 -0.00999928
      vertex 62.7647 30.9513 -0.00999928
      vertex 24.4366 10.122 -70
    endloop
  endfacet
  facet normal -0.780805 -0.334631 0.527605
    outer loop
      vertex 23.7223 11.6985 -70
      vertex 62.7647 30.9513 -0.00999928
      vertex 62.7644 30.952 -0.00999928
    endloop
  endfacet
  facet normal -0.77358 -0.350503 0.527941
    outer loop
      vertex 62.7647 30.9513 -0.00999928
      vertex 23.7223 11.6985 -70
      vertex 24.4366 10.122 -70
    endloop
  endfacet
  facet normal -0.72122 -0.448465 0.527941
    outer loop
      vertex 60.6052 34.9913 -0.00999928
      vertex 58.1874 38.8796 -0.00999928
      vertex 21.9924 14.6948 -70
    endloop
  endfacet
  facet normal -0.656504 -0.538777 0.527941
    outer loop
      vertex 55.5195 42.6025 -0.00999928
      vertex 52.6148 46.1419 -0.00999928
      vertex 19.8862 17.4397 -70
    endloop
  endfacet
  facet normal -0.706199 -0.470799 0.528802
    outer loop
      vertex 19.8862 17.4397 -70
      vertex 55.5199 42.6019 -0.00999928
      vertex 55.5195 42.6025 -0.00999928
    endloop
  endfacet
  facet normal -0.65652 -0.538758 0.527941
    outer loop
      vertex 55.5199 42.6019 -0.00999928
      vertex 19.8862 17.4397 -70
      vertex 20.9842 16.1017 -70
    endloop
  endfacet
  facet normal -0.494697 -0.690328 0.527941
    outer loop
      vertex 16.1017 20.9842 -70
      vertex 38.8796 58.1874 -0.00999928
      vertex 14.6948 21.9924 -70
    endloop
  endfacet
  facet normal -0.5449 -0.65388 0.524905
    outer loop
      vertex 38.8796 58.1874 -0.00999928
      vertex 16.1017 20.9842 -70
      vertex 38.8802 58.1869 -0.00999928
    endloop
  endfacet
  facet normal -0.246543 -0.812709 0.52794
    outer loop
      vertex 22.4948 66.2674 -0.00999928
      vertex 18.1132 67.5966 -0.00999928
      vertex 8.50207 25.0463 -70
    endloop
  endfacet
  facet normal -0.299154 -0.79485 0.52794
    outer loop
      vertex 26.78 64.6546 -0.00999928
      vertex 22.4948 66.2674 -0.00999928
      vertex 8.50207 25.0463 -70
    endloop
  endfacet
  facet normal -0.350503 -0.77358 0.527941
    outer loop
      vertex 11.6985 23.7223 -70
      vertex 30.9513 62.7647 -0.00999928
      vertex 10.122 24.4366 -70
    endloop
  endfacet
  facet normal -0.334631 -0.780805 0.527605
    outer loop
      vertex 30.9513 62.7647 -0.00999928
      vertex 11.6985 23.7223 -70
      vertex 30.952 62.7644 -0.00999928
    endloop
  endfacet
  facet normal -0.400336 -0.749005 0.527941
    outer loop
      vertex 13.225 22.9064 -70
      vertex 30.952 62.7644 -0.00999928
      vertex 11.6985 23.7223 -70
    endloop
  endfacet
  facet normal -0.472637 -0.708956 0.523446
    outer loop
      vertex 30.952 62.7644 -0.00999928
      vertex 13.225 22.9064 -70
      vertex 30.9526 62.764 -0.00999928
    endloop
  endfacet
  facet normal 0.470799 -0.706199 0.528802
    outer loop
      vertex -17.4397 19.8862 -70
      vertex -42.6019 55.5199 -0.00999928
      vertex -42.6025 55.5195 -0.00999928
    endloop
  endfacet
  facet normal 0.538758 -0.65652 0.527941
    outer loop
      vertex -42.6019 55.5199 -0.00999928
      vertex -17.4397 19.8862 -70
      vertex -16.1017 20.9842 -70
    endloop
  endfacet
  facet normal 0.472637 -0.708956 0.523446
    outer loop
      vertex -13.225 22.9064 -70
      vertex -30.952 62.7644 -0.00999928
      vertex -30.9526 62.764 -0.00999928
    endloop
  endfacet
  facet normal 0.400336 -0.749005 0.527941
    outer loop
      vertex -30.952 62.7644 -0.00999928
      vertex -13.225 22.9064 -70
      vertex -11.6985 23.7223 -70
    endloop
  endfacet
  facet normal 0.334631 -0.780805 0.527605
    outer loop
      vertex -11.6985 23.7223 -70
      vertex -30.9513 62.7647 -0.00999928
      vertex -30.952 62.7644 -0.00999928
    endloop
  endfacet
  facet normal 0.350503 -0.77358 0.527941
    outer loop
      vertex -30.9513 62.7647 -0.00999928
      vertex -11.6985 23.7223 -70
      vertex -10.122 24.4366 -70
    endloop
  endfacet
  facet normal 0.334505 -0.780512 0.528116
    outer loop
      vertex -10.122 24.4366 -70
      vertex -26.78 64.6546 -0.00999928
      vertex -26.7807 64.6543 -0.00999928
    endloop
  endfacet
  facet normal 0.29916 -0.794847 0.527941
    outer loop
      vertex -26.78 64.6546 -0.00999928
      vertex -10.122 24.4366 -70
      vertex -8.50207 25.0463 -70
    endloop
  endfacet
  facet normal 0.827087 0.192883 0.527942
    outer loop
      vertex -67.597 -18.1118 -0.00999928
      vertex -25.5487 -6.84576 -70
      vertex -25.9418 -5.16014 -70
    endloop
  endfacet
  facet normal 0.816513 0.233289 0.528093
    outer loop
      vertex -25.5487 -6.84576 -70
      vertex -67.597 -18.1118 -0.00999928
      vertex -67.5968 -18.1125 -0.00999928
    endloop
  endfacet
  facet normal -0.837939 -0.138334 0.52794
    outer loop
      vertex 69.3825 9.13513 -0.00999928
      vertex 68.6367 13.6527 -0.00999928
      vertex 25.9418 5.16014 -70
    endloop
  endfacet
  facet normal -0.827096 -0.192849 0.527941
    outer loop
      vertex 68.6367 13.6527 -0.00999928
      vertex 67.597 18.1118 -0.00999928
      vertex 25.9418 5.16014 -70
    endloop
  endfacet
  facet normal -0.841045 -0.115212 0.528555
    outer loop
      vertex 25.9418 5.16014 -70
      vertex 69.3826 9.1344 -0.00999928
      vertex 69.3825 9.13513 -0.00999928
    endloop
  endfacet
  facet normal -0.837941 -0.138322 0.527941
    outer loop
      vertex 69.3826 9.1344 -0.00999928
      vertex 25.9418 5.16014 -70
      vertex 26.2237 3.45242 -70
    endloop
  endfacet
  facet normal -0.816366 -0.233248 0.528338
    outer loop
      vertex 25.0463 8.50207 -70
      vertex 67.5968 18.1125 -0.00999928
      vertex 67.5966 18.1132 -0.00999928
    endloop
  endfacet
  facet normal -0.812716 -0.246517 0.527941
    outer loop
      vertex 67.5968 18.1125 -0.00999928
      vertex 25.0463 8.50207 -70
      vertex 25.5487 6.84576 -70
    endloop
  endfacet
  facet normal -0.79485 -0.299154 0.52794
    outer loop
      vertex 66.2674 22.4948 -0.00999928
      vertex 64.6546 26.78 -0.00999928
      vertex 25.0463 8.50207 -70
    endloop
  endfacet
  facet normal 0.233289 -0.816513 0.528093
    outer loop
      vertex -6.84576 25.5487 -70
      vertex -18.1118 67.597 -0.00999928
      vertex -18.1125 67.5968 -0.00999928
    endloop
  endfacet
  facet normal 0.192883 -0.827087 0.527942
    outer loop
      vertex -18.1118 67.597 -0.00999928
      vertex -6.84576 25.5487 -70
      vertex -5.16014 25.9418 -70
    endloop
  endfacet
  facet normal 0.910876 -0.41268 0
    outer loop
      vertex -28.1321 11.6527 -70.02
      vertex -27.3098 13.4677 -105
      vertex -27.3098 13.4677 -70.02
    endloop
  endfacet
  facet normal 0.910876 -0.41268 0
    outer loop
      vertex -27.3098 13.4677 -105
      vertex -28.1321 11.6527 -70.02
      vertex -28.1321 11.6527 -105
    endloop
  endfacet
  facet normal 0.910876 0.41268 0
    outer loop
      vertex -27.3098 -13.4677 -70.02
      vertex -28.1321 -11.6527 -105
      vertex -28.1321 -11.6527 -70.02
    endloop
  endfacet
  facet normal 0.910876 0.41268 0
    outer loop
      vertex -28.1321 -11.6527 -105
      vertex -27.3098 -13.4677 -70.02
      vertex -27.3098 -13.4677 -105
    endloop
  endfacet
  facet normal -0.973874 -0.22709 0
    outer loop
      vertex 29.8649 5.9405 -105
      vertex 29.4124 7.88104 -70.02
      vertex 29.4124 7.88104 -105
    endloop
  endfacet
  facet normal -0.973874 -0.22709 0
    outer loop
      vertex 29.4124 7.88104 -70.02
      vertex 29.8649 5.9405 -105
      vertex 29.8649 5.9405 -70.02
    endloop
  endfacet
  facet normal -0.956943 -0.290276 0
    outer loop
      vertex 29.4124 7.88104 -105
      vertex 28.834 9.78783 -70.02
      vertex 28.834 9.78783 -105
    endloop
  endfacet
  facet normal -0.956943 -0.290276 0
    outer loop
      vertex 28.834 9.78783 -70.02
      vertex 29.4124 7.88104 -105
      vertex 29.4124 7.88104 -70.02
    endloop
  endfacet
  facet normal -0.773008 -0.634396 0
    outer loop
      vertex 24.1576 18.5368 -105
      vertex 22.8935 20.0771 -70.02
      vertex 22.8935 20.0771 -105
    endloop
  endfacet
  facet normal -0.773008 -0.634396 0
    outer loop
      vertex 22.8935 20.0771 -70.02
      vertex 24.1576 18.5368 -105
      vertex 24.1576 18.5368 -70.02
    endloop
  endfacet
  facet normal -0.471398 -0.881921 0
    outer loop
      vertex 13.4677 27.3098 -105
      vertex 15.225 26.3705 -70.02
      vertex 13.4677 27.3098 -70.02
    endloop
  endfacet
  facet normal -0.471398 -0.881921 -0
    outer loop
      vertex 15.225 26.3705 -70.02
      vertex 13.4677 27.3098 -105
      vertex 15.225 26.3705 -105
    endloop
  endfacet
  facet normal 0.290276 -0.956943 0
    outer loop
      vertex -9.78783 28.834 -105
      vertex -7.88104 29.4124 -70.02
      vertex -9.78783 28.834 -70.02
    endloop
  endfacet
  facet normal 0.290276 -0.956943 0
    outer loop
      vertex -7.88104 29.4124 -70.02
      vertex -9.78783 28.834 -105
      vertex -7.88104 29.4124 -105
    endloop
  endfacet
  facet normal 0.582458 -0.812861 0
    outer loop
      vertex -18.5368 24.1576 -105
      vertex -16.9171 25.3182 -70.02
      vertex -18.5368 24.1576 -70.02
    endloop
  endfacet
  facet normal 0.582458 -0.812861 0
    outer loop
      vertex -16.9171 25.3182 -70.02
      vertex -18.5368 24.1576 -105
      vertex -16.9171 25.3182 -105
    endloop
  endfacet
  facet normal -0.22709 0.973874 0
    outer loop
      vertex 7.88104 -29.4124 -105
      vertex 5.9405 -29.8649 -70.02
      vertex 7.88104 -29.4124 -70.02
    endloop
  endfacet
  facet normal -0.22709 0.973874 0
    outer loop
      vertex 5.9405 -29.8649 -70.02
      vertex 7.88104 -29.4124 -105
      vertex 5.9405 -29.8649 -105
    endloop
  endfacet
  facet normal -0.683592 0.729864 0
    outer loop
      vertex 21.5314 -21.5314 -105
      vertex 20.0771 -22.8935 -70.02
      vertex 21.5314 -21.5314 -70.02
    endloop
  endfacet
  facet normal -0.683592 0.729864 0
    outer loop
      vertex 20.0771 -22.8935 -70.02
      vertex 21.5314 -21.5314 -105
      vertex 20.0771 -22.8935 -105
    endloop
  endfacet
  facet normal 0.0327213 0.999465 -0
    outer loop
      vertex 0 -30.45 -105
      vertex -1.99152 -30.3848 -70.02
      vertex 0 -30.45 -70.02
    endloop
  endfacet
  facet normal 0.0327213 0.999465 0
    outer loop
      vertex -1.99152 -30.3848 -70.02
      vertex 0 -30.45 -105
      vertex -1.99152 -30.3848 -105
    endloop
  endfacet
  facet normal 0.986642 0.162903 0
    outer loop
      vertex -29.8649 -5.9405 -70.02
      vertex -30.1895 -3.97452 -105
      vertex -30.1895 -3.97452 -70.02
    endloop
  endfacet
  facet normal 0.986642 0.162903 0
    outer loop
      vertex -30.1895 -3.97452 -105
      vertex -29.8649 -5.9405 -70.02
      vertex -29.8649 -5.9405 -105
    endloop
  endfacet
  facet normal -0.910876 -0.41268 0
    outer loop
      vertex 28.1321 11.6527 -105
      vertex 27.3098 13.4677 -70.02
      vertex 27.3098 13.4677 -105
    endloop
  endfacet
  facet normal -0.910876 -0.41268 0
    outer loop
      vertex 27.3098 13.4677 -70.02
      vertex 28.1321 11.6527 -105
      vertex 28.1321 11.6527 -70.02
    endloop
  endfacet
  facet normal -0.881921 -0.471398 0
    outer loop
      vertex 27.3098 13.4677 -105
      vertex 26.3705 15.225 -70.02
      vertex 26.3705 15.225 -105
    endloop
  endfacet
  facet normal -0.881921 -0.471398 0
    outer loop
      vertex 26.3705 15.225 -70.02
      vertex 27.3098 13.4677 -105
      vertex 27.3098 13.4677 -70.02
    endloop
  endfacet
  facet normal -0.0327213 -0.999465 0
    outer loop
      vertex 0 30.45 -105
      vertex 1.99152 30.3848 -70.02
      vertex 0 30.45 -70.02
    endloop
  endfacet
  facet normal -0.0327213 -0.999465 -0
    outer loop
      vertex 1.99152 30.3848 -70.02
      vertex 0 30.45 -105
      vertex 1.99152 30.3848 -105
    endloop
  endfacet
  facet normal -0.582458 -0.812861 0
    outer loop
      vertex 16.9171 25.3182 -105
      vertex 18.5368 24.1576 -70.02
      vertex 16.9171 25.3182 -70.02
    endloop
  endfacet
  facet normal -0.582458 -0.812861 -0
    outer loop
      vertex 18.5368 24.1576 -70.02
      vertex 16.9171 25.3182 -105
      vertex 18.5368 24.1576 -105
    endloop
  endfacet
  facet normal -0.41268 -0.910876 0
    outer loop
      vertex 11.6527 28.1321 -105
      vertex 13.4677 27.3098 -70.02
      vertex 11.6527 28.1321 -70.02
    endloop
  endfacet
  facet normal -0.41268 -0.910876 -0
    outer loop
      vertex 13.4677 27.3098 -70.02
      vertex 11.6527 28.1321 -105
      vertex 13.4677 27.3098 -105
    endloop
  endfacet
  facet normal -0.22709 -0.973874 0
    outer loop
      vertex 5.9405 29.8649 -105
      vertex 7.88104 29.4124 -70.02
      vertex 5.9405 29.8649 -70.02
    endloop
  endfacet
  facet normal -0.22709 -0.973874 -0
    outer loop
      vertex 7.88104 29.4124 -70.02
      vertex 5.9405 29.8649 -105
      vertex 7.88104 29.4124 -105
    endloop
  endfacet
  facet normal -0.0980129 -0.995185 0
    outer loop
      vertex 1.99152 30.3848 -105
      vertex 3.97452 30.1895 -70.02
      vertex 1.99152 30.3848 -70.02
    endloop
  endfacet
  facet normal -0.0980129 -0.995185 -0
    outer loop
      vertex 3.97452 30.1895 -70.02
      vertex 1.99152 30.3848 -105
      vertex 3.97452 30.1895 -105
    endloop
  endfacet
  facet normal 0.999465 -0.0327213 0
    outer loop
      vertex -30.45 0 -70.02
      vertex -30.3848 1.99152 -105
      vertex -30.3848 1.99152 -70.02
    endloop
  endfacet
  facet normal 0.999465 -0.0327213 0
    outer loop
      vertex -30.3848 1.99152 -105
      vertex -30.45 0 -70.02
      vertex -30.45 0 -105
    endloop
  endfacet
  facet normal 0.973874 -0.22709 0
    outer loop
      vertex -29.8649 5.9405 -70.02
      vertex -29.4124 7.88104 -105
      vertex -29.4124 7.88104 -70.02
    endloop
  endfacet
  facet normal 0.973874 -0.22709 0
    outer loop
      vertex -29.4124 7.88104 -105
      vertex -29.8649 5.9405 -70.02
      vertex -29.8649 5.9405 -105
    endloop
  endfacet
  facet normal 0.995185 -0.0980129 0
    outer loop
      vertex -30.3848 1.99152 -70.02
      vertex -30.1895 3.97452 -105
      vertex -30.1895 3.97452 -70.02
    endloop
  endfacet
  facet normal 0.995185 -0.0980129 0
    outer loop
      vertex -30.1895 3.97452 -105
      vertex -30.3848 1.99152 -70.02
      vertex -30.3848 1.99152 -105
    endloop
  endfacet
  facet normal 0.773008 -0.634396 0
    outer loop
      vertex -24.1576 18.5368 -70.02
      vertex -22.8935 20.0771 -105
      vertex -22.8935 20.0771 -70.02
    endloop
  endfacet
  facet normal 0.773008 -0.634396 0
    outer loop
      vertex -22.8935 20.0771 -105
      vertex -24.1576 18.5368 -70.02
      vertex -24.1576 18.5368 -105
    endloop
  endfacet
  facet normal 0.881921 -0.471398 0
    outer loop
      vertex -27.3098 13.4677 -70.02
      vertex -26.3705 15.225 -105
      vertex -26.3705 15.225 -70.02
    endloop
  endfacet
  facet normal 0.881921 -0.471398 0
    outer loop
      vertex -26.3705 15.225 -105
      vertex -27.3098 13.4677 -70.02
      vertex -27.3098 13.4677 -105
    endloop
  endfacet
  facet normal 0.812861 -0.582458 0
    outer loop
      vertex -25.3182 16.9171 -70.02
      vertex -24.1576 18.5368 -105
      vertex -24.1576 18.5368 -70.02
    endloop
  endfacet
  facet normal 0.812861 -0.582458 0
    outer loop
      vertex -24.1576 18.5368 -105
      vertex -25.3182 16.9171 -70.02
      vertex -25.3182 16.9171 -105
    endloop
  endfacet
  facet normal 0.0327213 -0.999465 0
    outer loop
      vertex -1.99152 30.3848 -105
      vertex 0 30.45 -70.02
      vertex -1.99152 30.3848 -70.02
    endloop
  endfacet
  facet normal 0.0327213 -0.999465 0
    outer loop
      vertex 0 30.45 -70.02
      vertex -1.99152 30.3848 -105
      vertex 0 30.45 -105
    endloop
  endfacet
  facet normal 0.41268 -0.910876 0
    outer loop
      vertex -13.4677 27.3098 -105
      vertex -11.6527 28.1321 -70.02
      vertex -13.4677 27.3098 -70.02
    endloop
  endfacet
  facet normal 0.41268 -0.910876 0
    outer loop
      vertex -11.6527 28.1321 -70.02
      vertex -13.4677 27.3098 -105
      vertex -11.6527 28.1321 -105
    endloop
  endfacet
  facet normal -0.999465 -0.0327213 0
    outer loop
      vertex 30.45 0 -105
      vertex 30.3848 1.99152 -70.02
      vertex 30.3848 1.99152 -105
    endloop
  endfacet
  facet normal -0.999465 -0.0327213 0
    outer loop
      vertex 30.3848 1.99152 -70.02
      vertex 30.45 0 -105
      vertex 30.45 0 -70.02
    endloop
  endfacet
  facet normal -0.999465 0.0327213 0
    outer loop
      vertex 30.3848 -1.99152 -105
      vertex 30.45 0 -70.02
      vertex 30.45 0 -105
    endloop
  endfacet
  facet normal -0.999465 0.0327213 0
    outer loop
      vertex 30.45 0 -70.02
      vertex 30.3848 -1.99152 -105
      vertex 30.3848 -1.99152 -70.02
    endloop
  endfacet
  facet normal -0.0327213 0.999465 0
    outer loop
      vertex 1.99152 -30.3848 -105
      vertex 0 -30.45 -70.02
      vertex 1.99152 -30.3848 -70.02
    endloop
  endfacet
  facet normal -0.0327213 0.999465 0
    outer loop
      vertex 0 -30.45 -70.02
      vertex 1.99152 -30.3848 -105
      vertex 0 -30.45 -105
    endloop
  endfacet
  facet normal -0.634396 0.773008 0
    outer loop
      vertex 20.0771 -22.8935 -105
      vertex 18.5368 -24.1576 -70.02
      vertex 20.0771 -22.8935 -70.02
    endloop
  endfacet
  facet normal -0.634396 0.773008 0
    outer loop
      vertex 18.5368 -24.1576 -70.02
      vertex 20.0771 -22.8935 -105
      vertex 18.5368 -24.1576 -105
    endloop
  endfacet
  facet normal 0.22709 0.973874 -0
    outer loop
      vertex -5.9405 -29.8649 -105
      vertex -7.88104 -29.4124 -70.02
      vertex -5.9405 -29.8649 -70.02
    endloop
  endfacet
  facet normal 0.22709 0.973874 0
    outer loop
      vertex -7.88104 -29.4124 -70.02
      vertex -5.9405 -29.8649 -105
      vertex -7.88104 -29.4124 -105
    endloop
  endfacet
  facet normal 0.41268 0.910876 -0
    outer loop
      vertex -11.6527 -28.1321 -105
      vertex -13.4677 -27.3098 -70.02
      vertex -11.6527 -28.1321 -70.02
    endloop
  endfacet
  facet normal 0.41268 0.910876 0
    outer loop
      vertex -13.4677 -27.3098 -70.02
      vertex -11.6527 -28.1321 -105
      vertex -13.4677 -27.3098 -105
    endloop
  endfacet
  facet normal 0.973874 0.22709 0
    outer loop
      vertex -29.4124 -7.88104 -70.02
      vertex -29.8649 -5.9405 -105
      vertex -29.8649 -5.9405 -70.02
    endloop
  endfacet
  facet normal 0.973874 0.22709 0
    outer loop
      vertex -29.8649 -5.9405 -105
      vertex -29.4124 -7.88104 -70.02
      vertex -29.4124 -7.88104 -105
    endloop
  endfacet
  facet normal 0.999465 0.0327213 0
    outer loop
      vertex -30.3848 -1.99152 -70.02
      vertex -30.45 0 -105
      vertex -30.45 0 -70.02
    endloop
  endfacet
  facet normal 0.999465 0.0327213 0
    outer loop
      vertex -30.45 0 -105
      vertex -30.3848 -1.99152 -70.02
      vertex -30.3848 -1.99152 -105
    endloop
  endfacet
  facet normal 0.849183 0.528098 0
    outer loop
      vertex -25.3182 -16.9171 -70.02
      vertex -26.3705 -15.225 -105
      vertex -26.3705 -15.225 -70.02
    endloop
  endfacet
  facet normal 0.849183 0.528098 0
    outer loop
      vertex -26.3705 -15.225 -105
      vertex -25.3182 -16.9171 -70.02
      vertex -25.3182 -16.9171 -105
    endloop
  endfacet
  facet normal 0.812861 0.582458 0
    outer loop
      vertex -24.1576 -18.5368 -70.02
      vertex -25.3182 -16.9171 -105
      vertex -25.3182 -16.9171 -70.02
    endloop
  endfacet
  facet normal 0.812861 0.582458 0
    outer loop
      vertex -25.3182 -16.9171 -105
      vertex -24.1576 -18.5368 -70.02
      vertex -24.1576 -18.5368 -105
    endloop
  endfacet
  facet normal -0.995185 -0.0980129 0
    outer loop
      vertex 30.3848 1.99152 -105
      vertex 30.1895 3.97452 -70.02
      vertex 30.1895 3.97452 -105
    endloop
  endfacet
  facet normal -0.995185 -0.0980129 0
    outer loop
      vertex 30.1895 3.97452 -70.02
      vertex 30.3848 1.99152 -105
      vertex 30.3848 1.99152 -70.02
    endloop
  endfacet
  facet normal -0.986642 -0.162903 0
    outer loop
      vertex 30.1895 3.97452 -105
      vertex 29.8649 5.9405 -70.02
      vertex 29.8649 5.9405 -105
    endloop
  endfacet
  facet normal -0.986642 -0.162903 0
    outer loop
      vertex 29.8649 5.9405 -70.02
      vertex 30.1895 3.97452 -105
      vertex 30.1895 3.97452 -70.02
    endloop
  endfacet
  facet normal -0.935904 -0.352256 0
    outer loop
      vertex 28.834 9.78783 -105
      vertex 28.1321 11.6527 -70.02
      vertex 28.1321 11.6527 -105
    endloop
  endfacet
  facet normal -0.935904 -0.352256 0
    outer loop
      vertex 28.1321 11.6527 -70.02
      vertex 28.834 9.78783 -105
      vertex 28.834 9.78783 -70.02
    endloop
  endfacet
  facet normal -0.849183 -0.528098 0
    outer loop
      vertex 26.3705 15.225 -105
      vertex 25.3182 16.9171 -70.02
      vertex 25.3182 16.9171 -105
    endloop
  endfacet
  facet normal -0.849183 -0.528098 0
    outer loop
      vertex 25.3182 16.9171 -70.02
      vertex 26.3705 15.225 -105
      vertex 26.3705 15.225 -70.02
    endloop
  endfacet
  facet normal -0.812861 -0.582458 0
    outer loop
      vertex 25.3182 16.9171 -105
      vertex 24.1576 18.5368 -70.02
      vertex 24.1576 18.5368 -105
    endloop
  endfacet
  facet normal -0.812861 -0.582458 0
    outer loop
      vertex 24.1576 18.5368 -70.02
      vertex 25.3182 16.9171 -105
      vertex 25.3182 16.9171 -70.02
    endloop
  endfacet
  facet normal -0.683592 -0.729864 0
    outer loop
      vertex 20.0771 22.8935 -105
      vertex 21.5314 21.5314 -70.02
      vertex 20.0771 22.8935 -70.02
    endloop
  endfacet
  facet normal -0.683592 -0.729864 -0
    outer loop
      vertex 21.5314 21.5314 -70.02
      vertex 20.0771 22.8935 -105
      vertex 21.5314 21.5314 -105
    endloop
  endfacet
  facet normal -0.729864 -0.683592 0
    outer loop
      vertex 22.8935 20.0771 -105
      vertex 21.5314 21.5314 -70.02
      vertex 21.5314 21.5314 -105
    endloop
  endfacet
  facet normal -0.729864 -0.683592 0
    outer loop
      vertex 21.5314 21.5314 -70.02
      vertex 22.8935 20.0771 -105
      vertex 22.8935 20.0771 -70.02
    endloop
  endfacet
  facet normal -0.528098 -0.849183 0
    outer loop
      vertex 15.225 26.3705 -105
      vertex 16.9171 25.3182 -70.02
      vertex 15.225 26.3705 -70.02
    endloop
  endfacet
  facet normal -0.528098 -0.849183 -0
    outer loop
      vertex 16.9171 25.3182 -70.02
      vertex 15.225 26.3705 -105
      vertex 16.9171 25.3182 -105
    endloop
  endfacet
  facet normal -0.634396 -0.773008 0
    outer loop
      vertex 18.5368 24.1576 -105
      vertex 20.0771 22.8935 -70.02
      vertex 18.5368 24.1576 -70.02
    endloop
  endfacet
  facet normal -0.634396 -0.773008 -0
    outer loop
      vertex 20.0771 22.8935 -70.02
      vertex 18.5368 24.1576 -105
      vertex 20.0771 22.8935 -105
    endloop
  endfacet
  facet normal -0.352256 -0.935904 0
    outer loop
      vertex 9.78783 28.834 -105
      vertex 11.6527 28.1321 -70.02
      vertex 9.78783 28.834 -70.02
    endloop
  endfacet
  facet normal -0.352256 -0.935904 -0
    outer loop
      vertex 11.6527 28.1321 -70.02
      vertex 9.78783 28.834 -105
      vertex 11.6527 28.1321 -105
    endloop
  endfacet
  facet normal -0.290276 -0.956943 0
    outer loop
      vertex 7.88104 29.4124 -105
      vertex 9.78783 28.834 -70.02
      vertex 7.88104 29.4124 -70.02
    endloop
  endfacet
  facet normal -0.290276 -0.956943 -0
    outer loop
      vertex 9.78783 28.834 -70.02
      vertex 7.88104 29.4124 -105
      vertex 9.78783 28.834 -105
    endloop
  endfacet
  facet normal -0.162903 -0.986642 0
    outer loop
      vertex 3.97452 30.1895 -105
      vertex 5.9405 29.8649 -70.02
      vertex 3.97452 30.1895 -70.02
    endloop
  endfacet
  facet normal -0.162903 -0.986642 -0
    outer loop
      vertex 5.9405 29.8649 -70.02
      vertex 3.97452 30.1895 -105
      vertex 5.9405 29.8649 -105
    endloop
  endfacet
  facet normal 0.935904 -0.352256 0
    outer loop
      vertex -28.834 9.78783 -70.02
      vertex -28.1321 11.6527 -105
      vertex -28.1321 11.6527 -70.02
    endloop
  endfacet
  facet normal 0.935904 -0.352256 0
    outer loop
      vertex -28.1321 11.6527 -105
      vertex -28.834 9.78783 -70.02
      vertex -28.834 9.78783 -105
    endloop
  endfacet
  facet normal 0 0 -1
    outer loop
      vertex 30.3848 -1.99152 -70.02
      vertex 30.3848 1.99152 -70.02
      vertex 30.45 0 -70.02
    endloop
  endfacet
  facet normal 0 0 -1
    outer loop
      vertex 30.1895 -3.97452 -70.02
      vertex 30.3848 1.99152 -70.02
      vertex 30.3848 -1.99152 -70.02
    endloop
  endfacet
  facet normal 0 0 -1
    outer loop
      vertex 30.1895 -3.97452 -70.02
      vertex 30.1895 3.97452 -70.02
      vertex 30.3848 1.99152 -70.02
    endloop
  endfacet
  facet normal 0 0 -1
    outer loop
      vertex 29.8649 -5.9405 -70.02
      vertex 30.1895 3.97452 -70.02
      vertex 30.1895 -3.97452 -70.02
    endloop
  endfacet
  facet normal 0 0 -1
    outer loop
      vertex 29.8649 -5.9405 -70.02
      vertex 29.8649 5.9405 -70.02
      vertex 30.1895 3.97452 -70.02
    endloop
  endfacet
  facet normal 0 0 -1
    outer loop
      vertex 29.4124 -7.88104 -70.02
      vertex 29.8649 5.9405 -70.02
      vertex 29.8649 -5.9405 -70.02
    endloop
  endfacet
  facet normal 0 0 -1
    outer loop
      vertex 29.4124 -7.88104 -70.02
      vertex 29.4124 7.88104 -70.02
      vertex 29.8649 5.9405 -70.02
    endloop
  endfacet
  facet normal 0 0 -1
    outer loop
      vertex 28.834 -9.78783 -70.02
      vertex 29.4124 7.88104 -70.02
      vertex 29.4124 -7.88104 -70.02
    endloop
  endfacet
  facet normal 0 0 -1
    outer loop
      vertex 28.834 -9.78783 -70.02
      vertex 28.834 9.78783 -70.02
      vertex 29.4124 7.88104 -70.02
    endloop
  endfacet
  facet normal 0 0 -1
    outer loop
      vertex 28.1321 -11.6527 -70.02
      vertex 28.834 9.78783 -70.02
      vertex 28.834 -9.78783 -70.02
    endloop
  endfacet
  facet normal 0 0 -1
    outer loop
      vertex 28.1321 -11.6527 -70.02
      vertex 28.1321 11.6527 -70.02
      vertex 28.834 9.78783 -70.02
    endloop
  endfacet
  facet normal 0 0 -1
    outer loop
      vertex 27.3098 -13.4677 -70.02
      vertex 28.1321 11.6527 -70.02
      vertex 28.1321 -11.6527 -70.02
    endloop
  endfacet
  facet normal 0 0 -1
    outer loop
      vertex 27.3098 -13.4677 -70.02
      vertex 27.3098 13.4677 -70.02
      vertex 28.1321 11.6527 -70.02
    endloop
  endfacet
  facet normal 0 0 -1
    outer loop
      vertex 26.3705 -15.225 -70.02
      vertex 27.3098 13.4677 -70.02
      vertex 27.3098 -13.4677 -70.02
    endloop
  endfacet
  facet normal 0 0 -1
    outer loop
      vertex 26.3705 -15.225 -70.02
      vertex 26.3705 15.225 -70.02
      vertex 27.3098 13.4677 -70.02
    endloop
  endfacet
  facet normal 0 0 -1
    outer loop
      vertex 25.3182 -16.9171 -70.02
      vertex 26.3705 15.225 -70.02
      vertex 26.3705 -15.225 -70.02
    endloop
  endfacet
  facet normal 0 0 -1
    outer loop
      vertex 25.3182 -16.9171 -70.02
      vertex 25.3182 16.9171 -70.02
      vertex 26.3705 15.225 -70.02
    endloop
  endfacet
  facet normal 0 0 -1
    outer loop
      vertex 24.1576 -18.5368 -70.02
      vertex 25.3182 16.9171 -70.02
      vertex 25.3182 -16.9171 -70.02
    endloop
  endfacet
  facet normal 0 0 -1
    outer loop
      vertex 24.1576 -18.5368 -70.02
      vertex 24.1576 18.5368 -70.02
      vertex 25.3182 16.9171 -70.02
    endloop
  endfacet
  facet normal 0 0 -1
    outer loop
      vertex 22.8935 -20.0771 -70.02
      vertex 24.1576 18.5368 -70.02
      vertex 24.1576 -18.5368 -70.02
    endloop
  endfacet
  facet normal 0 0 -1
    outer loop
      vertex 22.8935 -20.0771 -70.02
      vertex 22.8935 20.0771 -70.02
      vertex 24.1576 18.5368 -70.02
    endloop
  endfacet
  facet normal 0 0 -1
    outer loop
      vertex 21.5314 -21.5314 -70.02
      vertex 22.8935 20.0771 -70.02
      vertex 22.8935 -20.0771 -70.02
    endloop
  endfacet
  facet normal 0 0 -1
    outer loop
      vertex 21.5314 -21.5314 -70.02
      vertex 21.5314 21.5314 -70.02
      vertex 22.8935 20.0771 -70.02
    endloop
  endfacet
  facet normal 0 0 -1
    outer loop
      vertex 20.0771 -22.8935 -70.02
      vertex 21.5314 21.5314 -70.02
      vertex 21.5314 -21.5314 -70.02
    endloop
  endfacet
  facet normal 0 0 -1
    outer loop
      vertex 20.0771 -22.8935 -70.02
      vertex 20.0771 22.8935 -70.02
      vertex 21.5314 21.5314 -70.02
    endloop
  endfacet
  facet normal 0 0 -1
    outer loop
      vertex 18.5368 -24.1576 -70.02
      vertex 20.0771 22.8935 -70.02
      vertex 20.0771 -22.8935 -70.02
    endloop
  endfacet
  facet normal 0 0 -1
    outer loop
      vertex 18.5368 -24.1576 -70.02
      vertex 18.5368 24.1576 -70.02
      vertex 20.0771 22.8935 -70.02
    endloop
  endfacet
  facet normal 0 0 -1
    outer loop
      vertex 16.9171 -25.3182 -70.02
      vertex 18.5368 24.1576 -70.02
      vertex 18.5368 -24.1576 -70.02
    endloop
  endfacet
  facet normal 0 0 -1
    outer loop
      vertex 16.9171 -25.3182 -70.02
      vertex 16.9171 25.3182 -70.02
      vertex 18.5368 24.1576 -70.02
    endloop
  endfacet
  facet normal 0 0 -1
    outer loop
      vertex 15.225 -26.3705 -70.02
      vertex 16.9171 25.3182 -70.02
      vertex 16.9171 -25.3182 -70.02
    endloop
  endfacet
  facet normal 0 0 -1
    outer loop
      vertex 15.225 -26.3705 -70.02
      vertex 15.225 26.3705 -70.02
      vertex 16.9171 25.3182 -70.02
    endloop
  endfacet
  facet normal 0 0 -1
    outer loop
      vertex 13.4677 -27.3098 -70.02
      vertex 15.225 26.3705 -70.02
      vertex 15.225 -26.3705 -70.02
    endloop
  endfacet
  facet normal 0 0 -1
    outer loop
      vertex 13.4677 -27.3098 -70.02
      vertex 13.4677 27.3098 -70.02
      vertex 15.225 26.3705 -70.02
    endloop
  endfacet
  facet normal 0 0 -1
    outer loop
      vertex 11.6527 -28.1321 -70.02
      vertex 13.4677 27.3098 -70.02
      vertex 13.4677 -27.3098 -70.02
    endloop
  endfacet
  facet normal 0 0 -1
    outer loop
      vertex 11.6527 -28.1321 -70.02
      vertex 11.6527 28.1321 -70.02
      vertex 13.4677 27.3098 -70.02
    endloop
  endfacet
  facet normal 0 0 -1
    outer loop
      vertex 9.78783 -28.834 -70.02
      vertex 11.6527 28.1321 -70.02
      vertex 11.6527 -28.1321 -70.02
    endloop
  endfacet
  facet normal 0 0 -1
    outer loop
      vertex 9.78783 -28.834 -70.02
      vertex 9.78783 28.834 -70.02
      vertex 11.6527 28.1321 -70.02
    endloop
  endfacet
  facet normal 0 0 -1
    outer loop
      vertex 7.88104 -29.4124 -70.02
      vertex 9.78783 28.834 -70.02
      vertex 9.78783 -28.834 -70.02
    endloop
  endfacet
  facet normal 0 0 -1
    outer loop
      vertex 7.88104 -29.4124 -70.02
      vertex 7.88104 29.4124 -70.02
      vertex 9.78783 28.834 -70.02
    endloop
  endfacet
  facet normal 0 0 -1
    outer loop
      vertex 5.9405 -29.8649 -70.02
      vertex 7.88104 29.4124 -70.02
      vertex 7.88104 -29.4124 -70.02
    endloop
  endfacet
  facet normal 0 0 -1
    outer loop
      vertex 5.9405 -29.8649 -70.02
      vertex 5.9405 29.8649 -70.02
      vertex 7.88104 29.4124 -70.02
    endloop
  endfacet
  facet normal 0 0 -1
    outer loop
      vertex 3.97452 -30.1895 -70.02
      vertex 5.9405 29.8649 -70.02
      vertex 5.9405 -29.8649 -70.02
    endloop
  endfacet
  facet normal 0 0 -1
    outer loop
      vertex 3.97452 -30.1895 -70.02
      vertex 3.97452 30.1895 -70.02
      vertex 5.9405 29.8649 -70.02
    endloop
  endfacet
  facet normal 0 0 -1
    outer loop
      vertex 1.99152 -30.3848 -70.02
      vertex 3.97452 30.1895 -70.02
      vertex 3.97452 -30.1895 -70.02
    endloop
  endfacet
  facet normal 0 0 -1
    outer loop
      vertex 1.99152 -30.3848 -70.02
      vertex 1.99152 30.3848 -70.02
      vertex 3.97452 30.1895 -70.02
    endloop
  endfacet
  facet normal 0 0 -1
    outer loop
      vertex 0 -30.45 -70.02
      vertex 1.99152 30.3848 -70.02
      vertex 1.99152 -30.3848 -70.02
    endloop
  endfacet
  facet normal 0 0 -1
    outer loop
      vertex 0 -30.45 -70.02
      vertex 0 30.45 -70.02
      vertex 1.99152 30.3848 -70.02
    endloop
  endfacet
  facet normal 0 0 -1
    outer loop
      vertex -1.99152 -30.3848 -70.02
      vertex 0 30.45 -70.02
      vertex 0 -30.45 -70.02
    endloop
  endfacet
  facet normal 0 0 -1
    outer loop
      vertex -1.99152 -30.3848 -70.02
      vertex -1.99152 30.3848 -70.02
      vertex 0 30.45 -70.02
    endloop
  endfacet
  facet normal 0 0 -1
    outer loop
      vertex -3.97452 -30.1895 -70.02
      vertex -1.99152 30.3848 -70.02
      vertex -1.99152 -30.3848 -70.02
    endloop
  endfacet
  facet normal 0 0 -1
    outer loop
      vertex -3.97452 -30.1895 -70.02
      vertex -3.97452 30.1895 -70.02
      vertex -1.99152 30.3848 -70.02
    endloop
  endfacet
  facet normal 0 0 -1
    outer loop
      vertex -5.9405 -29.8649 -70.02
      vertex -3.97452 30.1895 -70.02
      vertex -3.97452 -30.1895 -70.02
    endloop
  endfacet
  facet normal 0 0 -1
    outer loop
      vertex -5.9405 -29.8649 -70.02
      vertex -5.9405 29.8649 -70.02
      vertex -3.97452 30.1895 -70.02
    endloop
  endfacet
  facet normal 0 0 -1
    outer loop
      vertex -7.88104 -29.4124 -70.02
      vertex -5.9405 29.8649 -70.02
      vertex -5.9405 -29.8649 -70.02
    endloop
  endfacet
  facet normal 0 0 -1
    outer loop
      vertex -7.88104 -29.4124 -70.02
      vertex -7.88104 29.4124 -70.02
      vertex -5.9405 29.8649 -70.02
    endloop
  endfacet
  facet normal 0 0 -1
    outer loop
      vertex -9.78783 -28.834 -70.02
      vertex -7.88104 29.4124 -70.02
      vertex -7.88104 -29.4124 -70.02
    endloop
  endfacet
  facet normal 0 0 -1
    outer loop
      vertex -9.78783 -28.834 -70.02
      vertex -9.78783 28.834 -70.02
      vertex -7.88104 29.4124 -70.02
    endloop
  endfacet
  facet normal 0 0 -1
    outer loop
      vertex -11.6527 -28.1321 -70.02
      vertex -9.78783 28.834 -70.02
      vertex -9.78783 -28.834 -70.02
    endloop
  endfacet
  facet normal 0 0 -1
    outer loop
      vertex -11.6527 -28.1321 -70.02
      vertex -11.6527 28.1321 -70.02
      vertex -9.78783 28.834 -70.02
    endloop
  endfacet
  facet normal 0 0 -1
    outer loop
      vertex -13.4677 -27.3098 -70.02
      vertex -11.6527 28.1321 -70.02
      vertex -11.6527 -28.1321 -70.02
    endloop
  endfacet
  facet normal 0 0 -1
    outer loop
      vertex -13.4677 -27.3098 -70.02
      vertex -13.4677 27.3098 -70.02
      vertex -11.6527 28.1321 -70.02
    endloop
  endfacet
  facet normal 0 0 -1
    outer loop
      vertex -15.225 -26.3705 -70.02
      vertex -13.4677 27.3098 -70.02
      vertex -13.4677 -27.3098 -70.02
    endloop
  endfacet
  facet normal 0 0 -1
    outer loop
      vertex -15.225 -26.3705 -70.02
      vertex -15.225 26.3705 -70.02
      vertex -13.4677 27.3098 -70.02
    endloop
  endfacet
  facet normal 0 0 -1
    outer loop
      vertex -16.9171 -25.3182 -70.02
      vertex -15.225 26.3705 -70.02
      vertex -15.225 -26.3705 -70.02
    endloop
  endfacet
  facet normal 0 0 -1
    outer loop
      vertex -16.9171 -25.3182 -70.02
      vertex -16.9171 25.3182 -70.02
      vertex -15.225 26.3705 -70.02
    endloop
  endfacet
  facet normal 0 0 -1
    outer loop
      vertex -18.5368 -24.1576 -70.02
      vertex -16.9171 25.3182 -70.02
      vertex -16.9171 -25.3182 -70.02
    endloop
  endfacet
  facet normal 0 0 -1
    outer loop
      vertex -18.5368 -24.1576 -70.02
      vertex -18.5368 24.1576 -70.02
      vertex -16.9171 25.3182 -70.02
    endloop
  endfacet
  facet normal 0 0 -1
    outer loop
      vertex -20.0771 -22.8935 -70.02
      vertex -18.5368 24.1576 -70.02
      vertex -18.5368 -24.1576 -70.02
    endloop
  endfacet
  facet normal 0 0 -1
    outer loop
      vertex -20.0771 -22.8935 -70.02
      vertex -20.0771 22.8935 -70.02
      vertex -18.5368 24.1576 -70.02
    endloop
  endfacet
  facet normal 0 0 -1
    outer loop
      vertex -21.5314 -21.5314 -70.02
      vertex -20.0771 22.8935 -70.02
      vertex -20.0771 -22.8935 -70.02
    endloop
  endfacet
  facet normal 0 0 -1
    outer loop
      vertex -21.5314 -21.5314 -70.02
      vertex -21.5314 21.5314 -70.02
      vertex -20.0771 22.8935 -70.02
    endloop
  endfacet
  facet normal 0 0 -1
    outer loop
      vertex -22.8935 -20.0771 -70.02
      vertex -21.5314 21.5314 -70.02
      vertex -21.5314 -21.5314 -70.02
    endloop
  endfacet
  facet normal 0 0 -1
    outer loop
      vertex -22.8935 -20.0771 -70.02
      vertex -22.8935 20.0771 -70.02
      vertex -21.5314 21.5314 -70.02
    endloop
  endfacet
  facet normal 0 0 -1
    outer loop
      vertex -24.1576 -18.5368 -70.02
      vertex -22.8935 20.0771 -70.02
      vertex -22.8935 -20.0771 -70.02
    endloop
  endfacet
  facet normal 0 0 -1
    outer loop
      vertex -24.1576 -18.5368 -70.02
      vertex -24.1576 18.5368 -70.02
      vertex -22.8935 20.0771 -70.02
    endloop
  endfacet
  facet normal 0 0 -1
    outer loop
      vertex -25.3182 -16.9171 -70.02
      vertex -24.1576 18.5368 -70.02
      vertex -24.1576 -18.5368 -70.02
    endloop
  endfacet
  facet normal 0 0 -1
    outer loop
      vertex -25.3182 -16.9171 -70.02
      vertex -25.3182 16.9171 -70.02
      vertex -24.1576 18.5368 -70.02
    endloop
  endfacet
  facet normal 0 0 -1
    outer loop
      vertex -26.3705 -15.225 -70.02
      vertex -25.3182 16.9171 -70.02
      vertex -25.3182 -16.9171 -70.02
    endloop
  endfacet
  facet normal 0 0 -1
    outer loop
      vertex -26.3705 -15.225 -70.02
      vertex -26.3705 15.225 -70.02
      vertex -25.3182 16.9171 -70.02
    endloop
  endfacet
  facet normal 0 0 -1
    outer loop
      vertex -27.3098 -13.4677 -70.02
      vertex -26.3705 15.225 -70.02
      vertex -26.3705 -15.225 -70.02
    endloop
  endfacet
  facet normal 0 0 -1
    outer loop
      vertex -27.3098 -13.4677 -70.02
      vertex -27.3098 13.4677 -70.02
      vertex -26.3705 15.225 -70.02
    endloop
  endfacet
  facet normal 0 0 -1
    outer loop
      vertex -28.1321 -11.6527 -70.02
      vertex -27.3098 13.4677 -70.02
      vertex -27.3098 -13.4677 -70.02
    endloop
  endfacet
  facet normal 0 0 -1
    outer loop
      vertex -28.1321 -11.6527 -70.02
      vertex -28.1321 11.6527 -70.02
      vertex -27.3098 13.4677 -70.02
    endloop
  endfacet
  facet normal 0 0 -1
    outer loop
      vertex -28.834 -9.78783 -70.02
      vertex -28.1321 11.6527 -70.02
      vertex -28.1321 -11.6527 -70.02
    endloop
  endfacet
  facet normal 0 0 -1
    outer loop
      vertex -28.834 -9.78783 -70.02
      vertex -28.834 9.78783 -70.02
      vertex -28.1321 11.6527 -70.02
    endloop
  endfacet
  facet normal 0 0 -1
    outer loop
      vertex -29.4124 -7.88104 -70.02
      vertex -28.834 9.78783 -70.02
      vertex -28.834 -9.78783 -70.02
    endloop
  endfacet
  facet normal 0 0 -1
    outer loop
      vertex -29.4124 -7.88104 -70.02
      vertex -29.4124 7.88104 -70.02
      vertex -28.834 9.78783 -70.02
    endloop
  endfacet
  facet normal 0 0 -1
    outer loop
      vertex -29.8649 -5.9405 -70.02
      vertex -29.4124 7.88104 -70.02
      vertex -29.4124 -7.88104 -70.02
    endloop
  endfacet
  facet normal 0 0 -1
    outer loop
      vertex -29.8649 -5.9405 -70.02
      vertex -29.8649 5.9405 -70.02
      vertex -29.4124 7.88104 -70.02
    endloop
  endfacet
  facet normal 0 0 -1
    outer loop
      vertex -30.1895 -3.97452 -70.02
      vertex -29.8649 5.9405 -70.02
      vertex -29.8649 -5.9405 -70.02
    endloop
  endfacet
  facet normal 0 0 -1
    outer loop
      vertex -30.1895 -3.97452 -70.02
      vertex -30.1895 3.97452 -70.02
      vertex -29.8649 5.9405 -70.02
    endloop
  endfacet
  facet normal 0 0 -1
    outer loop
      vertex -30.3848 -1.99152 -70.02
      vertex -30.1895 3.97452 -70.02
      vertex -30.1895 -3.97452 -70.02
    endloop
  endfacet
  facet normal 0 0 -1
    outer loop
      vertex -30.3848 -1.99152 -70.02
      vertex -30.3848 1.99152 -70.02
      vertex -30.1895 3.97452 -70.02
    endloop
  endfacet
  facet normal 0 -0 -1
    outer loop
      vertex -30.3848 1.99152 -70.02
      vertex -30.3848 -1.99152 -70.02
      vertex -30.45 0 -70.02
    endloop
  endfacet
  facet normal 0.956943 -0.290276 0
    outer loop
      vertex -29.4124 7.88104 -70.02
      vertex -28.834 9.78783 -105
      vertex -28.834 9.78783 -70.02
    endloop
  endfacet
  facet normal 0.956943 -0.290276 0
    outer loop
      vertex -28.834 9.78783 -105
      vertex -29.4124 7.88104 -70.02
      vertex -29.4124 7.88104 -105
    endloop
  endfacet
  facet normal 0.986642 -0.162903 0
    outer loop
      vertex -30.1895 3.97452 -70.02
      vertex -29.8649 5.9405 -105
      vertex -29.8649 5.9405 -70.02
    endloop
  endfacet
  facet normal 0.986642 -0.162903 0
    outer loop
      vertex -29.8649 5.9405 -105
      vertex -30.1895 3.97452 -70.02
      vertex -30.1895 3.97452 -105
    endloop
  endfacet
  facet normal 0.849183 -0.528098 0
    outer loop
      vertex -26.3705 15.225 -70.02
      vertex -25.3182 16.9171 -105
      vertex -25.3182 16.9171 -70.02
    endloop
  endfacet
  facet normal 0.849183 -0.528098 0
    outer loop
      vertex -25.3182 16.9171 -105
      vertex -26.3705 15.225 -70.02
      vertex -26.3705 15.225 -105
    endloop
  endfacet
  facet normal 0.729864 -0.683592 0
    outer loop
      vertex -22.8935 20.0771 -70.02
      vertex -21.5314 21.5314 -105
      vertex -21.5314 21.5314 -70.02
    endloop
  endfacet
  facet normal 0.729864 -0.683592 0
    outer loop
      vertex -21.5314 21.5314 -105
      vertex -22.8935 20.0771 -70.02
      vertex -22.8935 20.0771 -105
    endloop
  endfacet
  facet normal 0.352256 -0.935904 0
    outer loop
      vertex -11.6527 28.1321 -105
      vertex -9.78783 28.834 -70.02
      vertex -11.6527 28.1321 -70.02
    endloop
  endfacet
  facet normal 0.352256 -0.935904 0
    outer loop
      vertex -9.78783 28.834 -70.02
      vertex -11.6527 28.1321 -105
      vertex -9.78783 28.834 -105
    endloop
  endfacet
  facet normal 0.22709 -0.973874 0
    outer loop
      vertex -7.88104 29.4124 -105
      vertex -5.9405 29.8649 -70.02
      vertex -7.88104 29.4124 -70.02
    endloop
  endfacet
  facet normal 0.22709 -0.973874 0
    outer loop
      vertex -5.9405 29.8649 -70.02
      vertex -7.88104 29.4124 -105
      vertex -5.9405 29.8649 -105
    endloop
  endfacet
  facet normal 0.0980129 -0.995185 0
    outer loop
      vertex -3.97452 30.1895 -105
      vertex -1.99152 30.3848 -70.02
      vertex -3.97452 30.1895 -70.02
    endloop
  endfacet
  facet normal 0.0980129 -0.995185 0
    outer loop
      vertex -1.99152 30.3848 -70.02
      vertex -3.97452 30.1895 -105
      vertex -1.99152 30.3848 -105
    endloop
  endfacet
  facet normal 0.162903 -0.986642 0
    outer loop
      vertex -5.9405 29.8649 -105
      vertex -3.97452 30.1895 -70.02
      vertex -5.9405 29.8649 -70.02
    endloop
  endfacet
  facet normal 0.162903 -0.986642 0
    outer loop
      vertex -3.97452 30.1895 -70.02
      vertex -5.9405 29.8649 -105
      vertex -3.97452 30.1895 -105
    endloop
  endfacet
  facet normal 0.471398 -0.881921 0
    outer loop
      vertex -15.225 26.3705 -105
      vertex -13.4677 27.3098 -70.02
      vertex -15.225 26.3705 -70.02
    endloop
  endfacet
  facet normal 0.471398 -0.881921 0
    outer loop
      vertex -13.4677 27.3098 -70.02
      vertex -15.225 26.3705 -105
      vertex -13.4677 27.3098 -105
    endloop
  endfacet
  facet normal 0.528098 -0.849183 0
    outer loop
      vertex -16.9171 25.3182 -105
      vertex -15.225 26.3705 -70.02
      vertex -16.9171 25.3182 -70.02
    endloop
  endfacet
  facet normal 0.528098 -0.849183 0
    outer loop
      vertex -15.225 26.3705 -70.02
      vertex -16.9171 25.3182 -105
      vertex -15.225 26.3705 -105
    endloop
  endfacet
  facet normal 0.683592 -0.729864 0
    outer loop
      vertex -21.5314 21.5314 -105
      vertex -20.0771 22.8935 -70.02
      vertex -21.5314 21.5314 -70.02
    endloop
  endfacet
  facet normal 0.683592 -0.729864 0
    outer loop
      vertex -20.0771 22.8935 -70.02
      vertex -21.5314 21.5314 -105
      vertex -20.0771 22.8935 -105
    endloop
  endfacet
  facet normal 0.634396 -0.773008 0
    outer loop
      vertex -20.0771 22.8935 -105
      vertex -18.5368 24.1576 -70.02
      vertex -20.0771 22.8935 -70.02
    endloop
  endfacet
  facet normal 0.634396 -0.773008 0
    outer loop
      vertex -18.5368 24.1576 -70.02
      vertex -20.0771 22.8935 -105
      vertex -18.5368 24.1576 -105
    endloop
  endfacet
  facet normal -0.995185 0.0980129 0
    outer loop
      vertex 30.1895 -3.97452 -105
      vertex 30.3848 -1.99152 -70.02
      vertex 30.3848 -1.99152 -105
    endloop
  endfacet
  facet normal -0.995185 0.0980129 0
    outer loop
      vertex 30.3848 -1.99152 -70.02
      vertex 30.1895 -3.97452 -105
      vertex 30.1895 -3.97452 -70.02
    endloop
  endfacet
  facet normal -0.973874 0.22709 0
    outer loop
      vertex 29.4124 -7.88104 -105
      vertex 29.8649 -5.9405 -70.02
      vertex 29.8649 -5.9405 -105
    endloop
  endfacet
  facet normal -0.973874 0.22709 0
    outer loop
      vertex 29.8649 -5.9405 -70.02
      vertex 29.4124 -7.88104 -105
      vertex 29.4124 -7.88104 -70.02
    endloop
  endfacet
  facet normal -0.956943 0.290276 0
    outer loop
      vertex 28.834 -9.78783 -105
      vertex 29.4124 -7.88104 -70.02
      vertex 29.4124 -7.88104 -105
    endloop
  endfacet
  facet normal -0.956943 0.290276 0
    outer loop
      vertex 29.4124 -7.88104 -70.02
      vertex 28.834 -9.78783 -105
      vertex 28.834 -9.78783 -70.02
    endloop
  endfacet
  facet normal -0.935904 0.352256 0
    outer loop
      vertex 28.1321 -11.6527 -105
      vertex 28.834 -9.78783 -70.02
      vertex 28.834 -9.78783 -105
    endloop
  endfacet
  facet normal -0.935904 0.352256 0
    outer loop
      vertex 28.834 -9.78783 -70.02
      vertex 28.1321 -11.6527 -105
      vertex 28.1321 -11.6527 -70.02
    endloop
  endfacet
  facet normal -0.0980129 0.995185 0
    outer loop
      vertex 3.97452 -30.1895 -105
      vertex 1.99152 -30.3848 -70.02
      vertex 3.97452 -30.1895 -70.02
    endloop
  endfacet
  facet normal -0.0980129 0.995185 0
    outer loop
      vertex 1.99152 -30.3848 -70.02
      vertex 3.97452 -30.1895 -105
      vertex 1.99152 -30.3848 -105
    endloop
  endfacet
  facet normal -0.290276 0.956943 0
    outer loop
      vertex 9.78783 -28.834 -105
      vertex 7.88104 -29.4124 -70.02
      vertex 9.78783 -28.834 -70.02
    endloop
  endfacet
  facet normal -0.290276 0.956943 0
    outer loop
      vertex 7.88104 -29.4124 -70.02
      vertex 9.78783 -28.834 -105
      vertex 7.88104 -29.4124 -105
    endloop
  endfacet
  facet normal -0.729864 0.683592 0
    outer loop
      vertex 21.5314 -21.5314 -105
      vertex 22.8935 -20.0771 -70.02
      vertex 22.8935 -20.0771 -105
    endloop
  endfacet
  facet normal -0.729864 0.683592 0
    outer loop
      vertex 22.8935 -20.0771 -70.02
      vertex 21.5314 -21.5314 -105
      vertex 21.5314 -21.5314 -70.02
    endloop
  endfacet
  facet normal -0.528098 0.849183 0
    outer loop
      vertex 16.9171 -25.3182 -105
      vertex 15.225 -26.3705 -70.02
      vertex 16.9171 -25.3182 -70.02
    endloop
  endfacet
  facet normal -0.528098 0.849183 0
    outer loop
      vertex 15.225 -26.3705 -70.02
      vertex 16.9171 -25.3182 -105
      vertex 15.225 -26.3705 -105
    endloop
  endfacet
  facet normal -0.41268 0.910876 0
    outer loop
      vertex 13.4677 -27.3098 -105
      vertex 11.6527 -28.1321 -70.02
      vertex 13.4677 -27.3098 -70.02
    endloop
  endfacet
  facet normal -0.41268 0.910876 0
    outer loop
      vertex 11.6527 -28.1321 -70.02
      vertex 13.4677 -27.3098 -105
      vertex 11.6527 -28.1321 -105
    endloop
  endfacet
  facet normal -0.582458 0.812861 0
    outer loop
      vertex 18.5368 -24.1576 -105
      vertex 16.9171 -25.3182 -70.02
      vertex 18.5368 -24.1576 -70.02
    endloop
  endfacet
  facet normal -0.582458 0.812861 0
    outer loop
      vertex 16.9171 -25.3182 -70.02
      vertex 18.5368 -24.1576 -105
      vertex 16.9171 -25.3182 -105
    endloop
  endfacet
  facet normal 0.352256 0.935904 -0
    outer loop
      vertex -9.78783 -28.834 -105
      vertex -11.6527 -28.1321 -70.02
      vertex -9.78783 -28.834 -70.02
    endloop
  endfacet
  facet normal 0.352256 0.935904 0
    outer loop
      vertex -11.6527 -28.1321 -70.02
      vertex -9.78783 -28.834 -105
      vertex -11.6527 -28.1321 -105
    endloop
  endfacet
  facet normal 0.162903 0.986642 -0
    outer loop
      vertex -3.97452 -30.1895 -105
      vertex -5.9405 -29.8649 -70.02
      vertex -3.97452 -30.1895 -70.02
    endloop
  endfacet
  facet normal 0.162903 0.986642 0
    outer loop
      vertex -5.9405 -29.8649 -70.02
      vertex -3.97452 -30.1895 -105
      vertex -5.9405 -29.8649 -105
    endloop
  endfacet
  facet normal 0.528098 0.849183 -0
    outer loop
      vertex -15.225 -26.3705 -105
      vertex -16.9171 -25.3182 -70.02
      vertex -15.225 -26.3705 -70.02
    endloop
  endfacet
  facet normal 0.528098 0.849183 0
    outer loop
      vertex -16.9171 -25.3182 -70.02
      vertex -15.225 -26.3705 -105
      vertex -16.9171 -25.3182 -105
    endloop
  endfacet
  facet normal 0.582458 0.812861 -0
    outer loop
      vertex -16.9171 -25.3182 -105
      vertex -18.5368 -24.1576 -70.02
      vertex -16.9171 -25.3182 -70.02
    endloop
  endfacet
  facet normal 0.582458 0.812861 0
    outer loop
      vertex -18.5368 -24.1576 -70.02
      vertex -16.9171 -25.3182 -105
      vertex -18.5368 -24.1576 -105
    endloop
  endfacet
  facet normal 0.683592 0.729864 -0
    outer loop
      vertex -20.0771 -22.8935 -105
      vertex -21.5314 -21.5314 -70.02
      vertex -20.0771 -22.8935 -70.02
    endloop
  endfacet
  facet normal 0.683592 0.729864 0
    outer loop
      vertex -21.5314 -21.5314 -70.02
      vertex -20.0771 -22.8935 -105
      vertex -21.5314 -21.5314 -105
    endloop
  endfacet
  facet normal 0.995185 0.0980129 0
    outer loop
      vertex -30.1895 -3.97452 -70.02
      vertex -30.3848 -1.99152 -105
      vertex -30.3848 -1.99152 -70.02
    endloop
  endfacet
  facet normal 0.995185 0.0980129 0
    outer loop
      vertex -30.3848 -1.99152 -105
      vertex -30.1895 -3.97452 -70.02
      vertex -30.1895 -3.97452 -105
    endloop
  endfacet
  facet normal 0.956943 0.290276 0
    outer loop
      vertex -28.834 -9.78783 -70.02
      vertex -29.4124 -7.88104 -105
      vertex -29.4124 -7.88104 -70.02
    endloop
  endfacet
  facet normal 0.956943 0.290276 0
    outer loop
      vertex -29.4124 -7.88104 -105
      vertex -28.834 -9.78783 -70.02
      vertex -28.834 -9.78783 -105
    endloop
  endfacet
  facet normal 0.935904 0.352256 0
    outer loop
      vertex -28.1321 -11.6527 -70.02
      vertex -28.834 -9.78783 -105
      vertex -28.834 -9.78783 -70.02
    endloop
  endfacet
  facet normal 0.935904 0.352256 0
    outer loop
      vertex -28.834 -9.78783 -105
      vertex -28.1321 -11.6527 -70.02
      vertex -28.1321 -11.6527 -105
    endloop
  endfacet
  facet normal 0.729864 0.683592 0
    outer loop
      vertex -21.5314 -21.5314 -70.02
      vertex -22.8935 -20.0771 -105
      vertex -22.8935 -20.0771 -70.02
    endloop
  endfacet
  facet normal 0.729864 0.683592 0
    outer loop
      vertex -22.8935 -20.0771 -105
      vertex -21.5314 -21.5314 -70.02
      vertex -21.5314 -21.5314 -105
    endloop
  endfacet
  facet normal 0.881921 0.471398 0
    outer loop
      vertex -26.3705 -15.225 -70.02
      vertex -27.3098 -13.4677 -105
      vertex -27.3098 -13.4677 -70.02
    endloop
  endfacet
  facet normal 0.881921 0.471398 0
    outer loop
      vertex -27.3098 -13.4677 -105
      vertex -26.3705 -15.225 -70.02
      vertex -26.3705 -15.225 -105
    endloop
  endfacet
  facet normal 0.773008 0.634396 0
    outer loop
      vertex -22.8935 -20.0771 -70.02
      vertex -24.1576 -18.5368 -105
      vertex -24.1576 -18.5368 -70.02
    endloop
  endfacet
  facet normal 0.773008 0.634396 0
    outer loop
      vertex -24.1576 -18.5368 -105
      vertex -22.8935 -20.0771 -70.02
      vertex -22.8935 -20.0771 -105
    endloop
  endfacet
  facet normal -0.910876 0.41268 0
    outer loop
      vertex 27.3098 -13.4677 -105
      vertex 28.1321 -11.6527 -70.02
      vertex 28.1321 -11.6527 -105
    endloop
  endfacet
  facet normal -0.910876 0.41268 0
    outer loop
      vertex 28.1321 -11.6527 -70.02
      vertex 27.3098 -13.4677 -105
      vertex 27.3098 -13.4677 -70.02
    endloop
  endfacet
  facet normal -0.162903 0.986642 0
    outer loop
      vertex 5.9405 -29.8649 -105
      vertex 3.97452 -30.1895 -70.02
      vertex 5.9405 -29.8649 -70.02
    endloop
  endfacet
  facet normal -0.162903 0.986642 0
    outer loop
      vertex 3.97452 -30.1895 -70.02
      vertex 5.9405 -29.8649 -105
      vertex 3.97452 -30.1895 -105
    endloop
  endfacet
  facet normal -0.352256 0.935904 0
    outer loop
      vertex 11.6527 -28.1321 -105
      vertex 9.78783 -28.834 -70.02
      vertex 11.6527 -28.1321 -70.02
    endloop
  endfacet
  facet normal -0.352256 0.935904 0
    outer loop
      vertex 9.78783 -28.834 -70.02
      vertex 11.6527 -28.1321 -105
      vertex 9.78783 -28.834 -105
    endloop
  endfacet
  facet normal -0.471398 0.881921 0
    outer loop
      vertex 15.225 -26.3705 -105
      vertex 13.4677 -27.3098 -70.02
      vertex 15.225 -26.3705 -70.02
    endloop
  endfacet
  facet normal -0.471398 0.881921 0
    outer loop
      vertex 13.4677 -27.3098 -70.02
      vertex 15.225 -26.3705 -105
      vertex 13.4677 -27.3098 -105
    endloop
  endfacet
  facet normal 0.290276 0.956943 -0
    outer loop
      vertex -7.88104 -29.4124 -105
      vertex -9.78783 -28.834 -70.02
      vertex -7.88104 -29.4124 -70.02
    endloop
  endfacet
  facet normal 0.290276 0.956943 0
    outer loop
      vertex -9.78783 -28.834 -70.02
      vertex -7.88104 -29.4124 -105
      vertex -9.78783 -28.834 -105
    endloop
  endfacet
  facet normal 0.0980129 0.995185 -0
    outer loop
      vertex -1.99152 -30.3848 -105
      vertex -3.97452 -30.1895 -70.02
      vertex -1.99152 -30.3848 -70.02
    endloop
  endfacet
  facet normal 0.0980129 0.995185 0
    outer loop
      vertex -3.97452 -30.1895 -70.02
      vertex -1.99152 -30.3848 -105
      vertex -3.97452 -30.1895 -105
    endloop
  endfacet
  facet normal 0.471398 0.881921 -0
    outer loop
      vertex -13.4677 -27.3098 -105
      vertex -15.225 -26.3705 -70.02
      vertex -13.4677 -27.3098 -70.02
    endloop
  endfacet
  facet normal 0.471398 0.881921 0
    outer loop
      vertex -15.225 -26.3705 -70.02
      vertex -13.4677 -27.3098 -105
      vertex -15.225 -26.3705 -105
    endloop
  endfacet
  facet normal 0.634396 0.773008 -0
    outer loop
      vertex -18.5368 -24.1576 -105
      vertex -20.0771 -22.8935 -70.02
      vertex -18.5368 -24.1576 -70.02
    endloop
  endfacet
  facet normal 0.634396 0.773008 0
    outer loop
      vertex -20.0771 -22.8935 -70.02
      vertex -18.5368 -24.1576 -105
      vertex -20.0771 -22.8935 -105
    endloop
  endfacet
  facet normal -0.986642 0.162903 0
    outer loop
      vertex 29.8649 -5.9405 -105
      vertex 30.1895 -3.97452 -70.02
      vertex 30.1895 -3.97452 -105
    endloop
  endfacet
  facet normal -0.986642 0.162903 0
    outer loop
      vertex 30.1895 -3.97452 -70.02
      vertex 29.8649 -5.9405 -105
      vertex 29.8649 -5.9405 -70.02
    endloop
  endfacet
  facet normal -0.849183 0.528098 0
    outer loop
      vertex 25.3182 -16.9171 -105
      vertex 26.3705 -15.225 -70.02
      vertex 26.3705 -15.225 -105
    endloop
  endfacet
  facet normal -0.849183 0.528098 0
    outer loop
      vertex 26.3705 -15.225 -70.02
      vertex 25.3182 -16.9171 -105
      vertex 25.3182 -16.9171 -70.02
    endloop
  endfacet
  facet normal -0.812861 0.582458 0
    outer loop
      vertex 24.1576 -18.5368 -105
      vertex 25.3182 -16.9171 -70.02
      vertex 25.3182 -16.9171 -105
    endloop
  endfacet
  facet normal -0.812861 0.582458 0
    outer loop
      vertex 25.3182 -16.9171 -70.02
      vertex 24.1576 -18.5368 -105
      vertex 24.1576 -18.5368 -70.02
    endloop
  endfacet
  facet normal -0.773008 0.634396 0
    outer loop
      vertex 22.8935 -20.0771 -105
      vertex 24.1576 -18.5368 -70.02
      vertex 24.1576 -18.5368 -105
    endloop
  endfacet
  facet normal -0.773008 0.634396 0
    outer loop
      vertex 24.1576 -18.5368 -70.02
      vertex 22.8935 -20.0771 -105
      vertex 22.8935 -20.0771 -70.02
    endloop
  endfacet
  facet normal -0.881921 0.471398 0
    outer loop
      vertex 26.3705 -15.225 -105
      vertex 27.3098 -13.4677 -70.02
      vertex 27.3098 -13.4677 -105
    endloop
  endfacet
  facet normal -0.881921 0.471398 0
    outer loop
      vertex 27.3098 -13.4677 -70.02
      vertex 26.3705 -15.225 -105
      vertex 26.3705 -15.225 -70.02
    endloop
  endfacet
  facet normal -0.881996 -0.471257 0
    outer loop
      vertex 79.9664 1.21629 0
      vertex 79.8816 1.375 5
      vertex 79.8816 1.375 0
    endloop
  endfacet
  facet normal -0.881996 -0.471257 0
    outer loop
      vertex 79.8816 1.375 5
      vertex 79.9664 1.21629 0
      vertex 79.9664 1.21629 5
    endloop
  endfacet
  facet normal -0.352293 -0.93589 0
    outer loop
      vertex 78.384 2.60406 0
      vertex 78.5524 2.54067 5
      vertex 78.384 2.60406 5
    endloop
  endfacet
  facet normal -0.352293 -0.93589 -0
    outer loop
      vertex 78.5524 2.54067 5
      vertex 78.384 2.60406 0
      vertex 78.5524 2.54067 0
    endloop
  endfacet
  facet normal 0.412743 -0.910847 0
    outer loop
      vertex 76.2837 2.4664 0
      vertex 76.4476 2.54067 5
      vertex 76.2837 2.4664 5
    endloop
  endfacet
  facet normal 0.412743 -0.910847 0
    outer loop
      vertex 76.4476 2.54067 5
      vertex 76.2837 2.4664 0
      vertex 76.4476 2.54067 0
    endloop
  endfacet
  facet normal 0.935887 -0.352301 0
    outer loop
      vertex 74.8959 0.883958 5
      vertex 74.9593 1.05238 0
      vertex 74.9593 1.05238 5
    endloop
  endfacet
  facet normal 0.935887 -0.352301 0
    outer loop
      vertex 74.9593 1.05238 0
      vertex 74.8959 0.883958 5
      vertex 74.8959 0.883958 0
    endloop
  endfacet
  facet normal -0.999462 0.032786 0
    outer loop
      vertex 80.2441 -0.179858 0
      vertex 80.25 0 5
      vertex 80.25 0 0
    endloop
  endfacet
  facet normal -0.999462 0.032786 0
    outer loop
      vertex 80.25 0 5
      vertex 80.2441 -0.179858 0
      vertex 80.2441 -0.179858 5
    endloop
  endfacet
  facet normal -0.0980724 -0.995179 0
    outer loop
      vertex 77.6799 2.74411 0
      vertex 77.8589 2.72647 5
      vertex 77.6799 2.74411 5
    endloop
  endfacet
  facet normal -0.0980724 -0.995179 -0
    outer loop
      vertex 77.8589 2.72647 5
      vertex 77.6799 2.74411 0
      vertex 77.8589 2.72647 0
    endloop
  endfacet
  facet normal -0.528119 -0.84917 0
    outer loop
      vertex 78.875 2.38157 0
      vertex 79.0278 2.28654 5
      vertex 78.875 2.38157 5
    endloop
  endfacet
  facet normal -0.528119 -0.84917 -0
    outer loop
      vertex 79.0278 2.28654 5
      vertex 78.875 2.38157 0
      vertex 79.0278 2.28654 0
    endloop
  endfacet
  facet normal 0.995206 -0.097804 0
    outer loop
      vertex 74.7559 0.179858 5
      vertex 74.7735 0.358947 0
      vertex 74.7735 0.358947 5
    endloop
  endfacet
  facet normal 0.995206 -0.097804 0
    outer loop
      vertex 74.7735 0.358947 0
      vertex 74.7559 0.179858 5
      vertex 74.7559 0.179858 0
    endloop
  endfacet
  facet normal 0.773187 -0.634179 0
    outer loop
      vertex 75.3183 1.67409 5
      vertex 75.4324 1.8132 0
      vertex 75.4324 1.8132 5
    endloop
  endfacet
  facet normal 0.773187 -0.634179 0
    outer loop
      vertex 75.4324 1.8132 0
      vertex 75.3183 1.67409 5
      vertex 75.3183 1.67409 0
    endloop
  endfacet
  facet normal 0.227001 -0.973894 0
    outer loop
      vertex 76.7882 2.6563 0
      vertex 76.9635 2.69716 5
      vertex 76.7882 2.6563 5
    endloop
  endfacet
  facet normal 0.227001 -0.973894 0
    outer loop
      vertex 76.9635 2.69716 5
      vertex 76.7882 2.6563 0
      vertex 76.9635 2.69716 0
    endloop
  endfacet
  facet normal 0.634405 0.773001 -0
    outer loop
      vertex 75.8259 -2.18172 0
      vertex 75.6868 -2.06756 5
      vertex 75.8259 -2.18172 5
    endloop
  endfacet
  facet normal 0.634405 0.773001 0
    outer loop
      vertex 75.6868 -2.06756 5
      vertex 75.8259 -2.18172 0
      vertex 75.6868 -2.06756 0
    endloop
  endfacet
  facet normal -0.995206 -0.097804 0
    outer loop
      vertex 80.2441 0.179858 0
      vertex 80.2265 0.358947 5
      vertex 80.2265 0.358947 0
    endloop
  endfacet
  facet normal -0.995206 -0.097804 0
    outer loop
      vertex 80.2265 0.358947 5
      vertex 80.2441 0.179858 0
      vertex 80.2441 0.179858 5
    endloop
  endfacet
  facet normal -0.935887 -0.352301 0
    outer loop
      vertex 80.1041 0.883958 0
      vertex 80.0407 1.05238 5
      vertex 80.0407 1.05238 0
    endloop
  endfacet
  facet normal -0.935887 -0.352301 0
    outer loop
      vertex 80.0407 1.05238 5
      vertex 80.1041 0.883958 0
      vertex 80.1041 0.883958 5
    endloop
  endfacet
  facet normal -0.812888 -0.58242 0
    outer loop
      vertex 79.7865 1.52782 0
      vertex 79.6817 1.67409 5
      vertex 79.6817 1.67409 0
    endloop
  endfacet
  facet normal -0.812888 -0.58242 0
    outer loop
      vertex 79.6817 1.67409 5
      vertex 79.7865 1.52782 0
      vertex 79.7865 1.52782 5
    endloop
  endfacet
  facet normal -0.729624 -0.683849 0
    outer loop
      vertex 79.5676 1.8132 0
      vertex 79.4445 1.94454 5
      vertex 79.4445 1.94454 0
    endloop
  endfacet
  facet normal -0.729624 -0.683849 0
    outer loop
      vertex 79.4445 1.94454 5
      vertex 79.5676 1.8132 0
      vertex 79.5676 1.8132 5
    endloop
  endfacet
  facet normal 0.0327229 -0.999464 0
    outer loop
      vertex 77.3201 2.74411 0
      vertex 77.5 2.75 5
      vertex 77.3201 2.74411 5
    endloop
  endfacet
  facet normal 0.0327229 -0.999464 0
    outer loop
      vertex 77.5 2.75 5
      vertex 77.3201 2.74411 0
      vertex 77.5 2.75 0
    endloop
  endfacet
  facet normal -0.290304 -0.956935 0
    outer loop
      vertex 78.2118 2.6563 0
      vertex 78.384 2.60406 5
      vertex 78.2118 2.6563 5
    endloop
  endfacet
  facet normal -0.290304 -0.956935 -0
    outer loop
      vertex 78.384 2.60406 5
      vertex 78.2118 2.6563 0
      vertex 78.384 2.60406 0
    endloop
  endfacet
  facet normal -0.162831 -0.986654 0
    outer loop
      vertex 77.8589 2.72647 0
      vertex 78.0365 2.69716 5
      vertex 77.8589 2.72647 5
    endloop
  endfacet
  facet normal -0.162831 -0.986654 -0
    outer loop
      vertex 78.0365 2.69716 5
      vertex 77.8589 2.72647 0
      vertex 78.0365 2.69716 0
    endloop
  endfacet
  facet normal -0.582415 -0.812892 0
    outer loop
      vertex 79.0278 2.28654 0
      vertex 79.1741 2.18172 5
      vertex 79.0278 2.28654 5
    endloop
  endfacet
  facet normal -0.582415 -0.812892 -0
    outer loop
      vertex 79.1741 2.18172 5
      vertex 79.0278 2.28654 0
      vertex 79.1741 2.18172 0
    endloop
  endfacet
  facet normal 0.956999 -0.290091 0
    outer loop
      vertex 74.8437 0.711752 5
      vertex 74.8959 0.883958 0
      vertex 74.8959 0.883958 5
    endloop
  endfacet
  facet normal 0.956999 -0.290091 0
    outer loop
      vertex 74.8959 0.883958 0
      vertex 74.8437 0.711752 5
      vertex 74.8437 0.711752 0
    endloop
  endfacet
  facet normal 0.986656 -0.162821 0
    outer loop
      vertex 74.7735 0.358947 5
      vertex 74.8028 0.536498 0
      vertex 74.8028 0.536498 5
    endloop
  endfacet
  facet normal 0.986656 -0.162821 0
    outer loop
      vertex 74.8028 0.536498 0
      vertex 74.7735 0.358947 5
      vertex 74.7735 0.358947 0
    endloop
  endfacet
  facet normal 0.849027 -0.52835 0
    outer loop
      vertex 75.1184 1.375 5
      vertex 75.2135 1.52782 0
      vertex 75.2135 1.52782 5
    endloop
  endfacet
  facet normal 0.849027 -0.52835 0
    outer loop
      vertex 75.2135 1.52782 0
      vertex 75.1184 1.375 5
      vertex 75.1184 1.375 0
    endloop
  endfacet
  facet normal 0.0980724 -0.995179 0
    outer loop
      vertex 77.1411 2.72647 0
      vertex 77.3201 2.74411 5
      vertex 77.1411 2.72647 5
    endloop
  endfacet
  facet normal 0.0980724 -0.995179 0
    outer loop
      vertex 77.3201 2.74411 5
      vertex 77.1411 2.72647 0
      vertex 77.3201 2.74411 0
    endloop
  endfacet
  facet normal 0.582415 -0.812892 0
    outer loop
      vertex 75.8259 2.18172 0
      vertex 75.9722 2.28654 5
      vertex 75.8259 2.18172 5
    endloop
  endfacet
  facet normal 0.582415 -0.812892 0
    outer loop
      vertex 75.9722 2.28654 5
      vertex 75.8259 2.18172 0
      vertex 75.9722 2.28654 0
    endloop
  endfacet
  facet normal 0.634405 -0.773001 0
    outer loop
      vertex 75.6868 2.06756 0
      vertex 75.8259 2.18172 5
      vertex 75.6868 2.06756 5
    endloop
  endfacet
  facet normal 0.634405 -0.773001 0
    outer loop
      vertex 75.8259 2.18172 5
      vertex 75.6868 2.06756 0
      vertex 75.8259 2.18172 0
    endloop
  endfacet
  facet normal 0.528119 -0.84917 0
    outer loop
      vertex 75.9722 2.28654 0
      vertex 76.125 2.38157 5
      vertex 75.9722 2.28654 5
    endloop
  endfacet
  facet normal 0.528119 -0.84917 0
    outer loop
      vertex 76.125 2.38157 5
      vertex 75.9722 2.28654 0
      vertex 76.125 2.38157 0
    endloop
  endfacet
  facet normal -0.999462 -0.032786 0
    outer loop
      vertex 80.25 0 0
      vertex 80.2441 0.179858 5
      vertex 80.2441 0.179858 0
    endloop
  endfacet
  facet normal -0.999462 -0.032786 0
    outer loop
      vertex 80.2441 0.179858 5
      vertex 80.25 0 0
      vertex 80.25 0 5
    endloop
  endfacet
  facet normal -0.956999 0.290091 0
    outer loop
      vertex 80.1041 -0.883958 0
      vertex 80.1563 -0.711752 5
      vertex 80.1563 -0.711752 0
    endloop
  endfacet
  facet normal -0.956999 0.290091 0
    outer loop
      vertex 80.1563 -0.711752 5
      vertex 80.1041 -0.883958 0
      vertex 80.1041 -0.883958 5
    endloop
  endfacet
  facet normal 0.956999 0.290091 0
    outer loop
      vertex 74.8959 -0.883958 5
      vertex 74.8437 -0.711752 0
      vertex 74.8437 -0.711752 5
    endloop
  endfacet
  facet normal 0.956999 0.290091 0
    outer loop
      vertex 74.8437 -0.711752 0
      vertex 74.8959 -0.883958 5
      vertex 74.8959 -0.883958 0
    endloop
  endfacet
  facet normal 0.773187 0.634179 0
    outer loop
      vertex 75.4324 -1.8132 5
      vertex 75.3183 -1.67409 0
      vertex 75.3183 -1.67409 5
    endloop
  endfacet
  facet normal 0.773187 0.634179 0
    outer loop
      vertex 75.3183 -1.67409 0
      vertex 75.4324 -1.8132 5
      vertex 75.4324 -1.8132 0
    endloop
  endfacet
  facet normal -0.0980724 0.995179 0
    outer loop
      vertex 77.8589 -2.72647 0
      vertex 77.6799 -2.74411 5
      vertex 77.8589 -2.72647 5
    endloop
  endfacet
  facet normal -0.0980724 0.995179 0
    outer loop
      vertex 77.6799 -2.74411 5
      vertex 77.8589 -2.72647 0
      vertex 77.6799 -2.74411 0
    endloop
  endfacet
  facet normal -0.986656 -0.162821 0
    outer loop
      vertex 80.2265 0.358947 0
      vertex 80.1972 0.536498 5
      vertex 80.1972 0.536498 0
    endloop
  endfacet
  facet normal -0.986656 -0.162821 0
    outer loop
      vertex 80.1972 0.536498 5
      vertex 80.2265 0.358947 0
      vertex 80.2265 0.358947 5
    endloop
  endfacet
  facet normal -0.910794 -0.412861 0
    outer loop
      vertex 80.0407 1.05238 0
      vertex 79.9664 1.21629 5
      vertex 79.9664 1.21629 0
    endloop
  endfacet
  facet normal -0.910794 -0.412861 0
    outer loop
      vertex 79.9664 1.21629 5
      vertex 80.0407 1.05238 0
      vertex 80.0407 1.05238 5
    endloop
  endfacet
  facet normal -0.973832 -0.227269 0
    outer loop
      vertex 80.1972 0.536498 0
      vertex 80.1563 0.711752 5
      vertex 80.1563 0.711752 0
    endloop
  endfacet
  facet normal -0.973832 -0.227269 0
    outer loop
      vertex 80.1563 0.711752 5
      vertex 80.1972 0.536498 0
      vertex 80.1972 0.536498 5
    endloop
  endfacet
  facet normal -0.849027 -0.52835 0
    outer loop
      vertex 79.8816 1.375 0
      vertex 79.7865 1.52782 5
      vertex 79.7865 1.52782 0
    endloop
  endfacet
  facet normal -0.849027 -0.52835 0
    outer loop
      vertex 79.7865 1.52782 5
      vertex 79.8816 1.375 0
      vertex 79.8816 1.375 5
    endloop
  endfacet
  facet normal -0.683723 -0.729742 0
    outer loop
      vertex 79.3132 2.06756 0
      vertex 79.4445 1.94454 5
      vertex 79.3132 2.06756 5
    endloop
  endfacet
  facet normal -0.683723 -0.729742 -0
    outer loop
      vertex 79.4445 1.94454 5
      vertex 79.3132 2.06756 0
      vertex 79.4445 1.94454 0
    endloop
  endfacet
  facet normal -0.773187 -0.634179 0
    outer loop
      vertex 79.6817 1.67409 0
      vertex 79.5676 1.8132 5
      vertex 79.5676 1.8132 0
    endloop
  endfacet
  facet normal -0.773187 -0.634179 0
    outer loop
      vertex 79.5676 1.8132 5
      vertex 79.6817 1.67409 0
      vertex 79.6817 1.67409 5
    endloop
  endfacet
  facet normal -0.0327229 -0.999464 0
    outer loop
      vertex 77.5 2.75 0
      vertex 77.6799 2.74411 5
      vertex 77.5 2.75 5
    endloop
  endfacet
  facet normal -0.0327229 -0.999464 -0
    outer loop
      vertex 77.6799 2.74411 5
      vertex 77.5 2.75 0
      vertex 77.6799 2.74411 0
    endloop
  endfacet
  facet normal -0.227001 -0.973894 0
    outer loop
      vertex 78.0365 2.69716 0
      vertex 78.2118 2.6563 5
      vertex 78.0365 2.69716 5
    endloop
  endfacet
  facet normal -0.227001 -0.973894 -0
    outer loop
      vertex 78.2118 2.6563 5
      vertex 78.0365 2.69716 0
      vertex 78.2118 2.6563 0
    endloop
  endfacet
  facet normal -0.47141 -0.881914 0
    outer loop
      vertex 78.7163 2.4664 0
      vertex 78.875 2.38157 5
      vertex 78.7163 2.4664 5
    endloop
  endfacet
  facet normal -0.47141 -0.881914 -0
    outer loop
      vertex 78.875 2.38157 5
      vertex 78.7163 2.4664 0
      vertex 78.875 2.38157 0
    endloop
  endfacet
  facet normal -0.412743 -0.910847 0
    outer loop
      vertex 78.5524 2.54067 0
      vertex 78.7163 2.4664 5
      vertex 78.5524 2.54067 5
    endloop
  endfacet
  facet normal -0.412743 -0.910847 -0
    outer loop
      vertex 78.7163 2.4664 5
      vertex 78.5524 2.54067 0
      vertex 78.7163 2.4664 0
    endloop
  endfacet
  facet normal -0.634405 -0.773001 0
    outer loop
      vertex 79.1741 2.18172 0
      vertex 79.3132 2.06756 5
      vertex 79.1741 2.18172 5
    endloop
  endfacet
  facet normal -0.634405 -0.773001 -0
    outer loop
      vertex 79.3132 2.06756 5
      vertex 79.1741 2.18172 0
      vertex 79.3132 2.06756 0
    endloop
  endfacet
  facet normal 0.999462 -0.032786 0
    outer loop
      vertex 74.75 0 5
      vertex 74.7559 0.179858 0
      vertex 74.7559 0.179858 5
    endloop
  endfacet
  facet normal 0.999462 -0.032786 0
    outer loop
      vertex 74.7559 0.179858 0
      vertex 74.75 0 5
      vertex 74.75 0 0
    endloop
  endfacet
  facet normal 0.910794 -0.412861 0
    outer loop
      vertex 74.9593 1.05238 5
      vertex 75.0336 1.21629 0
      vertex 75.0336 1.21629 5
    endloop
  endfacet
  facet normal 0.910794 -0.412861 0
    outer loop
      vertex 75.0336 1.21629 0
      vertex 74.9593 1.05238 5
      vertex 74.9593 1.05238 0
    endloop
  endfacet
  facet normal 0.812888 -0.58242 0
    outer loop
      vertex 75.2135 1.52782 5
      vertex 75.3183 1.67409 0
      vertex 75.3183 1.67409 5
    endloop
  endfacet
  facet normal 0.812888 -0.58242 0
    outer loop
      vertex 75.3183 1.67409 0
      vertex 75.2135 1.52782 5
      vertex 75.2135 1.52782 0
    endloop
  endfacet
  facet normal 0.352293 -0.93589 0
    outer loop
      vertex 76.4476 2.54067 0
      vertex 76.616 2.60406 5
      vertex 76.4476 2.54067 5
    endloop
  endfacet
  facet normal 0.352293 -0.93589 0
    outer loop
      vertex 76.616 2.60406 5
      vertex 76.4476 2.54067 0
      vertex 76.616 2.60406 0
    endloop
  endfacet
  facet normal 0.47141 -0.881914 0
    outer loop
      vertex 76.125 2.38157 0
      vertex 76.2837 2.4664 5
      vertex 76.125 2.38157 5
    endloop
  endfacet
  facet normal 0.47141 -0.881914 0
    outer loop
      vertex 76.2837 2.4664 5
      vertex 76.125 2.38157 0
      vertex 76.2837 2.4664 0
    endloop
  endfacet
  facet normal 0.683723 -0.729742 0
    outer loop
      vertex 75.5555 1.94454 0
      vertex 75.6868 2.06756 5
      vertex 75.5555 1.94454 5
    endloop
  endfacet
  facet normal 0.683723 -0.729742 0
    outer loop
      vertex 75.6868 2.06756 5
      vertex 75.5555 1.94454 0
      vertex 75.6868 2.06756 0
    endloop
  endfacet
  facet normal 0.729624 -0.683849 0
    outer loop
      vertex 75.4324 1.8132 5
      vertex 75.5555 1.94454 0
      vertex 75.5555 1.94454 5
    endloop
  endfacet
  facet normal 0.729624 -0.683849 0
    outer loop
      vertex 75.5555 1.94454 0
      vertex 75.4324 1.8132 5
      vertex 75.4324 1.8132 0
    endloop
  endfacet
  facet normal -0.995206 0.097804 0
    outer loop
      vertex 80.2265 -0.358947 0
      vertex 80.2441 -0.179858 5
      vertex 80.2441 -0.179858 0
    endloop
  endfacet
  facet normal -0.995206 0.097804 0
    outer loop
      vertex 80.2441 -0.179858 5
      vertex 80.2265 -0.358947 0
      vertex 80.2265 -0.358947 5
    endloop
  endfacet
  facet normal -0.986656 0.162821 0
    outer loop
      vertex 80.1972 -0.536498 0
      vertex 80.2265 -0.358947 5
      vertex 80.2265 -0.358947 0
    endloop
  endfacet
  facet normal -0.986656 0.162821 0
    outer loop
      vertex 80.2265 -0.358947 5
      vertex 80.1972 -0.536498 0
      vertex 80.1972 -0.536498 5
    endloop
  endfacet
  facet normal -0.881996 0.471257 0
    outer loop
      vertex 79.8816 -1.375 0
      vertex 79.9664 -1.21629 5
      vertex 79.9664 -1.21629 0
    endloop
  endfacet
  facet normal -0.881996 0.471257 0
    outer loop
      vertex 79.9664 -1.21629 5
      vertex 79.8816 -1.375 0
      vertex 79.8816 -1.375 5
    endloop
  endfacet
  facet normal -0.935887 0.352301 0
    outer loop
      vertex 80.0407 -1.05238 0
      vertex 80.1041 -0.883958 5
      vertex 80.1041 -0.883958 0
    endloop
  endfacet
  facet normal -0.935887 0.352301 0
    outer loop
      vertex 80.1041 -0.883958 5
      vertex 80.0407 -1.05238 0
      vertex 80.0407 -1.05238 5
    endloop
  endfacet
  facet normal -0.634405 0.773001 0
    outer loop
      vertex 79.3132 -2.06756 0
      vertex 79.1741 -2.18172 5
      vertex 79.3132 -2.06756 5
    endloop
  endfacet
  facet normal -0.634405 0.773001 0
    outer loop
      vertex 79.1741 -2.18172 5
      vertex 79.3132 -2.06756 0
      vertex 79.1741 -2.18172 0
    endloop
  endfacet
  facet normal -0.773187 0.634179 0
    outer loop
      vertex 79.5676 -1.8132 0
      vertex 79.6817 -1.67409 5
      vertex 79.6817 -1.67409 0
    endloop
  endfacet
  facet normal -0.773187 0.634179 0
    outer loop
      vertex 79.6817 -1.67409 5
      vertex 79.5676 -1.8132 0
      vertex 79.5676 -1.8132 5
    endloop
  endfacet
  facet normal -0.849027 0.52835 0
    outer loop
      vertex 79.7865 -1.52782 0
      vertex 79.8816 -1.375 5
      vertex 79.8816 -1.375 0
    endloop
  endfacet
  facet normal -0.849027 0.52835 0
    outer loop
      vertex 79.8816 -1.375 5
      vertex 79.7865 -1.52782 0
      vertex 79.7865 -1.52782 5
    endloop
  endfacet
  facet normal 0.0327229 0.999464 -0
    outer loop
      vertex 77.5 -2.75 0
      vertex 77.3201 -2.74411 5
      vertex 77.5 -2.75 5
    endloop
  endfacet
  facet normal 0.0327229 0.999464 0
    outer loop
      vertex 77.3201 -2.74411 5
      vertex 77.5 -2.75 0
      vertex 77.3201 -2.74411 0
    endloop
  endfacet
  facet normal 0.0980724 0.995179 -0
    outer loop
      vertex 77.3201 -2.74411 0
      vertex 77.1411 -2.72647 5
      vertex 77.3201 -2.74411 5
    endloop
  endfacet
  facet normal 0.0980724 0.995179 0
    outer loop
      vertex 77.1411 -2.72647 5
      vertex 77.3201 -2.74411 0
      vertex 77.1411 -2.72647 0
    endloop
  endfacet
  facet normal 0.995206 0.097804 0
    outer loop
      vertex 74.7735 -0.358947 5
      vertex 74.7559 -0.179858 0
      vertex 74.7559 -0.179858 5
    endloop
  endfacet
  facet normal 0.995206 0.097804 0
    outer loop
      vertex 74.7559 -0.179858 0
      vertex 74.7735 -0.358947 5
      vertex 74.7735 -0.358947 0
    endloop
  endfacet
  facet normal 0.986656 0.162821 0
    outer loop
      vertex 74.8028 -0.536498 5
      vertex 74.7735 -0.358947 0
      vertex 74.7735 -0.358947 5
    endloop
  endfacet
  facet normal 0.986656 0.162821 0
    outer loop
      vertex 74.7735 -0.358947 0
      vertex 74.8028 -0.536498 5
      vertex 74.8028 -0.536498 0
    endloop
  endfacet
  facet normal 0.729624 0.683849 0
    outer loop
      vertex 75.5555 -1.94454 5
      vertex 75.4324 -1.8132 0
      vertex 75.4324 -1.8132 5
    endloop
  endfacet
  facet normal 0.729624 0.683849 0
    outer loop
      vertex 75.4324 -1.8132 0
      vertex 75.5555 -1.94454 5
      vertex 75.5555 -1.94454 0
    endloop
  endfacet
  facet normal -0.290304 0.956935 0
    outer loop
      vertex 78.384 -2.60406 0
      vertex 78.2118 -2.6563 5
      vertex 78.384 -2.60406 5
    endloop
  endfacet
  facet normal -0.290304 0.956935 0
    outer loop
      vertex 78.2118 -2.6563 5
      vertex 78.384 -2.60406 0
      vertex 78.2118 -2.6563 0
    endloop
  endfacet
  facet normal -0.412743 0.910847 0
    outer loop
      vertex 78.7163 -2.4664 0
      vertex 78.5524 -2.54067 5
      vertex 78.7163 -2.4664 5
    endloop
  endfacet
  facet normal -0.412743 0.910847 0
    outer loop
      vertex 78.5524 -2.54067 5
      vertex 78.7163 -2.4664 0
      vertex 78.5524 -2.54067 0
    endloop
  endfacet
  facet normal -0.956999 -0.290091 0
    outer loop
      vertex 80.1563 0.711752 0
      vertex 80.1041 0.883958 5
      vertex 80.1041 0.883958 0
    endloop
  endfacet
  facet normal -0.956999 -0.290091 0
    outer loop
      vertex 80.1041 0.883958 5
      vertex 80.1563 0.711752 0
      vertex 80.1563 0.711752 5
    endloop
  endfacet
  facet normal 0.999462 0.032786 0
    outer loop
      vertex 74.7559 -0.179858 5
      vertex 74.75 0 0
      vertex 74.75 0 5
    endloop
  endfacet
  facet normal 0.999462 0.032786 0
    outer loop
      vertex 74.75 0 0
      vertex 74.7559 -0.179858 5
      vertex 74.7559 -0.179858 0
    endloop
  endfacet
  facet normal 0.973832 -0.227269 0
    outer loop
      vertex 74.8028 0.536498 5
      vertex 74.8437 0.711752 0
      vertex 74.8437 0.711752 5
    endloop
  endfacet
  facet normal 0.973832 -0.227269 0
    outer loop
      vertex 74.8437 0.711752 0
      vertex 74.8028 0.536498 5
      vertex 74.8028 0.536498 0
    endloop
  endfacet
  facet normal 0.881996 -0.471257 0
    outer loop
      vertex 75.0336 1.21629 5
      vertex 75.1184 1.375 0
      vertex 75.1184 1.375 5
    endloop
  endfacet
  facet normal 0.881996 -0.471257 0
    outer loop
      vertex 75.1184 1.375 0
      vertex 75.0336 1.21629 5
      vertex 75.0336 1.21629 0
    endloop
  endfacet
  facet normal 0.290304 -0.956935 0
    outer loop
      vertex 76.616 2.60406 0
      vertex 76.7882 2.6563 5
      vertex 76.616 2.60406 5
    endloop
  endfacet
  facet normal 0.290304 -0.956935 0
    outer loop
      vertex 76.7882 2.6563 5
      vertex 76.616 2.60406 0
      vertex 76.7882 2.6563 0
    endloop
  endfacet
  facet normal 0.162831 -0.986654 0
    outer loop
      vertex 76.9635 2.69716 0
      vertex 77.1411 2.72647 5
      vertex 76.9635 2.69716 5
    endloop
  endfacet
  facet normal 0.162831 -0.986654 0
    outer loop
      vertex 77.1411 2.72647 5
      vertex 76.9635 2.69716 0
      vertex 77.1411 2.72647 0
    endloop
  endfacet
  facet normal -0.973832 0.227269 0
    outer loop
      vertex 80.1563 -0.711752 0
      vertex 80.1972 -0.536498 5
      vertex 80.1972 -0.536498 0
    endloop
  endfacet
  facet normal -0.973832 0.227269 0
    outer loop
      vertex 80.1972 -0.536498 5
      vertex 80.1563 -0.711752 0
      vertex 80.1563 -0.711752 5
    endloop
  endfacet
  facet normal -0.582415 0.812892 0
    outer loop
      vertex 79.1741 -2.18172 0
      vertex 79.0278 -2.28654 5
      vertex 79.1741 -2.18172 5
    endloop
  endfacet
  facet normal -0.582415 0.812892 0
    outer loop
      vertex 79.0278 -2.28654 5
      vertex 79.1741 -2.18172 0
      vertex 79.0278 -2.28654 0
    endloop
  endfacet
  facet normal -0.683723 0.729742 0
    outer loop
      vertex 79.4445 -1.94454 0
      vertex 79.3132 -2.06756 5
      vertex 79.4445 -1.94454 5
    endloop
  endfacet
  facet normal -0.683723 0.729742 0
    outer loop
      vertex 79.3132 -2.06756 5
      vertex 79.4445 -1.94454 0
      vertex 79.3132 -2.06756 0
    endloop
  endfacet
  facet normal 0.290304 0.956935 -0
    outer loop
      vertex 76.7882 -2.6563 0
      vertex 76.616 -2.60406 5
      vertex 76.7882 -2.6563 5
    endloop
  endfacet
  facet normal 0.290304 0.956935 0
    outer loop
      vertex 76.616 -2.60406 5
      vertex 76.7882 -2.6563 0
      vertex 76.616 -2.60406 0
    endloop
  endfacet
  facet normal 0.162831 0.986654 -0
    outer loop
      vertex 77.1411 -2.72647 0
      vertex 76.9635 -2.69716 5
      vertex 77.1411 -2.72647 5
    endloop
  endfacet
  facet normal 0.162831 0.986654 0
    outer loop
      vertex 76.9635 -2.69716 5
      vertex 77.1411 -2.72647 0
      vertex 76.9635 -2.69716 0
    endloop
  endfacet
  facet normal 0.973832 0.227269 0
    outer loop
      vertex 74.8437 -0.711752 5
      vertex 74.8028 -0.536498 0
      vertex 74.8028 -0.536498 5
    endloop
  endfacet
  facet normal 0.973832 0.227269 0
    outer loop
      vertex 74.8028 -0.536498 0
      vertex 74.8437 -0.711752 5
      vertex 74.8437 -0.711752 0
    endloop
  endfacet
  facet normal 0.910794 0.412861 0
    outer loop
      vertex 75.0336 -1.21629 5
      vertex 74.9593 -1.05238 0
      vertex 74.9593 -1.05238 5
    endloop
  endfacet
  facet normal 0.910794 0.412861 0
    outer loop
      vertex 74.9593 -1.05238 0
      vertex 75.0336 -1.21629 5
      vertex 75.0336 -1.21629 0
    endloop
  endfacet
  facet normal 0.812888 0.58242 0
    outer loop
      vertex 75.3183 -1.67409 5
      vertex 75.2135 -1.52782 0
      vertex 75.2135 -1.52782 5
    endloop
  endfacet
  facet normal 0.812888 0.58242 0
    outer loop
      vertex 75.2135 -1.52782 0
      vertex 75.3183 -1.67409 5
      vertex 75.3183 -1.67409 0
    endloop
  endfacet
  facet normal 0.683723 0.729742 -0
    outer loop
      vertex 75.6868 -2.06756 0
      vertex 75.5555 -1.94454 5
      vertex 75.6868 -2.06756 5
    endloop
  endfacet
  facet normal 0.683723 0.729742 0
    outer loop
      vertex 75.5555 -1.94454 5
      vertex 75.6868 -2.06756 0
      vertex 75.5555 -1.94454 0
    endloop
  endfacet
  facet normal -0.352293 0.93589 0
    outer loop
      vertex 78.5524 -2.54067 0
      vertex 78.384 -2.60406 5
      vertex 78.5524 -2.54067 5
    endloop
  endfacet
  facet normal -0.352293 0.93589 0
    outer loop
      vertex 78.384 -2.60406 5
      vertex 78.5524 -2.54067 0
      vertex 78.384 -2.60406 0
    endloop
  endfacet
  facet normal -0.910794 0.412861 0
    outer loop
      vertex 79.9664 -1.21629 0
      vertex 80.0407 -1.05238 5
      vertex 80.0407 -1.05238 0
    endloop
  endfacet
  facet normal -0.910794 0.412861 0
    outer loop
      vertex 80.0407 -1.05238 5
      vertex 79.9664 -1.21629 0
      vertex 79.9664 -1.21629 5
    endloop
  endfacet
  facet normal -0.729624 0.683849 0
    outer loop
      vertex 79.4445 -1.94454 0
      vertex 79.5676 -1.8132 5
      vertex 79.5676 -1.8132 0
    endloop
  endfacet
  facet normal -0.729624 0.683849 0
    outer loop
      vertex 79.5676 -1.8132 5
      vertex 79.4445 -1.94454 0
      vertex 79.4445 -1.94454 5
    endloop
  endfacet
  facet normal -0.528119 0.84917 0
    outer loop
      vertex 79.0278 -2.28654 0
      vertex 78.875 -2.38157 5
      vertex 79.0278 -2.28654 5
    endloop
  endfacet
  facet normal -0.528119 0.84917 0
    outer loop
      vertex 78.875 -2.38157 5
      vertex 79.0278 -2.28654 0
      vertex 78.875 -2.38157 0
    endloop
  endfacet
  facet normal -0.47141 0.881914 0
    outer loop
      vertex 78.875 -2.38157 0
      vertex 78.7163 -2.4664 5
      vertex 78.875 -2.38157 5
    endloop
  endfacet
  facet normal -0.47141 0.881914 0
    outer loop
      vertex 78.7163 -2.4664 5
      vertex 78.875 -2.38157 0
      vertex 78.7163 -2.4664 0
    endloop
  endfacet
  facet normal -0.812888 0.58242 0
    outer loop
      vertex 79.6817 -1.67409 0
      vertex 79.7865 -1.52782 5
      vertex 79.7865 -1.52782 0
    endloop
  endfacet
  facet normal -0.812888 0.58242 0
    outer loop
      vertex 79.7865 -1.52782 5
      vertex 79.6817 -1.67409 0
      vertex 79.6817 -1.67409 5
    endloop
  endfacet
  facet normal -0.0327229 0.999464 0
    outer loop
      vertex 77.6799 -2.74411 0
      vertex 77.5 -2.75 5
      vertex 77.6799 -2.74411 5
    endloop
  endfacet
  facet normal -0.0327229 0.999464 0
    outer loop
      vertex 77.5 -2.75 5
      vertex 77.6799 -2.74411 0
      vertex 77.5 -2.75 0
    endloop
  endfacet
  facet normal 0.528119 0.84917 -0
    outer loop
      vertex 76.125 -2.38157 0
      vertex 75.9722 -2.28654 5
      vertex 76.125 -2.38157 5
    endloop
  endfacet
  facet normal 0.528119 0.84917 0
    outer loop
      vertex 75.9722 -2.28654 5
      vertex 76.125 -2.38157 0
      vertex 75.9722 -2.28654 0
    endloop
  endfacet
  facet normal 0.352293 0.93589 -0
    outer loop
      vertex 76.616 -2.60406 0
      vertex 76.4476 -2.54067 5
      vertex 76.616 -2.60406 5
    endloop
  endfacet
  facet normal 0.352293 0.93589 0
    outer loop
      vertex 76.4476 -2.54067 5
      vertex 76.616 -2.60406 0
      vertex 76.4476 -2.54067 0
    endloop
  endfacet
  facet normal 0.47141 0.881914 -0
    outer loop
      vertex 76.2837 -2.4664 0
      vertex 76.125 -2.38157 5
      vertex 76.2837 -2.4664 5
    endloop
  endfacet
  facet normal 0.47141 0.881914 0
    outer loop
      vertex 76.125 -2.38157 5
      vertex 76.2837 -2.4664 0
      vertex 76.125 -2.38157 0
    endloop
  endfacet
  facet normal 0.227001 0.973894 -0
    outer loop
      vertex 76.9635 -2.69716 0
      vertex 76.7882 -2.6563 5
      vertex 76.9635 -2.69716 5
    endloop
  endfacet
  facet normal 0.227001 0.973894 0
    outer loop
      vertex 76.7882 -2.6563 5
      vertex 76.9635 -2.69716 0
      vertex 76.7882 -2.6563 0
    endloop
  endfacet
  facet normal 0.935887 0.352301 0
    outer loop
      vertex 74.9593 -1.05238 5
      vertex 74.8959 -0.883958 0
      vertex 74.8959 -0.883958 5
    endloop
  endfacet
  facet normal 0.935887 0.352301 0
    outer loop
      vertex 74.8959 -0.883958 0
      vertex 74.9593 -1.05238 5
      vertex 74.9593 -1.05238 0
    endloop
  endfacet
  facet normal 0.849027 0.52835 0
    outer loop
      vertex 75.2135 -1.52782 5
      vertex 75.1184 -1.375 0
      vertex 75.1184 -1.375 5
    endloop
  endfacet
  facet normal 0.849027 0.52835 0
    outer loop
      vertex 75.1184 -1.375 0
      vertex 75.2135 -1.52782 5
      vertex 75.2135 -1.52782 0
    endloop
  endfacet
  facet normal 0.881996 0.471257 0
    outer loop
      vertex 75.1184 -1.375 5
      vertex 75.0336 -1.21629 0
      vertex 75.0336 -1.21629 5
    endloop
  endfacet
  facet normal 0.881996 0.471257 0
    outer loop
      vertex 75.0336 -1.21629 0
      vertex 75.1184 -1.375 5
      vertex 75.1184 -1.375 0
    endloop
  endfacet
  facet normal -0.227001 0.973894 0
    outer loop
      vertex 78.2118 -2.6563 0
      vertex 78.0365 -2.69716 5
      vertex 78.2118 -2.6563 5
    endloop
  endfacet
  facet normal -0.227001 0.973894 0
    outer loop
      vertex 78.0365 -2.69716 5
      vertex 78.2118 -2.6563 0
      vertex 78.0365 -2.69716 0
    endloop
  endfacet
  facet normal -0.162831 0.986654 0
    outer loop
      vertex 78.0365 -2.69716 0
      vertex 77.8589 -2.72647 5
      vertex 78.0365 -2.69716 5
    endloop
  endfacet
  facet normal -0.162831 0.986654 0
    outer loop
      vertex 77.8589 -2.72647 5
      vertex 78.0365 -2.69716 0
      vertex 77.8589 -2.72647 0
    endloop
  endfacet
  facet normal 0.582415 0.812892 -0
    outer loop
      vertex 75.9722 -2.28654 0
      vertex 75.8259 -2.18172 5
      vertex 75.9722 -2.28654 5
    endloop
  endfacet
  facet normal 0.582415 0.812892 0
    outer loop
      vertex 75.8259 -2.18172 5
      vertex 75.9722 -2.28654 0
      vertex 75.8259 -2.18172 0
    endloop
  endfacet
  facet normal 0.412743 0.910847 -0
    outer loop
      vertex 76.4476 -2.54067 0
      vertex 76.2837 -2.4664 5
      vertex 76.4476 -2.54067 5
    endloop
  endfacet
  facet normal 0.412743 0.910847 0
    outer loop
      vertex 76.2837 -2.4664 5
      vertex 76.4476 -2.54067 0
      vertex 76.2837 -2.4664 0
    endloop
  endfacet
  facet normal -0.0327784 -0.999463 0
    outer loop
      vertex 38.75 69.867 0
      vertex 38.9299 69.8611 5
      vertex 38.75 69.867 5
    endloop
  endfacet
  facet normal -0.0327784 -0.999463 -0
    outer loop
      vertex 38.9299 69.8611 5
      vertex 38.75 69.867 0
      vertex 38.9299 69.8611 0
    endloop
  endfacet
  facet normal 0.634538 -0.772892 0
    outer loop
      vertex 36.9368 69.1845 0
      vertex 37.0759 69.2987 5
      vertex 36.9368 69.1845 5
    endloop
  endfacet
  facet normal 0.634538 -0.772892 0
    outer loop
      vertex 37.0759 69.2987 5
      vertex 36.9368 69.1845 0
      vertex 37.0759 69.2987 0
    endloop
  endfacet
  facet normal 0.995206 -0.097798 0
    outer loop
      vertex 36.0059 67.2968 5
      vertex 36.0235 67.4759 0
      vertex 36.0235 67.4759 5
    endloop
  endfacet
  facet normal 0.995206 -0.097798 0
    outer loop
      vertex 36.0235 67.4759 0
      vertex 36.0059 67.2968 5
      vertex 36.0059 67.2968 0
    endloop
  endfacet
  facet normal 0.773164 0.634206 0
    outer loop
      vertex 36.6824 65.3038 5
      vertex 36.5683 65.4429 0
      vertex 36.5683 65.4429 5
    endloop
  endfacet
  facet normal 0.773164 0.634206 0
    outer loop
      vertex 36.5683 65.4429 0
      vertex 36.6824 65.3038 5
      vertex 36.6824 65.3038 0
    endloop
  endfacet
  facet normal 0.812944 -0.582341 0
    outer loop
      vertex 36.4635 68.6448 5
      vertex 36.5683 68.7911 0
      vertex 36.5683 68.7911 5
    endloop
  endfacet
  facet normal 0.812944 -0.582341 0
    outer loop
      vertex 36.5683 68.7911 0
      vertex 36.4635 68.6448 5
      vertex 36.4635 68.6448 0
    endloop
  endfacet
  facet normal 0.471713 -0.881752 0
    outer loop
      vertex 37.375 69.4985 0
      vertex 37.5337 69.5834 5
      vertex 37.375 69.4985 5
    endloop
  endfacet
  facet normal 0.471713 -0.881752 0
    outer loop
      vertex 37.5337 69.5834 5
      vertex 37.375 69.4985 0
      vertex 37.5337 69.5834 0
    endloop
  endfacet
  facet normal 0.935872 0.352341 0
    outer loop
      vertex 36.2093 66.0646 5
      vertex 36.1459 66.233 0
      vertex 36.1459 66.233 5
    endloop
  endfacet
  facet normal 0.935872 0.352341 0
    outer loop
      vertex 36.1459 66.233 0
      vertex 36.2093 66.0646 5
      vertex 36.2093 66.0646 0
    endloop
  endfacet
  facet normal 0.956996 -0.2901 0
    outer loop
      vertex 36.0937 67.8287 5
      vertex 36.1459 68.0009 0
      vertex 36.1459 68.0009 5
    endloop
  endfacet
  facet normal 0.956996 -0.2901 0
    outer loop
      vertex 36.1459 68.0009 0
      vertex 36.0937 67.8287 5
      vertex 36.0937 67.8287 0
    endloop
  endfacet
  facet normal -0.773164 -0.634206 0
    outer loop
      vertex 40.9317 68.7911 0
      vertex 40.8176 68.9302 5
      vertex 40.8176 68.9302 0
    endloop
  endfacet
  facet normal -0.773164 -0.634206 0
    outer loop
      vertex 40.8176 68.9302 5
      vertex 40.9317 68.7911 0
      vertex 40.9317 68.7911 5
    endloop
  endfacet
  facet normal -0.162777 -0.986663 0
    outer loop
      vertex 39.1089 69.8434 0
      vertex 39.2865 69.8141 5
      vertex 39.1089 69.8434 5
    endloop
  endfacet
  facet normal -0.162777 -0.986663 -0
    outer loop
      vertex 39.2865 69.8141 5
      vertex 39.1089 69.8434 0
      vertex 39.2865 69.8141 0
    endloop
  endfacet
  facet normal 0.0984028 -0.995147 0
    outer loop
      vertex 38.3911 69.8434 0
      vertex 38.5701 69.8611 5
      vertex 38.3911 69.8434 5
    endloop
  endfacet
  facet normal 0.0984028 -0.995147 0
    outer loop
      vertex 38.5701 69.8611 5
      vertex 38.3911 69.8434 0
      vertex 38.5701 69.8611 0
    endloop
  endfacet
  facet normal 0.226685 -0.973968 0
    outer loop
      vertex 38.0382 69.7733 0
      vertex 38.2135 69.8141 5
      vertex 38.0382 69.7733 5
    endloop
  endfacet
  facet normal 0.226685 -0.973968 0
    outer loop
      vertex 38.2135 69.8141 5
      vertex 38.0382 69.7733 0
      vertex 38.2135 69.8141 0
    endloop
  endfacet
  facet normal 0.881983 -0.47128 0
    outer loop
      vertex 36.2836 68.3333 5
      vertex 36.3684 68.492 0
      vertex 36.3684 68.492 5
    endloop
  endfacet
  facet normal 0.881983 -0.47128 0
    outer loop
      vertex 36.3684 68.492 0
      vertex 36.2836 68.3333 5
      vertex 36.2836 68.3333 0
    endloop
  endfacet
  facet normal 0.773164 -0.634206 0
    outer loop
      vertex 36.5683 68.7911 5
      vertex 36.6824 68.9302 0
      vertex 36.6824 68.9302 5
    endloop
  endfacet
  facet normal 0.773164 -0.634206 0
    outer loop
      vertex 36.6824 68.9302 0
      vertex 36.5683 68.7911 5
      vertex 36.5683 68.7911 0
    endloop
  endfacet
  facet normal 0.412421 -0.910994 0
    outer loop
      vertex 37.5337 69.5834 0
      vertex 37.6976 69.6576 5
      vertex 37.5337 69.5834 5
    endloop
  endfacet
  facet normal 0.412421 -0.910994 0
    outer loop
      vertex 37.6976 69.6576 5
      vertex 37.5337 69.5834 0
      vertex 37.6976 69.6576 0
    endloop
  endfacet
  facet normal 0.527999 -0.849245 0
    outer loop
      vertex 37.2222 69.4035 0
      vertex 37.375 69.4985 5
      vertex 37.2222 69.4035 5
    endloop
  endfacet
  facet normal 0.527999 -0.849245 0
    outer loop
      vertex 37.375 69.4985 5
      vertex 37.2222 69.4035 0
      vertex 37.375 69.4985 0
    endloop
  endfacet
  facet normal 0.849151 0.528151 0
    outer loop
      vertex 36.4635 65.5891 5
      vertex 36.3684 65.742 0
      vertex 36.3684 65.742 5
    endloop
  endfacet
  facet normal 0.849151 0.528151 0
    outer loop
      vertex 36.3684 65.742 0
      vertex 36.4635 65.5891 5
      vertex 36.4635 65.5891 0
    endloop
  endfacet
  facet normal 0.973817 -0.227335 0
    outer loop
      vertex 36.0528 67.6535 5
      vertex 36.0937 67.8287 0
      vertex 36.0937 67.8287 5
    endloop
  endfacet
  facet normal 0.973817 -0.227335 0
    outer loop
      vertex 36.0937 67.8287 0
      vertex 36.0528 67.6535 5
      vertex 36.0528 67.6535 0
    endloop
  endfacet
  facet normal 0.910879 -0.412673 0
    outer loop
      vertex 36.2093 68.1693 5
      vertex 36.2836 68.3333 0
      vertex 36.2836 68.3333 5
    endloop
  endfacet
  facet normal 0.910879 -0.412673 0
    outer loop
      vertex 36.2836 68.3333 0
      vertex 36.2093 68.1693 5
      vertex 36.2093 68.1693 0
    endloop
  endfacet
  facet normal -0.471713 -0.881752 0
    outer loop
      vertex 39.9663 69.5834 0
      vertex 40.125 69.4985 5
      vertex 39.9663 69.5834 5
    endloop
  endfacet
  facet normal -0.471713 -0.881752 -0
    outer loop
      vertex 40.125 69.4985 5
      vertex 39.9663 69.5834 0
      vertex 40.125 69.4985 0
    endloop
  endfacet
  facet normal -0.582341 -0.812944 0
    outer loop
      vertex 40.2778 69.4035 0
      vertex 40.4241 69.2987 5
      vertex 40.2778 69.4035 5
    endloop
  endfacet
  facet normal -0.582341 -0.812944 -0
    outer loop
      vertex 40.4241 69.2987 5
      vertex 40.2778 69.4035 0
      vertex 40.4241 69.2987 0
    endloop
  endfacet
  facet normal -0.683664 -0.729797 0
    outer loop
      vertex 40.5632 69.1845 0
      vertex 40.6945 69.0615 5
      vertex 40.5632 69.1845 5
    endloop
  endfacet
  facet normal -0.683664 -0.729797 -0
    outer loop
      vertex 40.6945 69.0615 5
      vertex 40.5632 69.1845 0
      vertex 40.6945 69.0615 0
    endloop
  endfacet
  facet normal 0.0327784 0.999463 -0
    outer loop
      vertex 38.75 64.367 0
      vertex 38.5701 64.3729 5
      vertex 38.75 64.367 5
    endloop
  endfacet
  facet normal 0.0327784 0.999463 0
    outer loop
      vertex 38.5701 64.3729 5
      vertex 38.75 64.367 0
      vertex 38.5701 64.3729 0
    endloop
  endfacet
  facet normal -0.910785 0.412882 0
    outer loop
      vertex 41.2164 65.9007 0
      vertex 41.2907 66.0646 5
      vertex 41.2907 66.0646 0
    endloop
  endfacet
  facet normal -0.910785 0.412882 0
    outer loop
      vertex 41.2907 66.0646 5
      vertex 41.2164 65.9007 0
      vertex 41.2164 65.9007 5
    endloop
  endfacet
  facet normal -0.935872 0.352341 0
    outer loop
      vertex 41.2907 66.0646 0
      vertex 41.3541 66.233 5
      vertex 41.3541 66.233 0
    endloop
  endfacet
  facet normal -0.935872 0.352341 0
    outer loop
      vertex 41.3541 66.233 5
      vertex 41.2907 66.0646 0
      vertex 41.2907 66.0646 5
    endloop
  endfacet
  facet normal -0.412421 -0.910994 0
    outer loop
      vertex 39.8024 69.6576 0
      vertex 39.9663 69.5834 5
      vertex 39.8024 69.6576 5
    endloop
  endfacet
  facet normal -0.412421 -0.910994 -0
    outer loop
      vertex 39.9663 69.5834 5
      vertex 39.8024 69.6576 0
      vertex 39.9663 69.5834 0
    endloop
  endfacet
  facet normal -0.0984028 -0.995147 0
    outer loop
      vertex 38.9299 69.8611 0
      vertex 39.1089 69.8434 5
      vertex 38.9299 69.8611 5
    endloop
  endfacet
  facet normal -0.0984028 -0.995147 -0
    outer loop
      vertex 39.1089 69.8434 5
      vertex 38.9299 69.8611 0
      vertex 39.1089 69.8434 0
    endloop
  endfacet
  facet normal -0.352341 -0.935872 0
    outer loop
      vertex 39.634 69.721 0
      vertex 39.8024 69.6576 5
      vertex 39.634 69.721 5
    endloop
  endfacet
  facet normal -0.352341 -0.935872 -0
    outer loop
      vertex 39.8024 69.6576 5
      vertex 39.634 69.721 0
      vertex 39.8024 69.6576 0
    endloop
  endfacet
  facet normal 0.290609 -0.956842 0
    outer loop
      vertex 37.866 69.721 0
      vertex 38.0382 69.7733 5
      vertex 37.866 69.721 5
    endloop
  endfacet
  facet normal 0.290609 -0.956842 0
    outer loop
      vertex 38.0382 69.7733 5
      vertex 37.866 69.721 0
      vertex 38.0382 69.7733 0
    endloop
  endfacet
  facet normal 0.0327784 -0.999463 0
    outer loop
      vertex 38.5701 69.8611 0
      vertex 38.75 69.867 5
      vertex 38.5701 69.8611 5
    endloop
  endfacet
  facet normal 0.0327784 -0.999463 0
    outer loop
      vertex 38.75 69.867 5
      vertex 38.5701 69.8611 0
      vertex 38.75 69.867 0
    endloop
  endfacet
  facet normal 0.162777 -0.986663 0
    outer loop
      vertex 38.2135 69.8141 0
      vertex 38.3911 69.8434 5
      vertex 38.2135 69.8141 5
    endloop
  endfacet
  facet normal 0.162777 -0.986663 0
    outer loop
      vertex 38.3911 69.8434 5
      vertex 38.2135 69.8141 0
      vertex 38.3911 69.8434 0
    endloop
  endfacet
  facet normal 0.72952 -0.68396 0
    outer loop
      vertex 36.6824 68.9302 5
      vertex 36.8055 69.0615 0
      vertex 36.8055 69.0615 5
    endloop
  endfacet
  facet normal 0.72952 -0.68396 0
    outer loop
      vertex 36.8055 69.0615 0
      vertex 36.6824 68.9302 5
      vertex 36.6824 68.9302 0
    endloop
  endfacet
  facet normal 0.683664 -0.729797 0
    outer loop
      vertex 36.8055 69.0615 0
      vertex 36.9368 69.1845 5
      vertex 36.8055 69.0615 5
    endloop
  endfacet
  facet normal 0.683664 -0.729797 0
    outer loop
      vertex 36.9368 69.1845 5
      vertex 36.8055 69.0615 0
      vertex 36.9368 69.1845 0
    endloop
  endfacet
  facet normal 0.848996 -0.5284 0
    outer loop
      vertex 36.3684 68.492 5
      vertex 36.4635 68.6448 0
      vertex 36.4635 68.6448 5
    endloop
  endfacet
  facet normal 0.848996 -0.5284 0
    outer loop
      vertex 36.4635 68.6448 0
      vertex 36.3684 68.492 5
      vertex 36.3684 68.492 0
    endloop
  endfacet
  facet normal 0.582341 -0.812944 0
    outer loop
      vertex 37.0759 69.2987 0
      vertex 37.2222 69.4035 5
      vertex 37.0759 69.2987 5
    endloop
  endfacet
  facet normal 0.582341 -0.812944 0
    outer loop
      vertex 37.2222 69.4035 5
      vertex 37.0759 69.2987 0
      vertex 37.2222 69.4035 0
    endloop
  endfacet
  facet normal 0.352341 -0.935872 0
    outer loop
      vertex 37.6976 69.6576 0
      vertex 37.866 69.721 5
      vertex 37.6976 69.6576 5
    endloop
  endfacet
  facet normal 0.352341 -0.935872 0
    outer loop
      vertex 37.866 69.721 5
      vertex 37.6976 69.6576 0
      vertex 37.866 69.721 0
    endloop
  endfacet
  facet normal 0.72978 0.683682 0
    outer loop
      vertex 36.8055 65.1724 5
      vertex 36.6824 65.3038 0
      vertex 36.6824 65.3038 5
    endloop
  endfacet
  facet normal 0.72978 0.683682 0
    outer loop
      vertex 36.6824 65.3038 0
      vertex 36.8055 65.1724 5
      vertex 36.8055 65.1724 0
    endloop
  endfacet
  facet normal 0.582341 0.812944 -0
    outer loop
      vertex 37.2222 64.8304 0
      vertex 37.0759 64.9352 5
      vertex 37.2222 64.8304 5
    endloop
  endfacet
  facet normal 0.582341 0.812944 0
    outer loop
      vertex 37.0759 64.9352 5
      vertex 37.2222 64.8304 0
      vertex 37.0759 64.9352 0
    endloop
  endfacet
  facet normal 0.47128 0.881983 -0
    outer loop
      vertex 37.5337 64.6506 0
      vertex 37.375 64.7354 5
      vertex 37.5337 64.6506 5
    endloop
  endfacet
  facet normal 0.47128 0.881983 0
    outer loop
      vertex 37.375 64.7354 5
      vertex 37.5337 64.6506 0
      vertex 37.375 64.7354 0
    endloop
  endfacet
  facet normal 0.634538 0.772892 -0
    outer loop
      vertex 37.0759 64.9352 0
      vertex 36.9368 65.0494 5
      vertex 37.0759 64.9352 5
    endloop
  endfacet
  facet normal 0.634538 0.772892 0
    outer loop
      vertex 36.9368 65.0494 5
      vertex 37.0759 64.9352 0
      vertex 36.9368 65.0494 0
    endloop
  endfacet
  facet normal 0.812756 0.582605 0
    outer loop
      vertex 36.5683 65.4429 5
      vertex 36.4635 65.5891 0
      vertex 36.4635 65.5891 5
    endloop
  endfacet
  facet normal 0.812756 0.582605 0
    outer loop
      vertex 36.4635 65.5891 0
      vertex 36.5683 65.4429 5
      vertex 36.5683 65.4429 0
    endloop
  endfacet
  facet normal 0.910785 0.412882 0
    outer loop
      vertex 36.2836 65.9007 5
      vertex 36.2093 66.0646 0
      vertex 36.2093 66.0646 5
    endloop
  endfacet
  facet normal 0.910785 0.412882 0
    outer loop
      vertex 36.2093 66.0646 0
      vertex 36.2836 65.9007 5
      vertex 36.2836 65.9007 0
    endloop
  endfacet
  facet normal 0.881983 0.47128 0
    outer loop
      vertex 36.3684 65.742 5
      vertex 36.2836 65.9007 0
      vertex 36.2836 65.9007 5
    endloop
  endfacet
  facet normal 0.881983 0.47128 0
    outer loop
      vertex 36.2836 65.9007 0
      vertex 36.3684 65.742 5
      vertex 36.3684 65.742 0
    endloop
  endfacet
  facet normal 0.986663 -0.162777 0
    outer loop
      vertex 36.0235 67.4759 5
      vertex 36.0528 67.6535 0
      vertex 36.0528 67.6535 5
    endloop
  endfacet
  facet normal 0.986663 -0.162777 0
    outer loop
      vertex 36.0528 67.6535 0
      vertex 36.0235 67.4759 5
      vertex 36.0235 67.4759 0
    endloop
  endfacet
  facet normal 0.935872 -0.352341 0
    outer loop
      vertex 36.1459 68.0009 5
      vertex 36.2093 68.1693 0
      vertex 36.2093 68.1693 5
    endloop
  endfacet
  facet normal 0.935872 -0.352341 0
    outer loop
      vertex 36.2093 68.1693 0
      vertex 36.1459 68.0009 5
      vertex 36.1459 68.0009 0
    endloop
  endfacet
  facet normal 0.995206 0.097798 0
    outer loop
      vertex 36.0235 66.758 5
      vertex 36.0059 66.9371 0
      vertex 36.0059 66.9371 5
    endloop
  endfacet
  facet normal 0.995206 0.097798 0
    outer loop
      vertex 36.0059 66.9371 0
      vertex 36.0235 66.758 5
      vertex 36.0235 66.758 0
    endloop
  endfacet
  facet normal 0.999462 -0.0327966 0
    outer loop
      vertex 36 67.117 5
      vertex 36.0059 67.2968 0
      vertex 36.0059 67.2968 5
    endloop
  endfacet
  facet normal 0.999462 -0.0327966 0
    outer loop
      vertex 36.0059 67.2968 0
      vertex 36 67.117 5
      vertex 36 67.117 0
    endloop
  endfacet
  facet normal 0.956996 0.2901 0
    outer loop
      vertex 36.1459 66.233 5
      vertex 36.0937 66.4052 0
      vertex 36.0937 66.4052 5
    endloop
  endfacet
  facet normal 0.956996 0.2901 0
    outer loop
      vertex 36.0937 66.4052 0
      vertex 36.1459 66.233 5
      vertex 36.1459 66.233 0
    endloop
  endfacet
  facet normal 0.986648 0.162866 0
    outer loop
      vertex 36.0528 66.5805 5
      vertex 36.0235 66.758 0
      vertex 36.0235 66.758 5
    endloop
  endfacet
  facet normal 0.986648 0.162866 0
    outer loop
      vertex 36.0235 66.758 0
      vertex 36.0528 66.5805 5
      vertex 36.0528 66.5805 0
    endloop
  endfacet
  facet normal -0.527999 -0.849245 0
    outer loop
      vertex 40.125 69.4985 0
      vertex 40.2778 69.4035 5
      vertex 40.125 69.4985 5
    endloop
  endfacet
  facet normal -0.527999 -0.849245 -0
    outer loop
      vertex 40.2778 69.4035 5
      vertex 40.125 69.4985 0
      vertex 40.2778 69.4035 0
    endloop
  endfacet
  facet normal -0.634538 -0.772892 0
    outer loop
      vertex 40.4241 69.2987 0
      vertex 40.5632 69.1845 5
      vertex 40.4241 69.2987 5
    endloop
  endfacet
  facet normal -0.634538 -0.772892 -0
    outer loop
      vertex 40.5632 69.1845 5
      vertex 40.4241 69.2987 0
      vertex 40.5632 69.1845 0
    endloop
  endfacet
  facet normal -0.935872 -0.352341 0
    outer loop
      vertex 41.3541 68.0009 0
      vertex 41.2907 68.1693 5
      vertex 41.2907 68.1693 0
    endloop
  endfacet
  facet normal -0.935872 -0.352341 0
    outer loop
      vertex 41.2907 68.1693 5
      vertex 41.3541 68.0009 0
      vertex 41.3541 68.0009 5
    endloop
  endfacet
  facet normal -0.848996 -0.5284 0
    outer loop
      vertex 41.1316 68.492 0
      vertex 41.0365 68.6448 5
      vertex 41.0365 68.6448 0
    endloop
  endfacet
  facet normal -0.848996 -0.5284 0
    outer loop
      vertex 41.0365 68.6448 5
      vertex 41.1316 68.492 0
      vertex 41.1316 68.492 5
    endloop
  endfacet
  facet normal -0.849151 0.528151 0
    outer loop
      vertex 41.0365 65.5891 0
      vertex 41.1316 65.742 5
      vertex 41.1316 65.742 0
    endloop
  endfacet
  facet normal -0.849151 0.528151 0
    outer loop
      vertex 41.1316 65.742 5
      vertex 41.0365 65.5891 0
      vertex 41.0365 65.5891 5
    endloop
  endfacet
  facet normal 0.412882 0.910785 -0
    outer loop
      vertex 37.6976 64.5763 0
      vertex 37.5337 64.6506 5
      vertex 37.6976 64.5763 5
    endloop
  endfacet
  facet normal 0.412882 0.910785 0
    outer loop
      vertex 37.5337 64.6506 5
      vertex 37.6976 64.5763 0
      vertex 37.5337 64.6506 0
    endloop
  endfacet
  facet normal 0.227212 0.973845 -0
    outer loop
      vertex 38.2135 64.4198 0
      vertex 38.0382 64.4607 5
      vertex 38.2135 64.4198 5
    endloop
  endfacet
  facet normal 0.227212 0.973845 0
    outer loop
      vertex 38.0382 64.4607 5
      vertex 38.2135 64.4198 0
      vertex 38.0382 64.4607 0
    endloop
  endfacet
  facet normal 0.352341 0.935872 -0
    outer loop
      vertex 37.866 64.5129 0
      vertex 37.6976 64.5763 5
      vertex 37.866 64.5129 5
    endloop
  endfacet
  facet normal 0.352341 0.935872 0
    outer loop
      vertex 37.6976 64.5763 5
      vertex 37.866 64.5129 0
      vertex 37.6976 64.5763 0
    endloop
  endfacet
  facet normal -0.986648 0.162866 0
    outer loop
      vertex 41.4472 66.5805 0
      vertex 41.4765 66.758 5
      vertex 41.4765 66.758 0
    endloop
  endfacet
  facet normal -0.986648 0.162866 0
    outer loop
      vertex 41.4765 66.758 5
      vertex 41.4472 66.5805 0
      vertex 41.4472 66.5805 5
    endloop
  endfacet
  facet normal -0.226685 -0.973968 0
    outer loop
      vertex 39.2865 69.8141 0
      vertex 39.4618 69.7733 5
      vertex 39.2865 69.8141 5
    endloop
  endfacet
  facet normal -0.226685 -0.973968 -0
    outer loop
      vertex 39.4618 69.7733 5
      vertex 39.2865 69.8141 0
      vertex 39.4618 69.7733 0
    endloop
  endfacet
  facet normal 0.527999 0.849245 -0
    outer loop
      vertex 37.375 64.7354 0
      vertex 37.2222 64.8304 5
      vertex 37.375 64.7354 5
    endloop
  endfacet
  facet normal 0.527999 0.849245 0
    outer loop
      vertex 37.2222 64.8304 5
      vertex 37.375 64.7354 0
      vertex 37.2222 64.8304 0
    endloop
  endfacet
  facet normal 0.683664 0.729797 -0
    outer loop
      vertex 36.9368 65.0494 0
      vertex 36.8055 65.1724 5
      vertex 36.9368 65.0494 5
    endloop
  endfacet
  facet normal 0.683664 0.729797 0
    outer loop
      vertex 36.8055 65.1724 5
      vertex 36.9368 65.0494 0
      vertex 36.8055 65.1724 0
    endloop
  endfacet
  facet normal 0.999463 0.0327784 0
    outer loop
      vertex 36.0059 66.9371 5
      vertex 36 67.117 0
      vertex 36 67.117 5
    endloop
  endfacet
  facet normal 0.999463 0.0327784 0
    outer loop
      vertex 36 67.117 0
      vertex 36.0059 66.9371 5
      vertex 36.0059 66.9371 0
    endloop
  endfacet
  facet normal 0.973845 0.227212 0
    outer loop
      vertex 36.0937 66.4052 5
      vertex 36.0528 66.5805 0
      vertex 36.0528 66.5805 5
    endloop
  endfacet
  facet normal 0.973845 0.227212 0
    outer loop
      vertex 36.0528 66.5805 0
      vertex 36.0937 66.4052 5
      vertex 36.0937 66.4052 0
    endloop
  endfacet
  facet normal -0.72952 -0.68396 0
    outer loop
      vertex 40.8176 68.9302 0
      vertex 40.6945 69.0615 5
      vertex 40.6945 69.0615 0
    endloop
  endfacet
  facet normal -0.72952 -0.68396 0
    outer loop
      vertex 40.6945 69.0615 5
      vertex 40.8176 68.9302 0
      vertex 40.8176 68.9302 5
    endloop
  endfacet
  facet normal -0.999462 -0.0327966 0
    outer loop
      vertex 41.5 67.117 0
      vertex 41.4941 67.2968 5
      vertex 41.4941 67.2968 0
    endloop
  endfacet
  facet normal -0.999462 -0.0327966 0
    outer loop
      vertex 41.4941 67.2968 5
      vertex 41.5 67.117 0
      vertex 41.5 67.117 5
    endloop
  endfacet
  facet normal -0.812944 -0.582341 0
    outer loop
      vertex 41.0365 68.6448 0
      vertex 40.9317 68.7911 5
      vertex 40.9317 68.7911 0
    endloop
  endfacet
  facet normal -0.812944 -0.582341 0
    outer loop
      vertex 40.9317 68.7911 5
      vertex 41.0365 68.6448 0
      vertex 41.0365 68.6448 5
    endloop
  endfacet
  facet normal -0.527999 0.849245 0
    outer loop
      vertex 40.2778 64.8304 0
      vertex 40.125 64.7354 5
      vertex 40.2778 64.8304 5
    endloop
  endfacet
  facet normal -0.527999 0.849245 0
    outer loop
      vertex 40.125 64.7354 5
      vertex 40.2778 64.8304 0
      vertex 40.125 64.7354 0
    endloop
  endfacet
  facet normal -0.812756 0.582605 0
    outer loop
      vertex 40.9317 65.4429 0
      vertex 41.0365 65.5891 5
      vertex 41.0365 65.5891 0
    endloop
  endfacet
  facet normal -0.812756 0.582605 0
    outer loop
      vertex 41.0365 65.5891 5
      vertex 40.9317 65.4429 0
      vertex 40.9317 65.4429 5
    endloop
  endfacet
  facet normal 0.2901 0.956996 -0
    outer loop
      vertex 38.0382 64.4607 0
      vertex 37.866 64.5129 5
      vertex 38.0382 64.4607 5
    endloop
  endfacet
  facet normal 0.2901 0.956996 0
    outer loop
      vertex 37.866 64.5129 5
      vertex 38.0382 64.4607 0
      vertex 37.866 64.5129 0
    endloop
  endfacet
  facet normal 0.162777 0.986663 -0
    outer loop
      vertex 38.3911 64.3905 0
      vertex 38.2135 64.4198 5
      vertex 38.3911 64.3905 5
    endloop
  endfacet
  facet normal 0.162777 0.986663 0
    outer loop
      vertex 38.2135 64.4198 5
      vertex 38.3911 64.3905 0
      vertex 38.2135 64.4198 0
    endloop
  endfacet
  facet normal -0.995206 0.097798 0
    outer loop
      vertex 41.4765 66.758 0
      vertex 41.4941 66.9371 5
      vertex 41.4941 66.9371 0
    endloop
  endfacet
  facet normal -0.995206 0.097798 0
    outer loop
      vertex 41.4941 66.9371 5
      vertex 41.4765 66.758 0
      vertex 41.4765 66.758 5
    endloop
  endfacet
  facet normal -0.999463 0.0327784 0
    outer loop
      vertex 41.4941 66.9371 0
      vertex 41.5 67.117 5
      vertex 41.5 67.117 0
    endloop
  endfacet
  facet normal -0.999463 0.0327784 0
    outer loop
      vertex 41.5 67.117 5
      vertex 41.4941 66.9371 0
      vertex 41.4941 66.9371 5
    endloop
  endfacet
  facet normal -0.956996 -0.2901 0
    outer loop
      vertex 41.4063 67.8287 0
      vertex 41.3541 68.0009 5
      vertex 41.3541 68.0009 0
    endloop
  endfacet
  facet normal -0.956996 -0.2901 0
    outer loop
      vertex 41.3541 68.0009 5
      vertex 41.4063 67.8287 0
      vertex 41.4063 67.8287 5
    endloop
  endfacet
  facet normal -0.881983 -0.47128 0
    outer loop
      vertex 41.2164 68.3333 0
      vertex 41.1316 68.492 5
      vertex 41.1316 68.492 0
    endloop
  endfacet
  facet normal -0.881983 -0.47128 0
    outer loop
      vertex 41.1316 68.492 5
      vertex 41.2164 68.3333 0
      vertex 41.2164 68.3333 5
    endloop
  endfacet
  facet normal -0.910879 -0.412673 0
    outer loop
      vertex 41.2907 68.1693 0
      vertex 41.2164 68.3333 5
      vertex 41.2164 68.3333 0
    endloop
  endfacet
  facet normal -0.910879 -0.412673 0
    outer loop
      vertex 41.2164 68.3333 5
      vertex 41.2907 68.1693 0
      vertex 41.2907 68.1693 5
    endloop
  endfacet
  facet normal -0.352341 0.935872 0
    outer loop
      vertex 39.8024 64.5763 0
      vertex 39.634 64.5129 5
      vertex 39.8024 64.5763 5
    endloop
  endfacet
  facet normal -0.352341 0.935872 0
    outer loop
      vertex 39.634 64.5129 5
      vertex 39.8024 64.5763 0
      vertex 39.634 64.5129 0
    endloop
  endfacet
  facet normal -0.683664 0.729797 0
    outer loop
      vertex 40.6945 65.1724 0
      vertex 40.5632 65.0494 5
      vertex 40.6945 65.1724 5
    endloop
  endfacet
  facet normal -0.683664 0.729797 0
    outer loop
      vertex 40.5632 65.0494 5
      vertex 40.6945 65.1724 0
      vertex 40.5632 65.0494 0
    endloop
  endfacet
  facet normal -0.881983 0.47128 0
    outer loop
      vertex 41.1316 65.742 0
      vertex 41.2164 65.9007 5
      vertex 41.2164 65.9007 0
    endloop
  endfacet
  facet normal -0.881983 0.47128 0
    outer loop
      vertex 41.2164 65.9007 5
      vertex 41.1316 65.742 0
      vertex 41.1316 65.742 5
    endloop
  endfacet
  facet normal -0.0327784 0.999463 0
    outer loop
      vertex 38.9299 64.3729 0
      vertex 38.75 64.367 5
      vertex 38.9299 64.3729 5
    endloop
  endfacet
  facet normal -0.0327784 0.999463 0
    outer loop
      vertex 38.75 64.367 5
      vertex 38.9299 64.3729 0
      vertex 38.75 64.367 0
    endloop
  endfacet
  facet normal -0.227212 0.973845 0
    outer loop
      vertex 39.4618 64.4607 0
      vertex 39.2865 64.4198 5
      vertex 39.4618 64.4607 5
    endloop
  endfacet
  facet normal -0.227212 0.973845 0
    outer loop
      vertex 39.2865 64.4198 5
      vertex 39.4618 64.4607 0
      vertex 39.2865 64.4198 0
    endloop
  endfacet
  facet normal -0.0978522 0.995201 0
    outer loop
      vertex 39.1089 64.3905 0
      vertex 38.9299 64.3729 5
      vertex 39.1089 64.3905 5
    endloop
  endfacet
  facet normal -0.0978522 0.995201 0
    outer loop
      vertex 38.9299 64.3729 5
      vertex 39.1089 64.3905 0
      vertex 38.9299 64.3729 0
    endloop
  endfacet
  facet normal -0.2901 0.956996 0
    outer loop
      vertex 39.634 64.5129 0
      vertex 39.4618 64.4607 5
      vertex 39.634 64.5129 5
    endloop
  endfacet
  facet normal -0.2901 0.956996 0
    outer loop
      vertex 39.4618 64.4607 5
      vertex 39.634 64.5129 0
      vertex 39.4618 64.4607 0
    endloop
  endfacet
  facet normal 0.0978522 0.995201 -0
    outer loop
      vertex 38.5701 64.3729 0
      vertex 38.3911 64.3905 5
      vertex 38.5701 64.3729 5
    endloop
  endfacet
  facet normal 0.0978522 0.995201 0
    outer loop
      vertex 38.3911 64.3905 5
      vertex 38.5701 64.3729 0
      vertex 38.3911 64.3905 0
    endloop
  endfacet
  facet normal -0.956996 0.2901 0
    outer loop
      vertex 41.3541 66.233 0
      vertex 41.4063 66.4052 5
      vertex 41.4063 66.4052 0
    endloop
  endfacet
  facet normal -0.956996 0.2901 0
    outer loop
      vertex 41.4063 66.4052 5
      vertex 41.3541 66.233 0
      vertex 41.3541 66.233 5
    endloop
  endfacet
  facet normal -0.973845 0.227212 0
    outer loop
      vertex 41.4063 66.4052 0
      vertex 41.4472 66.5805 5
      vertex 41.4472 66.5805 0
    endloop
  endfacet
  facet normal -0.973845 0.227212 0
    outer loop
      vertex 41.4472 66.5805 5
      vertex 41.4063 66.4052 0
      vertex 41.4063 66.4052 5
    endloop
  endfacet
  facet normal -0.290609 -0.956842 0
    outer loop
      vertex 39.4618 69.7733 0
      vertex 39.634 69.721 5
      vertex 39.4618 69.7733 5
    endloop
  endfacet
  facet normal -0.290609 -0.956842 -0
    outer loop
      vertex 39.634 69.721 5
      vertex 39.4618 69.7733 0
      vertex 39.634 69.721 0
    endloop
  endfacet
  facet normal -0.995206 -0.097798 0
    outer loop
      vertex 41.4941 67.2968 0
      vertex 41.4765 67.4759 5
      vertex 41.4765 67.4759 0
    endloop
  endfacet
  facet normal -0.995206 -0.097798 0
    outer loop
      vertex 41.4765 67.4759 5
      vertex 41.4941 67.2968 0
      vertex 41.4941 67.2968 5
    endloop
  endfacet
  facet normal -0.973817 -0.227335 0
    outer loop
      vertex 41.4472 67.6535 0
      vertex 41.4063 67.8287 5
      vertex 41.4063 67.8287 0
    endloop
  endfacet
  facet normal -0.973817 -0.227335 0
    outer loop
      vertex 41.4063 67.8287 5
      vertex 41.4472 67.6535 0
      vertex 41.4472 67.6535 5
    endloop
  endfacet
  facet normal -0.986663 -0.162777 0
    outer loop
      vertex 41.4765 67.4759 0
      vertex 41.4472 67.6535 5
      vertex 41.4472 67.6535 0
    endloop
  endfacet
  facet normal -0.986663 -0.162777 0
    outer loop
      vertex 41.4472 67.6535 5
      vertex 41.4765 67.4759 0
      vertex 41.4765 67.4759 5
    endloop
  endfacet
  facet normal -0.634538 0.772892 0
    outer loop
      vertex 40.5632 65.0494 0
      vertex 40.4241 64.9352 5
      vertex 40.5632 65.0494 5
    endloop
  endfacet
  facet normal -0.634538 0.772892 0
    outer loop
      vertex 40.4241 64.9352 5
      vertex 40.5632 65.0494 0
      vertex 40.4241 64.9352 0
    endloop
  endfacet
  facet normal -0.47128 0.881983 0
    outer loop
      vertex 40.125 64.7354 0
      vertex 39.9663 64.6506 5
      vertex 40.125 64.7354 5
    endloop
  endfacet
  facet normal -0.47128 0.881983 0
    outer loop
      vertex 39.9663 64.6506 5
      vertex 40.125 64.7354 0
      vertex 39.9663 64.6506 0
    endloop
  endfacet
  facet normal -0.412882 0.910785 0
    outer loop
      vertex 39.9663 64.6506 0
      vertex 39.8024 64.5763 5
      vertex 39.9663 64.6506 5
    endloop
  endfacet
  facet normal -0.412882 0.910785 0
    outer loop
      vertex 39.8024 64.5763 5
      vertex 39.9663 64.6506 0
      vertex 39.8024 64.5763 0
    endloop
  endfacet
  facet normal -0.72978 0.683682 0
    outer loop
      vertex 40.6945 65.1724 0
      vertex 40.8176 65.3038 5
      vertex 40.8176 65.3038 0
    endloop
  endfacet
  facet normal -0.72978 0.683682 0
    outer loop
      vertex 40.8176 65.3038 5
      vertex 40.6945 65.1724 0
      vertex 40.6945 65.1724 5
    endloop
  endfacet
  facet normal -0.773164 0.634206 0
    outer loop
      vertex 40.8176 65.3038 0
      vertex 40.9317 65.4429 5
      vertex 40.9317 65.4429 0
    endloop
  endfacet
  facet normal -0.773164 0.634206 0
    outer loop
      vertex 40.9317 65.4429 5
      vertex 40.8176 65.3038 0
      vertex 40.8176 65.3038 5
    endloop
  endfacet
  facet normal -0.162777 0.986663 0
    outer loop
      vertex 39.2865 64.4198 0
      vertex 39.1089 64.3905 5
      vertex 39.2865 64.4198 5
    endloop
  endfacet
  facet normal -0.162777 0.986663 0
    outer loop
      vertex 39.1089 64.3905 5
      vertex 39.2865 64.4198 0
      vertex 39.1089 64.3905 0
    endloop
  endfacet
  facet normal -0.582341 0.812944 0
    outer loop
      vertex 40.4241 64.9352 0
      vertex 40.2778 64.8304 5
      vertex 40.4241 64.9352 5
    endloop
  endfacet
  facet normal -0.582341 0.812944 0
    outer loop
      vertex 40.2778 64.8304 5
      vertex 40.4241 64.9352 0
      vertex 40.2778 64.8304 0
    endloop
  endfacet
  facet normal 0.848996 -0.5284 0
    outer loop
      vertex -41.1316 68.492 5
      vertex -41.0365 68.6448 0
      vertex -41.0365 68.6448 5
    endloop
  endfacet
  facet normal 0.848996 -0.5284 0
    outer loop
      vertex -41.0365 68.6448 0
      vertex -41.1316 68.492 5
      vertex -41.1316 68.492 0
    endloop
  endfacet
  facet normal 0.582341 0.812944 -0
    outer loop
      vertex -40.2778 64.8304 0
      vertex -40.4241 64.9352 5
      vertex -40.2778 64.8304 5
    endloop
  endfacet
  facet normal 0.582341 0.812944 0
    outer loop
      vertex -40.4241 64.9352 5
      vertex -40.2778 64.8304 0
      vertex -40.4241 64.9352 0
    endloop
  endfacet
  facet normal -0.162777 0.986663 0
    outer loop
      vertex -38.2135 64.4198 0
      vertex -38.3911 64.3905 5
      vertex -38.2135 64.4198 5
    endloop
  endfacet
  facet normal -0.162777 0.986663 0
    outer loop
      vertex -38.3911 64.3905 5
      vertex -38.2135 64.4198 0
      vertex -38.3911 64.3905 0
    endloop
  endfacet
  facet normal 0.999462 -0.0327966 0
    outer loop
      vertex -41.5 67.117 5
      vertex -41.4941 67.2968 0
      vertex -41.4941 67.2968 5
    endloop
  endfacet
  facet normal 0.999462 -0.0327966 0
    outer loop
      vertex -41.4941 67.2968 0
      vertex -41.5 67.117 5
      vertex -41.5 67.117 0
    endloop
  endfacet
  facet normal -0.412882 0.910785 0
    outer loop
      vertex -37.5337 64.6506 0
      vertex -37.6976 64.5763 5
      vertex -37.5337 64.6506 5
    endloop
  endfacet
  facet normal -0.412882 0.910785 0
    outer loop
      vertex -37.6976 64.5763 5
      vertex -37.5337 64.6506 0
      vertex -37.6976 64.5763 0
    endloop
  endfacet
  facet normal 0.162777 0.986663 -0
    outer loop
      vertex -39.1089 64.3905 0
      vertex -39.2865 64.4198 5
      vertex -39.1089 64.3905 5
    endloop
  endfacet
  facet normal 0.162777 0.986663 0
    outer loop
      vertex -39.2865 64.4198 5
      vertex -39.1089 64.3905 0
      vertex -39.2865 64.4198 0
    endloop
  endfacet
  facet normal -0.973845 0.227212 0
    outer loop
      vertex -36.0937 66.4052 0
      vertex -36.0528 66.5805 5
      vertex -36.0528 66.5805 0
    endloop
  endfacet
  facet normal -0.973845 0.227212 0
    outer loop
      vertex -36.0528 66.5805 5
      vertex -36.0937 66.4052 0
      vertex -36.0937 66.4052 5
    endloop
  endfacet
  facet normal -0.812756 0.582605 0
    outer loop
      vertex -36.5683 65.4429 0
      vertex -36.4635 65.5891 5
      vertex -36.4635 65.5891 0
    endloop
  endfacet
  facet normal -0.812756 0.582605 0
    outer loop
      vertex -36.4635 65.5891 5
      vertex -36.5683 65.4429 0
      vertex -36.5683 65.4429 5
    endloop
  endfacet
  facet normal -0.773164 -0.634206 0
    outer loop
      vertex -36.5683 68.7911 0
      vertex -36.6824 68.9302 5
      vertex -36.6824 68.9302 0
    endloop
  endfacet
  facet normal -0.773164 -0.634206 0
    outer loop
      vertex -36.6824 68.9302 5
      vertex -36.5683 68.7911 0
      vertex -36.5683 68.7911 5
    endloop
  endfacet
  facet normal 0.910879 -0.412673 0
    outer loop
      vertex -41.2907 68.1693 5
      vertex -41.2164 68.3333 0
      vertex -41.2164 68.3333 5
    endloop
  endfacet
  facet normal 0.910879 -0.412673 0
    outer loop
      vertex -41.2164 68.3333 0
      vertex -41.2907 68.1693 5
      vertex -41.2907 68.1693 0
    endloop
  endfacet
  facet normal 0.973817 -0.227335 0
    outer loop
      vertex -41.4472 67.6535 5
      vertex -41.4063 67.8287 0
      vertex -41.4063 67.8287 5
    endloop
  endfacet
  facet normal 0.973817 -0.227335 0
    outer loop
      vertex -41.4063 67.8287 0
      vertex -41.4472 67.6535 5
      vertex -41.4472 67.6535 0
    endloop
  endfacet
  facet normal 0.849151 0.528151 0
    outer loop
      vertex -41.0365 65.5891 5
      vertex -41.1316 65.742 0
      vertex -41.1316 65.742 5
    endloop
  endfacet
  facet normal 0.849151 0.528151 0
    outer loop
      vertex -41.1316 65.742 0
      vertex -41.0365 65.5891 5
      vertex -41.0365 65.5891 0
    endloop
  endfacet
  facet normal 0.973845 0.227212 0
    outer loop
      vertex -41.4063 66.4052 5
      vertex -41.4472 66.5805 0
      vertex -41.4472 66.5805 5
    endloop
  endfacet
  facet normal 0.973845 0.227212 0
    outer loop
      vertex -41.4472 66.5805 0
      vertex -41.4063 66.4052 5
      vertex -41.4063 66.4052 0
    endloop
  endfacet
  facet normal 0.999463 0.0327784 0
    outer loop
      vertex -41.4941 66.9371 5
      vertex -41.5 67.117 0
      vertex -41.5 67.117 5
    endloop
  endfacet
  facet normal 0.999463 0.0327784 0
    outer loop
      vertex -41.5 67.117 0
      vertex -41.4941 66.9371 5
      vertex -41.4941 66.9371 0
    endloop
  endfacet
  facet normal 0.995206 -0.097798 0
    outer loop
      vertex -41.4941 67.2968 5
      vertex -41.4765 67.4759 0
      vertex -41.4765 67.4759 5
    endloop
  endfacet
  facet normal 0.995206 -0.097798 0
    outer loop
      vertex -41.4765 67.4759 0
      vertex -41.4941 67.2968 5
      vertex -41.4941 67.2968 0
    endloop
  endfacet
  facet normal -0.47128 0.881983 0
    outer loop
      vertex -37.375 64.7354 0
      vertex -37.5337 64.6506 5
      vertex -37.375 64.7354 5
    endloop
  endfacet
  facet normal -0.47128 0.881983 0
    outer loop
      vertex -37.5337 64.6506 5
      vertex -37.375 64.7354 0
      vertex -37.5337 64.6506 0
    endloop
  endfacet
  facet normal -0.227212 0.973845 0
    outer loop
      vertex -38.0382 64.4607 0
      vertex -38.2135 64.4198 5
      vertex -38.0382 64.4607 5
    endloop
  endfacet
  facet normal -0.227212 0.973845 0
    outer loop
      vertex -38.2135 64.4198 5
      vertex -38.0382 64.4607 0
      vertex -38.2135 64.4198 0
    endloop
  endfacet
  facet normal -0.352341 0.935872 0
    outer loop
      vertex -37.6976 64.5763 0
      vertex -37.866 64.5129 5
      vertex -37.6976 64.5763 5
    endloop
  endfacet
  facet normal -0.352341 0.935872 0
    outer loop
      vertex -37.866 64.5129 5
      vertex -37.6976 64.5763 0
      vertex -37.866 64.5129 0
    endloop
  endfacet
  facet normal -0.0327784 0.999463 0
    outer loop
      vertex -38.5701 64.3729 0
      vertex -38.75 64.367 5
      vertex -38.5701 64.3729 5
    endloop
  endfacet
  facet normal -0.0327784 0.999463 0
    outer loop
      vertex -38.75 64.367 5
      vertex -38.5701 64.3729 0
      vertex -38.75 64.367 0
    endloop
  endfacet
  facet normal 0.683664 0.729797 -0
    outer loop
      vertex -40.5632 65.0494 0
      vertex -40.6945 65.1724 5
      vertex -40.5632 65.0494 5
    endloop
  endfacet
  facet normal 0.683664 0.729797 0
    outer loop
      vertex -40.6945 65.1724 5
      vertex -40.5632 65.0494 0
      vertex -40.6945 65.1724 0
    endloop
  endfacet
  facet normal 0.773164 0.634206 0
    outer loop
      vertex -40.8176 65.3038 5
      vertex -40.9317 65.4429 0
      vertex -40.9317 65.4429 5
    endloop
  endfacet
  facet normal 0.773164 0.634206 0
    outer loop
      vertex -40.9317 65.4429 0
      vertex -40.8176 65.3038 5
      vertex -40.8176 65.3038 0
    endloop
  endfacet
  facet normal 0.527999 0.849245 -0
    outer loop
      vertex -40.125 64.7354 0
      vertex -40.2778 64.8304 5
      vertex -40.125 64.7354 5
    endloop
  endfacet
  facet normal 0.527999 0.849245 0
    outer loop
      vertex -40.2778 64.8304 5
      vertex -40.125 64.7354 0
      vertex -40.2778 64.8304 0
    endloop
  endfacet
  facet normal 0.226685 -0.973968 0
    outer loop
      vertex -39.4618 69.7733 0
      vertex -39.2865 69.8141 5
      vertex -39.4618 69.7733 5
    endloop
  endfacet
  facet normal 0.226685 -0.973968 0
    outer loop
      vertex -39.2865 69.8141 5
      vertex -39.4618 69.7733 0
      vertex -39.2865 69.8141 0
    endloop
  endfacet
  facet normal -0.910785 0.412882 0
    outer loop
      vertex -36.2836 65.9007 0
      vertex -36.2093 66.0646 5
      vertex -36.2093 66.0646 0
    endloop
  endfacet
  facet normal -0.910785 0.412882 0
    outer loop
      vertex -36.2093 66.0646 5
      vertex -36.2836 65.9007 0
      vertex -36.2836 65.9007 5
    endloop
  endfacet
  facet normal 0.582341 -0.812944 0
    outer loop
      vertex -40.4241 69.2987 0
      vertex -40.2778 69.4035 5
      vertex -40.4241 69.2987 5
    endloop
  endfacet
  facet normal 0.582341 -0.812944 0
    outer loop
      vertex -40.2778 69.4035 5
      vertex -40.4241 69.2987 0
      vertex -40.2778 69.4035 0
    endloop
  endfacet
  facet normal 0.72952 -0.68396 0
    outer loop
      vertex -40.8176 68.9302 5
      vertex -40.6945 69.0615 0
      vertex -40.6945 69.0615 5
    endloop
  endfacet
  facet normal 0.72952 -0.68396 0
    outer loop
      vertex -40.6945 69.0615 0
      vertex -40.8176 68.9302 5
      vertex -40.8176 68.9302 0
    endloop
  endfacet
  facet normal 0.634538 -0.772892 0
    outer loop
      vertex -40.5632 69.1845 0
      vertex -40.4241 69.2987 5
      vertex -40.5632 69.1845 5
    endloop
  endfacet
  facet normal 0.634538 -0.772892 0
    outer loop
      vertex -40.4241 69.2987 5
      vertex -40.5632 69.1845 0
      vertex -40.4241 69.2987 0
    endloop
  endfacet
  facet normal 0.683664 -0.729797 0
    outer loop
      vertex -40.6945 69.0615 0
      vertex -40.5632 69.1845 5
      vertex -40.6945 69.0615 5
    endloop
  endfacet
  facet normal 0.683664 -0.729797 0
    outer loop
      vertex -40.5632 69.1845 5
      vertex -40.6945 69.0615 0
      vertex -40.5632 69.1845 0
    endloop
  endfacet
  facet normal 0.881983 -0.47128 0
    outer loop
      vertex -41.2164 68.3333 5
      vertex -41.1316 68.492 0
      vertex -41.1316 68.492 5
    endloop
  endfacet
  facet normal 0.881983 -0.47128 0
    outer loop
      vertex -41.1316 68.492 0
      vertex -41.2164 68.3333 5
      vertex -41.2164 68.3333 0
    endloop
  endfacet
  facet normal 0.935872 -0.352341 0
    outer loop
      vertex -41.3541 68.0009 5
      vertex -41.2907 68.1693 0
      vertex -41.2907 68.1693 5
    endloop
  endfacet
  facet normal 0.935872 -0.352341 0
    outer loop
      vertex -41.2907 68.1693 0
      vertex -41.3541 68.0009 5
      vertex -41.3541 68.0009 0
    endloop
  endfacet
  facet normal 0.956996 -0.2901 0
    outer loop
      vertex -41.4063 67.8287 5
      vertex -41.3541 68.0009 0
      vertex -41.3541 68.0009 5
    endloop
  endfacet
  facet normal 0.956996 -0.2901 0
    outer loop
      vertex -41.3541 68.0009 0
      vertex -41.4063 67.8287 5
      vertex -41.4063 67.8287 0
    endloop
  endfacet
  facet normal 0.910785 0.412882 0
    outer loop
      vertex -41.2164 65.9007 5
      vertex -41.2907 66.0646 0
      vertex -41.2907 66.0646 5
    endloop
  endfacet
  facet normal 0.910785 0.412882 0
    outer loop
      vertex -41.2907 66.0646 0
      vertex -41.2164 65.9007 5
      vertex -41.2164 65.9007 0
    endloop
  endfacet
  facet normal 0.956996 0.2901 0
    outer loop
      vertex -41.3541 66.233 5
      vertex -41.4063 66.4052 0
      vertex -41.4063 66.4052 5
    endloop
  endfacet
  facet normal 0.956996 0.2901 0
    outer loop
      vertex -41.4063 66.4052 0
      vertex -41.3541 66.233 5
      vertex -41.3541 66.233 0
    endloop
  endfacet
  facet normal 0.995206 0.097798 0
    outer loop
      vertex -41.4765 66.758 5
      vertex -41.4941 66.9371 0
      vertex -41.4941 66.9371 5
    endloop
  endfacet
  facet normal 0.995206 0.097798 0
    outer loop
      vertex -41.4941 66.9371 0
      vertex -41.4765 66.758 5
      vertex -41.4765 66.758 0
    endloop
  endfacet
  facet normal 0.986663 -0.162777 0
    outer loop
      vertex -41.4765 67.4759 5
      vertex -41.4472 67.6535 0
      vertex -41.4472 67.6535 5
    endloop
  endfacet
  facet normal 0.986663 -0.162777 0
    outer loop
      vertex -41.4472 67.6535 0
      vertex -41.4765 67.4759 5
      vertex -41.4765 67.4759 0
    endloop
  endfacet
  facet normal -0.2901 0.956996 0
    outer loop
      vertex -37.866 64.5129 0
      vertex -38.0382 64.4607 5
      vertex -37.866 64.5129 5
    endloop
  endfacet
  facet normal -0.2901 0.956996 0
    outer loop
      vertex -38.0382 64.4607 5
      vertex -37.866 64.5129 0
      vertex -38.0382 64.4607 0
    endloop
  endfacet
  facet normal -0.0978522 0.995201 0
    outer loop
      vertex -38.3911 64.3905 0
      vertex -38.5701 64.3729 5
      vertex -38.3911 64.3905 5
    endloop
  endfacet
  facet normal -0.0978522 0.995201 0
    outer loop
      vertex -38.5701 64.3729 5
      vertex -38.3911 64.3905 0
      vertex -38.5701 64.3729 0
    endloop
  endfacet
  facet normal 0.0327784 0.999463 -0
    outer loop
      vertex -38.75 64.367 0
      vertex -38.9299 64.3729 5
      vertex -38.75 64.367 5
    endloop
  endfacet
  facet normal 0.0327784 0.999463 0
    outer loop
      vertex -38.9299 64.3729 5
      vertex -38.75 64.367 0
      vertex -38.9299 64.3729 0
    endloop
  endfacet
  facet normal 0.634538 0.772892 -0
    outer loop
      vertex -40.4241 64.9352 0
      vertex -40.5632 65.0494 5
      vertex -40.4241 64.9352 5
    endloop
  endfacet
  facet normal 0.634538 0.772892 0
    outer loop
      vertex -40.5632 65.0494 5
      vertex -40.4241 64.9352 0
      vertex -40.5632 65.0494 0
    endloop
  endfacet
  facet normal 0.72978 0.683682 0
    outer loop
      vertex -40.6945 65.1724 5
      vertex -40.8176 65.3038 0
      vertex -40.8176 65.3038 5
    endloop
  endfacet
  facet normal 0.72978 0.683682 0
    outer loop
      vertex -40.8176 65.3038 0
      vertex -40.6945 65.1724 5
      vertex -40.6945 65.1724 0
    endloop
  endfacet
  facet normal 0.812756 0.582605 0
    outer loop
      vertex -40.9317 65.4429 5
      vertex -41.0365 65.5891 0
      vertex -41.0365 65.5891 5
    endloop
  endfacet
  facet normal 0.812756 0.582605 0
    outer loop
      vertex -41.0365 65.5891 0
      vertex -40.9317 65.4429 5
      vertex -40.9317 65.4429 0
    endloop
  endfacet
  facet normal 0.47128 0.881983 -0
    outer loop
      vertex -39.9663 64.6506 0
      vertex -40.125 64.7354 5
      vertex -39.9663 64.6506 5
    endloop
  endfacet
  facet normal 0.47128 0.881983 0
    outer loop
      vertex -40.125 64.7354 5
      vertex -39.9663 64.6506 0
      vertex -40.125 64.7354 0
    endloop
  endfacet
  facet normal 0.227212 0.973845 -0
    outer loop
      vertex -39.2865 64.4198 0
      vertex -39.4618 64.4607 5
      vertex -39.2865 64.4198 5
    endloop
  endfacet
  facet normal 0.227212 0.973845 0
    outer loop
      vertex -39.4618 64.4607 5
      vertex -39.2865 64.4198 0
      vertex -39.4618 64.4607 0
    endloop
  endfacet
  facet normal 0.352341 0.935872 -0
    outer loop
      vertex -39.634 64.5129 0
      vertex -39.8024 64.5763 5
      vertex -39.634 64.5129 5
    endloop
  endfacet
  facet normal 0.352341 0.935872 0
    outer loop
      vertex -39.8024 64.5763 5
      vertex -39.634 64.5129 0
      vertex -39.8024 64.5763 0
    endloop
  endfacet
  facet normal 0.527999 -0.849245 0
    outer loop
      vertex -40.2778 69.4035 0
      vertex -40.125 69.4985 5
      vertex -40.2778 69.4035 5
    endloop
  endfacet
  facet normal 0.527999 -0.849245 0
    outer loop
      vertex -40.125 69.4985 5
      vertex -40.2778 69.4035 0
      vertex -40.125 69.4985 0
    endloop
  endfacet
  facet normal 0.471713 -0.881752 0
    outer loop
      vertex -40.125 69.4985 0
      vertex -39.9663 69.5834 5
      vertex -40.125 69.4985 5
    endloop
  endfacet
  facet normal 0.471713 -0.881752 0
    outer loop
      vertex -39.9663 69.5834 5
      vertex -40.125 69.4985 0
      vertex -39.9663 69.5834 0
    endloop
  endfacet
  facet normal 0.352341 -0.935872 0
    outer loop
      vertex -39.8024 69.6576 0
      vertex -39.634 69.721 5
      vertex -39.8024 69.6576 5
    endloop
  endfacet
  facet normal 0.352341 -0.935872 0
    outer loop
      vertex -39.634 69.721 5
      vertex -39.8024 69.6576 0
      vertex -39.634 69.721 0
    endloop
  endfacet
  facet normal 0.162777 -0.986663 0
    outer loop
      vertex -39.2865 69.8141 0
      vertex -39.1089 69.8434 5
      vertex -39.2865 69.8141 5
    endloop
  endfacet
  facet normal 0.162777 -0.986663 0
    outer loop
      vertex -39.1089 69.8434 5
      vertex -39.2865 69.8141 0
      vertex -39.1089 69.8434 0
    endloop
  endfacet
  facet normal -0.290609 -0.956842 0
    outer loop
      vertex -38.0382 69.7733 0
      vertex -37.866 69.721 5
      vertex -38.0382 69.7733 5
    endloop
  endfacet
  facet normal -0.290609 -0.956842 -0
    outer loop
      vertex -37.866 69.721 5
      vertex -38.0382 69.7733 0
      vertex -37.866 69.721 0
    endloop
  endfacet
  facet normal -0.995206 -0.097798 0
    outer loop
      vertex -36.0059 67.2968 0
      vertex -36.0235 67.4759 5
      vertex -36.0235 67.4759 0
    endloop
  endfacet
  facet normal -0.995206 -0.097798 0
    outer loop
      vertex -36.0235 67.4759 5
      vertex -36.0059 67.2968 0
      vertex -36.0059 67.2968 5
    endloop
  endfacet
  facet normal -0.910879 -0.412673 0
    outer loop
      vertex -36.2093 68.1693 0
      vertex -36.2836 68.3333 5
      vertex -36.2836 68.3333 0
    endloop
  endfacet
  facet normal -0.910879 -0.412673 0
    outer loop
      vertex -36.2836 68.3333 5
      vertex -36.2093 68.1693 0
      vertex -36.2093 68.1693 5
    endloop
  endfacet
  facet normal -0.773164 0.634206 0
    outer loop
      vertex -36.6824 65.3038 0
      vertex -36.5683 65.4429 5
      vertex -36.5683 65.4429 0
    endloop
  endfacet
  facet normal -0.773164 0.634206 0
    outer loop
      vertex -36.5683 65.4429 5
      vertex -36.6824 65.3038 0
      vertex -36.6824 65.3038 5
    endloop
  endfacet
  facet normal -0.935872 0.352341 0
    outer loop
      vertex -36.2093 66.0646 0
      vertex -36.1459 66.233 5
      vertex -36.1459 66.233 0
    endloop
  endfacet
  facet normal -0.935872 0.352341 0
    outer loop
      vertex -36.1459 66.233 5
      vertex -36.2093 66.0646 0
      vertex -36.2093 66.0646 5
    endloop
  endfacet
  facet normal -0.812944 -0.582341 0
    outer loop
      vertex -36.4635 68.6448 0
      vertex -36.5683 68.7911 5
      vertex -36.5683 68.7911 0
    endloop
  endfacet
  facet normal -0.812944 -0.582341 0
    outer loop
      vertex -36.5683 68.7911 5
      vertex -36.4635 68.6448 0
      vertex -36.4635 68.6448 5
    endloop
  endfacet
  facet normal -0.634538 -0.772892 0
    outer loop
      vertex -37.0759 69.2987 0
      vertex -36.9368 69.1845 5
      vertex -37.0759 69.2987 5
    endloop
  endfacet
  facet normal -0.634538 -0.772892 -0
    outer loop
      vertex -36.9368 69.1845 5
      vertex -37.0759 69.2987 0
      vertex -36.9368 69.1845 0
    endloop
  endfacet
  facet normal -0.683664 -0.729797 0
    outer loop
      vertex -36.9368 69.1845 0
      vertex -36.8055 69.0615 5
      vertex -36.9368 69.1845 5
    endloop
  endfacet
  facet normal -0.683664 -0.729797 -0
    outer loop
      vertex -36.8055 69.0615 5
      vertex -36.9368 69.1845 0
      vertex -36.8055 69.0615 0
    endloop
  endfacet
  facet normal -0.582341 -0.812944 0
    outer loop
      vertex -37.2222 69.4035 0
      vertex -37.0759 69.2987 5
      vertex -37.2222 69.4035 5
    endloop
  endfacet
  facet normal -0.582341 -0.812944 -0
    outer loop
      vertex -37.0759 69.2987 5
      vertex -37.2222 69.4035 0
      vertex -37.0759 69.2987 0
    endloop
  endfacet
  facet normal 0.812944 -0.582341 0
    outer loop
      vertex -41.0365 68.6448 5
      vertex -40.9317 68.7911 0
      vertex -40.9317 68.7911 5
    endloop
  endfacet
  facet normal 0.812944 -0.582341 0
    outer loop
      vertex -40.9317 68.7911 0
      vertex -41.0365 68.6448 5
      vertex -41.0365 68.6448 0
    endloop
  endfacet
  facet normal 0.773164 -0.634206 0
    outer loop
      vertex -40.9317 68.7911 5
      vertex -40.8176 68.9302 0
      vertex -40.8176 68.9302 5
    endloop
  endfacet
  facet normal 0.773164 -0.634206 0
    outer loop
      vertex -40.8176 68.9302 0
      vertex -40.9317 68.7911 5
      vertex -40.9317 68.7911 0
    endloop
  endfacet
  facet normal 0.881983 0.47128 0
    outer loop
      vertex -41.1316 65.742 5
      vertex -41.2164 65.9007 0
      vertex -41.2164 65.9007 5
    endloop
  endfacet
  facet normal 0.881983 0.47128 0
    outer loop
      vertex -41.2164 65.9007 0
      vertex -41.1316 65.742 5
      vertex -41.1316 65.742 0
    endloop
  endfacet
  facet normal 0.935872 0.352341 0
    outer loop
      vertex -41.2907 66.0646 5
      vertex -41.3541 66.233 0
      vertex -41.3541 66.233 5
    endloop
  endfacet
  facet normal 0.935872 0.352341 0
    outer loop
      vertex -41.3541 66.233 0
      vertex -41.2907 66.0646 5
      vertex -41.2907 66.0646 0
    endloop
  endfacet
  facet normal 0.986648 0.162866 0
    outer loop
      vertex -41.4472 66.5805 5
      vertex -41.4765 66.758 0
      vertex -41.4765 66.758 5
    endloop
  endfacet
  facet normal 0.986648 0.162866 0
    outer loop
      vertex -41.4765 66.758 0
      vertex -41.4472 66.5805 5
      vertex -41.4472 66.5805 0
    endloop
  endfacet
  facet normal 0.0978522 0.995201 -0
    outer loop
      vertex -38.9299 64.3729 0
      vertex -39.1089 64.3905 5
      vertex -38.9299 64.3729 5
    endloop
  endfacet
  facet normal 0.0978522 0.995201 0
    outer loop
      vertex -39.1089 64.3905 5
      vertex -38.9299 64.3729 0
      vertex -39.1089 64.3905 0
    endloop
  endfacet
  facet normal 0.412882 0.910785 -0
    outer loop
      vertex -39.8024 64.5763 0
      vertex -39.9663 64.6506 5
      vertex -39.8024 64.5763 5
    endloop
  endfacet
  facet normal 0.412882 0.910785 0
    outer loop
      vertex -39.9663 64.6506 5
      vertex -39.8024 64.5763 0
      vertex -39.9663 64.6506 0
    endloop
  endfacet
  facet normal 0.2901 0.956996 -0
    outer loop
      vertex -39.4618 64.4607 0
      vertex -39.634 64.5129 5
      vertex -39.4618 64.4607 5
    endloop
  endfacet
  facet normal 0.2901 0.956996 0
    outer loop
      vertex -39.634 64.5129 5
      vertex -39.4618 64.4607 0
      vertex -39.634 64.5129 0
    endloop
  endfacet
  facet normal 0.290609 -0.956842 0
    outer loop
      vertex -39.634 69.721 0
      vertex -39.4618 69.7733 5
      vertex -39.634 69.721 5
    endloop
  endfacet
  facet normal 0.290609 -0.956842 0
    outer loop
      vertex -39.4618 69.7733 5
      vertex -39.634 69.721 0
      vertex -39.4618 69.7733 0
    endloop
  endfacet
  facet normal 0.412421 -0.910994 0
    outer loop
      vertex -39.9663 69.5834 0
      vertex -39.8024 69.6576 5
      vertex -39.9663 69.5834 5
    endloop
  endfacet
  facet normal 0.412421 -0.910994 0
    outer loop
      vertex -39.8024 69.6576 5
      vertex -39.9663 69.5834 0
      vertex -39.8024 69.6576 0
    endloop
  endfacet
  facet normal -0.226685 -0.973968 0
    outer loop
      vertex -38.2135 69.8141 0
      vertex -38.0382 69.7733 5
      vertex -38.2135 69.8141 5
    endloop
  endfacet
  facet normal -0.226685 -0.973968 -0
    outer loop
      vertex -38.0382 69.7733 5
      vertex -38.2135 69.8141 0
      vertex -38.0382 69.7733 0
    endloop
  endfacet
  facet normal -0.352341 -0.935872 0
    outer loop
      vertex -37.866 69.721 0
      vertex -37.6976 69.6576 5
      vertex -37.866 69.721 5
    endloop
  endfacet
  facet normal -0.352341 -0.935872 -0
    outer loop
      vertex -37.6976 69.6576 5
      vertex -37.866 69.721 0
      vertex -37.6976 69.6576 0
    endloop
  endfacet
  facet normal -0.162777 -0.986663 0
    outer loop
      vertex -38.3911 69.8434 0
      vertex -38.2135 69.8141 5
      vertex -38.3911 69.8434 5
    endloop
  endfacet
  facet normal -0.162777 -0.986663 -0
    outer loop
      vertex -38.2135 69.8141 5
      vertex -38.3911 69.8434 0
      vertex -38.2135 69.8141 0
    endloop
  endfacet
  facet normal -0.0327784 -0.999463 0
    outer loop
      vertex -38.75 69.867 0
      vertex -38.5701 69.8611 5
      vertex -38.75 69.867 5
    endloop
  endfacet
  facet normal -0.0327784 -0.999463 -0
    outer loop
      vertex -38.5701 69.8611 5
      vertex -38.75 69.867 0
      vertex -38.5701 69.8611 0
    endloop
  endfacet
  facet normal -0.848996 -0.5284 0
    outer loop
      vertex -36.3684 68.492 0
      vertex -36.4635 68.6448 5
      vertex -36.4635 68.6448 0
    endloop
  endfacet
  facet normal -0.848996 -0.5284 0
    outer loop
      vertex -36.4635 68.6448 5
      vertex -36.3684 68.492 0
      vertex -36.3684 68.492 5
    endloop
  endfacet
  facet normal -0.935872 -0.352341 0
    outer loop
      vertex -36.1459 68.0009 0
      vertex -36.2093 68.1693 5
      vertex -36.2093 68.1693 0
    endloop
  endfacet
  facet normal -0.935872 -0.352341 0
    outer loop
      vertex -36.2093 68.1693 5
      vertex -36.1459 68.0009 0
      vertex -36.1459 68.0009 5
    endloop
  endfacet
  facet normal -0.634538 0.772892 0
    outer loop
      vertex -36.9368 65.0494 0
      vertex -37.0759 64.9352 5
      vertex -36.9368 65.0494 5
    endloop
  endfacet
  facet normal -0.634538 0.772892 0
    outer loop
      vertex -37.0759 64.9352 5
      vertex -36.9368 65.0494 0
      vertex -37.0759 64.9352 0
    endloop
  endfacet
  facet normal -0.881983 0.47128 0
    outer loop
      vertex -36.3684 65.742 0
      vertex -36.2836 65.9007 5
      vertex -36.2836 65.9007 0
    endloop
  endfacet
  facet normal -0.881983 0.47128 0
    outer loop
      vertex -36.2836 65.9007 5
      vertex -36.3684 65.742 0
      vertex -36.3684 65.742 5
    endloop
  endfacet
  facet normal -0.849151 0.528151 0
    outer loop
      vertex -36.4635 65.5891 0
      vertex -36.3684 65.742 5
      vertex -36.3684 65.742 0
    endloop
  endfacet
  facet normal -0.849151 0.528151 0
    outer loop
      vertex -36.3684 65.742 5
      vertex -36.4635 65.5891 0
      vertex -36.4635 65.5891 5
    endloop
  endfacet
  facet normal -0.956996 0.2901 0
    outer loop
      vertex -36.1459 66.233 0
      vertex -36.0937 66.4052 5
      vertex -36.0937 66.4052 0
    endloop
  endfacet
  facet normal -0.956996 0.2901 0
    outer loop
      vertex -36.0937 66.4052 5
      vertex -36.1459 66.233 0
      vertex -36.1459 66.233 5
    endloop
  endfacet
  facet normal 0.0984028 -0.995147 0
    outer loop
      vertex -39.1089 69.8434 0
      vertex -38.9299 69.8611 5
      vertex -39.1089 69.8434 5
    endloop
  endfacet
  facet normal 0.0984028 -0.995147 0
    outer loop
      vertex -38.9299 69.8611 5
      vertex -39.1089 69.8434 0
      vertex -38.9299 69.8611 0
    endloop
  endfacet
  facet normal 0.0327784 -0.999463 0
    outer loop
      vertex -38.9299 69.8611 0
      vertex -38.75 69.867 5
      vertex -38.9299 69.8611 5
    endloop
  endfacet
  facet normal 0.0327784 -0.999463 0
    outer loop
      vertex -38.75 69.867 5
      vertex -38.9299 69.8611 0
      vertex -38.75 69.867 0
    endloop
  endfacet
  facet normal -0.412421 -0.910994 0
    outer loop
      vertex -37.6976 69.6576 0
      vertex -37.5337 69.5834 5
      vertex -37.6976 69.6576 5
    endloop
  endfacet
  facet normal -0.412421 -0.910994 -0
    outer loop
      vertex -37.5337 69.5834 5
      vertex -37.6976 69.6576 0
      vertex -37.5337 69.5834 0
    endloop
  endfacet
  facet normal -0.471713 -0.881752 0
    outer loop
      vertex -37.5337 69.5834 0
      vertex -37.375 69.4985 5
      vertex -37.5337 69.5834 5
    endloop
  endfacet
  facet normal -0.471713 -0.881752 -0
    outer loop
      vertex -37.375 69.4985 5
      vertex -37.5337 69.5834 0
      vertex -37.375 69.4985 0
    endloop
  endfacet
  facet normal -0.527999 -0.849245 0
    outer loop
      vertex -37.375 69.4985 0
      vertex -37.2222 69.4035 5
      vertex -37.375 69.4985 5
    endloop
  endfacet
  facet normal -0.527999 -0.849245 -0
    outer loop
      vertex -37.2222 69.4035 5
      vertex -37.375 69.4985 0
      vertex -37.2222 69.4035 0
    endloop
  endfacet
  facet normal -0.0984028 -0.995147 0
    outer loop
      vertex -38.5701 69.8611 0
      vertex -38.3911 69.8434 5
      vertex -38.5701 69.8611 5
    endloop
  endfacet
  facet normal -0.0984028 -0.995147 -0
    outer loop
      vertex -38.3911 69.8434 5
      vertex -38.5701 69.8611 0
      vertex -38.3911 69.8434 0
    endloop
  endfacet
  facet normal -0.881983 -0.47128 0
    outer loop
      vertex -36.2836 68.3333 0
      vertex -36.3684 68.492 5
      vertex -36.3684 68.492 0
    endloop
  endfacet
  facet normal -0.881983 -0.47128 0
    outer loop
      vertex -36.3684 68.492 5
      vertex -36.2836 68.3333 0
      vertex -36.2836 68.3333 5
    endloop
  endfacet
  facet normal -0.995206 0.097798 0
    outer loop
      vertex -36.0235 66.758 0
      vertex -36.0059 66.9371 5
      vertex -36.0059 66.9371 0
    endloop
  endfacet
  facet normal -0.995206 0.097798 0
    outer loop
      vertex -36.0059 66.9371 5
      vertex -36.0235 66.758 0
      vertex -36.0235 66.758 5
    endloop
  endfacet
  facet normal -0.999462 -0.0327966 0
    outer loop
      vertex -36 67.117 0
      vertex -36.0059 67.2968 5
      vertex -36.0059 67.2968 0
    endloop
  endfacet
  facet normal -0.999462 -0.0327966 0
    outer loop
      vertex -36.0059 67.2968 5
      vertex -36 67.117 0
      vertex -36 67.117 5
    endloop
  endfacet
  facet normal -0.999463 0.0327784 0
    outer loop
      vertex -36.0059 66.9371 0
      vertex -36 67.117 5
      vertex -36 67.117 0
    endloop
  endfacet
  facet normal -0.999463 0.0327784 0
    outer loop
      vertex -36 67.117 5
      vertex -36.0059 66.9371 0
      vertex -36.0059 66.9371 5
    endloop
  endfacet
  facet normal -0.973817 -0.227335 0
    outer loop
      vertex -36.0528 67.6535 0
      vertex -36.0937 67.8287 5
      vertex -36.0937 67.8287 0
    endloop
  endfacet
  facet normal -0.973817 -0.227335 0
    outer loop
      vertex -36.0937 67.8287 5
      vertex -36.0528 67.6535 0
      vertex -36.0528 67.6535 5
    endloop
  endfacet
  facet normal -0.986663 -0.162777 0
    outer loop
      vertex -36.0235 67.4759 0
      vertex -36.0528 67.6535 5
      vertex -36.0528 67.6535 0
    endloop
  endfacet
  facet normal -0.986663 -0.162777 0
    outer loop
      vertex -36.0528 67.6535 5
      vertex -36.0235 67.4759 0
      vertex -36.0235 67.4759 5
    endloop
  endfacet
  facet normal -0.956996 -0.2901 0
    outer loop
      vertex -36.0937 67.8287 0
      vertex -36.1459 68.0009 5
      vertex -36.1459 68.0009 0
    endloop
  endfacet
  facet normal -0.956996 -0.2901 0
    outer loop
      vertex -36.1459 68.0009 5
      vertex -36.0937 67.8287 0
      vertex -36.0937 67.8287 5
    endloop
  endfacet
  facet normal -0.582341 0.812944 0
    outer loop
      vertex -37.0759 64.9352 0
      vertex -37.2222 64.8304 5
      vertex -37.0759 64.9352 5
    endloop
  endfacet
  facet normal -0.582341 0.812944 0
    outer loop
      vertex -37.2222 64.8304 5
      vertex -37.0759 64.9352 0
      vertex -37.2222 64.8304 0
    endloop
  endfacet
  facet normal -0.527999 0.849245 0
    outer loop
      vertex -37.2222 64.8304 0
      vertex -37.375 64.7354 5
      vertex -37.2222 64.8304 5
    endloop
  endfacet
  facet normal -0.527999 0.849245 0
    outer loop
      vertex -37.375 64.7354 5
      vertex -37.2222 64.8304 0
      vertex -37.375 64.7354 0
    endloop
  endfacet
  facet normal -0.72978 0.683682 0
    outer loop
      vertex -36.8055 65.1724 0
      vertex -36.6824 65.3038 5
      vertex -36.6824 65.3038 0
    endloop
  endfacet
  facet normal -0.72978 0.683682 0
    outer loop
      vertex -36.6824 65.3038 5
      vertex -36.8055 65.1724 0
      vertex -36.8055 65.1724 5
    endloop
  endfacet
  facet normal -0.683664 0.729797 0
    outer loop
      vertex -36.8055 65.1724 0
      vertex -36.9368 65.0494 5
      vertex -36.8055 65.1724 5
    endloop
  endfacet
  facet normal -0.683664 0.729797 0
    outer loop
      vertex -36.9368 65.0494 5
      vertex -36.8055 65.1724 0
      vertex -36.9368 65.0494 0
    endloop
  endfacet
  facet normal -0.72952 -0.68396 0
    outer loop
      vertex -36.6824 68.9302 0
      vertex -36.8055 69.0615 5
      vertex -36.8055 69.0615 0
    endloop
  endfacet
  facet normal -0.72952 -0.68396 0
    outer loop
      vertex -36.8055 69.0615 5
      vertex -36.6824 68.9302 0
      vertex -36.6824 68.9302 5
    endloop
  endfacet
  facet normal -0.986648 0.162866 0
    outer loop
      vertex -36.0528 66.5805 0
      vertex -36.0235 66.758 5
      vertex -36.0235 66.758 0
    endloop
  endfacet
  facet normal -0.986648 0.162866 0
    outer loop
      vertex -36.0235 66.758 5
      vertex -36.0528 66.5805 0
      vertex -36.0528 66.5805 5
    endloop
  endfacet
  facet normal 0.999462 0.032786 0
    outer loop
      vertex -80.2441 -0.179858 5
      vertex -80.25 0 0
      vertex -80.25 0 5
    endloop
  endfacet
  facet normal 0.999462 0.032786 0
    outer loop
      vertex -80.25 0 0
      vertex -80.2441 -0.179858 5
      vertex -80.2441 -0.179858 0
    endloop
  endfacet
  facet normal -0.999462 -0.032786 0
    outer loop
      vertex -74.75 0 0
      vertex -74.7559 0.179858 5
      vertex -74.7559 0.179858 0
    endloop
  endfacet
  facet normal -0.999462 -0.032786 0
    outer loop
      vertex -74.7559 0.179858 5
      vertex -74.75 0 0
      vertex -74.75 0 5
    endloop
  endfacet
  facet normal 0.0327229 -0.999464 0
    outer loop
      vertex -77.6799 2.74411 0
      vertex -77.5 2.75 5
      vertex -77.6799 2.74411 5
    endloop
  endfacet
  facet normal 0.0327229 -0.999464 0
    outer loop
      vertex -77.5 2.75 5
      vertex -77.6799 2.74411 0
      vertex -77.5 2.75 0
    endloop
  endfacet
  facet normal 0.849027 -0.52835 0
    outer loop
      vertex -79.8816 1.375 5
      vertex -79.7865 1.52782 0
      vertex -79.7865 1.52782 5
    endloop
  endfacet
  facet normal 0.849027 -0.52835 0
    outer loop
      vertex -79.7865 1.52782 0
      vertex -79.8816 1.375 5
      vertex -79.8816 1.375 0
    endloop
  endfacet
  facet normal 0.352293 0.93589 -0
    outer loop
      vertex -78.384 -2.60406 0
      vertex -78.5524 -2.54067 5
      vertex -78.384 -2.60406 5
    endloop
  endfacet
  facet normal 0.352293 0.93589 0
    outer loop
      vertex -78.5524 -2.54067 5
      vertex -78.384 -2.60406 0
      vertex -78.5524 -2.54067 0
    endloop
  endfacet
  facet normal 0.412743 -0.910847 0
    outer loop
      vertex -78.7163 2.4664 0
      vertex -78.5524 2.54067 5
      vertex -78.7163 2.4664 5
    endloop
  endfacet
  facet normal 0.412743 -0.910847 0
    outer loop
      vertex -78.5524 2.54067 5
      vertex -78.7163 2.4664 0
      vertex -78.5524 2.54067 0
    endloop
  endfacet
  facet normal 0.995206 0.097804 0
    outer loop
      vertex -80.2265 -0.358947 5
      vertex -80.2441 -0.179858 0
      vertex -80.2441 -0.179858 5
    endloop
  endfacet
  facet normal 0.995206 0.097804 0
    outer loop
      vertex -80.2441 -0.179858 0
      vertex -80.2265 -0.358947 5
      vertex -80.2265 -0.358947 0
    endloop
  endfacet
  facet normal 0.773187 0.634179 0
    outer loop
      vertex -79.5676 -1.8132 5
      vertex -79.6817 -1.67409 0
      vertex -79.6817 -1.67409 5
    endloop
  endfacet
  facet normal 0.773187 0.634179 0
    outer loop
      vertex -79.6817 -1.67409 0
      vertex -79.5676 -1.8132 5
      vertex -79.5676 -1.8132 0
    endloop
  endfacet
  facet normal 0.290304 0.956935 -0
    outer loop
      vertex -78.2118 -2.6563 0
      vertex -78.384 -2.60406 5
      vertex -78.2118 -2.6563 5
    endloop
  endfacet
  facet normal 0.290304 0.956935 0
    outer loop
      vertex -78.384 -2.60406 5
      vertex -78.2118 -2.6563 0
      vertex -78.384 -2.60406 0
    endloop
  endfacet
  facet normal 0.0980724 0.995179 -0
    outer loop
      vertex -77.6799 -2.74411 0
      vertex -77.8589 -2.72647 5
      vertex -77.6799 -2.74411 5
    endloop
  endfacet
  facet normal 0.0980724 0.995179 0
    outer loop
      vertex -77.8589 -2.72647 5
      vertex -77.6799 -2.74411 0
      vertex -77.8589 -2.72647 0
    endloop
  endfacet
  facet normal -0.973832 0.227269 0
    outer loop
      vertex -74.8437 -0.711752 0
      vertex -74.8028 -0.536498 5
      vertex -74.8028 -0.536498 0
    endloop
  endfacet
  facet normal -0.973832 0.227269 0
    outer loop
      vertex -74.8028 -0.536498 5
      vertex -74.8437 -0.711752 0
      vertex -74.8437 -0.711752 5
    endloop
  endfacet
  facet normal -0.956999 0.290091 0
    outer loop
      vertex -74.8959 -0.883958 0
      vertex -74.8437 -0.711752 5
      vertex -74.8437 -0.711752 0
    endloop
  endfacet
  facet normal -0.956999 0.290091 0
    outer loop
      vertex -74.8437 -0.711752 5
      vertex -74.8959 -0.883958 0
      vertex -74.8959 -0.883958 5
    endloop
  endfacet
  facet normal -0.995206 0.097804 0
    outer loop
      vertex -74.7735 -0.358947 0
      vertex -74.7559 -0.179858 5
      vertex -74.7559 -0.179858 0
    endloop
  endfacet
  facet normal -0.995206 0.097804 0
    outer loop
      vertex -74.7559 -0.179858 5
      vertex -74.7735 -0.358947 0
      vertex -74.7735 -0.358947 5
    endloop
  endfacet
  facet normal -0.634405 0.773001 0
    outer loop
      vertex -75.6868 -2.06756 0
      vertex -75.8259 -2.18172 5
      vertex -75.6868 -2.06756 5
    endloop
  endfacet
  facet normal -0.634405 0.773001 0
    outer loop
      vertex -75.8259 -2.18172 5
      vertex -75.6868 -2.06756 0
      vertex -75.8259 -2.18172 0
    endloop
  endfacet
  facet normal -0.729624 0.683849 0
    outer loop
      vertex -75.5555 -1.94454 0
      vertex -75.4324 -1.8132 5
      vertex -75.4324 -1.8132 0
    endloop
  endfacet
  facet normal -0.729624 0.683849 0
    outer loop
      vertex -75.4324 -1.8132 5
      vertex -75.5555 -1.94454 0
      vertex -75.5555 -1.94454 5
    endloop
  endfacet
  facet normal -0.0980724 0.995179 0
    outer loop
      vertex -77.1411 -2.72647 0
      vertex -77.3201 -2.74411 5
      vertex -77.1411 -2.72647 5
    endloop
  endfacet
  facet normal -0.0980724 0.995179 0
    outer loop
      vertex -77.3201 -2.74411 5
      vertex -77.1411 -2.72647 0
      vertex -77.3201 -2.74411 0
    endloop
  endfacet
  facet normal 0.986656 0.162821 0
    outer loop
      vertex -80.1972 -0.536498 5
      vertex -80.2265 -0.358947 0
      vertex -80.2265 -0.358947 5
    endloop
  endfacet
  facet normal 0.986656 0.162821 0
    outer loop
      vertex -80.2265 -0.358947 0
      vertex -80.1972 -0.536498 5
      vertex -80.1972 -0.536498 0
    endloop
  endfacet
  facet normal 0.910794 0.412861 0
    outer loop
      vertex -79.9664 -1.21629 5
      vertex -80.0407 -1.05238 0
      vertex -80.0407 -1.05238 5
    endloop
  endfacet
  facet normal 0.910794 0.412861 0
    outer loop
      vertex -80.0407 -1.05238 0
      vertex -79.9664 -1.21629 5
      vertex -79.9664 -1.21629 0
    endloop
  endfacet
  facet normal 0.956999 0.290091 0
    outer loop
      vertex -80.1041 -0.883958 5
      vertex -80.1563 -0.711752 0
      vertex -80.1563 -0.711752 5
    endloop
  endfacet
  facet normal 0.956999 0.290091 0
    outer loop
      vertex -80.1563 -0.711752 0
      vertex -80.1041 -0.883958 5
      vertex -80.1041 -0.883958 0
    endloop
  endfacet
  facet normal 0.729624 0.683849 0
    outer loop
      vertex -79.4445 -1.94454 5
      vertex -79.5676 -1.8132 0
      vertex -79.5676 -1.8132 5
    endloop
  endfacet
  facet normal 0.729624 0.683849 0
    outer loop
      vertex -79.5676 -1.8132 0
      vertex -79.4445 -1.94454 5
      vertex -79.4445 -1.94454 0
    endloop
  endfacet
  facet normal 0.812888 0.58242 0
    outer loop
      vertex -79.6817 -1.67409 5
      vertex -79.7865 -1.52782 0
      vertex -79.7865 -1.52782 5
    endloop
  endfacet
  facet normal 0.812888 0.58242 0
    outer loop
      vertex -79.7865 -1.52782 0
      vertex -79.6817 -1.67409 5
      vertex -79.6817 -1.67409 0
    endloop
  endfacet
  facet normal 0.881996 0.471257 0
    outer loop
      vertex -79.8816 -1.375 5
      vertex -79.9664 -1.21629 0
      vertex -79.9664 -1.21629 5
    endloop
  endfacet
  facet normal 0.881996 0.471257 0
    outer loop
      vertex -79.9664 -1.21629 0
      vertex -79.8816 -1.375 5
      vertex -79.8816 -1.375 0
    endloop
  endfacet
  facet normal 0.227001 0.973894 -0
    outer loop
      vertex -78.0365 -2.69716 0
      vertex -78.2118 -2.6563 5
      vertex -78.0365 -2.69716 5
    endloop
  endfacet
  facet normal 0.227001 0.973894 0
    outer loop
      vertex -78.2118 -2.6563 5
      vertex -78.0365 -2.69716 0
      vertex -78.2118 -2.6563 0
    endloop
  endfacet
  facet normal 0.0327229 0.999464 -0
    outer loop
      vertex -77.5 -2.75 0
      vertex -77.6799 -2.74411 5
      vertex -77.5 -2.75 5
    endloop
  endfacet
  facet normal 0.0327229 0.999464 0
    outer loop
      vertex -77.6799 -2.74411 5
      vertex -77.5 -2.75 0
      vertex -77.6799 -2.74411 0
    endloop
  endfacet
  facet normal 0.47141 0.881914 -0
    outer loop
      vertex -78.7163 -2.4664 0
      vertex -78.875 -2.38157 5
      vertex -78.7163 -2.4664 5
    endloop
  endfacet
  facet normal 0.47141 0.881914 0
    outer loop
      vertex -78.875 -2.38157 5
      vertex -78.7163 -2.4664 0
      vertex -78.875 -2.38157 0
    endloop
  endfacet
  facet normal 0.528119 0.84917 -0
    outer loop
      vertex -78.875 -2.38157 0
      vertex -79.0278 -2.28654 5
      vertex -78.875 -2.38157 5
    endloop
  endfacet
  facet normal 0.528119 0.84917 0
    outer loop
      vertex -79.0278 -2.28654 5
      vertex -78.875 -2.38157 0
      vertex -79.0278 -2.28654 0
    endloop
  endfacet
  facet normal 0.634405 0.773001 -0
    outer loop
      vertex -79.1741 -2.18172 0
      vertex -79.3132 -2.06756 5
      vertex -79.1741 -2.18172 5
    endloop
  endfacet
  facet normal 0.634405 0.773001 0
    outer loop
      vertex -79.3132 -2.06756 5
      vertex -79.1741 -2.18172 0
      vertex -79.3132 -2.06756 0
    endloop
  endfacet
  facet normal -0.849027 0.52835 0
    outer loop
      vertex -75.2135 -1.52782 0
      vertex -75.1184 -1.375 5
      vertex -75.1184 -1.375 0
    endloop
  endfacet
  facet normal -0.849027 0.52835 0
    outer loop
      vertex -75.1184 -1.375 5
      vertex -75.2135 -1.52782 0
      vertex -75.2135 -1.52782 5
    endloop
  endfacet
  facet normal -0.773187 0.634179 0
    outer loop
      vertex -75.4324 -1.8132 0
      vertex -75.3183 -1.67409 5
      vertex -75.3183 -1.67409 0
    endloop
  endfacet
  facet normal -0.773187 0.634179 0
    outer loop
      vertex -75.3183 -1.67409 5
      vertex -75.4324 -1.8132 0
      vertex -75.4324 -1.8132 5
    endloop
  endfacet
  facet normal -0.812888 0.58242 0
    outer loop
      vertex -75.3183 -1.67409 0
      vertex -75.2135 -1.52782 5
      vertex -75.2135 -1.52782 0
    endloop
  endfacet
  facet normal -0.812888 0.58242 0
    outer loop
      vertex -75.2135 -1.52782 5
      vertex -75.3183 -1.67409 0
      vertex -75.3183 -1.67409 5
    endloop
  endfacet
  facet normal -0.881996 0.471257 0
    outer loop
      vertex -75.1184 -1.375 0
      vertex -75.0336 -1.21629 5
      vertex -75.0336 -1.21629 0
    endloop
  endfacet
  facet normal -0.881996 0.471257 0
    outer loop
      vertex -75.0336 -1.21629 5
      vertex -75.1184 -1.375 0
      vertex -75.1184 -1.375 5
    endloop
  endfacet
  facet normal -0.935887 0.352301 0
    outer loop
      vertex -74.9593 -1.05238 0
      vertex -74.8959 -0.883958 5
      vertex -74.8959 -0.883958 0
    endloop
  endfacet
  facet normal -0.935887 0.352301 0
    outer loop
      vertex -74.8959 -0.883958 5
      vertex -74.9593 -1.05238 0
      vertex -74.9593 -1.05238 5
    endloop
  endfacet
  facet normal -0.910794 0.412861 0
    outer loop
      vertex -75.0336 -1.21629 0
      vertex -74.9593 -1.05238 5
      vertex -74.9593 -1.05238 0
    endloop
  endfacet
  facet normal -0.910794 0.412861 0
    outer loop
      vertex -74.9593 -1.05238 5
      vertex -75.0336 -1.21629 0
      vertex -75.0336 -1.21629 5
    endloop
  endfacet
  facet normal -0.999462 0.032786 0
    outer loop
      vertex -74.7559 -0.179858 0
      vertex -74.75 0 5
      vertex -74.75 0 0
    endloop
  endfacet
  facet normal -0.999462 0.032786 0
    outer loop
      vertex -74.75 0 5
      vertex -74.7559 -0.179858 0
      vertex -74.7559 -0.179858 5
    endloop
  endfacet
  facet normal -0.582415 0.812892 0
    outer loop
      vertex -75.8259 -2.18172 0
      vertex -75.9722 -2.28654 5
      vertex -75.8259 -2.18172 5
    endloop
  endfacet
  facet normal -0.582415 0.812892 0
    outer loop
      vertex -75.9722 -2.28654 5
      vertex -75.8259 -2.18172 0
      vertex -75.9722 -2.28654 0
    endloop
  endfacet
  facet normal -0.47141 0.881914 0
    outer loop
      vertex -76.125 -2.38157 0
      vertex -76.2837 -2.4664 5
      vertex -76.125 -2.38157 5
    endloop
  endfacet
  facet normal -0.47141 0.881914 0
    outer loop
      vertex -76.2837 -2.4664 5
      vertex -76.125 -2.38157 0
      vertex -76.2837 -2.4664 0
    endloop
  endfacet
  facet normal -0.528119 0.84917 0
    outer loop
      vertex -75.9722 -2.28654 0
      vertex -76.125 -2.38157 5
      vertex -75.9722 -2.28654 5
    endloop
  endfacet
  facet normal -0.528119 0.84917 0
    outer loop
      vertex -76.125 -2.38157 5
      vertex -75.9722 -2.28654 0
      vertex -76.125 -2.38157 0
    endloop
  endfacet
  facet normal -0.683723 0.729742 0
    outer loop
      vertex -75.5555 -1.94454 0
      vertex -75.6868 -2.06756 5
      vertex -75.5555 -1.94454 5
    endloop
  endfacet
  facet normal -0.683723 0.729742 0
    outer loop
      vertex -75.6868 -2.06756 5
      vertex -75.5555 -1.94454 0
      vertex -75.6868 -2.06756 0
    endloop
  endfacet
  facet normal -0.412743 0.910847 0
    outer loop
      vertex -76.2837 -2.4664 0
      vertex -76.4476 -2.54067 5
      vertex -76.2837 -2.4664 5
    endloop
  endfacet
  facet normal -0.412743 0.910847 0
    outer loop
      vertex -76.4476 -2.54067 5
      vertex -76.2837 -2.4664 0
      vertex -76.4476 -2.54067 0
    endloop
  endfacet
  facet normal -0.290304 0.956935 0
    outer loop
      vertex -76.616 -2.60406 0
      vertex -76.7882 -2.6563 5
      vertex -76.616 -2.60406 5
    endloop
  endfacet
  facet normal -0.290304 0.956935 0
    outer loop
      vertex -76.7882 -2.6563 5
      vertex -76.616 -2.60406 0
      vertex -76.7882 -2.6563 0
    endloop
  endfacet
  facet normal -0.352293 0.93589 0
    outer loop
      vertex -76.4476 -2.54067 0
      vertex -76.616 -2.60406 5
      vertex -76.4476 -2.54067 5
    endloop
  endfacet
  facet normal -0.352293 0.93589 0
    outer loop
      vertex -76.616 -2.60406 5
      vertex -76.4476 -2.54067 0
      vertex -76.616 -2.60406 0
    endloop
  endfacet
  facet normal -0.162831 0.986654 0
    outer loop
      vertex -76.9635 -2.69716 0
      vertex -77.1411 -2.72647 5
      vertex -76.9635 -2.69716 5
    endloop
  endfacet
  facet normal -0.162831 0.986654 0
    outer loop
      vertex -77.1411 -2.72647 5
      vertex -76.9635 -2.69716 0
      vertex -77.1411 -2.72647 0
    endloop
  endfacet
  facet normal -0.227001 0.973894 0
    outer loop
      vertex -76.7882 -2.6563 0
      vertex -76.9635 -2.69716 5
      vertex -76.7882 -2.6563 5
    endloop
  endfacet
  facet normal -0.227001 0.973894 0
    outer loop
      vertex -76.9635 -2.69716 5
      vertex -76.7882 -2.6563 0
      vertex -76.9635 -2.69716 0
    endloop
  endfacet
  facet normal 0.999462 -0.032786 0
    outer loop
      vertex -80.25 0 5
      vertex -80.2441 0.179858 0
      vertex -80.2441 0.179858 5
    endloop
  endfacet
  facet normal 0.999462 -0.032786 0
    outer loop
      vertex -80.2441 0.179858 0
      vertex -80.25 0 5
      vertex -80.25 0 0
    endloop
  endfacet
  facet normal 0.995206 -0.097804 0
    outer loop
      vertex -80.2441 0.179858 5
      vertex -80.2265 0.358947 0
      vertex -80.2265 0.358947 5
    endloop
  endfacet
  facet normal 0.995206 -0.097804 0
    outer loop
      vertex -80.2265 0.358947 0
      vertex -80.2441 0.179858 5
      vertex -80.2441 0.179858 0
    endloop
  endfacet
  facet normal 0.910794 -0.412861 0
    outer loop
      vertex -80.0407 1.05238 5
      vertex -79.9664 1.21629 0
      vertex -79.9664 1.21629 5
    endloop
  endfacet
  facet normal 0.910794 -0.412861 0
    outer loop
      vertex -79.9664 1.21629 0
      vertex -80.0407 1.05238 5
      vertex -80.0407 1.05238 0
    endloop
  endfacet
  facet normal 0.956999 -0.290091 0
    outer loop
      vertex -80.1563 0.711752 5
      vertex -80.1041 0.883958 0
      vertex -80.1041 0.883958 5
    endloop
  endfacet
  facet normal 0.956999 -0.290091 0
    outer loop
      vertex -80.1041 0.883958 0
      vertex -80.1563 0.711752 5
      vertex -80.1563 0.711752 0
    endloop
  endfacet
  facet normal 0.47141 -0.881914 0
    outer loop
      vertex -78.875 2.38157 0
      vertex -78.7163 2.4664 5
      vertex -78.875 2.38157 5
    endloop
  endfacet
  facet normal 0.47141 -0.881914 0
    outer loop
      vertex -78.7163 2.4664 5
      vertex -78.875 2.38157 0
      vertex -78.7163 2.4664 0
    endloop
  endfacet
  facet normal 0.812888 -0.58242 0
    outer loop
      vertex -79.7865 1.52782 5
      vertex -79.6817 1.67409 0
      vertex -79.6817 1.67409 5
    endloop
  endfacet
  facet normal 0.812888 -0.58242 0
    outer loop
      vertex -79.6817 1.67409 0
      vertex -79.7865 1.52782 5
      vertex -79.7865 1.52782 0
    endloop
  endfacet
  facet normal -0.812888 -0.58242 0
    outer loop
      vertex -75.2135 1.52782 0
      vertex -75.3183 1.67409 5
      vertex -75.3183 1.67409 0
    endloop
  endfacet
  facet normal -0.812888 -0.58242 0
    outer loop
      vertex -75.3183 1.67409 5
      vertex -75.2135 1.52782 0
      vertex -75.2135 1.52782 5
    endloop
  endfacet
  facet normal 0.227001 -0.973894 0
    outer loop
      vertex -78.2118 2.6563 0
      vertex -78.0365 2.69716 5
      vertex -78.2118 2.6563 5
    endloop
  endfacet
  facet normal 0.227001 -0.973894 0
    outer loop
      vertex -78.0365 2.69716 5
      vertex -78.2118 2.6563 0
      vertex -78.0365 2.69716 0
    endloop
  endfacet
  facet normal 0.162831 -0.986654 0
    outer loop
      vertex -78.0365 2.69716 0
      vertex -77.8589 2.72647 5
      vertex -78.0365 2.69716 5
    endloop
  endfacet
  facet normal 0.162831 -0.986654 0
    outer loop
      vertex -77.8589 2.72647 5
      vertex -78.0365 2.69716 0
      vertex -77.8589 2.72647 0
    endloop
  endfacet
  facet normal 0.973832 0.227269 0
    outer loop
      vertex -80.1563 -0.711752 5
      vertex -80.1972 -0.536498 0
      vertex -80.1972 -0.536498 5
    endloop
  endfacet
  facet normal 0.973832 0.227269 0
    outer loop
      vertex -80.1972 -0.536498 0
      vertex -80.1563 -0.711752 5
      vertex -80.1563 -0.711752 0
    endloop
  endfacet
  facet normal 0.935887 0.352301 0
    outer loop
      vertex -80.0407 -1.05238 5
      vertex -80.1041 -0.883958 0
      vertex -80.1041 -0.883958 5
    endloop
  endfacet
  facet normal 0.935887 0.352301 0
    outer loop
      vertex -80.1041 -0.883958 0
      vertex -80.0407 -1.05238 5
      vertex -80.0407 -1.05238 0
    endloop
  endfacet
  facet normal 0.683723 0.729742 -0
    outer loop
      vertex -79.3132 -2.06756 0
      vertex -79.4445 -1.94454 5
      vertex -79.3132 -2.06756 5
    endloop
  endfacet
  facet normal 0.683723 0.729742 0
    outer loop
      vertex -79.4445 -1.94454 5
      vertex -79.3132 -2.06756 0
      vertex -79.4445 -1.94454 0
    endloop
  endfacet
  facet normal 0.849027 0.52835 0
    outer loop
      vertex -79.7865 -1.52782 5
      vertex -79.8816 -1.375 0
      vertex -79.8816 -1.375 5
    endloop
  endfacet
  facet normal 0.849027 0.52835 0
    outer loop
      vertex -79.8816 -1.375 0
      vertex -79.7865 -1.52782 5
      vertex -79.7865 -1.52782 0
    endloop
  endfacet
  facet normal 0.162831 0.986654 -0
    outer loop
      vertex -77.8589 -2.72647 0
      vertex -78.0365 -2.69716 5
      vertex -77.8589 -2.72647 5
    endloop
  endfacet
  facet normal 0.162831 0.986654 0
    outer loop
      vertex -78.0365 -2.69716 5
      vertex -77.8589 -2.72647 0
      vertex -78.0365 -2.69716 0
    endloop
  endfacet
  facet normal -0.0327229 0.999464 0
    outer loop
      vertex -77.3201 -2.74411 0
      vertex -77.5 -2.75 5
      vertex -77.3201 -2.74411 5
    endloop
  endfacet
  facet normal -0.0327229 0.999464 0
    outer loop
      vertex -77.5 -2.75 5
      vertex -77.3201 -2.74411 0
      vertex -77.5 -2.75 0
    endloop
  endfacet
  facet normal 0.412743 0.910847 -0
    outer loop
      vertex -78.5524 -2.54067 0
      vertex -78.7163 -2.4664 5
      vertex -78.5524 -2.54067 5
    endloop
  endfacet
  facet normal 0.412743 0.910847 0
    outer loop
      vertex -78.7163 -2.4664 5
      vertex -78.5524 -2.54067 0
      vertex -78.7163 -2.4664 0
    endloop
  endfacet
  facet normal 0.582415 0.812892 -0
    outer loop
      vertex -79.0278 -2.28654 0
      vertex -79.1741 -2.18172 5
      vertex -79.0278 -2.28654 5
    endloop
  endfacet
  facet normal 0.582415 0.812892 0
    outer loop
      vertex -79.1741 -2.18172 5
      vertex -79.0278 -2.28654 0
      vertex -79.1741 -2.18172 0
    endloop
  endfacet
  facet normal -0.986656 0.162821 0
    outer loop
      vertex -74.8028 -0.536498 0
      vertex -74.7735 -0.358947 5
      vertex -74.7735 -0.358947 0
    endloop
  endfacet
  facet normal -0.986656 0.162821 0
    outer loop
      vertex -74.7735 -0.358947 5
      vertex -74.8028 -0.536498 0
      vertex -74.8028 -0.536498 5
    endloop
  endfacet
  facet normal 0.986656 -0.162821 0
    outer loop
      vertex -80.2265 0.358947 5
      vertex -80.1972 0.536498 0
      vertex -80.1972 0.536498 5
    endloop
  endfacet
  facet normal 0.986656 -0.162821 0
    outer loop
      vertex -80.1972 0.536498 0
      vertex -80.2265 0.358947 5
      vertex -80.2265 0.358947 0
    endloop
  endfacet
  facet normal 0.881996 -0.471257 0
    outer loop
      vertex -79.9664 1.21629 5
      vertex -79.8816 1.375 0
      vertex -79.8816 1.375 5
    endloop
  endfacet
  facet normal 0.881996 -0.471257 0
    outer loop
      vertex -79.8816 1.375 0
      vertex -79.9664 1.21629 5
      vertex -79.9664 1.21629 0
    endloop
  endfacet
  facet normal 0.935887 -0.352301 0
    outer loop
      vertex -80.1041 0.883958 5
      vertex -80.0407 1.05238 0
      vertex -80.0407 1.05238 5
    endloop
  endfacet
  facet normal 0.935887 -0.352301 0
    outer loop
      vertex -80.0407 1.05238 0
      vertex -80.1041 0.883958 5
      vertex -80.1041 0.883958 0
    endloop
  endfacet
  facet normal 0.973832 -0.227269 0
    outer loop
      vertex -80.1972 0.536498 5
      vertex -80.1563 0.711752 0
      vertex -80.1563 0.711752 5
    endloop
  endfacet
  facet normal 0.973832 -0.227269 0
    outer loop
      vertex -80.1563 0.711752 0
      vertex -80.1972 0.536498 5
      vertex -80.1972 0.536498 0
    endloop
  endfacet
  facet normal 0.729624 -0.683849 0
    outer loop
      vertex -79.5676 1.8132 5
      vertex -79.4445 1.94454 0
      vertex -79.4445 1.94454 5
    endloop
  endfacet
  facet normal 0.729624 -0.683849 0
    outer loop
      vertex -79.4445 1.94454 0
      vertex -79.5676 1.8132 5
      vertex -79.5676 1.8132 0
    endloop
  endfacet
  facet normal 0.634405 -0.773001 0
    outer loop
      vertex -79.3132 2.06756 0
      vertex -79.1741 2.18172 5
      vertex -79.3132 2.06756 5
    endloop
  endfacet
  facet normal 0.634405 -0.773001 0
    outer loop
      vertex -79.1741 2.18172 5
      vertex -79.3132 2.06756 0
      vertex -79.1741 2.18172 0
    endloop
  endfacet
  facet normal 0.773187 -0.634179 0
    outer loop
      vertex -79.6817 1.67409 5
      vertex -79.5676 1.8132 0
      vertex -79.5676 1.8132 5
    endloop
  endfacet
  facet normal 0.773187 -0.634179 0
    outer loop
      vertex -79.5676 1.8132 0
      vertex -79.6817 1.67409 5
      vertex -79.6817 1.67409 0
    endloop
  endfacet
  facet normal -0.634405 -0.773001 0
    outer loop
      vertex -75.8259 2.18172 0
      vertex -75.6868 2.06756 5
      vertex -75.8259 2.18172 5
    endloop
  endfacet
  facet normal -0.634405 -0.773001 -0
    outer loop
      vertex -75.6868 2.06756 5
      vertex -75.8259 2.18172 0
      vertex -75.6868 2.06756 0
    endloop
  endfacet
  facet normal -0.162831 -0.986654 0
    outer loop
      vertex -77.1411 2.72647 0
      vertex -76.9635 2.69716 5
      vertex -77.1411 2.72647 5
    endloop
  endfacet
  facet normal -0.162831 -0.986654 -0
    outer loop
      vertex -76.9635 2.69716 5
      vertex -77.1411 2.72647 0
      vertex -76.9635 2.69716 0
    endloop
  endfacet
  facet normal -0.881996 -0.471257 0
    outer loop
      vertex -75.0336 1.21629 0
      vertex -75.1184 1.375 5
      vertex -75.1184 1.375 0
    endloop
  endfacet
  facet normal -0.881996 -0.471257 0
    outer loop
      vertex -75.1184 1.375 5
      vertex -75.0336 1.21629 0
      vertex -75.0336 1.21629 5
    endloop
  endfacet
  facet normal -0.773187 -0.634179 0
    outer loop
      vertex -75.3183 1.67409 0
      vertex -75.4324 1.8132 5
      vertex -75.4324 1.8132 0
    endloop
  endfacet
  facet normal -0.773187 -0.634179 0
    outer loop
      vertex -75.4324 1.8132 5
      vertex -75.3183 1.67409 0
      vertex -75.3183 1.67409 5
    endloop
  endfacet
  facet normal -0.910794 -0.412861 0
    outer loop
      vertex -74.9593 1.05238 0
      vertex -75.0336 1.21629 5
      vertex -75.0336 1.21629 0
    endloop
  endfacet
  facet normal -0.910794 -0.412861 0
    outer loop
      vertex -75.0336 1.21629 5
      vertex -74.9593 1.05238 0
      vertex -74.9593 1.05238 5
    endloop
  endfacet
  facet normal -0.995206 -0.097804 0
    outer loop
      vertex -74.7559 0.179858 0
      vertex -74.7735 0.358947 5
      vertex -74.7735 0.358947 0
    endloop
  endfacet
  facet normal -0.995206 -0.097804 0
    outer loop
      vertex -74.7735 0.358947 5
      vertex -74.7559 0.179858 0
      vertex -74.7559 0.179858 5
    endloop
  endfacet
  facet normal -0.973832 -0.227269 0
    outer loop
      vertex -74.8028 0.536498 0
      vertex -74.8437 0.711752 5
      vertex -74.8437 0.711752 0
    endloop
  endfacet
  facet normal -0.973832 -0.227269 0
    outer loop
      vertex -74.8437 0.711752 5
      vertex -74.8028 0.536498 0
      vertex -74.8028 0.536498 5
    endloop
  endfacet
  facet normal 0.0980724 -0.995179 0
    outer loop
      vertex -77.8589 2.72647 0
      vertex -77.6799 2.74411 5
      vertex -77.8589 2.72647 5
    endloop
  endfacet
  facet normal 0.0980724 -0.995179 0
    outer loop
      vertex -77.6799 2.74411 5
      vertex -77.8589 2.72647 0
      vertex -77.6799 2.74411 0
    endloop
  endfacet
  facet normal 0.683723 -0.729742 0
    outer loop
      vertex -79.4445 1.94454 0
      vertex -79.3132 2.06756 5
      vertex -79.4445 1.94454 5
    endloop
  endfacet
  facet normal 0.683723 -0.729742 0
    outer loop
      vertex -79.3132 2.06756 5
      vertex -79.4445 1.94454 0
      vertex -79.3132 2.06756 0
    endloop
  endfacet
  facet normal 0.528119 -0.84917 0
    outer loop
      vertex -79.0278 2.28654 0
      vertex -78.875 2.38157 5
      vertex -79.0278 2.28654 5
    endloop
  endfacet
  facet normal 0.528119 -0.84917 0
    outer loop
      vertex -78.875 2.38157 5
      vertex -79.0278 2.28654 0
      vertex -78.875 2.38157 0
    endloop
  endfacet
  facet normal 0.582415 -0.812892 0
    outer loop
      vertex -79.1741 2.18172 0
      vertex -79.0278 2.28654 5
      vertex -79.1741 2.18172 5
    endloop
  endfacet
  facet normal 0.582415 -0.812892 0
    outer loop
      vertex -79.0278 2.28654 5
      vertex -79.1741 2.18172 0
      vertex -79.0278 2.28654 0
    endloop
  endfacet
  facet normal -0.0327229 -0.999464 0
    outer loop
      vertex -77.5 2.75 0
      vertex -77.3201 2.74411 5
      vertex -77.5 2.75 5
    endloop
  endfacet
  facet normal -0.0327229 -0.999464 -0
    outer loop
      vertex -77.3201 2.74411 5
      vertex -77.5 2.75 0
      vertex -77.3201 2.74411 0
    endloop
  endfacet
  facet normal -0.0980724 -0.995179 0
    outer loop
      vertex -77.3201 2.74411 0
      vertex -77.1411 2.72647 5
      vertex -77.3201 2.74411 5
    endloop
  endfacet
  facet normal -0.0980724 -0.995179 -0
    outer loop
      vertex -77.1411 2.72647 5
      vertex -77.3201 2.74411 0
      vertex -77.1411 2.72647 0
    endloop
  endfacet
  facet normal -0.290304 -0.956935 0
    outer loop
      vertex -76.7882 2.6563 0
      vertex -76.616 2.60406 5
      vertex -76.7882 2.6563 5
    endloop
  endfacet
  facet normal -0.290304 -0.956935 -0
    outer loop
      vertex -76.616 2.60406 5
      vertex -76.7882 2.6563 0
      vertex -76.616 2.60406 0
    endloop
  endfacet
  facet normal -0.849027 -0.52835 0
    outer loop
      vertex -75.1184 1.375 0
      vertex -75.2135 1.52782 5
      vertex -75.2135 1.52782 0
    endloop
  endfacet
  facet normal -0.849027 -0.52835 0
    outer loop
      vertex -75.2135 1.52782 5
      vertex -75.1184 1.375 0
      vertex -75.1184 1.375 5
    endloop
  endfacet
  facet normal -0.683723 -0.729742 0
    outer loop
      vertex -75.6868 2.06756 0
      vertex -75.5555 1.94454 5
      vertex -75.6868 2.06756 5
    endloop
  endfacet
  facet normal -0.683723 -0.729742 -0
    outer loop
      vertex -75.5555 1.94454 5
      vertex -75.6868 2.06756 0
      vertex -75.5555 1.94454 0
    endloop
  endfacet
  facet normal -0.729624 -0.683849 0
    outer loop
      vertex -75.4324 1.8132 0
      vertex -75.5555 1.94454 5
      vertex -75.5555 1.94454 0
    endloop
  endfacet
  facet normal -0.729624 -0.683849 0
    outer loop
      vertex -75.5555 1.94454 5
      vertex -75.4324 1.8132 0
      vertex -75.4324 1.8132 5
    endloop
  endfacet
  facet normal -0.935887 -0.352301 0
    outer loop
      vertex -74.8959 0.883958 0
      vertex -74.9593 1.05238 5
      vertex -74.9593 1.05238 0
    endloop
  endfacet
  facet normal -0.935887 -0.352301 0
    outer loop
      vertex -74.9593 1.05238 5
      vertex -74.8959 0.883958 0
      vertex -74.8959 0.883958 5
    endloop
  endfacet
  facet normal -0.956999 -0.290091 0
    outer loop
      vertex -74.8437 0.711752 0
      vertex -74.8959 0.883958 5
      vertex -74.8959 0.883958 0
    endloop
  endfacet
  facet normal -0.956999 -0.290091 0
    outer loop
      vertex -74.8959 0.883958 5
      vertex -74.8437 0.711752 0
      vertex -74.8437 0.711752 5
    endloop
  endfacet
  facet normal -0.986656 -0.162821 0
    outer loop
      vertex -74.7735 0.358947 0
      vertex -74.8028 0.536498 5
      vertex -74.8028 0.536498 0
    endloop
  endfacet
  facet normal -0.986656 -0.162821 0
    outer loop
      vertex -74.8028 0.536498 5
      vertex -74.7735 0.358947 0
      vertex -74.7735 0.358947 5
    endloop
  endfacet
  facet normal 0.352293 -0.93589 0
    outer loop
      vertex -78.5524 2.54067 0
      vertex -78.384 2.60406 5
      vertex -78.5524 2.54067 5
    endloop
  endfacet
  facet normal 0.352293 -0.93589 0
    outer loop
      vertex -78.384 2.60406 5
      vertex -78.5524 2.54067 0
      vertex -78.384 2.60406 0
    endloop
  endfacet
  facet normal 0.290304 -0.956935 0
    outer loop
      vertex -78.384 2.60406 0
      vertex -78.2118 2.6563 5
      vertex -78.384 2.60406 5
    endloop
  endfacet
  facet normal 0.290304 -0.956935 0
    outer loop
      vertex -78.2118 2.6563 5
      vertex -78.384 2.60406 0
      vertex -78.2118 2.6563 0
    endloop
  endfacet
  facet normal -0.582415 -0.812892 0
    outer loop
      vertex -75.9722 2.28654 0
      vertex -75.8259 2.18172 5
      vertex -75.9722 2.28654 5
    endloop
  endfacet
  facet normal -0.582415 -0.812892 -0
    outer loop
      vertex -75.8259 2.18172 5
      vertex -75.9722 2.28654 0
      vertex -75.8259 2.18172 0
    endloop
  endfacet
  facet normal -0.352293 -0.93589 0
    outer loop
      vertex -76.616 2.60406 0
      vertex -76.4476 2.54067 5
      vertex -76.616 2.60406 5
    endloop
  endfacet
  facet normal -0.352293 -0.93589 -0
    outer loop
      vertex -76.4476 2.54067 5
      vertex -76.616 2.60406 0
      vertex -76.4476 2.54067 0
    endloop
  endfacet
  facet normal -0.227001 -0.973894 0
    outer loop
      vertex -76.9635 2.69716 0
      vertex -76.7882 2.6563 5
      vertex -76.9635 2.69716 5
    endloop
  endfacet
  facet normal -0.227001 -0.973894 -0
    outer loop
      vertex -76.7882 2.6563 5
      vertex -76.9635 2.69716 0
      vertex -76.7882 2.6563 0
    endloop
  endfacet
  facet normal -0.528119 -0.84917 0
    outer loop
      vertex -76.125 2.38157 0
      vertex -75.9722 2.28654 5
      vertex -76.125 2.38157 5
    endloop
  endfacet
  facet normal -0.528119 -0.84917 -0
    outer loop
      vertex -75.9722 2.28654 5
      vertex -76.125 2.38157 0
      vertex -75.9722 2.28654 0
    endloop
  endfacet
  facet normal -0.412743 -0.910847 0
    outer loop
      vertex -76.4476 2.54067 0
      vertex -76.2837 2.4664 5
      vertex -76.4476 2.54067 5
    endloop
  endfacet
  facet normal -0.412743 -0.910847 -0
    outer loop
      vertex -76.2837 2.4664 5
      vertex -76.4476 2.54067 0
      vertex -76.2837 2.4664 0
    endloop
  endfacet
  facet normal -0.47141 -0.881914 0
    outer loop
      vertex -76.2837 2.4664 0
      vertex -76.125 2.38157 5
      vertex -76.2837 2.4664 5
    endloop
  endfacet
  facet normal -0.47141 -0.881914 -0
    outer loop
      vertex -76.125 2.38157 5
      vertex -76.2837 2.4664 0
      vertex -76.125 2.38157 0
    endloop
  endfacet
  facet normal 0.471713 0.881752 -0
    outer loop
      vertex -39.9663 -69.5834 0
      vertex -40.125 -69.4985 5
      vertex -39.9663 -69.5834 5
    endloop
  endfacet
  facet normal 0.471713 0.881752 0
    outer loop
      vertex -40.125 -69.4985 5
      vertex -39.9663 -69.5834 0
      vertex -40.125 -69.4985 0
    endloop
  endfacet
  facet normal -0.47128 -0.881983 0
    outer loop
      vertex -37.5337 -64.6506 0
      vertex -37.375 -64.7354 5
      vertex -37.5337 -64.6506 5
    endloop
  endfacet
  facet normal -0.47128 -0.881983 -0
    outer loop
      vertex -37.375 -64.7354 5
      vertex -37.5337 -64.6506 0
      vertex -37.375 -64.7354 0
    endloop
  endfacet
  facet normal -0.881983 0.47128 0
    outer loop
      vertex -36.3684 -68.492 0
      vertex -36.2836 -68.3333 5
      vertex -36.2836 -68.3333 0
    endloop
  endfacet
  facet normal -0.881983 0.47128 0
    outer loop
      vertex -36.2836 -68.3333 5
      vertex -36.3684 -68.492 0
      vertex -36.3684 -68.492 5
    endloop
  endfacet
  facet normal -0.956996 -0.2901 0
    outer loop
      vertex -36.0937 -66.4052 0
      vertex -36.1459 -66.233 5
      vertex -36.1459 -66.233 0
    endloop
  endfacet
  facet normal -0.956996 -0.2901 0
    outer loop
      vertex -36.1459 -66.233 5
      vertex -36.0937 -66.4052 0
      vertex -36.0937 -66.4052 5
    endloop
  endfacet
  facet normal 0.935872 0.352341 0
    outer loop
      vertex -41.2907 -68.1693 5
      vertex -41.3541 -68.0009 0
      vertex -41.3541 -68.0009 5
    endloop
  endfacet
  facet normal 0.935872 0.352341 0
    outer loop
      vertex -41.3541 -68.0009 0
      vertex -41.2907 -68.1693 5
      vertex -41.2907 -68.1693 0
    endloop
  endfacet
  facet normal -0.634538 0.772892 0
    outer loop
      vertex -36.9368 -69.1845 0
      vertex -37.0759 -69.2987 5
      vertex -36.9368 -69.1845 5
    endloop
  endfacet
  facet normal -0.634538 0.772892 0
    outer loop
      vertex -37.0759 -69.2987 5
      vertex -36.9368 -69.1845 0
      vertex -37.0759 -69.2987 0
    endloop
  endfacet
  facet normal -0.773164 -0.634206 0
    outer loop
      vertex -36.5683 -65.4429 0
      vertex -36.6824 -65.3038 5
      vertex -36.6824 -65.3038 0
    endloop
  endfacet
  facet normal -0.773164 -0.634206 0
    outer loop
      vertex -36.6824 -65.3038 5
      vertex -36.5683 -65.4429 0
      vertex -36.5683 -65.4429 5
    endloop
  endfacet
  facet normal -0.0984028 0.995147 0
    outer loop
      vertex -38.3911 -69.8434 0
      vertex -38.5701 -69.8611 5
      vertex -38.3911 -69.8434 5
    endloop
  endfacet
  facet normal -0.0984028 0.995147 0
    outer loop
      vertex -38.5701 -69.8611 5
      vertex -38.3911 -69.8434 0
      vertex -38.5701 -69.8611 0
    endloop
  endfacet
  facet normal -0.162777 0.986663 0
    outer loop
      vertex -38.2135 -69.8141 0
      vertex -38.3911 -69.8434 5
      vertex -38.2135 -69.8141 5
    endloop
  endfacet
  facet normal -0.162777 0.986663 0
    outer loop
      vertex -38.3911 -69.8434 5
      vertex -38.2135 -69.8141 0
      vertex -38.3911 -69.8434 0
    endloop
  endfacet
  facet normal 0.0327784 0.999463 -0
    outer loop
      vertex -38.75 -69.867 0
      vertex -38.9299 -69.8611 5
      vertex -38.75 -69.867 5
    endloop
  endfacet
  facet normal 0.0327784 0.999463 0
    outer loop
      vertex -38.9299 -69.8611 5
      vertex -38.75 -69.867 0
      vertex -38.9299 -69.8611 0
    endloop
  endfacet
  facet normal -0.812944 0.582341 0
    outer loop
      vertex -36.5683 -68.7911 0
      vertex -36.4635 -68.6448 5
      vertex -36.4635 -68.6448 0
    endloop
  endfacet
  facet normal -0.812944 0.582341 0
    outer loop
      vertex -36.4635 -68.6448 5
      vertex -36.5683 -68.7911 0
      vertex -36.5683 -68.7911 5
    endloop
  endfacet
  facet normal -0.527999 0.849245 0
    outer loop
      vertex -37.2222 -69.4035 0
      vertex -37.375 -69.4985 5
      vertex -37.2222 -69.4035 5
    endloop
  endfacet
  facet normal -0.527999 0.849245 0
    outer loop
      vertex -37.375 -69.4985 5
      vertex -37.2222 -69.4035 0
      vertex -37.375 -69.4985 0
    endloop
  endfacet
  facet normal -0.634538 -0.772892 0
    outer loop
      vertex -37.0759 -64.9352 0
      vertex -36.9368 -65.0494 5
      vertex -37.0759 -64.9352 5
    endloop
  endfacet
  facet normal -0.634538 -0.772892 -0
    outer loop
      vertex -36.9368 -65.0494 5
      vertex -37.0759 -64.9352 0
      vertex -36.9368 -65.0494 0
    endloop
  endfacet
  facet normal -0.881983 -0.47128 0
    outer loop
      vertex -36.2836 -65.9007 0
      vertex -36.3684 -65.742 5
      vertex -36.3684 -65.742 0
    endloop
  endfacet
  facet normal -0.881983 -0.47128 0
    outer loop
      vertex -36.3684 -65.742 5
      vertex -36.2836 -65.9007 0
      vertex -36.2836 -65.9007 5
    endloop
  endfacet
  facet normal -0.935872 -0.352341 0
    outer loop
      vertex -36.1459 -66.233 0
      vertex -36.2093 -66.0646 5
      vertex -36.2093 -66.0646 0
    endloop
  endfacet
  facet normal -0.935872 -0.352341 0
    outer loop
      vertex -36.2093 -66.0646 5
      vertex -36.1459 -66.233 0
      vertex -36.1459 -66.233 5
    endloop
  endfacet
  facet normal -0.849151 -0.528151 0
    outer loop
      vertex -36.3684 -65.742 0
      vertex -36.4635 -65.5891 5
      vertex -36.4635 -65.5891 0
    endloop
  endfacet
  facet normal -0.849151 -0.528151 0
    outer loop
      vertex -36.4635 -65.5891 5
      vertex -36.3684 -65.742 0
      vertex -36.3684 -65.742 5
    endloop
  endfacet
  facet normal -0.683664 -0.729797 0
    outer loop
      vertex -36.9368 -65.0494 0
      vertex -36.8055 -65.1724 5
      vertex -36.9368 -65.0494 5
    endloop
  endfacet
  facet normal -0.683664 -0.729797 -0
    outer loop
      vertex -36.8055 -65.1724 5
      vertex -36.9368 -65.0494 0
      vertex -36.8055 -65.1724 0
    endloop
  endfacet
  facet normal -0.527999 -0.849245 0
    outer loop
      vertex -37.375 -64.7354 0
      vertex -37.2222 -64.8304 5
      vertex -37.375 -64.7354 5
    endloop
  endfacet
  facet normal -0.527999 -0.849245 -0
    outer loop
      vertex -37.2222 -64.8304 5
      vertex -37.375 -64.7354 0
      vertex -37.2222 -64.8304 0
    endloop
  endfacet
  facet normal -0.995206 -0.097798 0
    outer loop
      vertex -36.0059 -66.9371 0
      vertex -36.0235 -66.758 5
      vertex -36.0235 -66.758 0
    endloop
  endfacet
  facet normal -0.995206 -0.097798 0
    outer loop
      vertex -36.0235 -66.758 5
      vertex -36.0059 -66.9371 0
      vertex -36.0059 -66.9371 5
    endloop
  endfacet
  facet normal -0.999463 -0.0327784 0
    outer loop
      vertex -36 -67.117 0
      vertex -36.0059 -66.9371 5
      vertex -36.0059 -66.9371 0
    endloop
  endfacet
  facet normal -0.999463 -0.0327784 0
    outer loop
      vertex -36.0059 -66.9371 5
      vertex -36 -67.117 0
      vertex -36 -67.117 5
    endloop
  endfacet
  facet normal -0.973845 -0.227212 0
    outer loop
      vertex -36.0528 -66.5805 0
      vertex -36.0937 -66.4052 5
      vertex -36.0937 -66.4052 0
    endloop
  endfacet
  facet normal -0.973845 -0.227212 0
    outer loop
      vertex -36.0937 -66.4052 5
      vertex -36.0528 -66.5805 0
      vertex -36.0528 -66.5805 5
    endloop
  endfacet
  facet normal -0.973817 0.227335 0
    outer loop
      vertex -36.0937 -67.8287 0
      vertex -36.0528 -67.6535 5
      vertex -36.0528 -67.6535 0
    endloop
  endfacet
  facet normal -0.973817 0.227335 0
    outer loop
      vertex -36.0528 -67.6535 5
      vertex -36.0937 -67.8287 0
      vertex -36.0937 -67.8287 5
    endloop
  endfacet
  facet normal -0.995206 0.097798 0
    outer loop
      vertex -36.0235 -67.4759 0
      vertex -36.0059 -67.2968 5
      vertex -36.0059 -67.2968 0
    endloop
  endfacet
  facet normal -0.995206 0.097798 0
    outer loop
      vertex -36.0059 -67.2968 5
      vertex -36.0235 -67.4759 0
      vertex -36.0235 -67.4759 5
    endloop
  endfacet
  facet normal -0.956996 0.2901 0
    outer loop
      vertex -36.1459 -68.0009 0
      vertex -36.0937 -67.8287 5
      vertex -36.0937 -67.8287 0
    endloop
  endfacet
  facet normal -0.956996 0.2901 0
    outer loop
      vertex -36.0937 -67.8287 5
      vertex -36.1459 -68.0009 0
      vertex -36.1459 -68.0009 5
    endloop
  endfacet
  facet normal -0.910879 0.412673 0
    outer loop
      vertex -36.2836 -68.3333 0
      vertex -36.2093 -68.1693 5
      vertex -36.2093 -68.1693 0
    endloop
  endfacet
  facet normal -0.910879 0.412673 0
    outer loop
      vertex -36.2093 -68.1693 5
      vertex -36.2836 -68.3333 0
      vertex -36.2836 -68.3333 5
    endloop
  endfacet
  facet normal 0.72952 0.68396 0
    outer loop
      vertex -40.6945 -69.0615 5
      vertex -40.8176 -68.9302 0
      vertex -40.8176 -68.9302 5
    endloop
  endfacet
  facet normal 0.72952 0.68396 0
    outer loop
      vertex -40.8176 -68.9302 0
      vertex -40.6945 -69.0615 5
      vertex -40.6945 -69.0615 0
    endloop
  endfacet
  facet normal 0.412421 0.910994 -0
    outer loop
      vertex -39.8024 -69.6576 0
      vertex -39.9663 -69.5834 5
      vertex -39.8024 -69.6576 5
    endloop
  endfacet
  facet normal 0.412421 0.910994 0
    outer loop
      vertex -39.9663 -69.5834 5
      vertex -39.8024 -69.6576 0
      vertex -39.9663 -69.5834 0
    endloop
  endfacet
  facet normal 0.290609 0.956842 -0
    outer loop
      vertex -39.4618 -69.7733 0
      vertex -39.634 -69.721 5
      vertex -39.4618 -69.7733 5
    endloop
  endfacet
  facet normal 0.290609 0.956842 0
    outer loop
      vertex -39.634 -69.721 5
      vertex -39.4618 -69.7733 0
      vertex -39.634 -69.721 0
    endloop
  endfacet
  facet normal 0.0984028 0.995147 -0
    outer loop
      vertex -38.9299 -69.8611 0
      vertex -39.1089 -69.8434 5
      vertex -38.9299 -69.8611 5
    endloop
  endfacet
  facet normal 0.0984028 0.995147 0
    outer loop
      vertex -39.1089 -69.8434 5
      vertex -38.9299 -69.8611 0
      vertex -39.1089 -69.8434 0
    endloop
  endfacet
  facet normal 0.226685 0.973968 -0
    outer loop
      vertex -39.2865 -69.8141 0
      vertex -39.4618 -69.7733 5
      vertex -39.2865 -69.8141 5
    endloop
  endfacet
  facet normal 0.226685 0.973968 0
    outer loop
      vertex -39.4618 -69.7733 5
      vertex -39.2865 -69.8141 0
      vertex -39.4618 -69.7733 0
    endloop
  endfacet
  facet normal -0.226685 0.973968 0
    outer loop
      vertex -38.0382 -69.7733 0
      vertex -38.2135 -69.8141 5
      vertex -38.0382 -69.7733 5
    endloop
  endfacet
  facet normal -0.226685 0.973968 0
    outer loop
      vertex -38.2135 -69.8141 5
      vertex -38.0382 -69.7733 0
      vertex -38.2135 -69.8141 0
    endloop
  endfacet
  facet normal -0.0327784 0.999463 0
    outer loop
      vertex -38.5701 -69.8611 0
      vertex -38.75 -69.867 5
      vertex -38.5701 -69.8611 5
    endloop
  endfacet
  facet normal -0.0327784 0.999463 0
    outer loop
      vertex -38.75 -69.867 5
      vertex -38.5701 -69.8611 0
      vertex -38.75 -69.867 0
    endloop
  endfacet
  facet normal -0.683664 0.729797 0
    outer loop
      vertex -36.8055 -69.0615 0
      vertex -36.9368 -69.1845 5
      vertex -36.8055 -69.0615 5
    endloop
  endfacet
  facet normal -0.683664 0.729797 0
    outer loop
      vertex -36.9368 -69.1845 5
      vertex -36.8055 -69.0615 0
      vertex -36.9368 -69.1845 0
    endloop
  endfacet
  facet normal -0.773164 0.634206 0
    outer loop
      vertex -36.6824 -68.9302 0
      vertex -36.5683 -68.7911 5
      vertex -36.5683 -68.7911 0
    endloop
  endfacet
  facet normal -0.773164 0.634206 0
    outer loop
      vertex -36.5683 -68.7911 5
      vertex -36.6824 -68.9302 0
      vertex -36.6824 -68.9302 5
    endloop
  endfacet
  facet normal -0.848996 0.5284 0
    outer loop
      vertex -36.4635 -68.6448 0
      vertex -36.3684 -68.492 5
      vertex -36.3684 -68.492 0
    endloop
  endfacet
  facet normal -0.848996 0.5284 0
    outer loop
      vertex -36.3684 -68.492 5
      vertex -36.4635 -68.6448 0
      vertex -36.4635 -68.6448 5
    endloop
  endfacet
  facet normal -0.582341 0.812944 0
    outer loop
      vertex -37.0759 -69.2987 0
      vertex -37.2222 -69.4035 5
      vertex -37.0759 -69.2987 5
    endloop
  endfacet
  facet normal -0.582341 0.812944 0
    outer loop
      vertex -37.2222 -69.4035 5
      vertex -37.0759 -69.2987 0
      vertex -37.2222 -69.4035 0
    endloop
  endfacet
  facet normal -0.471713 0.881752 0
    outer loop
      vertex -37.375 -69.4985 0
      vertex -37.5337 -69.5834 5
      vertex -37.375 -69.4985 5
    endloop
  endfacet
  facet normal -0.471713 0.881752 0
    outer loop
      vertex -37.5337 -69.5834 5
      vertex -37.375 -69.4985 0
      vertex -37.5337 -69.5834 0
    endloop
  endfacet
  facet normal -0.352341 0.935872 0
    outer loop
      vertex -37.6976 -69.6576 0
      vertex -37.866 -69.721 5
      vertex -37.6976 -69.6576 5
    endloop
  endfacet
  facet normal -0.352341 0.935872 0
    outer loop
      vertex -37.866 -69.721 5
      vertex -37.6976 -69.6576 0
      vertex -37.866 -69.721 0
    endloop
  endfacet
  facet normal -0.910785 -0.412882 0
    outer loop
      vertex -36.2093 -66.0646 0
      vertex -36.2836 -65.9007 5
      vertex -36.2836 -65.9007 0
    endloop
  endfacet
  facet normal -0.910785 -0.412882 0
    outer loop
      vertex -36.2836 -65.9007 5
      vertex -36.2093 -66.0646 0
      vertex -36.2093 -66.0646 5
    endloop
  endfacet
  facet normal -0.582341 -0.812944 0
    outer loop
      vertex -37.2222 -64.8304 0
      vertex -37.0759 -64.9352 5
      vertex -37.2222 -64.8304 5
    endloop
  endfacet
  facet normal -0.582341 -0.812944 -0
    outer loop
      vertex -37.0759 -64.9352 5
      vertex -37.2222 -64.8304 0
      vertex -37.0759 -64.9352 0
    endloop
  endfacet
  facet normal -0.999462 0.0327966 0
    outer loop
      vertex -36.0059 -67.2968 0
      vertex -36 -67.117 5
      vertex -36 -67.117 0
    endloop
  endfacet
  facet normal -0.999462 0.0327966 0
    outer loop
      vertex -36 -67.117 5
      vertex -36.0059 -67.2968 0
      vertex -36.0059 -67.2968 5
    endloop
  endfacet
  facet normal -0.986663 0.162777 0
    outer loop
      vertex -36.0528 -67.6535 0
      vertex -36.0235 -67.4759 5
      vertex -36.0235 -67.4759 0
    endloop
  endfacet
  facet normal -0.986663 0.162777 0
    outer loop
      vertex -36.0235 -67.4759 5
      vertex -36.0528 -67.6535 0
      vertex -36.0528 -67.6535 5
    endloop
  endfacet
  facet normal -0.935872 0.352341 0
    outer loop
      vertex -36.2093 -68.1693 0
      vertex -36.1459 -68.0009 5
      vertex -36.1459 -68.0009 0
    endloop
  endfacet
  facet normal -0.935872 0.352341 0
    outer loop
      vertex -36.1459 -68.0009 5
      vertex -36.2093 -68.1693 0
      vertex -36.2093 -68.1693 5
    endloop
  endfacet
  facet normal 0.848996 0.5284 0
    outer loop
      vertex -41.0365 -68.6448 5
      vertex -41.1316 -68.492 0
      vertex -41.1316 -68.492 5
    endloop
  endfacet
  facet normal 0.848996 0.5284 0
    outer loop
      vertex -41.1316 -68.492 0
      vertex -41.0365 -68.6448 5
      vertex -41.0365 -68.6448 0
    endloop
  endfacet
  facet normal 0.634538 0.772892 -0
    outer loop
      vertex -40.4241 -69.2987 0
      vertex -40.5632 -69.1845 5
      vertex -40.4241 -69.2987 5
    endloop
  endfacet
  facet normal 0.634538 0.772892 0
    outer loop
      vertex -40.5632 -69.1845 5
      vertex -40.4241 -69.2987 0
      vertex -40.5632 -69.1845 0
    endloop
  endfacet
  facet normal 0.683664 0.729797 -0
    outer loop
      vertex -40.5632 -69.1845 0
      vertex -40.6945 -69.0615 5
      vertex -40.5632 -69.1845 5
    endloop
  endfacet
  facet normal 0.683664 0.729797 0
    outer loop
      vertex -40.6945 -69.0615 5
      vertex -40.5632 -69.1845 0
      vertex -40.6945 -69.0615 0
    endloop
  endfacet
  facet normal 0.582341 0.812944 -0
    outer loop
      vertex -40.2778 -69.4035 0
      vertex -40.4241 -69.2987 5
      vertex -40.2778 -69.4035 5
    endloop
  endfacet
  facet normal 0.582341 0.812944 0
    outer loop
      vertex -40.4241 -69.2987 5
      vertex -40.2778 -69.4035 0
      vertex -40.4241 -69.2987 0
    endloop
  endfacet
  facet normal -0.2901 -0.956996 0
    outer loop
      vertex -38.0382 -64.4607 0
      vertex -37.866 -64.5129 5
      vertex -38.0382 -64.4607 5
    endloop
  endfacet
  facet normal -0.2901 -0.956996 -0
    outer loop
      vertex -37.866 -64.5129 5
      vertex -38.0382 -64.4607 0
      vertex -37.866 -64.5129 0
    endloop
  endfacet
  facet normal 0.995206 -0.097798 0
    outer loop
      vertex -41.4941 -66.9371 5
      vertex -41.4765 -66.758 0
      vertex -41.4765 -66.758 5
    endloop
  endfacet
  facet normal 0.995206 -0.097798 0
    outer loop
      vertex -41.4765 -66.758 0
      vertex -41.4941 -66.9371 5
      vertex -41.4941 -66.9371 0
    endloop
  endfacet
  facet normal 0.986648 -0.162866 0
    outer loop
      vertex -41.4765 -66.758 5
      vertex -41.4472 -66.5805 0
      vertex -41.4472 -66.5805 5
    endloop
  endfacet
  facet normal 0.986648 -0.162866 0
    outer loop
      vertex -41.4472 -66.5805 0
      vertex -41.4765 -66.758 5
      vertex -41.4765 -66.758 0
    endloop
  endfacet
  facet normal 0.935872 -0.352341 0
    outer loop
      vertex -41.3541 -66.233 5
      vertex -41.2907 -66.0646 0
      vertex -41.2907 -66.0646 5
    endloop
  endfacet
  facet normal 0.935872 -0.352341 0
    outer loop
      vertex -41.2907 -66.0646 0
      vertex -41.3541 -66.233 5
      vertex -41.3541 -66.233 0
    endloop
  endfacet
  facet normal 0.352341 0.935872 -0
    outer loop
      vertex -39.634 -69.721 0
      vertex -39.8024 -69.6576 5
      vertex -39.634 -69.721 5
    endloop
  endfacet
  facet normal 0.352341 0.935872 0
    outer loop
      vertex -39.8024 -69.6576 5
      vertex -39.634 -69.721 0
      vertex -39.8024 -69.6576 0
    endloop
  endfacet
  facet normal 0.162777 0.986663 -0
    outer loop
      vertex -39.1089 -69.8434 0
      vertex -39.2865 -69.8141 5
      vertex -39.1089 -69.8434 5
    endloop
  endfacet
  facet normal 0.162777 0.986663 0
    outer loop
      vertex -39.2865 -69.8141 5
      vertex -39.1089 -69.8434 0
      vertex -39.2865 -69.8141 0
    endloop
  endfacet
  facet normal -0.290609 0.956842 0
    outer loop
      vertex -37.866 -69.721 0
      vertex -38.0382 -69.7733 5
      vertex -37.866 -69.721 5
    endloop
  endfacet
  facet normal -0.290609 0.956842 0
    outer loop
      vertex -38.0382 -69.7733 5
      vertex -37.866 -69.721 0
      vertex -38.0382 -69.7733 0
    endloop
  endfacet
  facet normal -0.72952 0.68396 0
    outer loop
      vertex -36.8055 -69.0615 0
      vertex -36.6824 -68.9302 5
      vertex -36.6824 -68.9302 0
    endloop
  endfacet
  facet normal -0.72952 0.68396 0
    outer loop
      vertex -36.6824 -68.9302 5
      vertex -36.8055 -69.0615 0
      vertex -36.8055 -69.0615 5
    endloop
  endfacet
  facet normal -0.412421 0.910994 0
    outer loop
      vertex -37.5337 -69.5834 0
      vertex -37.6976 -69.6576 5
      vertex -37.5337 -69.5834 5
    endloop
  endfacet
  facet normal -0.412421 0.910994 0
    outer loop
      vertex -37.6976 -69.6576 5
      vertex -37.5337 -69.5834 0
      vertex -37.6976 -69.6576 0
    endloop
  endfacet
  facet normal -0.812756 -0.582605 0
    outer loop
      vertex -36.4635 -65.5891 0
      vertex -36.5683 -65.4429 5
      vertex -36.5683 -65.4429 0
    endloop
  endfacet
  facet normal -0.812756 -0.582605 0
    outer loop
      vertex -36.5683 -65.4429 5
      vertex -36.4635 -65.5891 0
      vertex -36.4635 -65.5891 5
    endloop
  endfacet
  facet normal -0.72978 -0.683682 0
    outer loop
      vertex -36.6824 -65.3038 0
      vertex -36.8055 -65.1724 5
      vertex -36.8055 -65.1724 0
    endloop
  endfacet
  facet normal -0.72978 -0.683682 0
    outer loop
      vertex -36.8055 -65.1724 5
      vertex -36.6824 -65.3038 0
      vertex -36.6824 -65.3038 5
    endloop
  endfacet
  facet normal -0.986648 -0.162866 0
    outer loop
      vertex -36.0235 -66.758 0
      vertex -36.0528 -66.5805 5
      vertex -36.0528 -66.5805 0
    endloop
  endfacet
  facet normal -0.986648 -0.162866 0
    outer loop
      vertex -36.0528 -66.5805 5
      vertex -36.0235 -66.758 0
      vertex -36.0235 -66.758 5
    endloop
  endfacet
  facet normal 0.527999 0.849245 -0
    outer loop
      vertex -40.125 -69.4985 0
      vertex -40.2778 -69.4035 5
      vertex -40.125 -69.4985 5
    endloop
  endfacet
  facet normal 0.527999 0.849245 0
    outer loop
      vertex -40.2778 -69.4035 5
      vertex -40.125 -69.4985 0
      vertex -40.2778 -69.4035 0
    endloop
  endfacet
  facet normal 0.999463 -0.0327784 0
    outer loop
      vertex -41.5 -67.117 5
      vertex -41.4941 -66.9371 0
      vertex -41.4941 -66.9371 5
    endloop
  endfacet
  facet normal 0.999463 -0.0327784 0
    outer loop
      vertex -41.4941 -66.9371 0
      vertex -41.5 -67.117 5
      vertex -41.5 -67.117 0
    endloop
  endfacet
  facet normal 0.812944 0.582341 0
    outer loop
      vertex -40.9317 -68.7911 5
      vertex -41.0365 -68.6448 0
      vertex -41.0365 -68.6448 5
    endloop
  endfacet
  facet normal 0.812944 0.582341 0
    outer loop
      vertex -41.0365 -68.6448 0
      vertex -40.9317 -68.7911 5
      vertex -40.9317 -68.7911 0
    endloop
  endfacet
  facet normal 0.773164 0.634206 0
    outer loop
      vertex -40.8176 -68.9302 5
      vertex -40.9317 -68.7911 0
      vertex -40.9317 -68.7911 5
    endloop
  endfacet
  facet normal 0.773164 0.634206 0
    outer loop
      vertex -40.9317 -68.7911 0
      vertex -40.8176 -68.9302 5
      vertex -40.8176 -68.9302 0
    endloop
  endfacet
  facet normal 0.773164 -0.634206 0
    outer loop
      vertex -40.9317 -65.4429 5
      vertex -40.8176 -65.3038 0
      vertex -40.8176 -65.3038 5
    endloop
  endfacet
  facet normal 0.773164 -0.634206 0
    outer loop
      vertex -40.8176 -65.3038 0
      vertex -40.9317 -65.4429 5
      vertex -40.9317 -65.4429 0
    endloop
  endfacet
  facet normal 0.352341 -0.935872 0
    outer loop
      vertex -39.8024 -64.5763 0
      vertex -39.634 -64.5129 5
      vertex -39.8024 -64.5763 5
    endloop
  endfacet
  facet normal 0.352341 -0.935872 0
    outer loop
      vertex -39.634 -64.5129 5
      vertex -39.8024 -64.5763 0
      vertex -39.634 -64.5129 0
    endloop
  endfacet
  facet normal 0.162777 -0.986663 0
    outer loop
      vertex -39.2865 -64.4198 0
      vertex -39.1089 -64.3905 5
      vertex -39.2865 -64.4198 5
    endloop
  endfacet
  facet normal 0.162777 -0.986663 0
    outer loop
      vertex -39.1089 -64.3905 5
      vertex -39.2865 -64.4198 0
      vertex -39.1089 -64.3905 0
    endloop
  endfacet
  facet normal -0.227212 -0.973845 0
    outer loop
      vertex -38.2135 -64.4198 0
      vertex -38.0382 -64.4607 5
      vertex -38.2135 -64.4198 5
    endloop
  endfacet
  facet normal -0.227212 -0.973845 -0
    outer loop
      vertex -38.0382 -64.4607 5
      vertex -38.2135 -64.4198 0
      vertex -38.0382 -64.4607 0
    endloop
  endfacet
  facet normal -0.412882 -0.910785 0
    outer loop
      vertex -37.6976 -64.5763 0
      vertex -37.5337 -64.6506 5
      vertex -37.6976 -64.5763 5
    endloop
  endfacet
  facet normal -0.412882 -0.910785 -0
    outer loop
      vertex -37.5337 -64.6506 5
      vertex -37.6976 -64.5763 0
      vertex -37.5337 -64.6506 0
    endloop
  endfacet
  facet normal 0.910785 -0.412882 0
    outer loop
      vertex -41.2907 -66.0646 5
      vertex -41.2164 -65.9007 0
      vertex -41.2164 -65.9007 5
    endloop
  endfacet
  facet normal 0.910785 -0.412882 0
    outer loop
      vertex -41.2164 -65.9007 0
      vertex -41.2907 -66.0646 5
      vertex -41.2907 -66.0646 0
    endloop
  endfacet
  facet normal 0.881983 0.47128 0
    outer loop
      vertex -41.1316 -68.492 5
      vertex -41.2164 -68.3333 0
      vertex -41.2164 -68.3333 5
    endloop
  endfacet
  facet normal 0.881983 0.47128 0
    outer loop
      vertex -41.2164 -68.3333 0
      vertex -41.1316 -68.492 5
      vertex -41.1316 -68.492 0
    endloop
  endfacet
  facet normal 0.910879 0.412673 0
    outer loop
      vertex -41.2164 -68.3333 5
      vertex -41.2907 -68.1693 0
      vertex -41.2907 -68.1693 5
    endloop
  endfacet
  facet normal 0.910879 0.412673 0
    outer loop
      vertex -41.2907 -68.1693 0
      vertex -41.2164 -68.3333 5
      vertex -41.2164 -68.3333 0
    endloop
  endfacet
  facet normal 0.995206 0.097798 0
    outer loop
      vertex -41.4765 -67.4759 5
      vertex -41.4941 -67.2968 0
      vertex -41.4941 -67.2968 5
    endloop
  endfacet
  facet normal 0.995206 0.097798 0
    outer loop
      vertex -41.4941 -67.2968 0
      vertex -41.4765 -67.4759 5
      vertex -41.4765 -67.4759 0
    endloop
  endfacet
  facet normal 0.956996 0.2901 0
    outer loop
      vertex -41.3541 -68.0009 5
      vertex -41.4063 -67.8287 0
      vertex -41.4063 -67.8287 5
    endloop
  endfacet
  facet normal 0.956996 0.2901 0
    outer loop
      vertex -41.4063 -67.8287 0
      vertex -41.3541 -68.0009 5
      vertex -41.3541 -68.0009 0
    endloop
  endfacet
  facet normal 0.973817 0.227335 0
    outer loop
      vertex -41.4063 -67.8287 5
      vertex -41.4472 -67.6535 0
      vertex -41.4472 -67.6535 5
    endloop
  endfacet
  facet normal 0.973817 0.227335 0
    outer loop
      vertex -41.4472 -67.6535 0
      vertex -41.4063 -67.8287 5
      vertex -41.4063 -67.8287 0
    endloop
  endfacet
  facet normal 0.881983 -0.47128 0
    outer loop
      vertex -41.2164 -65.9007 5
      vertex -41.1316 -65.742 0
      vertex -41.1316 -65.742 5
    endloop
  endfacet
  facet normal 0.881983 -0.47128 0
    outer loop
      vertex -41.1316 -65.742 0
      vertex -41.2164 -65.9007 5
      vertex -41.2164 -65.9007 0
    endloop
  endfacet
  facet normal 0.849151 -0.528151 0
    outer loop
      vertex -41.1316 -65.742 5
      vertex -41.0365 -65.5891 0
      vertex -41.0365 -65.5891 5
    endloop
  endfacet
  facet normal 0.849151 -0.528151 0
    outer loop
      vertex -41.0365 -65.5891 0
      vertex -41.1316 -65.742 5
      vertex -41.1316 -65.742 0
    endloop
  endfacet
  facet normal -0.0327784 -0.999463 0
    outer loop
      vertex -38.75 -64.367 0
      vertex -38.5701 -64.3729 5
      vertex -38.75 -64.367 5
    endloop
  endfacet
  facet normal -0.0327784 -0.999463 -0
    outer loop
      vertex -38.5701 -64.3729 5
      vertex -38.75 -64.367 0
      vertex -38.5701 -64.3729 0
    endloop
  endfacet
  facet normal 0.2901 -0.956996 0
    outer loop
      vertex -39.634 -64.5129 0
      vertex -39.4618 -64.4607 5
      vertex -39.634 -64.5129 5
    endloop
  endfacet
  facet normal 0.2901 -0.956996 0
    outer loop
      vertex -39.4618 -64.4607 5
      vertex -39.634 -64.5129 0
      vertex -39.4618 -64.4607 0
    endloop
  endfacet
  facet normal 0.227212 -0.973845 0
    outer loop
      vertex -39.4618 -64.4607 0
      vertex -39.2865 -64.4198 5
      vertex -39.4618 -64.4607 5
    endloop
  endfacet
  facet normal 0.227212 -0.973845 0
    outer loop
      vertex -39.2865 -64.4198 5
      vertex -39.4618 -64.4607 0
      vertex -39.2865 -64.4198 0
    endloop
  endfacet
  facet normal -0.0978522 -0.995201 0
    outer loop
      vertex -38.5701 -64.3729 0
      vertex -38.3911 -64.3905 5
      vertex -38.5701 -64.3729 5
    endloop
  endfacet
  facet normal -0.0978522 -0.995201 -0
    outer loop
      vertex -38.3911 -64.3905 5
      vertex -38.5701 -64.3729 0
      vertex -38.3911 -64.3905 0
    endloop
  endfacet
  facet normal -0.162777 -0.986663 0
    outer loop
      vertex -38.3911 -64.3905 0
      vertex -38.2135 -64.4198 5
      vertex -38.3911 -64.3905 5
    endloop
  endfacet
  facet normal -0.162777 -0.986663 -0
    outer loop
      vertex -38.2135 -64.4198 5
      vertex -38.3911 -64.3905 0
      vertex -38.2135 -64.4198 0
    endloop
  endfacet
  facet normal -0.352341 -0.935872 0
    outer loop
      vertex -37.866 -64.5129 0
      vertex -37.6976 -64.5763 5
      vertex -37.866 -64.5129 5
    endloop
  endfacet
  facet normal -0.352341 -0.935872 -0
    outer loop
      vertex -37.6976 -64.5763 5
      vertex -37.866 -64.5129 0
      vertex -37.6976 -64.5763 0
    endloop
  endfacet
  facet normal 0.973845 -0.227212 0
    outer loop
      vertex -41.4472 -66.5805 5
      vertex -41.4063 -66.4052 0
      vertex -41.4063 -66.4052 5
    endloop
  endfacet
  facet normal 0.973845 -0.227212 0
    outer loop
      vertex -41.4063 -66.4052 0
      vertex -41.4472 -66.5805 5
      vertex -41.4472 -66.5805 0
    endloop
  endfacet
  facet normal 0.956996 -0.2901 0
    outer loop
      vertex -41.4063 -66.4052 5
      vertex -41.3541 -66.233 0
      vertex -41.3541 -66.233 5
    endloop
  endfacet
  facet normal 0.956996 -0.2901 0
    outer loop
      vertex -41.3541 -66.233 0
      vertex -41.4063 -66.4052 5
      vertex -41.4063 -66.4052 0
    endloop
  endfacet
  facet normal 0.999462 0.0327966 0
    outer loop
      vertex -41.4941 -67.2968 5
      vertex -41.5 -67.117 0
      vertex -41.5 -67.117 5
    endloop
  endfacet
  facet normal 0.999462 0.0327966 0
    outer loop
      vertex -41.5 -67.117 0
      vertex -41.4941 -67.2968 5
      vertex -41.4941 -67.2968 0
    endloop
  endfacet
  facet normal 0.812756 -0.582605 0
    outer loop
      vertex -41.0365 -65.5891 5
      vertex -40.9317 -65.4429 0
      vertex -40.9317 -65.4429 5
    endloop
  endfacet
  facet normal 0.812756 -0.582605 0
    outer loop
      vertex -40.9317 -65.4429 0
      vertex -41.0365 -65.5891 5
      vertex -41.0365 -65.5891 0
    endloop
  endfacet
  facet normal 0.72978 -0.683682 0
    outer loop
      vertex -40.8176 -65.3038 5
      vertex -40.6945 -65.1724 0
      vertex -40.6945 -65.1724 5
    endloop
  endfacet
  facet normal 0.72978 -0.683682 0
    outer loop
      vertex -40.6945 -65.1724 0
      vertex -40.8176 -65.3038 5
      vertex -40.8176 -65.3038 0
    endloop
  endfacet
  facet normal 0.412882 -0.910785 0
    outer loop
      vertex -39.9663 -64.6506 0
      vertex -39.8024 -64.5763 5
      vertex -39.9663 -64.6506 5
    endloop
  endfacet
  facet normal 0.412882 -0.910785 0
    outer loop
      vertex -39.8024 -64.5763 5
      vertex -39.9663 -64.6506 0
      vertex -39.8024 -64.5763 0
    endloop
  endfacet
  facet normal 0.47128 -0.881983 0
    outer loop
      vertex -40.125 -64.7354 0
      vertex -39.9663 -64.6506 5
      vertex -40.125 -64.7354 5
    endloop
  endfacet
  facet normal 0.47128 -0.881983 0
    outer loop
      vertex -39.9663 -64.6506 5
      vertex -40.125 -64.7354 0
      vertex -39.9663 -64.6506 0
    endloop
  endfacet
  facet normal 0.634538 -0.772892 0
    outer loop
      vertex -40.5632 -65.0494 0
      vertex -40.4241 -64.9352 5
      vertex -40.5632 -65.0494 5
    endloop
  endfacet
  facet normal 0.634538 -0.772892 0
    outer loop
      vertex -40.4241 -64.9352 5
      vertex -40.5632 -65.0494 0
      vertex -40.4241 -64.9352 0
    endloop
  endfacet
  facet normal 0.0327784 -0.999463 0
    outer loop
      vertex -38.9299 -64.3729 0
      vertex -38.75 -64.367 5
      vertex -38.9299 -64.3729 5
    endloop
  endfacet
  facet normal 0.0327784 -0.999463 0
    outer loop
      vertex -38.75 -64.367 5
      vertex -38.9299 -64.3729 0
      vertex -38.75 -64.367 0
    endloop
  endfacet
  facet normal 0.0978522 -0.995201 0
    outer loop
      vertex -39.1089 -64.3905 0
      vertex -38.9299 -64.3729 5
      vertex -39.1089 -64.3905 5
    endloop
  endfacet
  facet normal 0.0978522 -0.995201 0
    outer loop
      vertex -38.9299 -64.3729 5
      vertex -39.1089 -64.3905 0
      vertex -38.9299 -64.3729 0
    endloop
  endfacet
  facet normal 0.986663 0.162777 0
    outer loop
      vertex -41.4472 -67.6535 5
      vertex -41.4765 -67.4759 0
      vertex -41.4765 -67.4759 5
    endloop
  endfacet
  facet normal 0.986663 0.162777 0
    outer loop
      vertex -41.4765 -67.4759 0
      vertex -41.4472 -67.6535 5
      vertex -41.4472 -67.6535 0
    endloop
  endfacet
  facet normal 0.683664 -0.729797 0
    outer loop
      vertex -40.6945 -65.1724 0
      vertex -40.5632 -65.0494 5
      vertex -40.6945 -65.1724 5
    endloop
  endfacet
  facet normal 0.683664 -0.729797 0
    outer loop
      vertex -40.5632 -65.0494 5
      vertex -40.6945 -65.1724 0
      vertex -40.5632 -65.0494 0
    endloop
  endfacet
  facet normal 0.582341 -0.812944 0
    outer loop
      vertex -40.4241 -64.9352 0
      vertex -40.2778 -64.8304 5
      vertex -40.4241 -64.9352 5
    endloop
  endfacet
  facet normal 0.582341 -0.812944 0
    outer loop
      vertex -40.2778 -64.8304 5
      vertex -40.4241 -64.9352 0
      vertex -40.2778 -64.8304 0
    endloop
  endfacet
  facet normal 0.527999 -0.849245 0
    outer loop
      vertex -40.2778 -64.8304 0
      vertex -40.125 -64.7354 5
      vertex -40.2778 -64.8304 5
    endloop
  endfacet
  facet normal 0.527999 -0.849245 0
    outer loop
      vertex -40.125 -64.7354 5
      vertex -40.2778 -64.8304 0
      vertex -40.125 -64.7354 0
    endloop
  endfacet
  facet normal -0.848996 0.5284 0
    outer loop
      vertex 41.0365 -68.6448 0
      vertex 41.1316 -68.492 5
      vertex 41.1316 -68.492 0
    endloop
  endfacet
  facet normal -0.848996 0.5284 0
    outer loop
      vertex 41.1316 -68.492 5
      vertex 41.0365 -68.6448 0
      vertex 41.0365 -68.6448 5
    endloop
  endfacet
  facet normal -0.986648 -0.162866 0
    outer loop
      vertex 41.4765 -66.758 0
      vertex 41.4472 -66.5805 5
      vertex 41.4472 -66.5805 0
    endloop
  endfacet
  facet normal -0.986648 -0.162866 0
    outer loop
      vertex 41.4472 -66.5805 5
      vertex 41.4765 -66.758 0
      vertex 41.4765 -66.758 5
    endloop
  endfacet
  facet normal -0.582341 -0.812944 0
    outer loop
      vertex 40.2778 -64.8304 0
      vertex 40.4241 -64.9352 5
      vertex 40.2778 -64.8304 5
    endloop
  endfacet
  facet normal -0.582341 -0.812944 -0
    outer loop
      vertex 40.4241 -64.9352 5
      vertex 40.2778 -64.8304 0
      vertex 40.4241 -64.9352 0
    endloop
  endfacet
  facet normal 0.162777 -0.986663 0
    outer loop
      vertex 38.2135 -64.4198 0
      vertex 38.3911 -64.3905 5
      vertex 38.2135 -64.4198 5
    endloop
  endfacet
  facet normal 0.162777 -0.986663 0
    outer loop
      vertex 38.3911 -64.3905 5
      vertex 38.2135 -64.4198 0
      vertex 38.3911 -64.3905 0
    endloop
  endfacet
  facet normal 0.412882 -0.910785 0
    outer loop
      vertex 37.5337 -64.6506 0
      vertex 37.6976 -64.5763 5
      vertex 37.5337 -64.6506 5
    endloop
  endfacet
  facet normal 0.412882 -0.910785 0
    outer loop
      vertex 37.6976 -64.5763 5
      vertex 37.5337 -64.6506 0
      vertex 37.6976 -64.5763 0
    endloop
  endfacet
  facet normal -0.162777 -0.986663 0
    outer loop
      vertex 39.1089 -64.3905 0
      vertex 39.2865 -64.4198 5
      vertex 39.1089 -64.3905 5
    endloop
  endfacet
  facet normal -0.162777 -0.986663 -0
    outer loop
      vertex 39.2865 -64.4198 5
      vertex 39.1089 -64.3905 0
      vertex 39.2865 -64.4198 0
    endloop
  endfacet
  facet normal -0.72978 -0.683682 0
    outer loop
      vertex 40.8176 -65.3038 0
      vertex 40.6945 -65.1724 5
      vertex 40.6945 -65.1724 0
    endloop
  endfacet
  facet normal -0.72978 -0.683682 0
    outer loop
      vertex 40.6945 -65.1724 5
      vertex 40.8176 -65.3038 0
      vertex 40.8176 -65.3038 5
    endloop
  endfacet
  facet normal 0.973845 -0.227212 0
    outer loop
      vertex 36.0528 -66.5805 5
      vertex 36.0937 -66.4052 0
      vertex 36.0937 -66.4052 5
    endloop
  endfacet
  facet normal 0.973845 -0.227212 0
    outer loop
      vertex 36.0937 -66.4052 0
      vertex 36.0528 -66.5805 5
      vertex 36.0528 -66.5805 0
    endloop
  endfacet
  facet normal -0.72952 0.68396 0
    outer loop
      vertex 40.6945 -69.0615 0
      vertex 40.8176 -68.9302 5
      vertex 40.8176 -68.9302 0
    endloop
  endfacet
  facet normal -0.72952 0.68396 0
    outer loop
      vertex 40.8176 -68.9302 5
      vertex 40.6945 -69.0615 0
      vertex 40.6945 -69.0615 5
    endloop
  endfacet
  facet normal -0.973817 0.227335 0
    outer loop
      vertex 41.4063 -67.8287 0
      vertex 41.4472 -67.6535 5
      vertex 41.4472 -67.6535 0
    endloop
  endfacet
  facet normal -0.973817 0.227335 0
    outer loop
      vertex 41.4472 -67.6535 5
      vertex 41.4063 -67.8287 0
      vertex 41.4063 -67.8287 5
    endloop
  endfacet
  facet normal -0.849151 -0.528151 0
    outer loop
      vertex 41.1316 -65.742 0
      vertex 41.0365 -65.5891 5
      vertex 41.0365 -65.5891 0
    endloop
  endfacet
  facet normal -0.849151 -0.528151 0
    outer loop
      vertex 41.0365 -65.5891 5
      vertex 41.1316 -65.742 0
      vertex 41.1316 -65.742 5
    endloop
  endfacet
  facet normal -0.973845 -0.227212 0
    outer loop
      vertex 41.4472 -66.5805 0
      vertex 41.4063 -66.4052 5
      vertex 41.4063 -66.4052 0
    endloop
  endfacet
  facet normal -0.973845 -0.227212 0
    outer loop
      vertex 41.4063 -66.4052 5
      vertex 41.4472 -66.5805 0
      vertex 41.4472 -66.5805 5
    endloop
  endfacet
  facet normal -0.935872 -0.352341 0
    outer loop
      vertex 41.3541 -66.233 0
      vertex 41.2907 -66.0646 5
      vertex 41.2907 -66.0646 0
    endloop
  endfacet
  facet normal -0.935872 -0.352341 0
    outer loop
      vertex 41.2907 -66.0646 5
      vertex 41.3541 -66.233 0
      vertex 41.3541 -66.233 5
    endloop
  endfacet
  facet normal -0.999463 -0.0327784 0
    outer loop
      vertex 41.5 -67.117 0
      vertex 41.4941 -66.9371 5
      vertex 41.4941 -66.9371 0
    endloop
  endfacet
  facet normal -0.999463 -0.0327784 0
    outer loop
      vertex 41.4941 -66.9371 5
      vertex 41.5 -67.117 0
      vertex 41.5 -67.117 5
    endloop
  endfacet
  facet normal 0.47128 -0.881983 0
    outer loop
      vertex 37.375 -64.7354 0
      vertex 37.5337 -64.6506 5
      vertex 37.375 -64.7354 5
    endloop
  endfacet
  facet normal 0.47128 -0.881983 0
    outer loop
      vertex 37.5337 -64.6506 5
      vertex 37.375 -64.7354 0
      vertex 37.5337 -64.6506 0
    endloop
  endfacet
  facet normal 0.227212 -0.973845 0
    outer loop
      vertex 38.0382 -64.4607 0
      vertex 38.2135 -64.4198 5
      vertex 38.0382 -64.4607 5
    endloop
  endfacet
  facet normal 0.227212 -0.973845 0
    outer loop
      vertex 38.2135 -64.4198 5
      vertex 38.0382 -64.4607 0
      vertex 38.2135 -64.4198 0
    endloop
  endfacet
  facet normal 0.352341 -0.935872 0
    outer loop
      vertex 37.6976 -64.5763 0
      vertex 37.866 -64.5129 5
      vertex 37.6976 -64.5763 5
    endloop
  endfacet
  facet normal 0.352341 -0.935872 0
    outer loop
      vertex 37.866 -64.5129 5
      vertex 37.6976 -64.5763 0
      vertex 37.866 -64.5129 0
    endloop
  endfacet
  facet normal 0.0327784 -0.999463 0
    outer loop
      vertex 38.5701 -64.3729 0
      vertex 38.75 -64.367 5
      vertex 38.5701 -64.3729 5
    endloop
  endfacet
  facet normal 0.0327784 -0.999463 0
    outer loop
      vertex 38.75 -64.367 5
      vertex 38.5701 -64.3729 0
      vertex 38.75 -64.367 0
    endloop
  endfacet
  facet normal -0.0327784 -0.999463 0
    outer loop
      vertex 38.75 -64.367 0
      vertex 38.9299 -64.3729 5
      vertex 38.75 -64.367 5
    endloop
  endfacet
  facet normal -0.0327784 -0.999463 -0
    outer loop
      vertex 38.9299 -64.3729 5
      vertex 38.75 -64.367 0
      vertex 38.9299 -64.3729 0
    endloop
  endfacet
  facet normal -0.773164 -0.634206 0
    outer loop
      vertex 40.9317 -65.4429 0
      vertex 40.8176 -65.3038 5
      vertex 40.8176 -65.3038 0
    endloop
  endfacet
  facet normal -0.773164 -0.634206 0
    outer loop
      vertex 40.8176 -65.3038 5
      vertex 40.9317 -65.4429 0
      vertex 40.9317 -65.4429 5
    endloop
  endfacet
  facet normal -0.683664 -0.729797 0
    outer loop
      vertex 40.5632 -65.0494 0
      vertex 40.6945 -65.1724 5
      vertex 40.5632 -65.0494 5
    endloop
  endfacet
  facet normal -0.683664 -0.729797 -0
    outer loop
      vertex 40.6945 -65.1724 5
      vertex 40.5632 -65.0494 0
      vertex 40.6945 -65.1724 0
    endloop
  endfacet
  facet normal -0.412882 -0.910785 0
    outer loop
      vertex 39.8024 -64.5763 0
      vertex 39.9663 -64.6506 5
      vertex 39.8024 -64.5763 5
    endloop
  endfacet
  facet normal -0.412882 -0.910785 -0
    outer loop
      vertex 39.9663 -64.6506 5
      vertex 39.8024 -64.5763 0
      vertex 39.9663 -64.6506 0
    endloop
  endfacet
  facet normal -0.527999 -0.849245 0
    outer loop
      vertex 40.125 -64.7354 0
      vertex 40.2778 -64.8304 5
      vertex 40.125 -64.7354 5
    endloop
  endfacet
  facet normal -0.527999 -0.849245 -0
    outer loop
      vertex 40.2778 -64.8304 5
      vertex 40.125 -64.7354 0
      vertex 40.2778 -64.8304 0
    endloop
  endfacet
  facet normal -0.227212 -0.973845 0
    outer loop
      vertex 39.2865 -64.4198 0
      vertex 39.4618 -64.4607 5
      vertex 39.2865 -64.4198 5
    endloop
  endfacet
  facet normal -0.227212 -0.973845 -0
    outer loop
      vertex 39.4618 -64.4607 5
      vertex 39.2865 -64.4198 0
      vertex 39.4618 -64.4607 0
    endloop
  endfacet
  facet normal -0.527999 0.849245 0
    outer loop
      vertex 40.2778 -69.4035 0
      vertex 40.125 -69.4985 5
      vertex 40.2778 -69.4035 5
    endloop
  endfacet
  facet normal -0.527999 0.849245 0
    outer loop
      vertex 40.125 -69.4985 5
      vertex 40.2778 -69.4035 0
      vertex 40.125 -69.4985 0
    endloop
  endfacet
  facet normal -0.412421 0.910994 0
    outer loop
      vertex 39.9663 -69.5834 0
      vertex 39.8024 -69.6576 5
      vertex 39.9663 -69.5834 5
    endloop
  endfacet
  facet normal -0.412421 0.910994 0
    outer loop
      vertex 39.8024 -69.6576 5
      vertex 39.9663 -69.5834 0
      vertex 39.8024 -69.6576 0
    endloop
  endfacet
  facet normal -0.226685 0.973968 0
    outer loop
      vertex 39.4618 -69.7733 0
      vertex 39.2865 -69.8141 5
      vertex 39.4618 -69.7733 5
    endloop
  endfacet
  facet normal -0.226685 0.973968 0
    outer loop
      vertex 39.2865 -69.8141 5
      vertex 39.4618 -69.7733 0
      vertex 39.2865 -69.8141 0
    endloop
  endfacet
  facet normal -0.582341 0.812944 0
    outer loop
      vertex 40.4241 -69.2987 0
      vertex 40.2778 -69.4035 5
      vertex 40.4241 -69.2987 5
    endloop
  endfacet
  facet normal -0.582341 0.812944 0
    outer loop
      vertex 40.2778 -69.4035 5
      vertex 40.4241 -69.2987 0
      vertex 40.2778 -69.4035 0
    endloop
  endfacet
  facet normal -0.773164 0.634206 0
    outer loop
      vertex 40.8176 -68.9302 0
      vertex 40.9317 -68.7911 5
      vertex 40.9317 -68.7911 0
    endloop
  endfacet
  facet normal -0.773164 0.634206 0
    outer loop
      vertex 40.9317 -68.7911 5
      vertex 40.8176 -68.9302 0
      vertex 40.8176 -68.9302 5
    endloop
  endfacet
  facet normal -0.812944 0.582341 0
    outer loop
      vertex 40.9317 -68.7911 0
      vertex 41.0365 -68.6448 5
      vertex 41.0365 -68.6448 0
    endloop
  endfacet
  facet normal -0.812944 0.582341 0
    outer loop
      vertex 41.0365 -68.6448 5
      vertex 40.9317 -68.7911 0
      vertex 40.9317 -68.7911 5
    endloop
  endfacet
  facet normal -0.683664 0.729797 0
    outer loop
      vertex 40.6945 -69.0615 0
      vertex 40.5632 -69.1845 5
      vertex 40.6945 -69.0615 5
    endloop
  endfacet
  facet normal -0.683664 0.729797 0
    outer loop
      vertex 40.5632 -69.1845 5
      vertex 40.6945 -69.0615 0
      vertex 40.5632 -69.1845 0
    endloop
  endfacet
  facet normal -0.910879 0.412673 0
    outer loop
      vertex 41.2164 -68.3333 0
      vertex 41.2907 -68.1693 5
      vertex 41.2907 -68.1693 0
    endloop
  endfacet
  facet normal -0.910879 0.412673 0
    outer loop
      vertex 41.2907 -68.1693 5
      vertex 41.2164 -68.3333 0
      vertex 41.2164 -68.3333 5
    endloop
  endfacet
  facet normal -0.935872 0.352341 0
    outer loop
      vertex 41.2907 -68.1693 0
      vertex 41.3541 -68.0009 5
      vertex 41.3541 -68.0009 0
    endloop
  endfacet
  facet normal -0.935872 0.352341 0
    outer loop
      vertex 41.3541 -68.0009 5
      vertex 41.2907 -68.1693 0
      vertex 41.2907 -68.1693 5
    endloop
  endfacet
  facet normal -0.910785 -0.412882 0
    outer loop
      vertex 41.2907 -66.0646 0
      vertex 41.2164 -65.9007 5
      vertex 41.2164 -65.9007 0
    endloop
  endfacet
  facet normal -0.910785 -0.412882 0
    outer loop
      vertex 41.2164 -65.9007 5
      vertex 41.2907 -66.0646 0
      vertex 41.2907 -66.0646 5
    endloop
  endfacet
  facet normal -0.881983 -0.47128 0
    outer loop
      vertex 41.2164 -65.9007 0
      vertex 41.1316 -65.742 5
      vertex 41.1316 -65.742 0
    endloop
  endfacet
  facet normal -0.881983 -0.47128 0
    outer loop
      vertex 41.1316 -65.742 5
      vertex 41.2164 -65.9007 0
      vertex 41.2164 -65.9007 5
    endloop
  endfacet
  facet normal -0.956996 -0.2901 0
    outer loop
      vertex 41.4063 -66.4052 0
      vertex 41.3541 -66.233 5
      vertex 41.3541 -66.233 0
    endloop
  endfacet
  facet normal -0.956996 -0.2901 0
    outer loop
      vertex 41.3541 -66.233 5
      vertex 41.4063 -66.4052 0
      vertex 41.4063 -66.4052 5
    endloop
  endfacet
  facet normal -0.995206 -0.097798 0
    outer loop
      vertex 41.4941 -66.9371 0
      vertex 41.4765 -66.758 5
      vertex 41.4765 -66.758 0
    endloop
  endfacet
  facet normal -0.995206 -0.097798 0
    outer loop
      vertex 41.4765 -66.758 5
      vertex 41.4941 -66.9371 0
      vertex 41.4941 -66.9371 5
    endloop
  endfacet
  facet normal -0.999462 0.0327966 0
    outer loop
      vertex 41.4941 -67.2968 0
      vertex 41.5 -67.117 5
      vertex 41.5 -67.117 0
    endloop
  endfacet
  facet normal -0.999462 0.0327966 0
    outer loop
      vertex 41.5 -67.117 5
      vertex 41.4941 -67.2968 0
      vertex 41.4941 -67.2968 5
    endloop
  endfacet
  facet normal -0.986663 0.162777 0
    outer loop
      vertex 41.4472 -67.6535 0
      vertex 41.4765 -67.4759 5
      vertex 41.4765 -67.4759 0
    endloop
  endfacet
  facet normal -0.986663 0.162777 0
    outer loop
      vertex 41.4765 -67.4759 5
      vertex 41.4472 -67.6535 0
      vertex 41.4472 -67.6535 5
    endloop
  endfacet
  facet normal 0.0978522 -0.995201 0
    outer loop
      vertex 38.3911 -64.3905 0
      vertex 38.5701 -64.3729 5
      vertex 38.3911 -64.3905 5
    endloop
  endfacet
  facet normal 0.0978522 -0.995201 0
    outer loop
      vertex 38.5701 -64.3729 5
      vertex 38.3911 -64.3905 0
      vertex 38.5701 -64.3729 0
    endloop
  endfacet
  facet normal -0.0978522 -0.995201 0
    outer loop
      vertex 38.9299 -64.3729 0
      vertex 39.1089 -64.3905 5
      vertex 38.9299 -64.3729 5
    endloop
  endfacet
  facet normal -0.0978522 -0.995201 -0
    outer loop
      vertex 39.1089 -64.3905 5
      vertex 38.9299 -64.3729 0
      vertex 39.1089 -64.3905 0
    endloop
  endfacet
  facet normal -0.634538 -0.772892 0
    outer loop
      vertex 40.4241 -64.9352 0
      vertex 40.5632 -65.0494 5
      vertex 40.4241 -64.9352 5
    endloop
  endfacet
  facet normal -0.634538 -0.772892 -0
    outer loop
      vertex 40.5632 -65.0494 5
      vertex 40.4241 -64.9352 0
      vertex 40.5632 -65.0494 0
    endloop
  endfacet
  facet normal -0.812756 -0.582605 0
    outer loop
      vertex 41.0365 -65.5891 0
      vertex 40.9317 -65.4429 5
      vertex 40.9317 -65.4429 0
    endloop
  endfacet
  facet normal -0.812756 -0.582605 0
    outer loop
      vertex 40.9317 -65.4429 5
      vertex 41.0365 -65.5891 0
      vertex 41.0365 -65.5891 5
    endloop
  endfacet
  facet normal -0.2901 -0.956996 0
    outer loop
      vertex 39.4618 -64.4607 0
      vertex 39.634 -64.5129 5
      vertex 39.4618 -64.4607 5
    endloop
  endfacet
  facet normal -0.2901 -0.956996 -0
    outer loop
      vertex 39.634 -64.5129 5
      vertex 39.4618 -64.4607 0
      vertex 39.634 -64.5129 0
    endloop
  endfacet
  facet normal -0.352341 -0.935872 0
    outer loop
      vertex 39.634 -64.5129 0
      vertex 39.8024 -64.5763 5
      vertex 39.634 -64.5129 5
    endloop
  endfacet
  facet normal -0.352341 -0.935872 -0
    outer loop
      vertex 39.8024 -64.5763 5
      vertex 39.634 -64.5129 0
      vertex 39.8024 -64.5763 0
    endloop
  endfacet
  facet normal -0.352341 0.935872 0
    outer loop
      vertex 39.8024 -69.6576 0
      vertex 39.634 -69.721 5
      vertex 39.8024 -69.6576 5
    endloop
  endfacet
  facet normal -0.352341 0.935872 0
    outer loop
      vertex 39.634 -69.721 5
      vertex 39.8024 -69.6576 0
      vertex 39.634 -69.721 0
    endloop
  endfacet
  facet normal -0.0327784 0.999463 0
    outer loop
      vertex 38.9299 -69.8611 0
      vertex 38.75 -69.867 5
      vertex 38.9299 -69.8611 5
    endloop
  endfacet
  facet normal -0.0327784 0.999463 0
    outer loop
      vertex 38.75 -69.867 5
      vertex 38.9299 -69.8611 0
      vertex 38.75 -69.867 0
    endloop
  endfacet
  facet normal -0.162777 0.986663 0
    outer loop
      vertex 39.2865 -69.8141 0
      vertex 39.1089 -69.8434 5
      vertex 39.2865 -69.8141 5
    endloop
  endfacet
  facet normal -0.162777 0.986663 0
    outer loop
      vertex 39.1089 -69.8434 5
      vertex 39.2865 -69.8141 0
      vertex 39.1089 -69.8434 0
    endloop
  endfacet
  facet normal 0.352341 0.935872 -0
    outer loop
      vertex 37.866 -69.721 0
      vertex 37.6976 -69.6576 5
      vertex 37.866 -69.721 5
    endloop
  endfacet
  facet normal 0.352341 0.935872 0
    outer loop
      vertex 37.6976 -69.6576 5
      vertex 37.866 -69.721 0
      vertex 37.6976 -69.6576 0
    endloop
  endfacet
  facet normal 0.999463 -0.0327784 0
    outer loop
      vertex 36 -67.117 5
      vertex 36.0059 -66.9371 0
      vertex 36.0059 -66.9371 5
    endloop
  endfacet
  facet normal 0.999463 -0.0327784 0
    outer loop
      vertex 36.0059 -66.9371 0
      vertex 36 -67.117 5
      vertex 36 -67.117 0
    endloop
  endfacet
  facet normal 0.881983 0.47128 0
    outer loop
      vertex 36.3684 -68.492 5
      vertex 36.2836 -68.3333 0
      vertex 36.2836 -68.3333 5
    endloop
  endfacet
  facet normal 0.881983 0.47128 0
    outer loop
      vertex 36.2836 -68.3333 0
      vertex 36.3684 -68.492 5
      vertex 36.3684 -68.492 0
    endloop
  endfacet
  facet normal 0.773164 -0.634206 0
    outer loop
      vertex 36.5683 -65.4429 5
      vertex 36.6824 -65.3038 0
      vertex 36.6824 -65.3038 5
    endloop
  endfacet
  facet normal 0.773164 -0.634206 0
    outer loop
      vertex 36.6824 -65.3038 0
      vertex 36.5683 -65.4429 5
      vertex 36.5683 -65.4429 0
    endloop
  endfacet
  facet normal 0.527999 -0.849245 0
    outer loop
      vertex 37.2222 -64.8304 0
      vertex 37.375 -64.7354 5
      vertex 37.2222 -64.8304 5
    endloop
  endfacet
  facet normal 0.527999 -0.849245 0
    outer loop
      vertex 37.375 -64.7354 5
      vertex 37.2222 -64.8304 0
      vertex 37.375 -64.7354 0
    endloop
  endfacet
  facet normal 0.812756 -0.582605 0
    outer loop
      vertex 36.4635 -65.5891 5
      vertex 36.5683 -65.4429 0
      vertex 36.5683 -65.4429 5
    endloop
  endfacet
  facet normal 0.812756 -0.582605 0
    outer loop
      vertex 36.5683 -65.4429 0
      vertex 36.4635 -65.5891 5
      vertex 36.4635 -65.5891 0
    endloop
  endfacet
  facet normal 0.812944 0.582341 0
    outer loop
      vertex 36.5683 -68.7911 5
      vertex 36.4635 -68.6448 0
      vertex 36.4635 -68.6448 5
    endloop
  endfacet
  facet normal 0.812944 0.582341 0
    outer loop
      vertex 36.4635 -68.6448 0
      vertex 36.5683 -68.7911 5
      vertex 36.5683 -68.7911 0
    endloop
  endfacet
  facet normal 0.72952 0.68396 0
    outer loop
      vertex 36.8055 -69.0615 5
      vertex 36.6824 -68.9302 0
      vertex 36.6824 -68.9302 5
    endloop
  endfacet
  facet normal 0.72952 0.68396 0
    outer loop
      vertex 36.6824 -68.9302 0
      vertex 36.8055 -69.0615 5
      vertex 36.8055 -69.0615 0
    endloop
  endfacet
  facet normal 0.634538 0.772892 -0
    outer loop
      vertex 37.0759 -69.2987 0
      vertex 36.9368 -69.1845 5
      vertex 37.0759 -69.2987 5
    endloop
  endfacet
  facet normal 0.634538 0.772892 0
    outer loop
      vertex 36.9368 -69.1845 5
      vertex 37.0759 -69.2987 0
      vertex 36.9368 -69.1845 0
    endloop
  endfacet
  facet normal -0.634538 0.772892 0
    outer loop
      vertex 40.5632 -69.1845 0
      vertex 40.4241 -69.2987 5
      vertex 40.5632 -69.1845 5
    endloop
  endfacet
  facet normal -0.634538 0.772892 0
    outer loop
      vertex 40.4241 -69.2987 5
      vertex 40.5632 -69.1845 0
      vertex 40.4241 -69.2987 0
    endloop
  endfacet
  facet normal -0.881983 0.47128 0
    outer loop
      vertex 41.1316 -68.492 0
      vertex 41.2164 -68.3333 5
      vertex 41.2164 -68.3333 0
    endloop
  endfacet
  facet normal -0.881983 0.47128 0
    outer loop
      vertex 41.2164 -68.3333 5
      vertex 41.1316 -68.492 0
      vertex 41.1316 -68.492 5
    endloop
  endfacet
  facet normal -0.956996 0.2901 0
    outer loop
      vertex 41.3541 -68.0009 0
      vertex 41.4063 -67.8287 5
      vertex 41.4063 -67.8287 0
    endloop
  endfacet
  facet normal -0.956996 0.2901 0
    outer loop
      vertex 41.4063 -67.8287 5
      vertex 41.3541 -68.0009 0
      vertex 41.3541 -68.0009 5
    endloop
  endfacet
  facet normal -0.995206 0.097798 0
    outer loop
      vertex 41.4765 -67.4759 0
      vertex 41.4941 -67.2968 5
      vertex 41.4941 -67.2968 0
    endloop
  endfacet
  facet normal -0.995206 0.097798 0
    outer loop
      vertex 41.4941 -67.2968 5
      vertex 41.4765 -67.4759 0
      vertex 41.4765 -67.4759 5
    endloop
  endfacet
  facet normal 0.2901 -0.956996 0
    outer loop
      vertex 37.866 -64.5129 0
      vertex 38.0382 -64.4607 5
      vertex 37.866 -64.5129 5
    endloop
  endfacet
  facet normal 0.2901 -0.956996 0
    outer loop
      vertex 38.0382 -64.4607 5
      vertex 37.866 -64.5129 0
      vertex 38.0382 -64.4607 0
    endloop
  endfacet
  facet normal -0.47128 -0.881983 0
    outer loop
      vertex 39.9663 -64.6506 0
      vertex 40.125 -64.7354 5
      vertex 39.9663 -64.6506 5
    endloop
  endfacet
  facet normal -0.47128 -0.881983 -0
    outer loop
      vertex 40.125 -64.7354 5
      vertex 39.9663 -64.6506 0
      vertex 40.125 -64.7354 0
    endloop
  endfacet
  facet normal -0.290609 0.956842 0
    outer loop
      vertex 39.634 -69.721 0
      vertex 39.4618 -69.7733 5
      vertex 39.634 -69.721 5
    endloop
  endfacet
  facet normal -0.290609 0.956842 0
    outer loop
      vertex 39.4618 -69.7733 5
      vertex 39.634 -69.721 0
      vertex 39.4618 -69.7733 0
    endloop
  endfacet
  facet normal -0.471713 0.881752 0
    outer loop
      vertex 40.125 -69.4985 0
      vertex 39.9663 -69.5834 5
      vertex 40.125 -69.4985 5
    endloop
  endfacet
  facet normal -0.471713 0.881752 0
    outer loop
      vertex 39.9663 -69.5834 5
      vertex 40.125 -69.4985 0
      vertex 39.9663 -69.5834 0
    endloop
  endfacet
  facet normal 0.412421 0.910994 -0
    outer loop
      vertex 37.6976 -69.6576 0
      vertex 37.5337 -69.5834 5
      vertex 37.6976 -69.6576 5
    endloop
  endfacet
  facet normal 0.412421 0.910994 0
    outer loop
      vertex 37.5337 -69.5834 5
      vertex 37.6976 -69.6576 0
      vertex 37.5337 -69.5834 0
    endloop
  endfacet
  facet normal 0.290609 0.956842 -0
    outer loop
      vertex 38.0382 -69.7733 0
      vertex 37.866 -69.721 5
      vertex 38.0382 -69.7733 5
    endloop
  endfacet
  facet normal 0.290609 0.956842 0
    outer loop
      vertex 37.866 -69.721 5
      vertex 38.0382 -69.7733 0
      vertex 37.866 -69.721 0
    endloop
  endfacet
  facet normal 0.226685 0.973968 -0
    outer loop
      vertex 38.2135 -69.8141 0
      vertex 38.0382 -69.7733 5
      vertex 38.2135 -69.8141 5
    endloop
  endfacet
  facet normal 0.226685 0.973968 0
    outer loop
      vertex 38.0382 -69.7733 5
      vertex 38.2135 -69.8141 0
      vertex 38.0382 -69.7733 0
    endloop
  endfacet
  facet normal 0.162777 0.986663 -0
    outer loop
      vertex 38.3911 -69.8434 0
      vertex 38.2135 -69.8141 5
      vertex 38.3911 -69.8434 5
    endloop
  endfacet
  facet normal 0.162777 0.986663 0
    outer loop
      vertex 38.2135 -69.8141 5
      vertex 38.3911 -69.8434 0
      vertex 38.2135 -69.8141 0
    endloop
  endfacet
  facet normal 0.995206 -0.097798 0
    outer loop
      vertex 36.0059 -66.9371 5
      vertex 36.0235 -66.758 0
      vertex 36.0235 -66.758 5
    endloop
  endfacet
  facet normal 0.995206 -0.097798 0
    outer loop
      vertex 36.0235 -66.758 0
      vertex 36.0059 -66.9371 5
      vertex 36.0059 -66.9371 0
    endloop
  endfacet
  facet normal 0.935872 0.352341 0
    outer loop
      vertex 36.2093 -68.1693 5
      vertex 36.1459 -68.0009 0
      vertex 36.1459 -68.0009 5
    endloop
  endfacet
  facet normal 0.935872 0.352341 0
    outer loop
      vertex 36.1459 -68.0009 0
      vertex 36.2093 -68.1693 5
      vertex 36.2093 -68.1693 0
    endloop
  endfacet
  facet normal 0.910879 0.412673 0
    outer loop
      vertex 36.2836 -68.3333 5
      vertex 36.2093 -68.1693 0
      vertex 36.2093 -68.1693 5
    endloop
  endfacet
  facet normal 0.910879 0.412673 0
    outer loop
      vertex 36.2093 -68.1693 0
      vertex 36.2836 -68.3333 5
      vertex 36.2836 -68.3333 0
    endloop
  endfacet
  facet normal 0.72978 -0.683682 0
    outer loop
      vertex 36.6824 -65.3038 5
      vertex 36.8055 -65.1724 0
      vertex 36.8055 -65.1724 5
    endloop
  endfacet
  facet normal 0.72978 -0.683682 0
    outer loop
      vertex 36.8055 -65.1724 0
      vertex 36.6824 -65.3038 5
      vertex 36.6824 -65.3038 0
    endloop
  endfacet
  facet normal 0.634538 -0.772892 0
    outer loop
      vertex 36.9368 -65.0494 0
      vertex 37.0759 -64.9352 5
      vertex 36.9368 -65.0494 5
    endloop
  endfacet
  facet normal 0.634538 -0.772892 0
    outer loop
      vertex 37.0759 -64.9352 5
      vertex 36.9368 -65.0494 0
      vertex 37.0759 -64.9352 0
    endloop
  endfacet
  facet normal 0.582341 -0.812944 0
    outer loop
      vertex 37.0759 -64.9352 0
      vertex 37.2222 -64.8304 5
      vertex 37.0759 -64.9352 5
    endloop
  endfacet
  facet normal 0.582341 -0.812944 0
    outer loop
      vertex 37.2222 -64.8304 5
      vertex 37.0759 -64.9352 0
      vertex 37.2222 -64.8304 0
    endloop
  endfacet
  facet normal 0.881983 -0.47128 0
    outer loop
      vertex 36.2836 -65.9007 5
      vertex 36.3684 -65.742 0
      vertex 36.3684 -65.742 5
    endloop
  endfacet
  facet normal 0.881983 -0.47128 0
    outer loop
      vertex 36.3684 -65.742 0
      vertex 36.2836 -65.9007 5
      vertex 36.2836 -65.9007 0
    endloop
  endfacet
  facet normal 0.849151 -0.528151 0
    outer loop
      vertex 36.3684 -65.742 5
      vertex 36.4635 -65.5891 0
      vertex 36.4635 -65.5891 5
    endloop
  endfacet
  facet normal 0.849151 -0.528151 0
    outer loop
      vertex 36.4635 -65.5891 0
      vertex 36.3684 -65.742 5
      vertex 36.3684 -65.742 0
    endloop
  endfacet
  facet normal 0.910785 -0.412882 0
    outer loop
      vertex 36.2093 -66.0646 5
      vertex 36.2836 -65.9007 0
      vertex 36.2836 -65.9007 5
    endloop
  endfacet
  facet normal 0.910785 -0.412882 0
    outer loop
      vertex 36.2836 -65.9007 0
      vertex 36.2093 -66.0646 5
      vertex 36.2093 -66.0646 0
    endloop
  endfacet
  facet normal 0.956996 -0.2901 0
    outer loop
      vertex 36.0937 -66.4052 5
      vertex 36.1459 -66.233 0
      vertex 36.1459 -66.233 5
    endloop
  endfacet
  facet normal 0.956996 -0.2901 0
    outer loop
      vertex 36.1459 -66.233 0
      vertex 36.0937 -66.4052 5
      vertex 36.0937 -66.4052 0
    endloop
  endfacet
  facet normal 0.773164 0.634206 0
    outer loop
      vertex 36.6824 -68.9302 5
      vertex 36.5683 -68.7911 0
      vertex 36.5683 -68.7911 5
    endloop
  endfacet
  facet normal 0.773164 0.634206 0
    outer loop
      vertex 36.5683 -68.7911 0
      vertex 36.6824 -68.9302 5
      vertex 36.6824 -68.9302 0
    endloop
  endfacet
  facet normal 0.582341 0.812944 -0
    outer loop
      vertex 37.2222 -69.4035 0
      vertex 37.0759 -69.2987 5
      vertex 37.2222 -69.4035 5
    endloop
  endfacet
  facet normal 0.582341 0.812944 0
    outer loop
      vertex 37.0759 -69.2987 5
      vertex 37.2222 -69.4035 0
      vertex 37.0759 -69.2987 0
    endloop
  endfacet
  facet normal -0.0984028 0.995147 0
    outer loop
      vertex 39.1089 -69.8434 0
      vertex 38.9299 -69.8611 5
      vertex 39.1089 -69.8434 5
    endloop
  endfacet
  facet normal -0.0984028 0.995147 0
    outer loop
      vertex 38.9299 -69.8611 5
      vertex 39.1089 -69.8434 0
      vertex 38.9299 -69.8611 0
    endloop
  endfacet
  facet normal 0.471713 0.881752 -0
    outer loop
      vertex 37.5337 -69.5834 0
      vertex 37.375 -69.4985 5
      vertex 37.5337 -69.5834 5
    endloop
  endfacet
  facet normal 0.471713 0.881752 0
    outer loop
      vertex 37.375 -69.4985 5
      vertex 37.5337 -69.5834 0
      vertex 37.375 -69.4985 0
    endloop
  endfacet
  facet normal 0.527999 0.849245 -0
    outer loop
      vertex 37.375 -69.4985 0
      vertex 37.2222 -69.4035 5
      vertex 37.375 -69.4985 5
    endloop
  endfacet
  facet normal 0.527999 0.849245 0
    outer loop
      vertex 37.2222 -69.4035 5
      vertex 37.375 -69.4985 0
      vertex 37.2222 -69.4035 0
    endloop
  endfacet
  facet normal 0.0327784 0.999463 -0
    outer loop
      vertex 38.75 -69.867 0
      vertex 38.5701 -69.8611 5
      vertex 38.75 -69.867 5
    endloop
  endfacet
  facet normal 0.0327784 0.999463 0
    outer loop
      vertex 38.5701 -69.8611 5
      vertex 38.75 -69.867 0
      vertex 38.5701 -69.8611 0
    endloop
  endfacet
  facet normal 0.0984028 0.995147 -0
    outer loop
      vertex 38.5701 -69.8611 0
      vertex 38.3911 -69.8434 5
      vertex 38.5701 -69.8611 5
    endloop
  endfacet
  facet normal 0.0984028 0.995147 0
    outer loop
      vertex 38.3911 -69.8434 5
      vertex 38.5701 -69.8611 0
      vertex 38.3911 -69.8434 0
    endloop
  endfacet
  facet normal 0.986648 -0.162866 0
    outer loop
      vertex 36.0235 -66.758 5
      vertex 36.0528 -66.5805 0
      vertex 36.0528 -66.5805 5
    endloop
  endfacet
  facet normal 0.986648 -0.162866 0
    outer loop
      vertex 36.0528 -66.5805 0
      vertex 36.0235 -66.758 5
      vertex 36.0235 -66.758 0
    endloop
  endfacet
  facet normal 0.848996 0.5284 0
    outer loop
      vertex 36.4635 -68.6448 5
      vertex 36.3684 -68.492 0
      vertex 36.3684 -68.492 5
    endloop
  endfacet
  facet normal 0.848996 0.5284 0
    outer loop
      vertex 36.3684 -68.492 0
      vertex 36.4635 -68.6448 5
      vertex 36.4635 -68.6448 0
    endloop
  endfacet
  facet normal 0.995206 0.097798 0
    outer loop
      vertex 36.0235 -67.4759 5
      vertex 36.0059 -67.2968 0
      vertex 36.0059 -67.2968 5
    endloop
  endfacet
  facet normal 0.995206 0.097798 0
    outer loop
      vertex 36.0059 -67.2968 0
      vertex 36.0235 -67.4759 5
      vertex 36.0235 -67.4759 0
    endloop
  endfacet
  facet normal 0.986663 0.162777 0
    outer loop
      vertex 36.0528 -67.6535 5
      vertex 36.0235 -67.4759 0
      vertex 36.0235 -67.4759 5
    endloop
  endfacet
  facet normal 0.986663 0.162777 0
    outer loop
      vertex 36.0235 -67.4759 0
      vertex 36.0528 -67.6535 5
      vertex 36.0528 -67.6535 0
    endloop
  endfacet
  facet normal 0.973817 0.227335 0
    outer loop
      vertex 36.0937 -67.8287 5
      vertex 36.0528 -67.6535 0
      vertex 36.0528 -67.6535 5
    endloop
  endfacet
  facet normal 0.973817 0.227335 0
    outer loop
      vertex 36.0528 -67.6535 0
      vertex 36.0937 -67.8287 5
      vertex 36.0937 -67.8287 0
    endloop
  endfacet
  facet normal 0.956996 0.2901 0
    outer loop
      vertex 36.1459 -68.0009 5
      vertex 36.0937 -67.8287 0
      vertex 36.0937 -67.8287 5
    endloop
  endfacet
  facet normal 0.956996 0.2901 0
    outer loop
      vertex 36.0937 -67.8287 0
      vertex 36.1459 -68.0009 5
      vertex 36.1459 -68.0009 0
    endloop
  endfacet
  facet normal 0.683664 -0.729797 0
    outer loop
      vertex 36.8055 -65.1724 0
      vertex 36.9368 -65.0494 5
      vertex 36.8055 -65.1724 5
    endloop
  endfacet
  facet normal 0.683664 -0.729797 0
    outer loop
      vertex 36.9368 -65.0494 5
      vertex 36.8055 -65.1724 0
      vertex 36.9368 -65.0494 0
    endloop
  endfacet
  facet normal 0.935872 -0.352341 0
    outer loop
      vertex 36.1459 -66.233 5
      vertex 36.2093 -66.0646 0
      vertex 36.2093 -66.0646 5
    endloop
  endfacet
  facet normal 0.935872 -0.352341 0
    outer loop
      vertex 36.2093 -66.0646 0
      vertex 36.1459 -66.233 5
      vertex 36.1459 -66.233 0
    endloop
  endfacet
  facet normal 0.683664 0.729797 -0
    outer loop
      vertex 36.9368 -69.1845 0
      vertex 36.8055 -69.0615 5
      vertex 36.9368 -69.1845 5
    endloop
  endfacet
  facet normal 0.683664 0.729797 0
    outer loop
      vertex 36.8055 -69.0615 5
      vertex 36.9368 -69.1845 0
      vertex 36.8055 -69.0615 0
    endloop
  endfacet
  facet normal 0.999462 0.0327966 0
    outer loop
      vertex 36.0059 -67.2968 5
      vertex 36 -67.117 0
      vertex 36 -67.117 5
    endloop
  endfacet
  facet normal 0.999462 0.0327966 0
    outer loop
      vertex 36 -67.117 0
      vertex 36.0059 -67.2968 5
      vertex 36.0059 -67.2968 0
    endloop
  endfacet
endsolid OpenSCAD_Model
