solid OpenSCAD_Model
  facet normal -1 0 0
    outer loop
      vertex 0 0 0
      vertex 0 30.5 2.14451
      vertex 0 29.5 0
    endloop
  endfacet
  facet normal -1 -0 0
    outer loop
      vertex 0 30.5 2.14451
      vertex 0 0 0
      vertex 0 0 22
    endloop
  endfacet
  facet normal -1 0 0
    outer loop
      vertex 0 30.5 2.14451
      vertex 0 0 22
      vertex 0 30.5 22
    endloop
  endfacet
  facet normal 0 0 -1
    outer loop
      vertex 0 0 22
      vertex -1.9 15.25 22
      vertex 0 30.5 22
    endloop
  endfacet
  facet normal 0 0 -1
    outer loop
      vertex 0 0 22
      vertex -1.91011 15.0442 22
      vertex -1.9 15.25 22
    endloop
  endfacet
  facet normal 0 0 -1
    outer loop
      vertex 0 0 22
      vertex -1.94035 14.8403 22
      vertex -1.91011 15.0442 22
    endloop
  endfacet
  facet normal 0 0 -1
    outer loop
      vertex 0 0 22
      vertex -1.99043 14.6404 22
      vertex -1.94035 14.8403 22
    endloop
  endfacet
  facet normal 0 0 -1
    outer loop
      vertex 0 0 22
      vertex -2.05985 14.4464 22
      vertex -1.99043 14.6404 22
    endloop
  endfacet
  facet normal 0 0 -1
    outer loop
      vertex 0 0 22
      vertex -2.14796 14.2601 22
      vertex -2.05985 14.4464 22
    endloop
  endfacet
  facet normal 0 0 -1
    outer loop
      vertex 0 0 22
      vertex -2.25391 14.0833 22
      vertex -2.14796 14.2601 22
    endloop
  endfacet
  facet normal 0 0 -1
    outer loop
      vertex 0 0 22
      vertex -2.37668 13.9178 22
      vertex -2.25391 14.0833 22
    endloop
  endfacet
  facet normal 0 0 -1
    outer loop
      vertex 0 0 22
      vertex -2.51508 13.7651 22
      vertex -2.37668 13.9178 22
    endloop
  endfacet
  facet normal 0 0 -1
    outer loop
      vertex 0 0 22
      vertex -2.66777 13.6267 22
      vertex -2.51508 13.7651 22
    endloop
  endfacet
  facet normal 0 0 -1
    outer loop
      vertex 0 0 22
      vertex -2.8333 13.5039 22
      vertex -2.66777 13.6267 22
    endloop
  endfacet
  facet normal 0 0 -1
    outer loop
      vertex 0 0 22
      vertex -3.01007 13.398 22
      vertex -2.8333 13.5039 22
    endloop
  endfacet
  facet normal 0 0 -1
    outer loop
      vertex 0 0 22
      vertex -3.19636 13.3099 22
      vertex -3.01007 13.398 22
    endloop
  endfacet
  facet normal 0 0 -1
    outer loop
      vertex 0 0 22
      vertex -3.3904 13.2404 22
      vertex -3.19636 13.3099 22
    endloop
  endfacet
  facet normal 0 0 -1
    outer loop
      vertex 0 0 22
      vertex -3.59031 13.1904 22
      vertex -3.3904 13.2404 22
    endloop
  endfacet
  facet normal 0 0 -1
    outer loop
      vertex 0 0 22
      vertex -3.79416 13.1601 22
      vertex -3.59031 13.1904 22
    endloop
  endfacet
  facet normal 0 0 -1
    outer loop
      vertex 0 0 22
      vertex -4 13.15 22
      vertex -3.79416 13.1601 22
    endloop
  endfacet
  facet normal 0 0 -1
    outer loop
      vertex -8 0 22
      vertex -4 13.15 22
      vertex 0 0 22
    endloop
  endfacet
  facet normal -0 0 -1
    outer loop
      vertex -4 13.15 22
      vertex -8 0 22
      vertex -4.20584 13.1601 22
    endloop
  endfacet
  facet normal -0 0 -1
    outer loop
      vertex -4.20584 13.1601 22
      vertex -8 0 22
      vertex -4.40969 13.1904 22
    endloop
  endfacet
  facet normal -0 0 -1
    outer loop
      vertex -4.40969 13.1904 22
      vertex -8 0 22
      vertex -4.6096 13.2404 22
    endloop
  endfacet
  facet normal -0 0 -1
    outer loop
      vertex -4.6096 13.2404 22
      vertex -8 0 22
      vertex -4.80363 13.3099 22
    endloop
  endfacet
  facet normal -0 0 -1
    outer loop
      vertex -4.80363 13.3099 22
      vertex -8 0 22
      vertex -4.98993 13.398 22
    endloop
  endfacet
  facet normal -0 0 -1
    outer loop
      vertex -4.98993 13.398 22
      vertex -8 0 22
      vertex -5.1667 13.5039 22
    endloop
  endfacet
  facet normal -0 0 -1
    outer loop
      vertex -5.1667 13.5039 22
      vertex -8 0 22
      vertex -5.33223 13.6267 22
    endloop
  endfacet
  facet normal -0 0 -1
    outer loop
      vertex -5.33223 13.6267 22
      vertex -8 0 22
      vertex -5.48492 13.7651 22
    endloop
  endfacet
  facet normal -0 0 -1
    outer loop
      vertex -5.48492 13.7651 22
      vertex -8 0 22
      vertex -5.62332 13.9178 22
    endloop
  endfacet
  facet normal -0 0 -1
    outer loop
      vertex -5.62332 13.9178 22
      vertex -8 0 22
      vertex -5.74609 14.0833 22
    endloop
  endfacet
  facet normal -0 0 -1
    outer loop
      vertex -5.74609 14.0833 22
      vertex -8 0 22
      vertex -5.85203 14.2601 22
    endloop
  endfacet
  facet normal -0 0 -1
    outer loop
      vertex -6.08989 15.0442 22
      vertex -8 0 22
      vertex -6.1 15.25 22
    endloop
  endfacet
  facet normal -0 0 -1
    outer loop
      vertex -6.05965 14.8403 22
      vertex -8 0 22
      vertex -6.08989 15.0442 22
    endloop
  endfacet
  facet normal -0 0 -1
    outer loop
      vertex -6.00957 14.6404 22
      vertex -8 0 22
      vertex -6.05965 14.8403 22
    endloop
  endfacet
  facet normal -0 0 -1
    outer loop
      vertex -5.94015 14.4464 22
      vertex -8 0 22
      vertex -6.00957 14.6404 22
    endloop
  endfacet
  facet normal -0 0 -1
    outer loop
      vertex -5.85203 14.2601 22
      vertex -8 0 22
      vertex -5.94015 14.4464 22
    endloop
  endfacet
  facet normal 0 0 -1
    outer loop
      vertex -1.91011 15.4558 22
      vertex 0 30.5 22
      vertex -1.9 15.25 22
    endloop
  endfacet
  facet normal 0 0 -1
    outer loop
      vertex -1.94035 15.6597 22
      vertex 0 30.5 22
      vertex -1.91011 15.4558 22
    endloop
  endfacet
  facet normal 0 0 -1
    outer loop
      vertex -1.99043 15.8596 22
      vertex 0 30.5 22
      vertex -1.94035 15.6597 22
    endloop
  endfacet
  facet normal 0 0 -1
    outer loop
      vertex -2.05985 16.0536 22
      vertex 0 30.5 22
      vertex -1.99043 15.8596 22
    endloop
  endfacet
  facet normal 0 0 -1
    outer loop
      vertex -2.14796 16.2399 22
      vertex 0 30.5 22
      vertex -2.05985 16.0536 22
    endloop
  endfacet
  facet normal 0 0 -1
    outer loop
      vertex -2.25391 16.4167 22
      vertex 0 30.5 22
      vertex -2.14796 16.2399 22
    endloop
  endfacet
  facet normal 0 0 -1
    outer loop
      vertex -2.37668 16.5822 22
      vertex 0 30.5 22
      vertex -2.25391 16.4167 22
    endloop
  endfacet
  facet normal 0 0 -1
    outer loop
      vertex -2.51508 16.7349 22
      vertex 0 30.5 22
      vertex -2.37668 16.5822 22
    endloop
  endfacet
  facet normal 0 0 -1
    outer loop
      vertex -2.66777 16.8733 22
      vertex 0 30.5 22
      vertex -2.51508 16.7349 22
    endloop
  endfacet
  facet normal 0 0 -1
    outer loop
      vertex -2.8333 16.9961 22
      vertex 0 30.5 22
      vertex -2.66777 16.8733 22
    endloop
  endfacet
  facet normal 0 0 -1
    outer loop
      vertex -3.01007 17.102 22
      vertex 0 30.5 22
      vertex -2.8333 16.9961 22
    endloop
  endfacet
  facet normal 0 0 -1
    outer loop
      vertex -3.19636 17.1901 22
      vertex 0 30.5 22
      vertex -3.01007 17.102 22
    endloop
  endfacet
  facet normal 0 0 -1
    outer loop
      vertex -3.3904 17.2596 22
      vertex 0 30.5 22
      vertex -3.19636 17.1901 22
    endloop
  endfacet
  facet normal 0 0 -1
    outer loop
      vertex -3.59031 17.3096 22
      vertex 0 30.5 22
      vertex -3.3904 17.2596 22
    endloop
  endfacet
  facet normal 0 0 -1
    outer loop
      vertex -3.79416 17.3399 22
      vertex 0 30.5 22
      vertex -3.59031 17.3096 22
    endloop
  endfacet
  facet normal 0 0 -1
    outer loop
      vertex -4 17.35 22
      vertex 0 30.5 22
      vertex -3.79416 17.3399 22
    endloop
  endfacet
  facet normal 0 0 -1
    outer loop
      vertex -8 30.5 22
      vertex -4 17.35 22
      vertex -4.20584 17.3399 22
    endloop
  endfacet
  facet normal 0 0 -1
    outer loop
      vertex -8 30.5 22
      vertex -4.20584 17.3399 22
      vertex -4.40969 17.3096 22
    endloop
  endfacet
  facet normal 0 0 -1
    outer loop
      vertex -8 30.5 22
      vertex -4.40969 17.3096 22
      vertex -4.6096 17.2596 22
    endloop
  endfacet
  facet normal 0 0 -1
    outer loop
      vertex -8 30.5 22
      vertex -4.6096 17.2596 22
      vertex -4.80363 17.1901 22
    endloop
  endfacet
  facet normal 0 0 -1
    outer loop
      vertex -8 30.5 22
      vertex -4.80363 17.1901 22
      vertex -4.98993 17.102 22
    endloop
  endfacet
  facet normal 0 0 -1
    outer loop
      vertex -8 30.5 22
      vertex -4.98993 17.102 22
      vertex -5.1667 16.9961 22
    endloop
  endfacet
  facet normal 0 0 -1
    outer loop
      vertex -8 30.5 22
      vertex -5.1667 16.9961 22
      vertex -5.33223 16.8733 22
    endloop
  endfacet
  facet normal 0 0 -1
    outer loop
      vertex -8 30.5 22
      vertex -5.33223 16.8733 22
      vertex -5.48492 16.7349 22
    endloop
  endfacet
  facet normal 0 0 -1
    outer loop
      vertex -8 30.5 22
      vertex -5.48492 16.7349 22
      vertex -5.62332 16.5822 22
    endloop
  endfacet
  facet normal 0 0 -1
    outer loop
      vertex -8 30.5 22
      vertex -5.62332 16.5822 22
      vertex -5.74609 16.4167 22
    endloop
  endfacet
  facet normal 0 0 -1
    outer loop
      vertex -8 30.5 22
      vertex -5.74609 16.4167 22
      vertex -5.85203 16.2399 22
    endloop
  endfacet
  facet normal 0 0 -1
    outer loop
      vertex -8 30.5 22
      vertex -5.85203 16.2399 22
      vertex -5.94015 16.0536 22
    endloop
  endfacet
  facet normal 0 0 -1
    outer loop
      vertex -8 30.5 22
      vertex -6.1 15.25 22
      vertex -8 0 22
    endloop
  endfacet
  facet normal 0 0 -1
    outer loop
      vertex -4 17.35 22
      vertex -8 30.5 22
      vertex 0 30.5 22
    endloop
  endfacet
  facet normal 0 0 -1
    outer loop
      vertex -6.00957 15.8596 22
      vertex -8 30.5 22
      vertex -5.94015 16.0536 22
    endloop
  endfacet
  facet normal 0 0 -1
    outer loop
      vertex -6.05965 15.6597 22
      vertex -8 30.5 22
      vertex -6.00957 15.8596 22
    endloop
  endfacet
  facet normal 0 0 -1
    outer loop
      vertex -6.08989 15.4558 22
      vertex -8 30.5 22
      vertex -6.05965 15.6597 22
    endloop
  endfacet
  facet normal 0 0 -1
    outer loop
      vertex -6.1 15.25 22
      vertex -8 30.5 22
      vertex -6.08989 15.4558 22
    endloop
  endfacet
  facet normal 0 0 -1
    outer loop
      vertex 46.5 0 22
      vertex 44.6 15.25 22
      vertex 46.5 30.5 22
    endloop
  endfacet
  facet normal 0 0 -1
    outer loop
      vertex 46.5 0 22
      vertex 44.5899 15.0442 22
      vertex 44.6 15.25 22
    endloop
  endfacet
  facet normal 0 0 -1
    outer loop
      vertex 46.5 0 22
      vertex 44.5596 14.8403 22
      vertex 44.5899 15.0442 22
    endloop
  endfacet
  facet normal 0 0 -1
    outer loop
      vertex 46.5 0 22
      vertex 44.5096 14.6404 22
      vertex 44.5596 14.8403 22
    endloop
  endfacet
  facet normal 0 0 -1
    outer loop
      vertex 46.5 0 22
      vertex 44.4401 14.4464 22
      vertex 44.5096 14.6404 22
    endloop
  endfacet
  facet normal 0 0 -1
    outer loop
      vertex 46.5 0 22
      vertex 44.352 14.2601 22
      vertex 44.4401 14.4464 22
    endloop
  endfacet
  facet normal 0 0 -1
    outer loop
      vertex 46.5 0 22
      vertex 44.2461 14.0833 22
      vertex 44.352 14.2601 22
    endloop
  endfacet
  facet normal 0 0 -1
    outer loop
      vertex 46.5 0 22
      vertex 44.1233 13.9178 22
      vertex 44.2461 14.0833 22
    endloop
  endfacet
  facet normal 0 0 -1
    outer loop
      vertex 46.5 0 22
      vertex 43.9849 13.7651 22
      vertex 44.1233 13.9178 22
    endloop
  endfacet
  facet normal 0 0 -1
    outer loop
      vertex 46.5 0 22
      vertex 43.8322 13.6267 22
      vertex 43.9849 13.7651 22
    endloop
  endfacet
  facet normal 0 0 -1
    outer loop
      vertex 46.5 0 22
      vertex 43.6667 13.5039 22
      vertex 43.8322 13.6267 22
    endloop
  endfacet
  facet normal 0 0 -1
    outer loop
      vertex 46.5 0 22
      vertex 43.4899 13.398 22
      vertex 43.6667 13.5039 22
    endloop
  endfacet
  facet normal 0 0 -1
    outer loop
      vertex 46.5 0 22
      vertex 43.3036 13.3099 22
      vertex 43.4899 13.398 22
    endloop
  endfacet
  facet normal 0 0 -1
    outer loop
      vertex 46.5 0 22
      vertex 43.1096 13.2404 22
      vertex 43.3036 13.3099 22
    endloop
  endfacet
  facet normal 0 0 -1
    outer loop
      vertex 46.5 0 22
      vertex 42.9097 13.1904 22
      vertex 43.1096 13.2404 22
    endloop
  endfacet
  facet normal 0 0 -1
    outer loop
      vertex 46.5 0 22
      vertex 42.7058 13.1601 22
      vertex 42.9097 13.1904 22
    endloop
  endfacet
  facet normal 0 0 -1
    outer loop
      vertex 46.5 0 22
      vertex 42.5 13.15 22
      vertex 42.7058 13.1601 22
    endloop
  endfacet
  facet normal 0 0 -1
    outer loop
      vertex 38.5 0 22
      vertex 42.5 13.15 22
      vertex 46.5 0 22
    endloop
  endfacet
  facet normal -0 0 -1
    outer loop
      vertex 42.5 13.15 22
      vertex 38.5 0 22
      vertex 42.2942 13.1601 22
    endloop
  endfacet
  facet normal -0 0 -1
    outer loop
      vertex 42.2942 13.1601 22
      vertex 38.5 0 22
      vertex 42.0903 13.1904 22
    endloop
  endfacet
  facet normal -0 0 -1
    outer loop
      vertex 42.0903 13.1904 22
      vertex 38.5 0 22
      vertex 41.8904 13.2404 22
    endloop
  endfacet
  facet normal -0 0 -1
    outer loop
      vertex 41.8904 13.2404 22
      vertex 38.5 0 22
      vertex 41.6964 13.3099 22
    endloop
  endfacet
  facet normal -0 0 -1
    outer loop
      vertex 41.6964 13.3099 22
      vertex 38.5 0 22
      vertex 41.5101 13.398 22
    endloop
  endfacet
  facet normal -0 0 -1
    outer loop
      vertex 41.5101 13.398 22
      vertex 38.5 0 22
      vertex 41.3333 13.5039 22
    endloop
  endfacet
  facet normal -0 0 -1
    outer loop
      vertex 41.3333 13.5039 22
      vertex 38.5 0 22
      vertex 41.1678 13.6267 22
    endloop
  endfacet
  facet normal -0 0 -1
    outer loop
      vertex 41.1678 13.6267 22
      vertex 38.5 0 22
      vertex 41.0151 13.7651 22
    endloop
  endfacet
  facet normal -0 0 -1
    outer loop
      vertex 41.0151 13.7651 22
      vertex 38.5 0 22
      vertex 40.8767 13.9178 22
    endloop
  endfacet
  facet normal -0 0 -1
    outer loop
      vertex 40.8767 13.9178 22
      vertex 38.5 0 22
      vertex 40.7539 14.0833 22
    endloop
  endfacet
  facet normal -0 0 -1
    outer loop
      vertex 40.7539 14.0833 22
      vertex 38.5 0 22
      vertex 40.648 14.2601 22
    endloop
  endfacet
  facet normal -0 0 -1
    outer loop
      vertex 40.4101 15.0442 22
      vertex 38.5 0 22
      vertex 40.4 15.25 22
    endloop
  endfacet
  facet normal -0 0 -1
    outer loop
      vertex 40.4403 14.8403 22
      vertex 38.5 0 22
      vertex 40.4101 15.0442 22
    endloop
  endfacet
  facet normal -0 0 -1
    outer loop
      vertex 40.4904 14.6404 22
      vertex 38.5 0 22
      vertex 40.4403 14.8403 22
    endloop
  endfacet
  facet normal -0 0 -1
    outer loop
      vertex 40.5599 14.4464 22
      vertex 38.5 0 22
      vertex 40.4904 14.6404 22
    endloop
  endfacet
  facet normal -0 0 -1
    outer loop
      vertex 40.648 14.2601 22
      vertex 38.5 0 22
      vertex 40.5599 14.4464 22
    endloop
  endfacet
  facet normal 0 0 -1
    outer loop
      vertex 44.5899 15.4558 22
      vertex 46.5 30.5 22
      vertex 44.6 15.25 22
    endloop
  endfacet
  facet normal 0 0 -1
    outer loop
      vertex 44.5596 15.6597 22
      vertex 46.5 30.5 22
      vertex 44.5899 15.4558 22
    endloop
  endfacet
  facet normal 0 0 -1
    outer loop
      vertex 44.5096 15.8596 22
      vertex 46.5 30.5 22
      vertex 44.5596 15.6597 22
    endloop
  endfacet
  facet normal 0 0 -1
    outer loop
      vertex 44.4401 16.0536 22
      vertex 46.5 30.5 22
      vertex 44.5096 15.8596 22
    endloop
  endfacet
  facet normal 0 0 -1
    outer loop
      vertex 44.352 16.2399 22
      vertex 46.5 30.5 22
      vertex 44.4401 16.0536 22
    endloop
  endfacet
  facet normal 0 0 -1
    outer loop
      vertex 44.2461 16.4167 22
      vertex 46.5 30.5 22
      vertex 44.352 16.2399 22
    endloop
  endfacet
  facet normal 0 0 -1
    outer loop
      vertex 44.1233 16.5822 22
      vertex 46.5 30.5 22
      vertex 44.2461 16.4167 22
    endloop
  endfacet
  facet normal 0 0 -1
    outer loop
      vertex 43.9849 16.7349 22
      vertex 46.5 30.5 22
      vertex 44.1233 16.5822 22
    endloop
  endfacet
  facet normal 0 0 -1
    outer loop
      vertex 43.8322 16.8733 22
      vertex 46.5 30.5 22
      vertex 43.9849 16.7349 22
    endloop
  endfacet
  facet normal 0 0 -1
    outer loop
      vertex 43.6667 16.9961 22
      vertex 46.5 30.5 22
      vertex 43.8322 16.8733 22
    endloop
  endfacet
  facet normal 0 0 -1
    outer loop
      vertex 43.4899 17.102 22
      vertex 46.5 30.5 22
      vertex 43.6667 16.9961 22
    endloop
  endfacet
  facet normal 0 0 -1
    outer loop
      vertex 43.3036 17.1901 22
      vertex 46.5 30.5 22
      vertex 43.4899 17.102 22
    endloop
  endfacet
  facet normal 0 0 -1
    outer loop
      vertex 43.1096 17.2596 22
      vertex 46.5 30.5 22
      vertex 43.3036 17.1901 22
    endloop
  endfacet
  facet normal 0 0 -1
    outer loop
      vertex 42.9097 17.3096 22
      vertex 46.5 30.5 22
      vertex 43.1096 17.2596 22
    endloop
  endfacet
  facet normal 0 0 -1
    outer loop
      vertex 42.7058 17.3399 22
      vertex 46.5 30.5 22
      vertex 42.9097 17.3096 22
    endloop
  endfacet
  facet normal 0 0 -1
    outer loop
      vertex 42.5 17.35 22
      vertex 46.5 30.5 22
      vertex 42.7058 17.3399 22
    endloop
  endfacet
  facet normal 0 0 -1
    outer loop
      vertex 38.5 30.5 22
      vertex 42.5 17.35 22
      vertex 42.2942 17.3399 22
    endloop
  endfacet
  facet normal 0 0 -1
    outer loop
      vertex 38.5 30.5 22
      vertex 42.2942 17.3399 22
      vertex 42.0903 17.3096 22
    endloop
  endfacet
  facet normal 0 0 -1
    outer loop
      vertex 38.5 30.5 22
      vertex 42.0903 17.3096 22
      vertex 41.8904 17.2596 22
    endloop
  endfacet
  facet normal 0 0 -1
    outer loop
      vertex 38.5 30.5 22
      vertex 41.8904 17.2596 22
      vertex 41.6964 17.1901 22
    endloop
  endfacet
  facet normal 0 0 -1
    outer loop
      vertex 38.5 30.5 22
      vertex 41.6964 17.1901 22
      vertex 41.5101 17.102 22
    endloop
  endfacet
  facet normal 0 0 -1
    outer loop
      vertex 38.5 30.5 22
      vertex 41.5101 17.102 22
      vertex 41.3333 16.9961 22
    endloop
  endfacet
  facet normal 0 0 -1
    outer loop
      vertex 38.5 30.5 22
      vertex 41.3333 16.9961 22
      vertex 41.1678 16.8733 22
    endloop
  endfacet
  facet normal 0 0 -1
    outer loop
      vertex 38.5 30.5 22
      vertex 41.1678 16.8733 22
      vertex 41.0151 16.7349 22
    endloop
  endfacet
  facet normal 0 0 -1
    outer loop
      vertex 38.5 30.5 22
      vertex 41.0151 16.7349 22
      vertex 40.8767 16.5822 22
    endloop
  endfacet
  facet normal 0 0 -1
    outer loop
      vertex 38.5 30.5 22
      vertex 40.8767 16.5822 22
      vertex 40.7539 16.4167 22
    endloop
  endfacet
  facet normal 0 0 -1
    outer loop
      vertex 38.5 30.5 22
      vertex 40.7539 16.4167 22
      vertex 40.648 16.2399 22
    endloop
  endfacet
  facet normal 0 0 -1
    outer loop
      vertex 38.5 30.5 22
      vertex 40.648 16.2399 22
      vertex 40.5599 16.0536 22
    endloop
  endfacet
  facet normal 0 0 -1
    outer loop
      vertex 38.5 30.5 22
      vertex 40.4 15.25 22
      vertex 38.5 0 22
    endloop
  endfacet
  facet normal 0 0 -1
    outer loop
      vertex 42.5 17.35 22
      vertex 38.5 30.5 22
      vertex 46.5 30.5 22
    endloop
  endfacet
  facet normal 0 0 -1
    outer loop
      vertex 40.4904 15.8596 22
      vertex 38.5 30.5 22
      vertex 40.5599 16.0536 22
    endloop
  endfacet
  facet normal 0 0 -1
    outer loop
      vertex 40.4403 15.6597 22
      vertex 38.5 30.5 22
      vertex 40.4904 15.8596 22
    endloop
  endfacet
  facet normal 0 0 -1
    outer loop
      vertex 40.4101 15.4558 22
      vertex 38.5 30.5 22
      vertex 40.4403 15.6597 22
    endloop
  endfacet
  facet normal 0 0 -1
    outer loop
      vertex 40.4 15.25 22
      vertex 38.5 30.5 22
      vertex 40.4101 15.4558 22
    endloop
  endfacet
  facet normal 0 0 -1
    outer loop
      vertex 36.5 2 22
      vertex 23.25 27.5 22
      vertex 36.5 28.5 22
    endloop
  endfacet
  facet normal 0 0 -1
    outer loop
      vertex 36.5 2 22
      vertex 15.25 27.5 22
      vertex 23.25 27.5 22
    endloop
  endfacet
  facet normal 0 0 -1
    outer loop
      vertex 2 2 22
      vertex 15.25 27.5 22
      vertex 36.5 2 22
    endloop
  endfacet
  facet normal 0 0 -1
    outer loop
      vertex 2 28.5 22
      vertex 15.25 27.5 22
      vertex 2 2 22
    endloop
  endfacet
  facet normal 0 0 -1
    outer loop
      vertex 15.25 27.5 22
      vertex 2 28.5 22
      vertex 15.25 28.5 22
    endloop
  endfacet
  facet normal -0 0 -1
    outer loop
      vertex 36.5 28.5 22
      vertex 23.25 27.5 22
      vertex 23.25 28.5 22
    endloop
  endfacet
  facet normal 1 -0 0
    outer loop
      vertex 38.5 0 22
      vertex 38.5 30.5 2.14451
      vertex 38.5 30.5 22
    endloop
  endfacet
  facet normal 1 0 0
    outer loop
      vertex 38.5 0 0
      vertex 38.5 30.5 2.14451
      vertex 38.5 0 22
    endloop
  endfacet
  facet normal 1 0 0
    outer loop
      vertex 38.5 30.5 2.14451
      vertex 38.5 0 0
      vertex 38.5 29.5 0
    endloop
  endfacet
  facet normal 0 1 0
    outer loop
      vertex 38.5 30.5 22
      vertex 46.5 30.5 25
      vertex 46.5 30.5 22
    endloop
  endfacet
  facet normal 0 1 0
    outer loop
      vertex 46.5 30.5 25
      vertex 38.5 30.5 22
      vertex 23.25 30.5 25
    endloop
  endfacet
  facet normal 0 1 0
    outer loop
      vertex 38.5 30.5 22
      vertex 23.25 30.5 14
      vertex 23.25 30.5 25
    endloop
  endfacet
  facet normal 0 1 0
    outer loop
      vertex 23.25 30.5 14
      vertex 38.5 30.5 2.14451
      vertex 15.25 30.5 14
    endloop
  endfacet
  facet normal 0 1 -0
    outer loop
      vertex 38.5 30.5 2.14451
      vertex 23.25 30.5 14
      vertex 38.5 30.5 22
    endloop
  endfacet
  facet normal 0 1 0
    outer loop
      vertex 15.25 30.5 25
      vertex 0 30.5 22
      vertex -8 30.5 25
    endloop
  endfacet
  facet normal 0 1 -0
    outer loop
      vertex 15.25 30.5 14
      vertex 0 30.5 22
      vertex 15.25 30.5 25
    endloop
  endfacet
  facet normal 0 1 0
    outer loop
      vertex 15.25 30.5 14
      vertex 0 30.5 2.14451
      vertex 0 30.5 22
    endloop
  endfacet
  facet normal 0 1 0
    outer loop
      vertex 0 30.5 2.14451
      vertex 15.25 30.5 14
      vertex 38.5 30.5 2.14451
    endloop
  endfacet
  facet normal 0 1 0
    outer loop
      vertex -8 30.5 25
      vertex 0 30.5 22
      vertex -8 30.5 22
    endloop
  endfacet
  facet normal 0 0 -1
    outer loop
      vertex 38.5 0 0
      vertex 31 15.25 0
      vertex 38.5 29.5 0
    endloop
  endfacet
  facet normal 0 0 -1
    outer loop
      vertex 38.5 0 0
      vertex 30.9434 14.0983 0
      vertex 31 15.25 0
    endloop
  endfacet
  facet normal 0 0 -1
    outer loop
      vertex 38.5 0 0
      vertex 30.7742 12.9577 0
      vertex 30.9434 14.0983 0
    endloop
  endfacet
  facet normal 0 0 -1
    outer loop
      vertex 38.5 0 0
      vertex 30.494 11.8392 0
      vertex 30.7742 12.9577 0
    endloop
  endfacet
  facet normal 0 0 -1
    outer loop
      vertex 38.5 0 0
      vertex 30.1056 10.7535 0
      vertex 30.494 11.8392 0
    endloop
  endfacet
  facet normal 0 0 -1
    outer loop
      vertex 38.5 0 0
      vertex 29.6126 9.71109 0
      vertex 30.1056 10.7535 0
    endloop
  endfacet
  facet normal 0 0 -1
    outer loop
      vertex 38.5 0 0
      vertex 29.0198 8.72205 0
      vertex 29.6126 9.71109 0
    endloop
  endfacet
  facet normal 0 0 -1
    outer loop
      vertex 38.5 0 0
      vertex 28.3329 7.79588 0
      vertex 29.0198 8.72205 0
    endloop
  endfacet
  facet normal 0 0 -1
    outer loop
      vertex 38.5 0 0
      vertex 27.5585 6.94149 0
      vertex 28.3329 7.79588 0
    endloop
  endfacet
  facet normal 0 0 -1
    outer loop
      vertex 38.5 0 0
      vertex 26.7041 6.16713 0
      vertex 27.5585 6.94149 0
    endloop
  endfacet
  facet normal 0 0 -1
    outer loop
      vertex 38.5 0 0
      vertex 25.778 5.48023 0
      vertex 26.7041 6.16713 0
    endloop
  endfacet
  facet normal 0 0 -1
    outer loop
      vertex 38.5 0 0
      vertex 24.7889 4.88742 0
      vertex 25.778 5.48023 0
    endloop
  endfacet
  facet normal 0 0 -1
    outer loop
      vertex 38.5 0 0
      vertex 23.7465 4.39441 0
      vertex 24.7889 4.88742 0
    endloop
  endfacet
  facet normal 0 0 -1
    outer loop
      vertex 38.5 0 0
      vertex 22.6608 4.00595 0
      vertex 23.7465 4.39441 0
    endloop
  endfacet
  facet normal 0 0 -1
    outer loop
      vertex 38.5 0 0
      vertex 21.5423 3.72577 0
      vertex 22.6608 4.00595 0
    endloop
  endfacet
  facet normal 0 0 -1
    outer loop
      vertex 38.5 0 0
      vertex 20.4017 3.55658 0
      vertex 21.5423 3.72577 0
    endloop
  endfacet
  facet normal 0 0 -1
    outer loop
      vertex 38.5 0 0
      vertex 19.25 3.5 0
      vertex 20.4017 3.55658 0
    endloop
  endfacet
  facet normal 0 0 -1
    outer loop
      vertex 0 0 0
      vertex 19.25 3.5 0
      vertex 38.5 0 0
    endloop
  endfacet
  facet normal -0 0 -1
    outer loop
      vertex 19.25 3.5 0
      vertex 0 0 0
      vertex 18.0983 3.55658 0
    endloop
  endfacet
  facet normal -0 0 -1
    outer loop
      vertex 7.55658 14.0983 0
      vertex 0 0 0
      vertex 7.5 15.25 0
    endloop
  endfacet
  facet normal -0 0 -1
    outer loop
      vertex 7.72577 12.9577 0
      vertex 0 0 0
      vertex 7.55658 14.0983 0
    endloop
  endfacet
  facet normal -0 0 -1
    outer loop
      vertex 8.00595 11.8392 0
      vertex 0 0 0
      vertex 7.72577 12.9577 0
    endloop
  endfacet
  facet normal -0 0 -1
    outer loop
      vertex 8.39441 10.7535 0
      vertex 0 0 0
      vertex 8.00595 11.8392 0
    endloop
  endfacet
  facet normal -0 0 -1
    outer loop
      vertex 8.88742 9.71109 0
      vertex 0 0 0
      vertex 8.39441 10.7535 0
    endloop
  endfacet
  facet normal -0 0 -1
    outer loop
      vertex 9.48023 8.72205 0
      vertex 0 0 0
      vertex 8.88742 9.71109 0
    endloop
  endfacet
  facet normal -0 0 -1
    outer loop
      vertex 10.1671 7.79588 0
      vertex 0 0 0
      vertex 9.48023 8.72205 0
    endloop
  endfacet
  facet normal -0 0 -1
    outer loop
      vertex 10.9415 6.94149 0
      vertex 0 0 0
      vertex 10.1671 7.79588 0
    endloop
  endfacet
  facet normal -0 0 -1
    outer loop
      vertex 11.7959 6.16713 0
      vertex 0 0 0
      vertex 10.9415 6.94149 0
    endloop
  endfacet
  facet normal -0 0 -1
    outer loop
      vertex 12.722 5.48023 0
      vertex 0 0 0
      vertex 11.7959 6.16713 0
    endloop
  endfacet
  facet normal -0 0 -1
    outer loop
      vertex 13.7111 4.88742 0
      vertex 0 0 0
      vertex 12.722 5.48023 0
    endloop
  endfacet
  facet normal -0 0 -1
    outer loop
      vertex 14.7535 4.39441 0
      vertex 0 0 0
      vertex 13.7111 4.88742 0
    endloop
  endfacet
  facet normal -0 0 -1
    outer loop
      vertex 15.8392 4.00595 0
      vertex 0 0 0
      vertex 14.7535 4.39441 0
    endloop
  endfacet
  facet normal -0 0 -1
    outer loop
      vertex 16.9577 3.72577 0
      vertex 0 0 0
      vertex 15.8392 4.00595 0
    endloop
  endfacet
  facet normal -0 0 -1
    outer loop
      vertex 18.0983 3.55658 0
      vertex 0 0 0
      vertex 16.9577 3.72577 0
    endloop
  endfacet
  facet normal 0 0 -1
    outer loop
      vertex 30.9434 16.4017 0
      vertex 38.5 29.5 0
      vertex 31 15.25 0
    endloop
  endfacet
  facet normal 0 0 -1
    outer loop
      vertex 30.7742 17.5423 0
      vertex 38.5 29.5 0
      vertex 30.9434 16.4017 0
    endloop
  endfacet
  facet normal 0 0 -1
    outer loop
      vertex 30.494 18.6608 0
      vertex 38.5 29.5 0
      vertex 30.7742 17.5423 0
    endloop
  endfacet
  facet normal 0 0 -1
    outer loop
      vertex 30.1056 19.7465 0
      vertex 38.5 29.5 0
      vertex 30.494 18.6608 0
    endloop
  endfacet
  facet normal 0 0 -1
    outer loop
      vertex 29.6126 20.7889 0
      vertex 38.5 29.5 0
      vertex 30.1056 19.7465 0
    endloop
  endfacet
  facet normal 0 0 -1
    outer loop
      vertex 29.0198 21.778 0
      vertex 38.5 29.5 0
      vertex 29.6126 20.7889 0
    endloop
  endfacet
  facet normal 0 0 -1
    outer loop
      vertex 28.3329 22.7041 0
      vertex 38.5 29.5 0
      vertex 29.0198 21.778 0
    endloop
  endfacet
  facet normal 0 0 -1
    outer loop
      vertex 27.5585 23.5585 0
      vertex 38.5 29.5 0
      vertex 28.3329 22.7041 0
    endloop
  endfacet
  facet normal 0 0 -1
    outer loop
      vertex 26.7041 24.3329 0
      vertex 38.5 29.5 0
      vertex 27.5585 23.5585 0
    endloop
  endfacet
  facet normal 0 0 -1
    outer loop
      vertex 25.778 25.0198 0
      vertex 38.5 29.5 0
      vertex 26.7041 24.3329 0
    endloop
  endfacet
  facet normal 0 0 -1
    outer loop
      vertex 24.7889 25.6126 0
      vertex 38.5 29.5 0
      vertex 25.778 25.0198 0
    endloop
  endfacet
  facet normal 0 0 -1
    outer loop
      vertex 23.7465 26.1056 0
      vertex 38.5 29.5 0
      vertex 24.7889 25.6126 0
    endloop
  endfacet
  facet normal 0 0 -1
    outer loop
      vertex 22.6608 26.494 0
      vertex 38.5 29.5 0
      vertex 23.7465 26.1056 0
    endloop
  endfacet
  facet normal 0 0 -1
    outer loop
      vertex 21.5423 26.7742 0
      vertex 38.5 29.5 0
      vertex 22.6608 26.494 0
    endloop
  endfacet
  facet normal 0 0 -1
    outer loop
      vertex 20.4017 26.9434 0
      vertex 38.5 29.5 0
      vertex 21.5423 26.7742 0
    endloop
  endfacet
  facet normal 0 0 -1
    outer loop
      vertex 19.25 27 0
      vertex 38.5 29.5 0
      vertex 20.4017 26.9434 0
    endloop
  endfacet
  facet normal 0 0 -1
    outer loop
      vertex 0 29.5 0
      vertex 19.25 27 0
      vertex 18.0983 26.9434 0
    endloop
  endfacet
  facet normal 0 0 -1
    outer loop
      vertex 0 29.5 0
      vertex 7.5 15.25 0
      vertex 0 0 0
    endloop
  endfacet
  facet normal 0 0 -1
    outer loop
      vertex 7.5 15.25 0
      vertex 0 29.5 0
      vertex 7.55658 16.4017 0
    endloop
  endfacet
  facet normal 0 0 -1
    outer loop
      vertex 7.55658 16.4017 0
      vertex 0 29.5 0
      vertex 7.72577 17.5423 0
    endloop
  endfacet
  facet normal 0 0 -1
    outer loop
      vertex 7.72577 17.5423 0
      vertex 0 29.5 0
      vertex 8.00595 18.6608 0
    endloop
  endfacet
  facet normal 0 0 -1
    outer loop
      vertex 19.25 27 0
      vertex 0 29.5 0
      vertex 38.5 29.5 0
    endloop
  endfacet
  facet normal 0 0 -1
    outer loop
      vertex 16.9577 26.7742 0
      vertex 0 29.5 0
      vertex 18.0983 26.9434 0
    endloop
  endfacet
  facet normal 0 0 -1
    outer loop
      vertex 15.8392 26.494 0
      vertex 0 29.5 0
      vertex 16.9577 26.7742 0
    endloop
  endfacet
  facet normal 0 0 -1
    outer loop
      vertex 14.7535 26.1056 0
      vertex 0 29.5 0
      vertex 15.8392 26.494 0
    endloop
  endfacet
  facet normal 0 0 -1
    outer loop
      vertex 13.7111 25.6126 0
      vertex 0 29.5 0
      vertex 14.7535 26.1056 0
    endloop
  endfacet
  facet normal 0 0 -1
    outer loop
      vertex 12.722 25.0198 0
      vertex 0 29.5 0
      vertex 13.7111 25.6126 0
    endloop
  endfacet
  facet normal 0 0 -1
    outer loop
      vertex 11.7959 24.3329 0
      vertex 0 29.5 0
      vertex 12.722 25.0198 0
    endloop
  endfacet
  facet normal 0 0 -1
    outer loop
      vertex 10.9415 23.5585 0
      vertex 0 29.5 0
      vertex 11.7959 24.3329 0
    endloop
  endfacet
  facet normal 0 0 -1
    outer loop
      vertex 10.1671 22.7041 0
      vertex 0 29.5 0
      vertex 10.9415 23.5585 0
    endloop
  endfacet
  facet normal 0 0 -1
    outer loop
      vertex 9.48023 21.778 0
      vertex 0 29.5 0
      vertex 10.1671 22.7041 0
    endloop
  endfacet
  facet normal 0 0 -1
    outer loop
      vertex 8.88742 20.7889 0
      vertex 0 29.5 0
      vertex 9.48023 21.778 0
    endloop
  endfacet
  facet normal 0 0 -1
    outer loop
      vertex 8.39441 19.7465 0
      vertex 0 29.5 0
      vertex 8.88742 20.7889 0
    endloop
  endfacet
  facet normal 0 0 -1
    outer loop
      vertex 8.00595 18.6608 0
      vertex 0 29.5 0
      vertex 8.39441 19.7465 0
    endloop
  endfacet
  facet normal 0 -1 0
    outer loop
      vertex 0 0 0
      vertex 38.5 0 22
      vertex 0 0 22
    endloop
  endfacet
  facet normal 0 -1 -0
    outer loop
      vertex 38.5 0 22
      vertex 0 0 0
      vertex 38.5 0 0
    endloop
  endfacet
  facet normal 0 -1 0
    outer loop
      vertex 0 0 22
      vertex -8 0 25
      vertex -8 0 22
    endloop
  endfacet
  facet normal 0 -1 0
    outer loop
      vertex -8 0 25
      vertex 0 0 22
      vertex 46.5 0 25
    endloop
  endfacet
  facet normal 0 -1 0
    outer loop
      vertex 38.5 0 22
      vertex 46.5 0 25
      vertex 0 0 22
    endloop
  endfacet
  facet normal 0 -1 -0
    outer loop
      vertex 46.5 0 25
      vertex 38.5 0 22
      vertex 46.5 0 22
    endloop
  endfacet
  facet normal 1 -0 0
    outer loop
      vertex 2 2 22
      vertex 2 28.5 2
      vertex 2 28.5 22
    endloop
  endfacet
  facet normal 1 0 0
    outer loop
      vertex 2 28.5 2
      vertex 2 2 22
      vertex 2 2 2
    endloop
  endfacet
  facet normal -1 0 0
    outer loop
      vertex 36.5 2 2
      vertex 36.5 28.5 22
      vertex 36.5 28.5 2
    endloop
  endfacet
  facet normal -1 -0 0
    outer loop
      vertex 36.5 28.5 22
      vertex 36.5 2 2
      vertex 36.5 2 22
    endloop
  endfacet
  facet normal 0 0 1
    outer loop
      vertex 36.5 28.5 2
      vertex 35.75 15.25 2
      vertex 36.5 2 2
    endloop
  endfacet
  facet normal 0 0 1
    outer loop
      vertex 36.5 28.5 2
      vertex 35.738 15.495 2
      vertex 35.75 15.25 2
    endloop
  endfacet
  facet normal 0 0 1
    outer loop
      vertex 36.5 28.5 2
      vertex 35.702 15.7377 2
      vertex 35.738 15.495 2
    endloop
  endfacet
  facet normal 0 0 1
    outer loop
      vertex 36.5 28.5 2
      vertex 35.6423 15.9757 2
      vertex 35.702 15.7377 2
    endloop
  endfacet
  facet normal 0 0 1
    outer loop
      vertex 36.5 28.5 2
      vertex 35.5597 16.2067 2
      vertex 35.6423 15.9757 2
    endloop
  endfacet
  facet normal 0 0 1
    outer loop
      vertex 36.5 28.5 2
      vertex 35.4548 16.4285 2
      vertex 35.5597 16.2067 2
    endloop
  endfacet
  facet normal 0 0 1
    outer loop
      vertex 36.5 28.5 2
      vertex 35.3287 16.6389 2
      vertex 35.4548 16.4285 2
    endloop
  endfacet
  facet normal 0 0 1
    outer loop
      vertex 36.5 28.5 2
      vertex 35.1825 16.836 2
      vertex 35.3287 16.6389 2
    endloop
  endfacet
  facet normal 0 0 1
    outer loop
      vertex 36.5 28.5 2
      vertex 35.0178 17.0178 2
      vertex 35.1825 16.836 2
    endloop
  endfacet
  facet normal 0 0 1
    outer loop
      vertex 36.5 28.5 2
      vertex 34.836 17.1825 2
      vertex 35.0178 17.0178 2
    endloop
  endfacet
  facet normal 0 0 1
    outer loop
      vertex 36.5 28.5 2
      vertex 34.6389 17.3287 2
      vertex 34.836 17.1825 2
    endloop
  endfacet
  facet normal 0 0 1
    outer loop
      vertex 36.5 28.5 2
      vertex 34.4285 17.4548 2
      vertex 34.6389 17.3287 2
    endloop
  endfacet
  facet normal 0 0 1
    outer loop
      vertex 36.5 28.5 2
      vertex 34.2067 17.5597 2
      vertex 34.4285 17.4548 2
    endloop
  endfacet
  facet normal 0 0 1
    outer loop
      vertex 36.5 28.5 2
      vertex 33.9757 17.6423 2
      vertex 34.2067 17.5597 2
    endloop
  endfacet
  facet normal 0 0 1
    outer loop
      vertex 36.5 28.5 2
      vertex 33.7377 17.702 2
      vertex 33.9757 17.6423 2
    endloop
  endfacet
  facet normal -0 0 1
    outer loop
      vertex 29.6126 20.7889 2
      vertex 33.7377 17.702 2
      vertex 36.5 28.5 2
    endloop
  endfacet
  facet normal 0 0 1
    outer loop
      vertex 33.7377 17.702 2
      vertex 29.6126 20.7889 2
      vertex 33.495 17.738 2
    endloop
  endfacet
  facet normal -0 -0 1
    outer loop
      vertex 30.1056 19.7465 2
      vertex 33.495 17.738 2
      vertex 29.6126 20.7889 2
    endloop
  endfacet
  facet normal 0 0 1
    outer loop
      vertex 33.495 17.738 2
      vertex 30.1056 19.7465 2
      vertex 33.25 17.75 2
    endloop
  endfacet
  facet normal 0 0 1
    outer loop
      vertex 33.25 17.75 2
      vertex 30.1056 19.7465 2
      vertex 33.005 17.738 2
    endloop
  endfacet
  facet normal 0 0 1
    outer loop
      vertex 33.005 17.738 2
      vertex 30.1056 19.7465 2
      vertex 32.7623 17.702 2
    endloop
  endfacet
  facet normal 0 0 1
    outer loop
      vertex 32.7623 17.702 2
      vertex 30.494 18.6608 2
      vertex 32.5243 17.6423 2
    endloop
  endfacet
  facet normal 0 0 1
    outer loop
      vertex 32.5243 17.6423 2
      vertex 30.494 18.6608 2
      vertex 32.2933 17.5597 2
    endloop
  endfacet
  facet normal 0 0 1
    outer loop
      vertex 32.2933 17.5597 2
      vertex 30.494 18.6608 2
      vertex 32.0715 17.4548 2
    endloop
  endfacet
  facet normal -0 -0 1
    outer loop
      vertex 30.7742 17.5423 2
      vertex 32.0715 17.4548 2
      vertex 30.494 18.6608 2
    endloop
  endfacet
  facet normal 0 0 1
    outer loop
      vertex 31.8611 17.3287 2
      vertex 30.7742 17.5423 2
      vertex 31.664 17.1825 2
    endloop
  endfacet
  facet normal 0 0 1
    outer loop
      vertex 31.664 17.1825 2
      vertex 30.7742 17.5423 2
      vertex 31.4822 17.0178 2
    endloop
  endfacet
  facet normal 0 0 1
    outer loop
      vertex 31.4822 17.0178 2
      vertex 30.7742 17.5423 2
      vertex 31.3175 16.836 2
    endloop
  endfacet
  facet normal 0 -0 1
    outer loop
      vertex 30.9434 16.4017 2
      vertex 31.1713 16.6389 2
      vertex 30.7742 17.5423 2
    endloop
  endfacet
  facet normal 0 0 1
    outer loop
      vertex 31.0452 16.4285 2
      vertex 30.9434 16.4017 2
      vertex 30.9518 16.231 2
    endloop
  endfacet
  facet normal 0 0 1
    outer loop
      vertex 31.1713 16.6389 2
      vertex 30.9434 16.4017 2
      vertex 31.0452 16.4285 2
    endloop
  endfacet
  facet normal 0 0 1
    outer loop
      vertex 31.3175 16.836 2
      vertex 30.7742 17.5423 2
      vertex 31.1713 16.6389 2
    endloop
  endfacet
  facet normal 0 0 1
    outer loop
      vertex 32.0715 17.4548 2
      vertex 30.7742 17.5423 2
      vertex 31.8611 17.3287 2
    endloop
  endfacet
  facet normal -0 -0 1
    outer loop
      vertex 30.494 18.6608 2
      vertex 32.7623 17.702 2
      vertex 30.1056 19.7465 2
    endloop
  endfacet
  facet normal 0 0 1
    outer loop
      vertex 36.5 28.5 2
      vertex 29.0198 21.778 2
      vertex 29.6126 20.7889 2
    endloop
  endfacet
  facet normal 0 0 1
    outer loop
      vertex 36.5 28.5 2
      vertex 28.3329 22.7041 2
      vertex 29.0198 21.778 2
    endloop
  endfacet
  facet normal 0 0 1
    outer loop
      vertex 36.5 28.5 2
      vertex 27.5585 23.5585 2
      vertex 28.3329 22.7041 2
    endloop
  endfacet
  facet normal 0 0 1
    outer loop
      vertex 36.5 28.5 2
      vertex 26.7041 24.3329 2
      vertex 27.5585 23.5585 2
    endloop
  endfacet
  facet normal 0 0 1
    outer loop
      vertex 36.5 28.5 2
      vertex 25.778 25.0198 2
      vertex 26.7041 24.3329 2
    endloop
  endfacet
  facet normal 0 0 1
    outer loop
      vertex 36.5 28.5 2
      vertex 24.7889 25.6126 2
      vertex 25.778 25.0198 2
    endloop
  endfacet
  facet normal 0 0 1
    outer loop
      vertex 36.5 28.5 2
      vertex 23.7465 26.1056 2
      vertex 24.7889 25.6126 2
    endloop
  endfacet
  facet normal 0 0 1
    outer loop
      vertex 36.5 28.5 2
      vertex 22.6608 26.494 2
      vertex 23.7465 26.1056 2
    endloop
  endfacet
  facet normal 0 0 1
    outer loop
      vertex 36.5 28.5 2
      vertex 21.5423 26.7742 2
      vertex 22.6608 26.494 2
    endloop
  endfacet
  facet normal 0 0 1
    outer loop
      vertex 36.5 28.5 2
      vertex 20.4017 26.9434 2
      vertex 21.5423 26.7742 2
    endloop
  endfacet
  facet normal 0 0 1
    outer loop
      vertex 36.5 28.5 2
      vertex 19.25 27 2
      vertex 20.4017 26.9434 2
    endloop
  endfacet
  facet normal -0 0 1
    outer loop
      vertex 2 28.5 2
      vertex 19.25 27 2
      vertex 36.5 28.5 2
    endloop
  endfacet
  facet normal 0 0 1
    outer loop
      vertex 7.55658 16.4017 2
      vertex 7.4548 16.4285 2
      vertex 7.54819 16.231 2
    endloop
  endfacet
  facet normal -0 0 1
    outer loop
      vertex 7.32867 16.6389 2
      vertex 7.55658 16.4017 2
      vertex 7.72577 17.5423 2
    endloop
  endfacet
  facet normal 0 0 1
    outer loop
      vertex 7.55658 16.4017 2
      vertex 7.32867 16.6389 2
      vertex 7.4548 16.4285 2
    endloop
  endfacet
  facet normal 0 0 1
    outer loop
      vertex 6.42849 17.4548 2
      vertex 7.72577 17.5423 2
      vertex 8.00595 18.6608 2
    endloop
  endfacet
  facet normal 0 0 1
    outer loop
      vertex 7.72577 17.5423 2
      vertex 7.18253 16.836 2
      vertex 7.32867 16.6389 2
    endloop
  endfacet
  facet normal 0 0 1
    outer loop
      vertex 5.73773 17.702 2
      vertex 8.00595 18.6608 2
      vertex 8.39441 19.7465 2
    endloop
  endfacet
  facet normal 0 0 1
    outer loop
      vertex 7.72577 17.5423 2
      vertex 7.01777 17.0178 2
      vertex 7.18253 16.836 2
    endloop
  endfacet
  facet normal 0 0 1
    outer loop
      vertex 5.00496 17.738 2
      vertex 8.39441 19.7465 2
      vertex 8.88742 20.7889 2
    endloop
  endfacet
  facet normal 0 0 1
    outer loop
      vertex 7.72577 17.5423 2
      vertex 6.83598 17.1825 2
      vertex 7.01777 17.0178 2
    endloop
  endfacet
  facet normal 0 0 1
    outer loop
      vertex 7.72577 17.5423 2
      vertex 6.63893 17.3287 2
      vertex 6.83598 17.1825 2
    endloop
  endfacet
  facet normal 0 0 1
    outer loop
      vertex 2 28.5 2
      vertex 8.88742 20.7889 2
      vertex 9.48023 21.778 2
    endloop
  endfacet
  facet normal 0 0 1
    outer loop
      vertex 7.72577 17.5423 2
      vertex 6.42849 17.4548 2
      vertex 6.63893 17.3287 2
    endloop
  endfacet
  facet normal 0 0 1
    outer loop
      vertex 8.00595 18.6608 2
      vertex 6.20671 17.5597 2
      vertex 6.42849 17.4548 2
    endloop
  endfacet
  facet normal 0 0 1
    outer loop
      vertex 2 28.5 2
      vertex 9.48023 21.778 2
      vertex 10.1671 22.7041 2
    endloop
  endfacet
  facet normal 0 0 1
    outer loop
      vertex 8.00595 18.6608 2
      vertex 5.97571 17.6423 2
      vertex 6.20671 17.5597 2
    endloop
  endfacet
  facet normal 0 0 1
    outer loop
      vertex 8.00595 18.6608 2
      vertex 5.73773 17.702 2
      vertex 5.97571 17.6423 2
    endloop
  endfacet
  facet normal 0 0 1
    outer loop
      vertex 8.39441 19.7465 2
      vertex 5.49504 17.738 2
      vertex 5.73773 17.702 2
    endloop
  endfacet
  facet normal 0 0 1
    outer loop
      vertex 2 28.5 2
      vertex 10.1671 22.7041 2
      vertex 10.9415 23.5585 2
    endloop
  endfacet
  facet normal 0 0 1
    outer loop
      vertex 8.39441 19.7465 2
      vertex 5.25 17.75 2
      vertex 5.49504 17.738 2
    endloop
  endfacet
  facet normal 0 -0 1
    outer loop
      vertex 4.76227 17.702 2
      vertex 8.88742 20.7889 2
      vertex 2 28.5 2
    endloop
  endfacet
  facet normal 0 0 1
    outer loop
      vertex 8.39441 19.7465 2
      vertex 5.00496 17.738 2
      vertex 5.25 17.75 2
    endloop
  endfacet
  facet normal 0 0 1
    outer loop
      vertex 8.88742 20.7889 2
      vertex 4.76227 17.702 2
      vertex 5.00496 17.738 2
    endloop
  endfacet
  facet normal 0 0 1
    outer loop
      vertex 4.76227 17.702 2
      vertex 2 28.5 2
      vertex 4.52429 17.6423 2
    endloop
  endfacet
  facet normal 0 0 1
    outer loop
      vertex 2 28.5 2
      vertex 10.9415 23.5585 2
      vertex 11.7959 24.3329 2
    endloop
  endfacet
  facet normal 0 0 1
    outer loop
      vertex 4.52429 17.6423 2
      vertex 2 28.5 2
      vertex 4.29329 17.5597 2
    endloop
  endfacet
  facet normal 0 0 1
    outer loop
      vertex 4.29329 17.5597 2
      vertex 2 28.5 2
      vertex 4.07151 17.4548 2
    endloop
  endfacet
  facet normal 0 0 1
    outer loop
      vertex 4.07151 17.4548 2
      vertex 2 28.5 2
      vertex 3.86107 17.3287 2
    endloop
  endfacet
  facet normal 0 0 1
    outer loop
      vertex 2.76204 15.495 2
      vertex 2 28.5 2
      vertex 2.75 15.25 2
    endloop
  endfacet
  facet normal 0 0 1
    outer loop
      vertex 2.79804 15.7377 2
      vertex 2 28.5 2
      vertex 2.76204 15.495 2
    endloop
  endfacet
  facet normal 0 0 1
    outer loop
      vertex 2.85765 15.9757 2
      vertex 2 28.5 2
      vertex 2.79804 15.7377 2
    endloop
  endfacet
  facet normal 0 0 1
    outer loop
      vertex 2.9403 16.2067 2
      vertex 2 28.5 2
      vertex 2.85765 15.9757 2
    endloop
  endfacet
  facet normal 0 0 1
    outer loop
      vertex 3.0452 16.4285 2
      vertex 2 28.5 2
      vertex 2.9403 16.2067 2
    endloop
  endfacet
  facet normal 0 0 1
    outer loop
      vertex 3.17133 16.6389 2
      vertex 2 28.5 2
      vertex 3.0452 16.4285 2
    endloop
  endfacet
  facet normal 0 0 1
    outer loop
      vertex 3.31747 16.836 2
      vertex 2 28.5 2
      vertex 3.17133 16.6389 2
    endloop
  endfacet
  facet normal 0 0 1
    outer loop
      vertex 3.48223 17.0178 2
      vertex 2 28.5 2
      vertex 3.31747 16.836 2
    endloop
  endfacet
  facet normal 0 0 1
    outer loop
      vertex 3.66402 17.1825 2
      vertex 2 28.5 2
      vertex 3.48223 17.0178 2
    endloop
  endfacet
  facet normal 0 0 1
    outer loop
      vertex 3.86107 17.3287 2
      vertex 2 28.5 2
      vertex 3.66402 17.1825 2
    endloop
  endfacet
  facet normal 0 0 1
    outer loop
      vertex 12.722 25.0198 2
      vertex 2 28.5 2
      vertex 11.7959 24.3329 2
    endloop
  endfacet
  facet normal 0 0 1
    outer loop
      vertex 13.7111 25.6126 2
      vertex 2 28.5 2
      vertex 12.722 25.0198 2
    endloop
  endfacet
  facet normal 0 0 1
    outer loop
      vertex 14.7535 26.1056 2
      vertex 2 28.5 2
      vertex 13.7111 25.6126 2
    endloop
  endfacet
  facet normal 0 0 1
    outer loop
      vertex 15.8392 26.494 2
      vertex 2 28.5 2
      vertex 14.7535 26.1056 2
    endloop
  endfacet
  facet normal 0 0 1
    outer loop
      vertex 16.9577 26.7742 2
      vertex 2 28.5 2
      vertex 15.8392 26.494 2
    endloop
  endfacet
  facet normal 0 0 1
    outer loop
      vertex 18.0983 26.9434 2
      vertex 2 28.5 2
      vertex 16.9577 26.7742 2
    endloop
  endfacet
  facet normal 0 0 1
    outer loop
      vertex 19.25 27 2
      vertex 2 28.5 2
      vertex 18.0983 26.9434 2
    endloop
  endfacet
  facet normal -0 0 1
    outer loop
      vertex 35.738 15.005 2
      vertex 36.5 2 2
      vertex 35.75 15.25 2
    endloop
  endfacet
  facet normal -0 0 1
    outer loop
      vertex 35.702 14.7623 2
      vertex 36.5 2 2
      vertex 35.738 15.005 2
    endloop
  endfacet
  facet normal -0 0 1
    outer loop
      vertex 35.6423 14.5243 2
      vertex 36.5 2 2
      vertex 35.702 14.7623 2
    endloop
  endfacet
  facet normal -0 0 1
    outer loop
      vertex 35.5597 14.2933 2
      vertex 36.5 2 2
      vertex 35.6423 14.5243 2
    endloop
  endfacet
  facet normal -0 0 1
    outer loop
      vertex 35.4548 14.0715 2
      vertex 36.5 2 2
      vertex 35.5597 14.2933 2
    endloop
  endfacet
  facet normal -0 0 1
    outer loop
      vertex 35.3287 13.8611 2
      vertex 36.5 2 2
      vertex 35.4548 14.0715 2
    endloop
  endfacet
  facet normal -0 0 1
    outer loop
      vertex 35.1825 13.664 2
      vertex 36.5 2 2
      vertex 35.3287 13.8611 2
    endloop
  endfacet
  facet normal -0 0 1
    outer loop
      vertex 35.0178 13.4822 2
      vertex 36.5 2 2
      vertex 35.1825 13.664 2
    endloop
  endfacet
  facet normal -0 0 1
    outer loop
      vertex 34.836 13.3175 2
      vertex 36.5 2 2
      vertex 35.0178 13.4822 2
    endloop
  endfacet
  facet normal -0 0 1
    outer loop
      vertex 34.6389 13.1713 2
      vertex 36.5 2 2
      vertex 34.836 13.3175 2
    endloop
  endfacet
  facet normal -0 0 1
    outer loop
      vertex 34.4285 13.0452 2
      vertex 36.5 2 2
      vertex 34.6389 13.1713 2
    endloop
  endfacet
  facet normal -0 0 1
    outer loop
      vertex 34.2067 12.9403 2
      vertex 36.5 2 2
      vertex 34.4285 13.0452 2
    endloop
  endfacet
  facet normal -0 0 1
    outer loop
      vertex 33.9757 12.8576 2
      vertex 36.5 2 2
      vertex 34.2067 12.9403 2
    endloop
  endfacet
  facet normal -0 0 1
    outer loop
      vertex 33.7377 12.798 2
      vertex 36.5 2 2
      vertex 33.9757 12.8576 2
    endloop
  endfacet
  facet normal 0 0 1
    outer loop
      vertex 29.6126 9.71109 2
      vertex 33.7377 12.798 2
      vertex 33.495 12.762 2
    endloop
  endfacet
  facet normal 0 0 1
    outer loop
      vertex 30.1056 10.7535 2
      vertex 33.495 12.762 2
      vertex 33.25 12.75 2
    endloop
  endfacet
  facet normal 0 0 1
    outer loop
      vertex 30.1056 10.7535 2
      vertex 33.25 12.75 2
      vertex 33.005 12.762 2
    endloop
  endfacet
  facet normal 0 0 1
    outer loop
      vertex 30.1056 10.7535 2
      vertex 33.005 12.762 2
      vertex 32.7623 12.798 2
    endloop
  endfacet
  facet normal 0 0 1
    outer loop
      vertex 30.494 11.8392 2
      vertex 32.7623 12.798 2
      vertex 32.5243 12.8576 2
    endloop
  endfacet
  facet normal 0 0 1
    outer loop
      vertex 30.494 11.8392 2
      vertex 32.5243 12.8576 2
      vertex 32.2933 12.9403 2
    endloop
  endfacet
  facet normal 0 0 1
    outer loop
      vertex 30.494 11.8392 2
      vertex 32.2933 12.9403 2
      vertex 32.0715 13.0452 2
    endloop
  endfacet
  facet normal 0 0 1
    outer loop
      vertex 30.7742 12.9577 2
      vertex 32.0715 13.0452 2
      vertex 31.8611 13.1713 2
    endloop
  endfacet
  facet normal 0 0 1
    outer loop
      vertex 30.7742 12.9577 2
      vertex 31.8611 13.1713 2
      vertex 31.664 13.3175 2
    endloop
  endfacet
  facet normal 0 0 1
    outer loop
      vertex 30.7742 12.9577 2
      vertex 31.664 13.3175 2
      vertex 31.4822 13.4822 2
    endloop
  endfacet
  facet normal 0 0 1
    outer loop
      vertex 30.7742 12.9577 2
      vertex 31.4822 13.4822 2
      vertex 31.3175 13.664 2
    endloop
  endfacet
  facet normal 0 0 1
    outer loop
      vertex 30.7742 12.9577 2
      vertex 31.3175 13.664 2
      vertex 31.1713 13.8611 2
    endloop
  endfacet
  facet normal 0 0 1
    outer loop
      vertex 30.9434 14.0983 2
      vertex 31.1713 13.8611 2
      vertex 31.0452 14.0715 2
    endloop
  endfacet
  facet normal -0 0 1
    outer loop
      vertex 30.9434 14.0983 2
      vertex 31.0452 14.0715 2
      vertex 30.9518 14.269 2
    endloop
  endfacet
  facet normal 0 0 1
    outer loop
      vertex 31.1713 13.8611 2
      vertex 30.9434 14.0983 2
      vertex 30.7742 12.9577 2
    endloop
  endfacet
  facet normal 0 0 1
    outer loop
      vertex 32.0715 13.0452 2
      vertex 30.7742 12.9577 2
      vertex 30.494 11.8392 2
    endloop
  endfacet
  facet normal 0 0 1
    outer loop
      vertex 32.7623 12.798 2
      vertex 30.494 11.8392 2
      vertex 30.1056 10.7535 2
    endloop
  endfacet
  facet normal 0 0 1
    outer loop
      vertex 33.495 12.762 2
      vertex 30.1056 10.7535 2
      vertex 29.6126 9.71109 2
    endloop
  endfacet
  facet normal 0 0 1
    outer loop
      vertex 33.7377 12.798 2
      vertex 29.6126 9.71109 2
      vertex 36.5 2 2
    endloop
  endfacet
  facet normal -0 0 1
    outer loop
      vertex 29.0198 8.72205 2
      vertex 36.5 2 2
      vertex 29.6126 9.71109 2
    endloop
  endfacet
  facet normal -0 0 1
    outer loop
      vertex 28.3329 7.79588 2
      vertex 36.5 2 2
      vertex 29.0198 8.72205 2
    endloop
  endfacet
  facet normal -0 0 1
    outer loop
      vertex 27.5585 6.94149 2
      vertex 36.5 2 2
      vertex 28.3329 7.79588 2
    endloop
  endfacet
  facet normal -0 0 1
    outer loop
      vertex 26.7041 6.16713 2
      vertex 36.5 2 2
      vertex 27.5585 6.94149 2
    endloop
  endfacet
  facet normal -0 0 1
    outer loop
      vertex 25.778 5.48023 2
      vertex 36.5 2 2
      vertex 26.7041 6.16713 2
    endloop
  endfacet
  facet normal -0 0 1
    outer loop
      vertex 24.7889 4.88742 2
      vertex 36.5 2 2
      vertex 25.778 5.48023 2
    endloop
  endfacet
  facet normal -0 0 1
    outer loop
      vertex 23.7465 4.39441 2
      vertex 36.5 2 2
      vertex 24.7889 4.88742 2
    endloop
  endfacet
  facet normal -0 0 1
    outer loop
      vertex 22.6608 4.00595 2
      vertex 36.5 2 2
      vertex 23.7465 4.39441 2
    endloop
  endfacet
  facet normal -0 0 1
    outer loop
      vertex 21.5423 3.72577 2
      vertex 36.5 2 2
      vertex 22.6608 4.00595 2
    endloop
  endfacet
  facet normal -0 0 1
    outer loop
      vertex 20.4017 3.55658 2
      vertex 36.5 2 2
      vertex 21.5423 3.72577 2
    endloop
  endfacet
  facet normal -0 0 1
    outer loop
      vertex 19.25 3.5 2
      vertex 36.5 2 2
      vertex 20.4017 3.55658 2
    endloop
  endfacet
  facet normal 0 0 1
    outer loop
      vertex 2 2 2
      vertex 19.25 3.5 2
      vertex 18.0983 3.55658 2
    endloop
  endfacet
  facet normal 0 0 1
    outer loop
      vertex 7.4548 14.0715 2
      vertex 7.55658 14.0983 2
      vertex 7.54819 14.269 2
    endloop
  endfacet
  facet normal 0 0 1
    outer loop
      vertex 7.32867 13.8611 2
      vertex 7.55658 14.0983 2
      vertex 7.4548 14.0715 2
    endloop
  endfacet
  facet normal 0 0 1
    outer loop
      vertex 7.55658 14.0983 2
      vertex 7.32867 13.8611 2
      vertex 7.72577 12.9577 2
    endloop
  endfacet
  facet normal -0 0 1
    outer loop
      vertex 7.18253 13.664 2
      vertex 7.72577 12.9577 2
      vertex 7.32867 13.8611 2
    endloop
  endfacet
  facet normal -0 0 1
    outer loop
      vertex 7.01777 13.4822 2
      vertex 7.72577 12.9577 2
      vertex 7.18253 13.664 2
    endloop
  endfacet
  facet normal -0 0 1
    outer loop
      vertex 6.83598 13.3175 2
      vertex 7.72577 12.9577 2
      vertex 7.01777 13.4822 2
    endloop
  endfacet
  facet normal -0 0 1
    outer loop
      vertex 6.63893 13.1713 2
      vertex 7.72577 12.9577 2
      vertex 6.83598 13.3175 2
    endloop
  endfacet
  facet normal -0 0 1
    outer loop
      vertex 6.42849 13.0452 2
      vertex 7.72577 12.9577 2
      vertex 6.63893 13.1713 2
    endloop
  endfacet
  facet normal 0 0 1
    outer loop
      vertex 7.72577 12.9577 2
      vertex 6.42849 13.0452 2
      vertex 8.00595 11.8392 2
    endloop
  endfacet
  facet normal -0 0 1
    outer loop
      vertex 6.20671 12.9403 2
      vertex 8.00595 11.8392 2
      vertex 6.42849 13.0452 2
    endloop
  endfacet
  facet normal -0 0 1
    outer loop
      vertex 5.97571 12.8576 2
      vertex 8.00595 11.8392 2
      vertex 6.20671 12.9403 2
    endloop
  endfacet
  facet normal -0 0 1
    outer loop
      vertex 5.73773 12.798 2
      vertex 8.00595 11.8392 2
      vertex 5.97571 12.8576 2
    endloop
  endfacet
  facet normal 0 0 1
    outer loop
      vertex 8.00595 11.8392 2
      vertex 5.73773 12.798 2
      vertex 8.39441 10.7535 2
    endloop
  endfacet
  facet normal -0 0 1
    outer loop
      vertex 5.49504 12.762 2
      vertex 8.39441 10.7535 2
      vertex 5.73773 12.798 2
    endloop
  endfacet
  facet normal -0 0 1
    outer loop
      vertex 5.25 12.75 2
      vertex 8.39441 10.7535 2
      vertex 5.49504 12.762 2
    endloop
  endfacet
  facet normal 0 0 1
    outer loop
      vertex 5.00496 12.762 2
      vertex 8.39441 10.7535 2
      vertex 5.25 12.75 2
    endloop
  endfacet
  facet normal 0 0 1
    outer loop
      vertex 8.39441 10.7535 2
      vertex 5.00496 12.762 2
      vertex 8.88742 9.71109 2
    endloop
  endfacet
  facet normal 0 0 1
    outer loop
      vertex 4.76227 12.798 2
      vertex 8.88742 9.71109 2
      vertex 5.00496 12.762 2
    endloop
  endfacet
  facet normal 0 0 1
    outer loop
      vertex 8.88742 9.71109 2
      vertex 2 2 2
      vertex 9.48023 8.72205 2
    endloop
  endfacet
  facet normal 0 0 1
    outer loop
      vertex 9.48023 8.72205 2
      vertex 2 2 2
      vertex 10.1671 7.79588 2
    endloop
  endfacet
  facet normal 0 0 1
    outer loop
      vertex 8.88742 9.71109 2
      vertex 4.76227 12.798 2
      vertex 2 2 2
    endloop
  endfacet
  facet normal 0 0 1
    outer loop
      vertex 2 2 2
      vertex 4.76227 12.798 2
      vertex 4.52429 12.8576 2
    endloop
  endfacet
  facet normal 0 0 1
    outer loop
      vertex 2 2 2
      vertex 4.52429 12.8576 2
      vertex 4.29329 12.9403 2
    endloop
  endfacet
  facet normal 0 0 1
    outer loop
      vertex 10.1671 7.79588 2
      vertex 2 2 2
      vertex 10.9415 6.94149 2
    endloop
  endfacet
  facet normal 0 0 1
    outer loop
      vertex 2 2 2
      vertex 4.29329 12.9403 2
      vertex 4.07151 13.0452 2
    endloop
  endfacet
  facet normal 0 0 1
    outer loop
      vertex 2 2 2
      vertex 4.07151 13.0452 2
      vertex 3.86107 13.1713 2
    endloop
  endfacet
  facet normal 0 0 1
    outer loop
      vertex 2 2 2
      vertex 3.86107 13.1713 2
      vertex 3.66402 13.3175 2
    endloop
  endfacet
  facet normal 0 0 1
    outer loop
      vertex 2 2 2
      vertex 2.75 15.25 2
      vertex 2 28.5 2
    endloop
  endfacet
  facet normal 0 0 1
    outer loop
      vertex 19.25 3.5 2
      vertex 2 2 2
      vertex 36.5 2 2
    endloop
  endfacet
  facet normal 0 0 1
    outer loop
      vertex 16.9577 3.72577 2
      vertex 2 2 2
      vertex 18.0983 3.55658 2
    endloop
  endfacet
  facet normal 0 0 1
    outer loop
      vertex 15.8392 4.00595 2
      vertex 2 2 2
      vertex 16.9577 3.72577 2
    endloop
  endfacet
  facet normal 0 0 1
    outer loop
      vertex 14.7535 4.39441 2
      vertex 2 2 2
      vertex 15.8392 4.00595 2
    endloop
  endfacet
  facet normal 0 0 1
    outer loop
      vertex 13.7111 4.88742 2
      vertex 2 2 2
      vertex 14.7535 4.39441 2
    endloop
  endfacet
  facet normal 0 0 1
    outer loop
      vertex 12.722 5.48023 2
      vertex 2 2 2
      vertex 13.7111 4.88742 2
    endloop
  endfacet
  facet normal 0 0 1
    outer loop
      vertex 11.7959 6.16713 2
      vertex 2 2 2
      vertex 12.722 5.48023 2
    endloop
  endfacet
  facet normal 0 0 1
    outer loop
      vertex 10.9415 6.94149 2
      vertex 2 2 2
      vertex 11.7959 6.16713 2
    endloop
  endfacet
  facet normal 0 0 1
    outer loop
      vertex 3.48223 13.4822 2
      vertex 2 2 2
      vertex 3.66402 13.3175 2
    endloop
  endfacet
  facet normal 0 0 1
    outer loop
      vertex 3.31747 13.664 2
      vertex 2 2 2
      vertex 3.48223 13.4822 2
    endloop
  endfacet
  facet normal 0 0 1
    outer loop
      vertex 3.17133 13.8611 2
      vertex 2 2 2
      vertex 3.31747 13.664 2
    endloop
  endfacet
  facet normal 0 0 1
    outer loop
      vertex 3.0452 14.0715 2
      vertex 2 2 2
      vertex 3.17133 13.8611 2
    endloop
  endfacet
  facet normal 0 0 1
    outer loop
      vertex 2.9403 14.2933 2
      vertex 2 2 2
      vertex 3.0452 14.0715 2
    endloop
  endfacet
  facet normal 0 0 1
    outer loop
      vertex 2.85765 14.5243 2
      vertex 2 2 2
      vertex 2.9403 14.2933 2
    endloop
  endfacet
  facet normal 0 0 1
    outer loop
      vertex 2.79804 14.7623 2
      vertex 2 2 2
      vertex 2.85765 14.5243 2
    endloop
  endfacet
  facet normal 0 0 1
    outer loop
      vertex 2.76204 15.005 2
      vertex 2 2 2
      vertex 2.79804 14.7623 2
    endloop
  endfacet
  facet normal 0 0 1
    outer loop
      vertex 2.75 15.25 2
      vertex 2 2 2
      vertex 2.76204 15.005 2
    endloop
  endfacet
  facet normal 0 0 -1
    outer loop
      vertex 7.5 15.25 2
      vertex 7.75 15.25 2
      vertex 7.73796 15.005 2
    endloop
  endfacet
  facet normal 0 0 -1
    outer loop
      vertex 7.5 15.25 2
      vertex 7.73796 15.005 2
      vertex 7.70196 14.7623 2
    endloop
  endfacet
  facet normal 0 0 -1
    outer loop
      vertex 7.75 15.25 2
      vertex 7.5 15.25 2
      vertex 7.73796 15.495 2
    endloop
  endfacet
  facet normal 0 0 -1
    outer loop
      vertex 7.5 15.25 2
      vertex 7.70196 14.7623 2
      vertex 7.64235 14.5243 2
    endloop
  endfacet
  facet normal -0 0 -1
    outer loop
      vertex 7.73796 15.495 2
      vertex 7.5 15.25 2
      vertex 7.70196 15.7377 2
    endloop
  endfacet
  facet normal 0 0 -1
    outer loop
      vertex 7.5 15.25 2
      vertex 7.64235 14.5243 2
      vertex 7.5597 14.2933 2
    endloop
  endfacet
  facet normal -0 0 -1
    outer loop
      vertex 7.70196 15.7377 2
      vertex 7.5 15.25 2
      vertex 7.64235 15.9757 2
    endloop
  endfacet
  facet normal 0 0 -1
    outer loop
      vertex 7.5 15.25 2
      vertex 7.5597 14.2933 2
      vertex 7.54819 14.269 2
    endloop
  endfacet
  facet normal -0 0 -1
    outer loop
      vertex 7.64235 15.9757 2
      vertex 7.5 15.25 2
      vertex 7.5597 16.2067 2
    endloop
  endfacet
  facet normal -0 0 -1
    outer loop
      vertex 7.5597 16.2067 2
      vertex 7.5 15.25 2
      vertex 7.54819 16.231 2
    endloop
  endfacet
  facet normal 0 0 -1
    outer loop
      vertex 30.9403 14.2933 2
      vertex 31 15.25 2
      vertex 30.9518 14.269 2
    endloop
  endfacet
  facet normal 0 0 -1
    outer loop
      vertex 31 15.25 2
      vertex 30.9403 14.2933 2
      vertex 30.8577 14.5243 2
    endloop
  endfacet
  facet normal 0 0 -1
    outer loop
      vertex 30.798 14.7623 2
      vertex 31 15.25 2
      vertex 30.8577 14.5243 2
    endloop
  endfacet
  facet normal 0 -0 -1
    outer loop
      vertex 30.9403 16.2067 2
      vertex 31 15.25 2
      vertex 30.8577 15.9757 2
    endloop
  endfacet
  facet normal 0 0 -1
    outer loop
      vertex 31 15.25 2
      vertex 30.9403 16.2067 2
      vertex 30.9518 16.231 2
    endloop
  endfacet
  facet normal 0 0 -1
    outer loop
      vertex 30.762 15.005 2
      vertex 31 15.25 2
      vertex 30.798 14.7623 2
    endloop
  endfacet
  facet normal 0 0 -1
    outer loop
      vertex 31 15.25 2
      vertex 30.798 15.7377 2
      vertex 30.8577 15.9757 2
    endloop
  endfacet
  facet normal 0 0 -1
    outer loop
      vertex 30.75 15.25 2
      vertex 31 15.25 2
      vertex 30.762 15.005 2
    endloop
  endfacet
  facet normal 0 0 -1
    outer loop
      vertex 31 15.25 2
      vertex 30.762 15.495 2
      vertex 30.798 15.7377 2
    endloop
  endfacet
  facet normal 0 0 -1
    outer loop
      vertex 31 15.25 2
      vertex 30.75 15.25 2
      vertex 30.762 15.495 2
    endloop
  endfacet
  facet normal 0 0 1
    outer loop
      vertex 6.19543 15.3431 2
      vertex 6.19543 15.1569 2
      vertex 6.2 15.25 2
    endloop
  endfacet
  facet normal 0 0 1
    outer loop
      vertex 6.18175 15.4353 2
      vertex 6.19543 15.1569 2
      vertex 6.19543 15.3431 2
    endloop
  endfacet
  facet normal 0 0 1
    outer loop
      vertex 6.18175 15.4353 2
      vertex 6.18175 15.0647 2
      vertex 6.19543 15.1569 2
    endloop
  endfacet
  facet normal 0 0 1
    outer loop
      vertex 6.15909 15.5258 2
      vertex 6.18175 15.0647 2
      vertex 6.18175 15.4353 2
    endloop
  endfacet
  facet normal 0 0 1
    outer loop
      vertex 6.15909 15.5258 2
      vertex 6.15909 14.9742 2
      vertex 6.18175 15.0647 2
    endloop
  endfacet
  facet normal 0 0 1
    outer loop
      vertex 6.12769 15.6135 2
      vertex 6.15909 14.9742 2
      vertex 6.15909 15.5258 2
    endloop
  endfacet
  facet normal 0 0 1
    outer loop
      vertex 6.12769 15.6135 2
      vertex 6.12769 14.8865 2
      vertex 6.15909 14.9742 2
    endloop
  endfacet
  facet normal 0 0 1
    outer loop
      vertex 6.08782 15.6978 2
      vertex 6.12769 14.8865 2
      vertex 6.12769 15.6135 2
    endloop
  endfacet
  facet normal 0 0 1
    outer loop
      vertex 6.08782 15.6978 2
      vertex 6.08782 14.8022 2
      vertex 6.12769 14.8865 2
    endloop
  endfacet
  facet normal 0 0 1
    outer loop
      vertex 6.0399 15.7778 2
      vertex 6.08782 14.8022 2
      vertex 6.08782 15.6978 2
    endloop
  endfacet
  facet normal 0 0 1
    outer loop
      vertex 6.0399 15.7778 2
      vertex 6.0399 14.7222 2
      vertex 6.08782 14.8022 2
    endloop
  endfacet
  facet normal 0 0 1
    outer loop
      vertex 5.98436 15.8527 2
      vertex 6.0399 14.7222 2
      vertex 6.0399 15.7778 2
    endloop
  endfacet
  facet normal 0 0 1
    outer loop
      vertex 5.98436 15.8527 2
      vertex 5.98436 14.6473 2
      vertex 6.0399 14.7222 2
    endloop
  endfacet
  facet normal 0 0 1
    outer loop
      vertex 5.92175 15.9218 2
      vertex 5.98436 14.6473 2
      vertex 5.98436 15.8527 2
    endloop
  endfacet
  facet normal 0 0 1
    outer loop
      vertex 5.92175 15.9218 2
      vertex 5.92175 14.5782 2
      vertex 5.98436 14.6473 2
    endloop
  endfacet
  facet normal 0 0 1
    outer loop
      vertex 5.85267 15.9844 2
      vertex 5.92175 14.5782 2
      vertex 5.92175 15.9218 2
    endloop
  endfacet
  facet normal 0 0 1
    outer loop
      vertex 5.85267 15.9844 2
      vertex 5.85267 14.5156 2
      vertex 5.92175 14.5782 2
    endloop
  endfacet
  facet normal 0 0 1
    outer loop
      vertex 5.77779 16.0399 2
      vertex 5.85267 14.5156 2
      vertex 5.85267 15.9844 2
    endloop
  endfacet
  facet normal 0 0 1
    outer loop
      vertex 5.77779 16.0399 2
      vertex 5.77779 14.4601 2
      vertex 5.85267 14.5156 2
    endloop
  endfacet
  facet normal 0 0 1
    outer loop
      vertex 5.69783 16.0878 2
      vertex 5.77779 14.4601 2
      vertex 5.77779 16.0399 2
    endloop
  endfacet
  facet normal 0 0 1
    outer loop
      vertex 5.69783 16.0878 2
      vertex 5.69783 14.4122 2
      vertex 5.77779 14.4601 2
    endloop
  endfacet
  facet normal 0 0 1
    outer loop
      vertex 5.61355 16.1277 2
      vertex 5.69783 14.4122 2
      vertex 5.69783 16.0878 2
    endloop
  endfacet
  facet normal 0 0 1
    outer loop
      vertex 5.61355 16.1277 2
      vertex 5.61355 14.3723 2
      vertex 5.69783 14.4122 2
    endloop
  endfacet
  facet normal 0 0 1
    outer loop
      vertex 5.52577 16.1591 2
      vertex 5.61355 14.3723 2
      vertex 5.61355 16.1277 2
    endloop
  endfacet
  facet normal 0 0 1
    outer loop
      vertex 5.52577 16.1591 2
      vertex 5.52577 14.3409 2
      vertex 5.61355 14.3723 2
    endloop
  endfacet
  facet normal 0 0 1
    outer loop
      vertex 5.43534 16.1817 2
      vertex 5.52577 14.3409 2
      vertex 5.52577 16.1591 2
    endloop
  endfacet
  facet normal 0 0 1
    outer loop
      vertex 5.43534 16.1817 2
      vertex 5.43534 14.3183 2
      vertex 5.52577 14.3409 2
    endloop
  endfacet
  facet normal 0 0 1
    outer loop
      vertex 5.34312 16.1954 2
      vertex 5.43534 14.3183 2
      vertex 5.43534 16.1817 2
    endloop
  endfacet
  facet normal 0 0 1
    outer loop
      vertex 5.34312 16.1954 2
      vertex 5.34312 14.3046 2
      vertex 5.43534 14.3183 2
    endloop
  endfacet
  facet normal 0 0 1
    outer loop
      vertex 5.25 16.2 2
      vertex 5.34312 14.3046 2
      vertex 5.34312 16.1954 2
    endloop
  endfacet
  facet normal 0 0 1
    outer loop
      vertex 5.25 16.2 2
      vertex 5.25 14.3 2
      vertex 5.34312 14.3046 2
    endloop
  endfacet
  facet normal -0 0 1
    outer loop
      vertex 5.15688 16.1954 2
      vertex 5.25 14.3 2
      vertex 5.25 16.2 2
    endloop
  endfacet
  facet normal 0 0 1
    outer loop
      vertex 5.15688 16.1954 2
      vertex 5.15688 14.3046 2
      vertex 5.25 14.3 2
    endloop
  endfacet
  facet normal -0 0 1
    outer loop
      vertex 5.06466 16.1817 2
      vertex 5.15688 14.3046 2
      vertex 5.15688 16.1954 2
    endloop
  endfacet
  facet normal 0 0 1
    outer loop
      vertex 5.06466 16.1817 2
      vertex 5.06466 14.3183 2
      vertex 5.15688 14.3046 2
    endloop
  endfacet
  facet normal -0 0 1
    outer loop
      vertex 4.97423 16.1591 2
      vertex 5.06466 14.3183 2
      vertex 5.06466 16.1817 2
    endloop
  endfacet
  facet normal 0 0 1
    outer loop
      vertex 4.97423 16.1591 2
      vertex 4.97423 14.3409 2
      vertex 5.06466 14.3183 2
    endloop
  endfacet
  facet normal -0 0 1
    outer loop
      vertex 4.88645 16.1277 2
      vertex 4.97423 14.3409 2
      vertex 4.97423 16.1591 2
    endloop
  endfacet
  facet normal 0 0 1
    outer loop
      vertex 4.88645 16.1277 2
      vertex 4.88645 14.3723 2
      vertex 4.97423 14.3409 2
    endloop
  endfacet
  facet normal -0 0 1
    outer loop
      vertex 4.80217 16.0878 2
      vertex 4.88645 14.3723 2
      vertex 4.88645 16.1277 2
    endloop
  endfacet
  facet normal 0 0 1
    outer loop
      vertex 4.80217 16.0878 2
      vertex 4.80217 14.4122 2
      vertex 4.88645 14.3723 2
    endloop
  endfacet
  facet normal -0 0 1
    outer loop
      vertex 4.72221 16.0399 2
      vertex 4.80217 14.4122 2
      vertex 4.80217 16.0878 2
    endloop
  endfacet
  facet normal 0 0 1
    outer loop
      vertex 4.72221 16.0399 2
      vertex 4.72221 14.4601 2
      vertex 4.80217 14.4122 2
    endloop
  endfacet
  facet normal -0 0 1
    outer loop
      vertex 4.64733 15.9844 2
      vertex 4.72221 14.4601 2
      vertex 4.72221 16.0399 2
    endloop
  endfacet
  facet normal 0 0 1
    outer loop
      vertex 4.64733 15.9844 2
      vertex 4.64733 14.5156 2
      vertex 4.72221 14.4601 2
    endloop
  endfacet
  facet normal -0 0 1
    outer loop
      vertex 4.57825 15.9218 2
      vertex 4.64733 14.5156 2
      vertex 4.64733 15.9844 2
    endloop
  endfacet
  facet normal 0 0 1
    outer loop
      vertex 4.57825 15.9218 2
      vertex 4.57825 14.5782 2
      vertex 4.64733 14.5156 2
    endloop
  endfacet
  facet normal -0 0 1
    outer loop
      vertex 4.51564 15.8527 2
      vertex 4.57825 14.5782 2
      vertex 4.57825 15.9218 2
    endloop
  endfacet
  facet normal 0 0 1
    outer loop
      vertex 4.51564 15.8527 2
      vertex 4.51564 14.6473 2
      vertex 4.57825 14.5782 2
    endloop
  endfacet
  facet normal -0 0 1
    outer loop
      vertex 4.4601 15.7778 2
      vertex 4.51564 14.6473 2
      vertex 4.51564 15.8527 2
    endloop
  endfacet
  facet normal 0 0 1
    outer loop
      vertex 4.4601 15.7778 2
      vertex 4.4601 14.7222 2
      vertex 4.51564 14.6473 2
    endloop
  endfacet
  facet normal -0 0 1
    outer loop
      vertex 4.41218 15.6978 2
      vertex 4.4601 14.7222 2
      vertex 4.4601 15.7778 2
    endloop
  endfacet
  facet normal 0 0 1
    outer loop
      vertex 4.41218 15.6978 2
      vertex 4.41218 14.8022 2
      vertex 4.4601 14.7222 2
    endloop
  endfacet
  facet normal -0 0 1
    outer loop
      vertex 4.37231 15.6135 2
      vertex 4.41218 14.8022 2
      vertex 4.41218 15.6978 2
    endloop
  endfacet
  facet normal 0 0 1
    outer loop
      vertex 4.37231 15.6135 2
      vertex 4.37231 14.8865 2
      vertex 4.41218 14.8022 2
    endloop
  endfacet
  facet normal -0 0 1
    outer loop
      vertex 4.34091 15.5258 2
      vertex 4.37231 14.8865 2
      vertex 4.37231 15.6135 2
    endloop
  endfacet
  facet normal 0 0 1
    outer loop
      vertex 4.34091 15.5258 2
      vertex 4.34091 14.9742 2
      vertex 4.37231 14.8865 2
    endloop
  endfacet
  facet normal -0 0 1
    outer loop
      vertex 4.31825 15.4353 2
      vertex 4.34091 14.9742 2
      vertex 4.34091 15.5258 2
    endloop
  endfacet
  facet normal 0 0 1
    outer loop
      vertex 4.31825 15.4353 2
      vertex 4.31825 15.0647 2
      vertex 4.34091 14.9742 2
    endloop
  endfacet
  facet normal -0 0 1
    outer loop
      vertex 4.30457 15.3431 2
      vertex 4.31825 15.0647 2
      vertex 4.31825 15.4353 2
    endloop
  endfacet
  facet normal 0 0 1
    outer loop
      vertex 4.30457 15.3431 2
      vertex 4.30457 15.1569 2
      vertex 4.31825 15.0647 2
    endloop
  endfacet
  facet normal 0 -0 1
    outer loop
      vertex 4.30457 15.1569 2
      vertex 4.30457 15.3431 2
      vertex 4.3 15.25 2
    endloop
  endfacet
  facet normal 0 0 1
    outer loop
      vertex 34.1954 15.3431 2
      vertex 34.1954 15.1569 2
      vertex 34.2 15.25 2
    endloop
  endfacet
  facet normal 0 0 1
    outer loop
      vertex 34.1817 15.4353 2
      vertex 34.1954 15.1569 2
      vertex 34.1954 15.3431 2
    endloop
  endfacet
  facet normal 0 0 1
    outer loop
      vertex 34.1817 15.4353 2
      vertex 34.1817 15.0647 2
      vertex 34.1954 15.1569 2
    endloop
  endfacet
  facet normal 0 0 1
    outer loop
      vertex 34.1591 15.5258 2
      vertex 34.1817 15.0647 2
      vertex 34.1817 15.4353 2
    endloop
  endfacet
  facet normal 0 0 1
    outer loop
      vertex 34.1591 15.5258 2
      vertex 34.1591 14.9742 2
      vertex 34.1817 15.0647 2
    endloop
  endfacet
  facet normal 0 0 1
    outer loop
      vertex 34.1277 15.6135 2
      vertex 34.1591 14.9742 2
      vertex 34.1591 15.5258 2
    endloop
  endfacet
  facet normal 0 0 1
    outer loop
      vertex 34.1277 15.6135 2
      vertex 34.1277 14.8865 2
      vertex 34.1591 14.9742 2
    endloop
  endfacet
  facet normal 0 0 1
    outer loop
      vertex 34.0878 15.6978 2
      vertex 34.1277 14.8865 2
      vertex 34.1277 15.6135 2
    endloop
  endfacet
  facet normal 0 0 1
    outer loop
      vertex 34.0878 15.6978 2
      vertex 34.0878 14.8022 2
      vertex 34.1277 14.8865 2
    endloop
  endfacet
  facet normal 0 0 1
    outer loop
      vertex 34.0399 15.7778 2
      vertex 34.0878 14.8022 2
      vertex 34.0878 15.6978 2
    endloop
  endfacet
  facet normal 0 0 1
    outer loop
      vertex 34.0399 15.7778 2
      vertex 34.0399 14.7222 2
      vertex 34.0878 14.8022 2
    endloop
  endfacet
  facet normal 0 0 1
    outer loop
      vertex 33.9844 15.8527 2
      vertex 34.0399 14.7222 2
      vertex 34.0399 15.7778 2
    endloop
  endfacet
  facet normal 0 0 1
    outer loop
      vertex 33.9844 15.8527 2
      vertex 33.9844 14.6473 2
      vertex 34.0399 14.7222 2
    endloop
  endfacet
  facet normal 0 0 1
    outer loop
      vertex 33.9218 15.9218 2
      vertex 33.9844 14.6473 2
      vertex 33.9844 15.8527 2
    endloop
  endfacet
  facet normal 0 0 1
    outer loop
      vertex 33.9218 15.9218 2
      vertex 33.9218 14.5782 2
      vertex 33.9844 14.6473 2
    endloop
  endfacet
  facet normal 0 0 1
    outer loop
      vertex 33.8527 15.9844 2
      vertex 33.9218 14.5782 2
      vertex 33.9218 15.9218 2
    endloop
  endfacet
  facet normal 0 0 1
    outer loop
      vertex 33.8527 15.9844 2
      vertex 33.8527 14.5156 2
      vertex 33.9218 14.5782 2
    endloop
  endfacet
  facet normal 0 0 1
    outer loop
      vertex 33.7778 16.0399 2
      vertex 33.8527 14.5156 2
      vertex 33.8527 15.9844 2
    endloop
  endfacet
  facet normal 0 0 1
    outer loop
      vertex 33.7778 16.0399 2
      vertex 33.7778 14.4601 2
      vertex 33.8527 14.5156 2
    endloop
  endfacet
  facet normal 0 0 1
    outer loop
      vertex 33.6978 16.0878 2
      vertex 33.7778 14.4601 2
      vertex 33.7778 16.0399 2
    endloop
  endfacet
  facet normal 0 0 1
    outer loop
      vertex 33.6978 16.0878 2
      vertex 33.6978 14.4122 2
      vertex 33.7778 14.4601 2
    endloop
  endfacet
  facet normal 0 0 1
    outer loop
      vertex 33.6135 16.1277 2
      vertex 33.6978 14.4122 2
      vertex 33.6978 16.0878 2
    endloop
  endfacet
  facet normal 0 0 1
    outer loop
      vertex 33.6135 16.1277 2
      vertex 33.6135 14.3723 2
      vertex 33.6978 14.4122 2
    endloop
  endfacet
  facet normal 0 0 1
    outer loop
      vertex 33.5258 16.1591 2
      vertex 33.6135 14.3723 2
      vertex 33.6135 16.1277 2
    endloop
  endfacet
  facet normal 0 0 1
    outer loop
      vertex 33.5258 16.1591 2
      vertex 33.5258 14.3409 2
      vertex 33.6135 14.3723 2
    endloop
  endfacet
  facet normal 0 0 1
    outer loop
      vertex 33.4353 16.1817 2
      vertex 33.5258 14.3409 2
      vertex 33.5258 16.1591 2
    endloop
  endfacet
  facet normal 0 0 1
    outer loop
      vertex 33.4353 16.1817 2
      vertex 33.4353 14.3183 2
      vertex 33.5258 14.3409 2
    endloop
  endfacet
  facet normal 0 0 1
    outer loop
      vertex 33.3431 16.1954 2
      vertex 33.4353 14.3183 2
      vertex 33.4353 16.1817 2
    endloop
  endfacet
  facet normal 0 0 1
    outer loop
      vertex 33.3431 16.1954 2
      vertex 33.3431 14.3046 2
      vertex 33.4353 14.3183 2
    endloop
  endfacet
  facet normal 0 0 1
    outer loop
      vertex 33.25 16.2 2
      vertex 33.3431 14.3046 2
      vertex 33.3431 16.1954 2
    endloop
  endfacet
  facet normal 0 0 1
    outer loop
      vertex 33.25 16.2 2
      vertex 33.25 14.3 2
      vertex 33.3431 14.3046 2
    endloop
  endfacet
  facet normal -0 0 1
    outer loop
      vertex 33.1569 16.1954 2
      vertex 33.25 14.3 2
      vertex 33.25 16.2 2
    endloop
  endfacet
  facet normal 0 0 1
    outer loop
      vertex 33.1569 16.1954 2
      vertex 33.1569 14.3046 2
      vertex 33.25 14.3 2
    endloop
  endfacet
  facet normal -0 0 1
    outer loop
      vertex 33.0647 16.1817 2
      vertex 33.1569 14.3046 2
      vertex 33.1569 16.1954 2
    endloop
  endfacet
  facet normal 0 0 1
    outer loop
      vertex 33.0647 16.1817 2
      vertex 33.0647 14.3183 2
      vertex 33.1569 14.3046 2
    endloop
  endfacet
  facet normal -0 0 1
    outer loop
      vertex 32.9742 16.1591 2
      vertex 33.0647 14.3183 2
      vertex 33.0647 16.1817 2
    endloop
  endfacet
  facet normal 0 0 1
    outer loop
      vertex 32.9742 16.1591 2
      vertex 32.9742 14.3409 2
      vertex 33.0647 14.3183 2
    endloop
  endfacet
  facet normal -0 0 1
    outer loop
      vertex 32.8865 16.1277 2
      vertex 32.9742 14.3409 2
      vertex 32.9742 16.1591 2
    endloop
  endfacet
  facet normal 0 0 1
    outer loop
      vertex 32.8865 16.1277 2
      vertex 32.8865 14.3723 2
      vertex 32.9742 14.3409 2
    endloop
  endfacet
  facet normal -0 0 1
    outer loop
      vertex 32.8022 16.0878 2
      vertex 32.8865 14.3723 2
      vertex 32.8865 16.1277 2
    endloop
  endfacet
  facet normal 0 0 1
    outer loop
      vertex 32.8022 16.0878 2
      vertex 32.8022 14.4122 2
      vertex 32.8865 14.3723 2
    endloop
  endfacet
  facet normal -0 0 1
    outer loop
      vertex 32.7222 16.0399 2
      vertex 32.8022 14.4122 2
      vertex 32.8022 16.0878 2
    endloop
  endfacet
  facet normal 0 0 1
    outer loop
      vertex 32.7222 16.0399 2
      vertex 32.7222 14.4601 2
      vertex 32.8022 14.4122 2
    endloop
  endfacet
  facet normal -0 0 1
    outer loop
      vertex 32.6473 15.9844 2
      vertex 32.7222 14.4601 2
      vertex 32.7222 16.0399 2
    endloop
  endfacet
  facet normal 0 0 1
    outer loop
      vertex 32.6473 15.9844 2
      vertex 32.6473 14.5156 2
      vertex 32.7222 14.4601 2
    endloop
  endfacet
  facet normal -0 0 1
    outer loop
      vertex 32.5782 15.9218 2
      vertex 32.6473 14.5156 2
      vertex 32.6473 15.9844 2
    endloop
  endfacet
  facet normal 0 0 1
    outer loop
      vertex 32.5782 15.9218 2
      vertex 32.5782 14.5782 2
      vertex 32.6473 14.5156 2
    endloop
  endfacet
  facet normal -0 0 1
    outer loop
      vertex 32.5156 15.8527 2
      vertex 32.5782 14.5782 2
      vertex 32.5782 15.9218 2
    endloop
  endfacet
  facet normal 0 0 1
    outer loop
      vertex 32.5156 15.8527 2
      vertex 32.5156 14.6473 2
      vertex 32.5782 14.5782 2
    endloop
  endfacet
  facet normal -0 0 1
    outer loop
      vertex 32.4601 15.7778 2
      vertex 32.5156 14.6473 2
      vertex 32.5156 15.8527 2
    endloop
  endfacet
  facet normal 0 0 1
    outer loop
      vertex 32.4601 15.7778 2
      vertex 32.4601 14.7222 2
      vertex 32.5156 14.6473 2
    endloop
  endfacet
  facet normal -0 0 1
    outer loop
      vertex 32.4122 15.6978 2
      vertex 32.4601 14.7222 2
      vertex 32.4601 15.7778 2
    endloop
  endfacet
  facet normal 0 0 1
    outer loop
      vertex 32.4122 15.6978 2
      vertex 32.4122 14.8022 2
      vertex 32.4601 14.7222 2
    endloop
  endfacet
  facet normal -0 0 1
    outer loop
      vertex 32.3723 15.6135 2
      vertex 32.4122 14.8022 2
      vertex 32.4122 15.6978 2
    endloop
  endfacet
  facet normal 0 0 1
    outer loop
      vertex 32.3723 15.6135 2
      vertex 32.3723 14.8865 2
      vertex 32.4122 14.8022 2
    endloop
  endfacet
  facet normal -0 0 1
    outer loop
      vertex 32.3409 15.5258 2
      vertex 32.3723 14.8865 2
      vertex 32.3723 15.6135 2
    endloop
  endfacet
  facet normal 0 0 1
    outer loop
      vertex 32.3409 15.5258 2
      vertex 32.3409 14.9742 2
      vertex 32.3723 14.8865 2
    endloop
  endfacet
  facet normal -0 0 1
    outer loop
      vertex 32.3183 15.4353 2
      vertex 32.3409 14.9742 2
      vertex 32.3409 15.5258 2
    endloop
  endfacet
  facet normal 0 0 1
    outer loop
      vertex 32.3183 15.4353 2
      vertex 32.3183 15.0647 2
      vertex 32.3409 14.9742 2
    endloop
  endfacet
  facet normal -0 0 1
    outer loop
      vertex 32.3046 15.3431 2
      vertex 32.3183 15.0647 2
      vertex 32.3183 15.4353 2
    endloop
  endfacet
  facet normal 0 0 1
    outer loop
      vertex 32.3046 15.3431 2
      vertex 32.3046 15.1569 2
      vertex 32.3183 15.0647 2
    endloop
  endfacet
  facet normal 0 -0 1
    outer loop
      vertex 32.3046 15.1569 2
      vertex 32.3046 15.3431 2
      vertex 32.3 15.25 2
    endloop
  endfacet
  facet normal 0 1 -0
    outer loop
      vertex 36.5 2 2
      vertex 2 2 22
      vertex 36.5 2 22
    endloop
  endfacet
  facet normal 0 1 0
    outer loop
      vertex 2 2 22
      vertex 36.5 2 2
      vertex 2 2 2
    endloop
  endfacet
  facet normal 0 -1 0
    outer loop
      vertex 2 28.5 22
      vertex 15.25 28.5 14
      vertex 15.25 28.5 22
    endloop
  endfacet
  facet normal 0 -1 -0
    outer loop
      vertex 15.25 28.5 14
      vertex 2 28.5 2
      vertex 23.25 28.5 14
    endloop
  endfacet
  facet normal 0 -1 0
    outer loop
      vertex 2 28.5 2
      vertex 15.25 28.5 14
      vertex 2 28.5 22
    endloop
  endfacet
  facet normal 0 -1 0
    outer loop
      vertex 23.25 28.5 14
      vertex 36.5 28.5 22
      vertex 23.25 28.5 22
    endloop
  endfacet
  facet normal 0 -1 0
    outer loop
      vertex 23.25 28.5 14
      vertex 36.5 28.5 2
      vertex 36.5 28.5 22
    endloop
  endfacet
  facet normal 0 -1 0
    outer loop
      vertex 36.5 28.5 2
      vertex 23.25 28.5 14
      vertex 2 28.5 2
    endloop
  endfacet
  facet normal -0.998791 -0.0491497 0
    outer loop
      vertex 30.9434 16.4017 0
      vertex 30.9518 16.231 2
      vertex 30.9434 16.4017 2
    endloop
  endfacet
  facet normal -0.998795 -0.0490855 5.4896e-06
    outer loop
      vertex 31 15.25 0
      vertex 30.9518 16.231 2
      vertex 30.9434 16.4017 0
    endloop
  endfacet
  facet normal -0.998795 -0.0490743 0
    outer loop
      vertex 30.9518 16.231 2
      vertex 31 15.25 0
      vertex 31 15.25 2
    endloop
  endfacet
  facet normal 0.0490855 -0.998795 0
    outer loop
      vertex 18.0983 26.9434 0
      vertex 19.25 27 2
      vertex 18.0983 26.9434 2
    endloop
  endfacet
  facet normal 0.0490855 -0.998795 0
    outer loop
      vertex 19.25 27 2
      vertex 18.0983 26.9434 0
      vertex 19.25 27 0
    endloop
  endfacet
  facet normal -0.671567 -0.740944 0
    outer loop
      vertex 26.7041 24.3329 0
      vertex 27.5585 23.5585 2
      vertex 26.7041 24.3329 2
    endloop
  endfacet
  facet normal -0.671567 -0.740944 -0
    outer loop
      vertex 27.5585 23.5585 2
      vertex 26.7041 24.3329 0
      vertex 27.5585 23.5585 0
    endloop
  endfacet
  facet normal 0.740944 -0.671567 0
    outer loop
      vertex 10.1671 22.7041 2
      vertex 10.9415 23.5585 0
      vertex 10.9415 23.5585 2
    endloop
  endfacet
  facet normal 0.740944 -0.671567 0
    outer loop
      vertex 10.9415 23.5585 0
      vertex 10.1671 22.7041 2
      vertex 10.1671 22.7041 0
    endloop
  endfacet
  facet normal 0.427542 -0.903995 0
    outer loop
      vertex 13.7111 25.6126 0
      vertex 14.7535 26.1056 2
      vertex 13.7111 25.6126 2
    endloop
  endfacet
  facet normal 0.427542 -0.903995 0
    outer loop
      vertex 14.7535 26.1056 2
      vertex 13.7111 25.6126 0
      vertex 14.7535 26.1056 0
    endloop
  endfacet
  facet normal -0.903995 -0.427542 0
    outer loop
      vertex 30.1056 19.7465 0
      vertex 29.6126 20.7889 2
      vertex 29.6126 20.7889 0
    endloop
  endfacet
  facet normal -0.903995 -0.427542 0
    outer loop
      vertex 29.6126 20.7889 2
      vertex 30.1056 19.7465 0
      vertex 30.1056 19.7465 2
    endloop
  endfacet
  facet normal -0.336836 -0.941563 0
    outer loop
      vertex 22.6608 26.494 0
      vertex 23.7465 26.1056 2
      vertex 22.6608 26.494 2
    endloop
  endfacet
  facet normal -0.336836 -0.941563 -0
    outer loop
      vertex 23.7465 26.1056 2
      vertex 22.6608 26.494 0
      vertex 23.7465 26.1056 0
    endloop
  endfacet
  facet normal -0.514075 -0.857745 0
    outer loop
      vertex 24.7889 25.6126 0
      vertex 25.778 25.0198 2
      vertex 24.7889 25.6126 2
    endloop
  endfacet
  facet normal -0.514075 -0.857745 -0
    outer loop
      vertex 25.778 25.0198 2
      vertex 24.7889 25.6126 0
      vertex 25.778 25.0198 0
    endloop
  endfacet
  facet normal 0.941547 -0.336882 0
    outer loop
      vertex 8.00595 18.6608 2
      vertex 8.39441 19.7465 0
      vertex 8.39441 19.7465 2
    endloop
  endfacet
  facet normal 0.941547 -0.336882 0
    outer loop
      vertex 8.39441 19.7465 0
      vertex 8.00595 18.6608 2
      vertex 8.00595 18.6608 0
    endloop
  endfacet
  facet normal 0.243005 -0.970025 0
    outer loop
      vertex 15.8392 26.494 0
      vertex 16.9577 26.7742 2
      vertex 15.8392 26.494 2
    endloop
  endfacet
  facet normal 0.243005 -0.970025 0
    outer loop
      vertex 16.9577 26.7742 2
      vertex 15.8392 26.494 0
      vertex 16.9577 26.7742 0
    endloop
  endfacet
  facet normal -0.941563 0.336836 0
    outer loop
      vertex 30.1056 10.7535 0
      vertex 30.494 11.8392 2
      vertex 30.494 11.8392 0
    endloop
  endfacet
  facet normal -0.941563 0.336836 0
    outer loop
      vertex 30.494 11.8392 2
      vertex 30.1056 10.7535 0
      vertex 30.1056 10.7535 2
    endloop
  endfacet
  facet normal 0.671548 0.740961 -0
    outer loop
      vertex 11.7959 6.16713 0
      vertex 10.9415 6.94149 2
      vertex 11.7959 6.16713 2
    endloop
  endfacet
  facet normal 0.671548 0.740961 0
    outer loop
      vertex 10.9415 6.94149 2
      vertex 11.7959 6.16713 0
      vertex 10.9415 6.94149 0
    endloop
  endfacet
  facet normal 0.903994 0.427546 0
    outer loop
      vertex 8.88742 9.71109 2
      vertex 8.39441 10.7535 0
      vertex 8.39441 10.7535 2
    endloop
  endfacet
  facet normal 0.903994 0.427546 0
    outer loop
      vertex 8.39441 10.7535 0
      vertex 8.88742 9.71109 2
      vertex 8.88742 9.71109 0
    endloop
  endfacet
  facet normal -0.970025 -0.243005 0
    outer loop
      vertex 30.7742 17.5423 0
      vertex 30.494 18.6608 2
      vertex 30.494 18.6608 0
    endloop
  endfacet
  facet normal -0.970025 -0.243005 0
    outer loop
      vertex 30.494 18.6608 2
      vertex 30.7742 17.5423 0
      vertex 30.7742 17.5423 2
    endloop
  endfacet
  facet normal -0.989176 -0.146737 0
    outer loop
      vertex 30.9434 16.4017 0
      vertex 30.7742 17.5423 2
      vertex 30.7742 17.5423 0
    endloop
  endfacet
  facet normal -0.989176 -0.146737 0
    outer loop
      vertex 30.7742 17.5423 2
      vertex 30.9434 16.4017 0
      vertex 30.9434 16.4017 2
    endloop
  endfacet
  facet normal -0.941563 -0.336836 0
    outer loop
      vertex 30.494 18.6608 0
      vertex 30.1056 19.7465 2
      vertex 30.1056 19.7465 0
    endloop
  endfacet
  facet normal -0.941563 -0.336836 0
    outer loop
      vertex 30.1056 19.7465 2
      vertex 30.494 18.6608 0
      vertex 30.494 18.6608 2
    endloop
  endfacet
  facet normal -0.803184 -0.595731 0
    outer loop
      vertex 29.0198 21.778 0
      vertex 28.3329 22.7041 2
      vertex 28.3329 22.7041 0
    endloop
  endfacet
  facet normal -0.803184 -0.595731 0
    outer loop
      vertex 28.3329 22.7041 2
      vertex 29.0198 21.778 0
      vertex 29.0198 21.778 2
    endloop
  endfacet
  facet normal -0.740944 -0.671567 0
    outer loop
      vertex 28.3329 22.7041 0
      vertex 27.5585 23.5585 2
      vertex 27.5585 23.5585 0
    endloop
  endfacet
  facet normal -0.740944 -0.671567 0
    outer loop
      vertex 27.5585 23.5585 2
      vertex 28.3329 22.7041 0
      vertex 28.3329 22.7041 2
    endloop
  endfacet
  facet normal -0.857745 -0.514075 0
    outer loop
      vertex 29.6126 20.7889 0
      vertex 29.0198 21.778 2
      vertex 29.0198 21.778 0
    endloop
  endfacet
  facet normal -0.857745 -0.514075 0
    outer loop
      vertex 29.0198 21.778 2
      vertex 29.6126 20.7889 0
      vertex 29.6126 20.7889 2
    endloop
  endfacet
  facet normal -0.146737 -0.989176 0
    outer loop
      vertex 20.4017 26.9434 0
      vertex 21.5423 26.7742 2
      vertex 20.4017 26.9434 2
    endloop
  endfacet
  facet normal -0.146737 -0.989176 -0
    outer loop
      vertex 21.5423 26.7742 2
      vertex 20.4017 26.9434 0
      vertex 21.5423 26.7742 0
    endloop
  endfacet
  facet normal -0.243005 -0.970025 0
    outer loop
      vertex 21.5423 26.7742 0
      vertex 22.6608 26.494 2
      vertex 21.5423 26.7742 2
    endloop
  endfacet
  facet normal -0.243005 -0.970025 -0
    outer loop
      vertex 22.6608 26.494 2
      vertex 21.5423 26.7742 0
      vertex 22.6608 26.494 0
    endloop
  endfacet
  facet normal -0.0490855 -0.998795 0
    outer loop
      vertex 19.25 27 0
      vertex 20.4017 26.9434 2
      vertex 19.25 27 2
    endloop
  endfacet
  facet normal -0.0490855 -0.998795 -0
    outer loop
      vertex 20.4017 26.9434 2
      vertex 19.25 27 0
      vertex 20.4017 26.9434 0
    endloop
  endfacet
  facet normal -0.427542 -0.903995 0
    outer loop
      vertex 23.7465 26.1056 0
      vertex 24.7889 25.6126 2
      vertex 23.7465 26.1056 2
    endloop
  endfacet
  facet normal -0.427542 -0.903995 -0
    outer loop
      vertex 24.7889 25.6126 2
      vertex 23.7465 26.1056 0
      vertex 24.7889 25.6126 0
    endloop
  endfacet
  facet normal -0.595731 -0.803184 0
    outer loop
      vertex 25.778 25.0198 0
      vertex 26.7041 24.3329 2
      vertex 25.778 25.0198 2
    endloop
  endfacet
  facet normal -0.595731 -0.803184 -0
    outer loop
      vertex 26.7041 24.3329 2
      vertex 25.778 25.0198 0
      vertex 26.7041 24.3329 0
    endloop
  endfacet
  facet normal 0.989177 -0.146729 0
    outer loop
      vertex 7.55658 16.4017 2
      vertex 7.72577 17.5423 0
      vertex 7.72577 17.5423 2
    endloop
  endfacet
  facet normal 0.989177 -0.146729 0
    outer loop
      vertex 7.72577 17.5423 0
      vertex 7.55658 16.4017 2
      vertex 7.55658 16.4017 0
    endloop
  endfacet
  facet normal 0.857742 -0.514081 0
    outer loop
      vertex 8.88742 20.7889 2
      vertex 9.48023 21.778 0
      vertex 9.48023 21.778 2
    endloop
  endfacet
  facet normal 0.857742 -0.514081 0
    outer loop
      vertex 9.48023 21.778 0
      vertex 8.88742 20.7889 2
      vertex 8.88742 20.7889 0
    endloop
  endfacet
  facet normal 0.803196 -0.595715 0
    outer loop
      vertex 9.48023 21.778 2
      vertex 10.1671 22.7041 0
      vertex 10.1671 22.7041 2
    endloop
  endfacet
  facet normal 0.803196 -0.595715 0
    outer loop
      vertex 10.1671 22.7041 0
      vertex 9.48023 21.778 2
      vertex 9.48023 21.778 0
    endloop
  endfacet
  facet normal 0.903992 -0.427549 0
    outer loop
      vertex 8.39441 19.7465 2
      vertex 8.88742 20.7889 0
      vertex 8.88742 20.7889 2
    endloop
  endfacet
  facet normal 0.903992 -0.427549 0
    outer loop
      vertex 8.88742 20.7889 0
      vertex 8.39441 19.7465 2
      vertex 8.39441 19.7465 0
    endloop
  endfacet
  facet normal 0.970029 -0.242989 0
    outer loop
      vertex 7.72577 17.5423 2
      vertex 8.00595 18.6608 0
      vertex 8.00595 18.6608 2
    endloop
  endfacet
  facet normal 0.970029 -0.242989 0
    outer loop
      vertex 8.00595 18.6608 0
      vertex 7.72577 17.5423 2
      vertex 7.72577 17.5423 0
    endloop
  endfacet
  facet normal 0.998794 -0.0490913 0
    outer loop
      vertex 7.54819 16.231 2
      vertex 7.55658 16.4017 0
      vertex 7.55658 16.4017 2
    endloop
  endfacet
  facet normal 0.998796 -0.0490642 0
    outer loop
      vertex 7.5 15.25 0
      vertex 7.54819 16.231 2
      vertex 7.5 15.25 2
    endloop
  endfacet
  facet normal 0.998795 -0.0490682 1.976e-06
    outer loop
      vertex 7.54819 16.231 2
      vertex 7.5 15.25 0
      vertex 7.55658 16.4017 0
    endloop
  endfacet
  facet normal 0.595731 -0.803184 0
    outer loop
      vertex 11.7959 24.3329 0
      vertex 12.722 25.0198 2
      vertex 11.7959 24.3329 2
    endloop
  endfacet
  facet normal 0.595731 -0.803184 0
    outer loop
      vertex 12.722 25.0198 2
      vertex 11.7959 24.3329 0
      vertex 12.722 25.0198 0
    endloop
  endfacet
  facet normal 0.514075 -0.857745 0
    outer loop
      vertex 12.722 25.0198 0
      vertex 13.7111 25.6126 2
      vertex 12.722 25.0198 2
    endloop
  endfacet
  facet normal 0.514075 -0.857745 0
    outer loop
      vertex 13.7111 25.6126 2
      vertex 12.722 25.0198 0
      vertex 13.7111 25.6126 0
    endloop
  endfacet
  facet normal 0.671567 -0.740944 0
    outer loop
      vertex 10.9415 23.5585 0
      vertex 11.7959 24.3329 2
      vertex 10.9415 23.5585 2
    endloop
  endfacet
  facet normal 0.671567 -0.740944 0
    outer loop
      vertex 11.7959 24.3329 2
      vertex 10.9415 23.5585 0
      vertex 11.7959 24.3329 0
    endloop
  endfacet
  facet normal 0.336836 -0.941563 0
    outer loop
      vertex 14.7535 26.1056 0
      vertex 15.8392 26.494 2
      vertex 14.7535 26.1056 2
    endloop
  endfacet
  facet normal 0.336836 -0.941563 0
    outer loop
      vertex 15.8392 26.494 2
      vertex 14.7535 26.1056 0
      vertex 15.8392 26.494 0
    endloop
  endfacet
  facet normal 0.146737 -0.989176 0
    outer loop
      vertex 16.9577 26.7742 0
      vertex 18.0983 26.9434 2
      vertex 16.9577 26.7742 2
    endloop
  endfacet
  facet normal 0.146737 -0.989176 0
    outer loop
      vertex 18.0983 26.9434 2
      vertex 16.9577 26.7742 0
      vertex 18.0983 26.9434 0
    endloop
  endfacet
  facet normal -0.998795 0.0490743 0
    outer loop
      vertex 31 15.25 0
      vertex 30.9518 14.269 2
      vertex 31 15.25 2
    endloop
  endfacet
  facet normal -0.998795 0.0490855 5.4896e-06
    outer loop
      vertex 30.9434 14.0983 0
      vertex 30.9518 14.269 2
      vertex 31 15.25 0
    endloop
  endfacet
  facet normal -0.998791 0.0491497 0
    outer loop
      vertex 30.9518 14.269 2
      vertex 30.9434 14.0983 0
      vertex 30.9434 14.0983 2
    endloop
  endfacet
  facet normal -0.146729 0.989177 0
    outer loop
      vertex 21.5423 3.72577 0
      vertex 20.4017 3.55658 2
      vertex 21.5423 3.72577 2
    endloop
  endfacet
  facet normal -0.146729 0.989177 0
    outer loop
      vertex 20.4017 3.55658 2
      vertex 21.5423 3.72577 0
      vertex 20.4017 3.55658 0
    endloop
  endfacet
  facet normal -0.336882 0.941547 0
    outer loop
      vertex 23.7465 4.39441 0
      vertex 22.6608 4.00595 2
      vertex 23.7465 4.39441 2
    endloop
  endfacet
  facet normal -0.336882 0.941547 0
    outer loop
      vertex 22.6608 4.00595 2
      vertex 23.7465 4.39441 0
      vertex 22.6608 4.00595 0
    endloop
  endfacet
  facet normal -0.671548 0.740961 0
    outer loop
      vertex 27.5585 6.94149 0
      vertex 26.7041 6.16713 2
      vertex 27.5585 6.94149 2
    endloop
  endfacet
  facet normal -0.671548 0.740961 0
    outer loop
      vertex 26.7041 6.16713 2
      vertex 27.5585 6.94149 0
      vertex 26.7041 6.16713 0
    endloop
  endfacet
  facet normal -0.514081 0.857742 0
    outer loop
      vertex 25.778 5.48023 0
      vertex 24.7889 4.88742 2
      vertex 25.778 5.48023 2
    endloop
  endfacet
  facet normal -0.514081 0.857742 0
    outer loop
      vertex 24.7889 4.88742 2
      vertex 25.778 5.48023 0
      vertex 24.7889 4.88742 0
    endloop
  endfacet
  facet normal -0.803205 0.595702 0
    outer loop
      vertex 28.3329 7.79588 0
      vertex 29.0198 8.72205 2
      vertex 29.0198 8.72205 0
    endloop
  endfacet
  facet normal -0.803205 0.595702 0
    outer loop
      vertex 29.0198 8.72205 2
      vertex 28.3329 7.79588 0
      vertex 28.3329 7.79588 2
    endloop
  endfacet
  facet normal -0.903997 0.427539 0
    outer loop
      vertex 29.6126 9.71109 0
      vertex 30.1056 10.7535 2
      vertex 30.1056 10.7535 0
    endloop
  endfacet
  facet normal -0.903997 0.427539 0
    outer loop
      vertex 30.1056 10.7535 2
      vertex 29.6126 9.71109 0
      vertex 29.6126 9.71109 2
    endloop
  endfacet
  facet normal 0.595731 0.803184 -0
    outer loop
      vertex 12.722 5.48023 0
      vertex 11.7959 6.16713 2
      vertex 12.722 5.48023 2
    endloop
  endfacet
  facet normal 0.595731 0.803184 0
    outer loop
      vertex 11.7959 6.16713 2
      vertex 12.722 5.48023 0
      vertex 11.7959 6.16713 0
    endloop
  endfacet
  facet normal 0.427549 0.903992 -0
    outer loop
      vertex 14.7535 4.39441 0
      vertex 13.7111 4.88742 2
      vertex 14.7535 4.39441 2
    endloop
  endfacet
  facet normal 0.427549 0.903992 0
    outer loop
      vertex 13.7111 4.88742 2
      vertex 14.7535 4.39441 0
      vertex 13.7111 4.88742 0
    endloop
  endfacet
  facet normal 0.242989 0.970029 -0
    outer loop
      vertex 16.9577 3.72577 0
      vertex 15.8392 4.00595 2
      vertex 16.9577 3.72577 2
    endloop
  endfacet
  facet normal 0.242989 0.970029 0
    outer loop
      vertex 15.8392 4.00595 2
      vertex 16.9577 3.72577 0
      vertex 15.8392 4.00595 0
    endloop
  endfacet
  facet normal 0.0490682 0.998795 -0
    outer loop
      vertex 19.25 3.5 0
      vertex 18.0983 3.55658 2
      vertex 19.25 3.5 2
    endloop
  endfacet
  facet normal 0.0490682 0.998795 0
    outer loop
      vertex 18.0983 3.55658 2
      vertex 19.25 3.5 0
      vertex 18.0983 3.55658 0
    endloop
  endfacet
  facet normal 0.803218 0.595686 0
    outer loop
      vertex 10.1671 7.79588 2
      vertex 9.48023 8.72205 0
      vertex 9.48023 8.72205 2
    endloop
  endfacet
  facet normal 0.803218 0.595686 0
    outer loop
      vertex 9.48023 8.72205 0
      vertex 10.1671 7.79588 2
      vertex 10.1671 7.79588 0
    endloop
  endfacet
  facet normal 0.857728 0.514104 0
    outer loop
      vertex 9.48023 8.72205 2
      vertex 8.88742 9.71109 0
      vertex 8.88742 9.71109 2
    endloop
  endfacet
  facet normal 0.857728 0.514104 0
    outer loop
      vertex 8.88742 9.71109 0
      vertex 9.48023 8.72205 2
      vertex 9.48023 8.72205 0
    endloop
  endfacet
  facet normal 0.74094 0.671571 0
    outer loop
      vertex 10.9415 6.94149 2
      vertex 10.1671 7.79588 0
      vertex 10.1671 7.79588 2
    endloop
  endfacet
  facet normal 0.74094 0.671571 0
    outer loop
      vertex 10.1671 7.79588 0
      vertex 10.9415 6.94149 2
      vertex 10.9415 6.94149 0
    endloop
  endfacet
  facet normal 0.989177 0.146729 0
    outer loop
      vertex 7.72577 12.9577 2
      vertex 7.55658 14.0983 0
      vertex 7.55658 14.0983 2
    endloop
  endfacet
  facet normal 0.989177 0.146729 0
    outer loop
      vertex 7.55658 14.0983 0
      vertex 7.72577 12.9577 2
      vertex 7.72577 12.9577 0
    endloop
  endfacet
  facet normal 0.941547 0.336882 0
    outer loop
      vertex 8.39441 10.7535 2
      vertex 8.00595 11.8392 0
      vertex 8.00595 11.8392 2
    endloop
  endfacet
  facet normal 0.941547 0.336882 0
    outer loop
      vertex 8.00595 11.8392 0
      vertex 8.39441 10.7535 2
      vertex 8.39441 10.7535 0
    endloop
  endfacet
  facet normal 0.970029 0.242989 0
    outer loop
      vertex 8.00595 11.8392 2
      vertex 7.72577 12.9577 0
      vertex 7.72577 12.9577 2
    endloop
  endfacet
  facet normal 0.970029 0.242989 0
    outer loop
      vertex 7.72577 12.9577 0
      vertex 8.00595 11.8392 2
      vertex 8.00595 11.8392 0
    endloop
  endfacet
  facet normal 0.998796 0.0490642 0
    outer loop
      vertex 7.54819 14.269 2
      vertex 7.5 15.25 0
      vertex 7.5 15.25 2
    endloop
  endfacet
  facet normal 0.998794 0.0490913 -0
    outer loop
      vertex 7.55658 14.0983 0
      vertex 7.54819 14.269 2
      vertex 7.55658 14.0983 2
    endloop
  endfacet
  facet normal 0.998795 0.0490682 1.976e-06
    outer loop
      vertex 7.54819 14.269 2
      vertex 7.55658 14.0983 0
      vertex 7.5 15.25 0
    endloop
  endfacet
  facet normal -0.242989 0.970029 0
    outer loop
      vertex 22.6608 4.00595 0
      vertex 21.5423 3.72577 2
      vertex 22.6608 4.00595 2
    endloop
  endfacet
  facet normal -0.242989 0.970029 0
    outer loop
      vertex 21.5423 3.72577 2
      vertex 22.6608 4.00595 0
      vertex 21.5423 3.72577 0
    endloop
  endfacet
  facet normal -0.427549 0.903992 0
    outer loop
      vertex 24.7889 4.88742 0
      vertex 23.7465 4.39441 2
      vertex 24.7889 4.88742 2
    endloop
  endfacet
  facet normal -0.427549 0.903992 0
    outer loop
      vertex 23.7465 4.39441 2
      vertex 24.7889 4.88742 0
      vertex 23.7465 4.39441 0
    endloop
  endfacet
  facet normal -0.74094 0.671571 0
    outer loop
      vertex 27.5585 6.94149 0
      vertex 28.3329 7.79588 2
      vertex 28.3329 7.79588 0
    endloop
  endfacet
  facet normal -0.74094 0.671571 0
    outer loop
      vertex 28.3329 7.79588 2
      vertex 27.5585 6.94149 0
      vertex 27.5585 6.94149 2
    endloop
  endfacet
  facet normal -0.595731 0.803184 0
    outer loop
      vertex 26.7041 6.16713 0
      vertex 25.778 5.48023 2
      vertex 26.7041 6.16713 2
    endloop
  endfacet
  facet normal -0.595731 0.803184 0
    outer loop
      vertex 25.778 5.48023 2
      vertex 26.7041 6.16713 0
      vertex 25.778 5.48023 0
    endloop
  endfacet
  facet normal -0.857732 0.514098 0
    outer loop
      vertex 29.0198 8.72205 0
      vertex 29.6126 9.71109 2
      vertex 29.6126 9.71109 0
    endloop
  endfacet
  facet normal -0.857732 0.514098 0
    outer loop
      vertex 29.6126 9.71109 2
      vertex 29.0198 8.72205 0
      vertex 29.0198 8.72205 2
    endloop
  endfacet
  facet normal -0.989176 0.146737 0
    outer loop
      vertex 30.7742 12.9577 0
      vertex 30.9434 14.0983 2
      vertex 30.9434 14.0983 0
    endloop
  endfacet
  facet normal -0.989176 0.146737 0
    outer loop
      vertex 30.9434 14.0983 2
      vertex 30.7742 12.9577 0
      vertex 30.7742 12.9577 2
    endloop
  endfacet
  facet normal -0.970025 0.243005 0
    outer loop
      vertex 30.494 11.8392 0
      vertex 30.7742 12.9577 2
      vertex 30.7742 12.9577 0
    endloop
  endfacet
  facet normal -0.970025 0.243005 0
    outer loop
      vertex 30.7742 12.9577 2
      vertex 30.494 11.8392 0
      vertex 30.494 11.8392 2
    endloop
  endfacet
  facet normal 0.514081 0.857742 -0
    outer loop
      vertex 13.7111 4.88742 0
      vertex 12.722 5.48023 2
      vertex 13.7111 4.88742 2
    endloop
  endfacet
  facet normal 0.514081 0.857742 0
    outer loop
      vertex 12.722 5.48023 2
      vertex 13.7111 4.88742 0
      vertex 12.722 5.48023 0
    endloop
  endfacet
  facet normal 0.336882 0.941547 -0
    outer loop
      vertex 15.8392 4.00595 0
      vertex 14.7535 4.39441 2
      vertex 15.8392 4.00595 2
    endloop
  endfacet
  facet normal 0.336882 0.941547 0
    outer loop
      vertex 14.7535 4.39441 2
      vertex 15.8392 4.00595 0
      vertex 14.7535 4.39441 0
    endloop
  endfacet
  facet normal 0.146729 0.989177 -0
    outer loop
      vertex 18.0983 3.55658 0
      vertex 16.9577 3.72577 2
      vertex 18.0983 3.55658 2
    endloop
  endfacet
  facet normal 0.146729 0.989177 0
    outer loop
      vertex 16.9577 3.72577 2
      vertex 18.0983 3.55658 0
      vertex 16.9577 3.72577 0
    endloop
  endfacet
  facet normal -0.0490682 0.998795 0
    outer loop
      vertex 20.4017 3.55658 0
      vertex 19.25 3.5 2
      vertex 20.4017 3.55658 2
    endloop
  endfacet
  facet normal -0.0490682 0.998795 0
    outer loop
      vertex 19.25 3.5 2
      vertex 20.4017 3.55658 0
      vertex 19.25 3.5 0
    endloop
  endfacet
  facet normal 1 0 0
    outer loop
      vertex 15.25 30.5 25
      vertex 15.25 28.5 22
      vertex 15.25 30.5 14
    endloop
  endfacet
  facet normal 1 -0 0
    outer loop
      vertex 15.25 27.5 25
      vertex 15.25 28.5 22
      vertex 15.25 30.5 25
    endloop
  endfacet
  facet normal 1 0 0
    outer loop
      vertex 15.25 28.5 22
      vertex 15.25 27.5 25
      vertex 15.25 27.5 22
    endloop
  endfacet
  facet normal 1 0 0
    outer loop
      vertex 15.25 30.5 14
      vertex 15.25 28.5 22
      vertex 15.25 28.5 14
    endloop
  endfacet
  facet normal -1 0 0
    outer loop
      vertex 23.25 28.5 22
      vertex 23.25 30.5 14
      vertex 23.25 28.5 14
    endloop
  endfacet
  facet normal -1 0 0
    outer loop
      vertex 23.25 30.5 14
      vertex 23.25 28.5 22
      vertex 23.25 30.5 25
    endloop
  endfacet
  facet normal -1 0 0
    outer loop
      vertex 23.25 27.5 25
      vertex 23.25 28.5 22
      vertex 23.25 27.5 22
    endloop
  endfacet
  facet normal -1 0 0
    outer loop
      vertex 23.25 28.5 22
      vertex 23.25 27.5 25
      vertex 23.25 30.5 25
    endloop
  endfacet
  facet normal -0 0 1
    outer loop
      vertex 15.25 30.5 14
      vertex 23.25 28.5 14
      vertex 23.25 30.5 14
    endloop
  endfacet
  facet normal 0 0 1
    outer loop
      vertex 23.25 28.5 14
      vertex 15.25 30.5 14
      vertex 15.25 28.5 14
    endloop
  endfacet
  facet normal 0.671414 0.741083 -0
    outer loop
      vertex 7.01777 17.0178 2
      vertex 6.83598 17.1825 5
      vertex 7.01777 17.0178 5
    endloop
  endfacet
  facet normal 0.671414 0.741083 0
    outer loop
      vertex 6.83598 17.1825 5
      vertex 7.01777 17.0178 2
      vertex 6.83598 17.1825 2
    endloop
  endfacet
  facet normal -0.336698 0.941613 0
    outer loop
      vertex 4.52429 17.6423 2
      vertex 4.29329 17.5597 5
      vertex 4.52429 17.6423 5
    endloop
  endfacet
  facet normal -0.336698 0.941613 0
    outer loop
      vertex 4.29329 17.5597 5
      vertex 4.52429 17.6423 2
      vertex 4.29329 17.5597 2
    endloop
  endfacet
  facet normal -0.903995 0.427543 0
    outer loop
      vertex 2.9403 16.2067 2
      vertex 3.0452 16.4285 5
      vertex 3.0452 16.4285 2
    endloop
  endfacet
  facet normal -0.903995 0.427543 0
    outer loop
      vertex 3.0452 16.4285 5
      vertex 2.9403 16.2067 2
      vertex 2.9403 16.2067 5
    endloop
  endfacet
  facet normal 0.998795 -0.0490836 0
    outer loop
      vertex 7.73796 15.005 5
      vertex 7.75 15.25 2
      vertex 7.75 15.25 5
    endloop
  endfacet
  facet normal 0.998795 -0.0490836 0
    outer loop
      vertex 7.75 15.25 2
      vertex 7.73796 15.005 5
      vertex 7.73796 15.005 2
    endloop
  endfacet
  facet normal 0.904026 0.427478 0
    outer loop
      vertex 7.4548 16.4285 5
      vertex 7.54819 16.231 2
      vertex 7.4548 16.4285 2
    endloop
  endfacet
  facet normal 0.903995 0.427543 -5.22779e-06
    outer loop
      vertex 7.5597 16.2067 5
      vertex 7.54819 16.231 2
      vertex 7.4548 16.4285 5
    endloop
  endfacet
  facet normal 0.903745 0.42807 0
    outer loop
      vertex 7.54819 16.231 2
      vertex 7.5597 16.2067 5
      vertex 7.5597 16.2067 2
    endloop
  endfacet
  facet normal 0.857691 0.514166 0
    outer loop
      vertex 7.4548 16.4285 5
      vertex 7.32867 16.6389 2
      vertex 7.32867 16.6389 5
    endloop
  endfacet
  facet normal 0.857691 0.514166 0
    outer loop
      vertex 7.32867 16.6389 2
      vertex 7.4548 16.4285 5
      vertex 7.4548 16.4285 2
    endloop
  endfacet
  facet normal 0.427575 0.90398 -0
    outer loop
      vertex 6.42849 17.4548 2
      vertex 6.20671 17.5597 5
      vertex 6.42849 17.4548 5
    endloop
  endfacet
  facet normal 0.427575 0.90398 0
    outer loop
      vertex 6.20671 17.5597 5
      vertex 6.42849 17.4548 2
      vertex 6.20671 17.5597 2
    endloop
  endfacet
  facet normal -0.740979 0.671528 0
    outer loop
      vertex 3.31747 16.836 2
      vertex 3.48223 17.0178 5
      vertex 3.48223 17.0178 2
    endloop
  endfacet
  facet normal -0.740979 0.671528 0
    outer loop
      vertex 3.48223 17.0178 5
      vertex 3.31747 16.836 2
      vertex 3.31747 16.836 5
    endloop
  endfacet
  facet normal -0.146732 0.989176 0
    outer loop
      vertex 5.00496 17.738 2
      vertex 4.76227 17.702 5
      vertex 5.00496 17.738 5
    endloop
  endfacet
  facet normal -0.146732 0.989176 0
    outer loop
      vertex 4.76227 17.702 5
      vertex 5.00496 17.738 2
      vertex 4.76227 17.702 2
    endloop
  endfacet
  facet normal 0.941548 -0.336879 0
    outer loop
      vertex 7.5597 14.2933 5
      vertex 7.64235 14.5243 2
      vertex 7.64235 14.5243 5
    endloop
  endfacet
  facet normal 0.941548 -0.336879 0
    outer loop
      vertex 7.64235 14.5243 2
      vertex 7.5597 14.2933 5
      vertex 7.5597 14.2933 2
    endloop
  endfacet
  facet normal -0.146732 -0.989176 0
    outer loop
      vertex 4.76227 12.798 2
      vertex 5.00496 12.762 5
      vertex 4.76227 12.798 5
    endloop
  endfacet
  facet normal -0.146732 -0.989176 -0
    outer loop
      vertex 5.00496 12.762 5
      vertex 4.76227 12.798 2
      vertex 5.00496 12.762 2
    endloop
  endfacet
  facet normal -0.671414 -0.741083 0
    outer loop
      vertex 3.48223 13.4822 2
      vertex 3.66402 13.3175 5
      vertex 3.48223 13.4822 5
    endloop
  endfacet
  facet normal -0.671414 -0.741083 -0
    outer loop
      vertex 3.66402 13.3175 5
      vertex 3.48223 13.4822 2
      vertex 3.66402 13.3175 2
    endloop
  endfacet
  facet normal 0.970037 0.242958 0
    outer loop
      vertex 7.70196 15.7377 5
      vertex 7.64235 15.9757 2
      vertex 7.64235 15.9757 5
    endloop
  endfacet
  facet normal 0.970037 0.242958 0
    outer loop
      vertex 7.64235 15.9757 2
      vertex 7.70196 15.7377 5
      vertex 7.70196 15.7377 2
    endloop
  endfacet
  facet normal 0.941548 0.336879 0
    outer loop
      vertex 7.64235 15.9757 5
      vertex 7.5597 16.2067 2
      vertex 7.5597 16.2067 5
    endloop
  endfacet
  facet normal 0.941548 0.336879 0
    outer loop
      vertex 7.5597 16.2067 2
      vertex 7.64235 15.9757 5
      vertex 7.64235 15.9757 2
    endloop
  endfacet
  facet normal 0.803284 0.595596 0
    outer loop
      vertex 7.32867 16.6389 5
      vertex 7.18253 16.836 2
      vertex 7.18253 16.836 5
    endloop
  endfacet
  facet normal 0.803284 0.595596 0
    outer loop
      vertex 7.18253 16.836 2
      vertex 7.32867 16.6389 5
      vertex 7.32867 16.6389 2
    endloop
  endfacet
  facet normal 0.740979 0.671528 0
    outer loop
      vertex 7.18253 16.836 5
      vertex 7.01777 17.0178 2
      vertex 7.01777 17.0178 5
    endloop
  endfacet
  facet normal 0.740979 0.671528 0
    outer loop
      vertex 7.01777 17.0178 2
      vertex 7.18253 16.836 5
      vertex 7.18253 16.836 2
    endloop
  endfacet
  facet normal 0.595851 0.803095 -0
    outer loop
      vertex 6.83598 17.1825 2
      vertex 6.63893 17.3287 5
      vertex 6.83598 17.1825 5
    endloop
  endfacet
  facet normal 0.595851 0.803095 0
    outer loop
      vertex 6.63893 17.3287 5
      vertex 6.83598 17.1825 2
      vertex 6.63893 17.3287 2
    endloop
  endfacet
  facet normal 0.048913 0.998803 -0
    outer loop
      vertex 5.49504 17.738 2
      vertex 5.25 17.75 5
      vertex 5.49504 17.738 5
    endloop
  endfacet
  facet normal 0.048913 0.998803 0
    outer loop
      vertex 5.25 17.75 5
      vertex 5.49504 17.738 2
      vertex 5.25 17.75 2
    endloop
  endfacet
  facet normal 0.514004 0.857788 -0
    outer loop
      vertex 6.63893 17.3287 2
      vertex 6.42849 17.4548 5
      vertex 6.63893 17.3287 5
    endloop
  endfacet
  facet normal 0.514004 0.857788 0
    outer loop
      vertex 6.42849 17.4548 5
      vertex 6.63893 17.3287 2
      vertex 6.42849 17.4548 2
    endloop
  endfacet
  facet normal 0.336698 0.941613 -0
    outer loop
      vertex 6.20671 17.5597 2
      vertex 5.97571 17.6423 5
      vertex 6.20671 17.5597 5
    endloop
  endfacet
  facet normal 0.336698 0.941613 0
    outer loop
      vertex 5.97571 17.6423 5
      vertex 6.20671 17.5597 2
      vertex 5.97571 17.6423 2
    endloop
  endfacet
  facet normal 0.243322 0.969946 -0
    outer loop
      vertex 5.97571 17.6423 2
      vertex 5.73773 17.702 5
      vertex 5.97571 17.6423 5
    endloop
  endfacet
  facet normal 0.243322 0.969946 0
    outer loop
      vertex 5.73773 17.702 5
      vertex 5.97571 17.6423 2
      vertex 5.73773 17.702 2
    endloop
  endfacet
  facet normal -0.998795 0.0490836 0
    outer loop
      vertex 2.75 15.25 2
      vertex 2.76204 15.495 5
      vertex 2.76204 15.495 2
    endloop
  endfacet
  facet normal -0.998795 0.0490836 0
    outer loop
      vertex 2.76204 15.495 5
      vertex 2.75 15.25 2
      vertex 2.75 15.25 5
    endloop
  endfacet
  facet normal -0.941548 0.336879 0
    outer loop
      vertex 2.85765 15.9757 2
      vertex 2.9403 16.2067 5
      vertex 2.9403 16.2067 2
    endloop
  endfacet
  facet normal -0.941548 0.336879 0
    outer loop
      vertex 2.9403 16.2067 5
      vertex 2.85765 15.9757 2
      vertex 2.85765 15.9757 5
    endloop
  endfacet
  facet normal -0.970037 0.242958 0
    outer loop
      vertex 2.79804 15.7377 2
      vertex 2.85765 15.9757 5
      vertex 2.85765 15.9757 2
    endloop
  endfacet
  facet normal -0.970037 0.242958 0
    outer loop
      vertex 2.85765 15.9757 5
      vertex 2.79804 15.7377 2
      vertex 2.79804 15.7377 5
    endloop
  endfacet
  facet normal -0.857691 0.514166 0
    outer loop
      vertex 3.0452 16.4285 2
      vertex 3.17133 16.6389 5
      vertex 3.17133 16.6389 2
    endloop
  endfacet
  facet normal -0.857691 0.514166 0
    outer loop
      vertex 3.17133 16.6389 5
      vertex 3.0452 16.4285 2
      vertex 3.0452 16.4285 5
    endloop
  endfacet
  facet normal -0.803284 0.595596 0
    outer loop
      vertex 3.17133 16.6389 2
      vertex 3.31747 16.836 5
      vertex 3.31747 16.836 2
    endloop
  endfacet
  facet normal -0.803284 0.595596 0
    outer loop
      vertex 3.31747 16.836 5
      vertex 3.17133 16.6389 2
      vertex 3.17133 16.6389 5
    endloop
  endfacet
  facet normal -0.243322 0.969946 0
    outer loop
      vertex 4.76227 17.702 2
      vertex 4.52429 17.6423 5
      vertex 4.76227 17.702 5
    endloop
  endfacet
  facet normal -0.243322 0.969946 0
    outer loop
      vertex 4.52429 17.6423 5
      vertex 4.76227 17.702 2
      vertex 4.52429 17.6423 2
    endloop
  endfacet
  facet normal -0.048913 0.998803 0
    outer loop
      vertex 5.25 17.75 2
      vertex 5.00496 17.738 5
      vertex 5.25 17.75 5
    endloop
  endfacet
  facet normal -0.048913 0.998803 0
    outer loop
      vertex 5.00496 17.738 5
      vertex 5.25 17.75 2
      vertex 5.00496 17.738 2
    endloop
  endfacet
  facet normal -0.514004 0.857788 0
    outer loop
      vertex 4.07151 17.4548 2
      vertex 3.86107 17.3287 5
      vertex 4.07151 17.4548 5
    endloop
  endfacet
  facet normal -0.514004 0.857788 0
    outer loop
      vertex 3.86107 17.3287 5
      vertex 4.07151 17.4548 2
      vertex 3.86107 17.3287 2
    endloop
  endfacet
  facet normal -0.595851 0.803095 0
    outer loop
      vertex 3.86107 17.3287 2
      vertex 3.66402 17.1825 5
      vertex 3.86107 17.3287 5
    endloop
  endfacet
  facet normal -0.595851 0.803095 0
    outer loop
      vertex 3.66402 17.1825 5
      vertex 3.86107 17.3287 2
      vertex 3.66402 17.1825 2
    endloop
  endfacet
  facet normal -0.427575 0.90398 0
    outer loop
      vertex 4.29329 17.5597 2
      vertex 4.07151 17.4548 5
      vertex 4.29329 17.5597 5
    endloop
  endfacet
  facet normal -0.427575 0.90398 0
    outer loop
      vertex 4.07151 17.4548 5
      vertex 4.29329 17.5597 2
      vertex 4.07151 17.4548 2
    endloop
  endfacet
  facet normal -0.671414 0.741083 0
    outer loop
      vertex 3.66402 17.1825 2
      vertex 3.48223 17.0178 5
      vertex 3.66402 17.1825 5
    endloop
  endfacet
  facet normal -0.671414 0.741083 0
    outer loop
      vertex 3.48223 17.0178 5
      vertex 3.66402 17.1825 2
      vertex 3.48223 17.0178 2
    endloop
  endfacet
  facet normal 0.998795 0.0490836 0
    outer loop
      vertex 7.75 15.25 5
      vertex 7.73796 15.495 2
      vertex 7.73796 15.495 5
    endloop
  endfacet
  facet normal 0.998795 0.0490836 0
    outer loop
      vertex 7.73796 15.495 2
      vertex 7.75 15.25 5
      vertex 7.75 15.25 2
    endloop
  endfacet
  facet normal 0.048913 -0.998803 0
    outer loop
      vertex 5.25 12.75 2
      vertex 5.49504 12.762 5
      vertex 5.25 12.75 5
    endloop
  endfacet
  facet normal 0.048913 -0.998803 0
    outer loop
      vertex 5.49504 12.762 5
      vertex 5.25 12.75 2
      vertex 5.49504 12.762 2
    endloop
  endfacet
  facet normal 0.970037 -0.242958 0
    outer loop
      vertex 7.64235 14.5243 5
      vertex 7.70196 14.7623 2
      vertex 7.70196 14.7623 5
    endloop
  endfacet
  facet normal 0.970037 -0.242958 0
    outer loop
      vertex 7.70196 14.7623 2
      vertex 7.64235 14.5243 5
      vertex 7.64235 14.5243 2
    endloop
  endfacet
  facet normal 0.740979 -0.671528 0
    outer loop
      vertex 7.01777 13.4822 5
      vertex 7.18253 13.664 2
      vertex 7.18253 13.664 5
    endloop
  endfacet
  facet normal 0.740979 -0.671528 0
    outer loop
      vertex 7.18253 13.664 2
      vertex 7.01777 13.4822 5
      vertex 7.01777 13.4822 2
    endloop
  endfacet
  facet normal 0.146732 -0.989176 0
    outer loop
      vertex 5.49504 12.762 2
      vertex 5.73773 12.798 5
      vertex 5.49504 12.762 5
    endloop
  endfacet
  facet normal 0.146732 -0.989176 0
    outer loop
      vertex 5.73773 12.798 5
      vertex 5.49504 12.762 2
      vertex 5.73773 12.798 2
    endloop
  endfacet
  facet normal 0.242938 -0.970042 0
    outer loop
      vertex 5.73773 12.798 2
      vertex 5.97571 12.8576 5
      vertex 5.73773 12.798 5
    endloop
  endfacet
  facet normal 0.242938 -0.970042 0
    outer loop
      vertex 5.97571 12.8576 5
      vertex 5.73773 12.798 2
      vertex 5.97571 12.8576 2
    endloop
  endfacet
  facet normal 0.671414 -0.741083 0
    outer loop
      vertex 6.83598 13.3175 2
      vertex 7.01777 13.4822 5
      vertex 6.83598 13.3175 5
    endloop
  endfacet
  facet normal 0.671414 -0.741083 0
    outer loop
      vertex 7.01777 13.4822 5
      vertex 6.83598 13.3175 2
      vertex 7.01777 13.4822 2
    endloop
  endfacet
  facet normal 0.595851 -0.803095 0
    outer loop
      vertex 6.63893 13.1713 2
      vertex 6.83598 13.3175 5
      vertex 6.63893 13.1713 5
    endloop
  endfacet
  facet normal 0.595851 -0.803095 0
    outer loop
      vertex 6.83598 13.3175 5
      vertex 6.63893 13.1713 2
      vertex 6.83598 13.3175 2
    endloop
  endfacet
  facet normal 0.427575 -0.90398 0
    outer loop
      vertex 6.20671 12.9403 2
      vertex 6.42849 13.0452 5
      vertex 6.20671 12.9403 5
    endloop
  endfacet
  facet normal 0.427575 -0.90398 0
    outer loop
      vertex 6.42849 13.0452 5
      vertex 6.20671 12.9403 2
      vertex 6.42849 13.0452 2
    endloop
  endfacet
  facet normal -0.048913 -0.998803 0
    outer loop
      vertex 5.00496 12.762 2
      vertex 5.25 12.75 5
      vertex 5.00496 12.762 5
    endloop
  endfacet
  facet normal -0.048913 -0.998803 -0
    outer loop
      vertex 5.25 12.75 5
      vertex 5.00496 12.762 2
      vertex 5.25 12.75 2
    endloop
  endfacet
  facet normal -0.337059 -0.941483 0
    outer loop
      vertex 4.29329 12.9403 2
      vertex 4.52429 12.8576 5
      vertex 4.29329 12.9403 5
    endloop
  endfacet
  facet normal -0.337059 -0.941483 -0
    outer loop
      vertex 4.52429 12.8576 5
      vertex 4.29329 12.9403 2
      vertex 4.52429 12.8576 2
    endloop
  endfacet
  facet normal -0.514004 -0.857788 0
    outer loop
      vertex 3.86107 13.1713 2
      vertex 4.07151 13.0452 5
      vertex 3.86107 13.1713 5
    endloop
  endfacet
  facet normal -0.514004 -0.857788 -0
    outer loop
      vertex 4.07151 13.0452 5
      vertex 3.86107 13.1713 2
      vertex 4.07151 13.0452 2
    endloop
  endfacet
  facet normal -0.970037 -0.242958 0
    outer loop
      vertex 2.85765 14.5243 2
      vertex 2.79804 14.7623 5
      vertex 2.79804 14.7623 2
    endloop
  endfacet
  facet normal -0.970037 -0.242958 0
    outer loop
      vertex 2.79804 14.7623 5
      vertex 2.85765 14.5243 2
      vertex 2.85765 14.5243 5
    endloop
  endfacet
  facet normal -0.998795 -0.0490836 0
    outer loop
      vertex 2.76204 15.005 2
      vertex 2.75 15.25 5
      vertex 2.75 15.25 2
    endloop
  endfacet
  facet normal -0.998795 -0.0490836 0
    outer loop
      vertex 2.75 15.25 5
      vertex 2.76204 15.005 2
      vertex 2.76204 15.005 5
    endloop
  endfacet
  facet normal -0.803284 -0.595596 0
    outer loop
      vertex 3.31747 13.664 2
      vertex 3.17133 13.8611 5
      vertex 3.17133 13.8611 2
    endloop
  endfacet
  facet normal -0.803284 -0.595596 0
    outer loop
      vertex 3.17133 13.8611 5
      vertex 3.31747 13.664 2
      vertex 3.31747 13.664 5
    endloop
  endfacet
  facet normal -0.903995 -0.427543 0
    outer loop
      vertex 3.0452 14.0715 2
      vertex 2.9403 14.2933 5
      vertex 2.9403 14.2933 2
    endloop
  endfacet
  facet normal -0.903995 -0.427543 0
    outer loop
      vertex 2.9403 14.2933 5
      vertex 3.0452 14.0715 2
      vertex 3.0452 14.0715 5
    endloop
  endfacet
  facet normal -0.740979 -0.671528 0
    outer loop
      vertex 3.48223 13.4822 2
      vertex 3.31747 13.664 5
      vertex 3.31747 13.664 2
    endloop
  endfacet
  facet normal -0.740979 -0.671528 0
    outer loop
      vertex 3.31747 13.664 5
      vertex 3.48223 13.4822 2
      vertex 3.48223 13.4822 5
    endloop
  endfacet
  facet normal 0.989177 0.146726 0
    outer loop
      vertex 7.73796 15.495 5
      vertex 7.70196 15.7377 2
      vertex 7.70196 15.7377 5
    endloop
  endfacet
  facet normal 0.989177 0.146726 0
    outer loop
      vertex 7.70196 15.7377 2
      vertex 7.73796 15.495 5
      vertex 7.73796 15.495 2
    endloop
  endfacet
  facet normal 0.146732 0.989176 -0
    outer loop
      vertex 5.73773 17.702 2
      vertex 5.49504 17.738 5
      vertex 5.73773 17.702 5
    endloop
  endfacet
  facet normal 0.146732 0.989176 0
    outer loop
      vertex 5.49504 17.738 5
      vertex 5.73773 17.702 2
      vertex 5.49504 17.738 2
    endloop
  endfacet
  facet normal 0 0 1
    outer loop
      vertex 6.2 15.25 5
      vertex 7.75 15.25 5
      vertex 7.73796 15.495 5
    endloop
  endfacet
  facet normal 0 0 1
    outer loop
      vertex 6.19543 15.3431 5
      vertex 7.73796 15.495 5
      vertex 7.70196 15.7377 5
    endloop
  endfacet
  facet normal 0 0 1
    outer loop
      vertex 7.75 15.25 5
      vertex 6.2 15.25 5
      vertex 7.73796 15.005 5
    endloop
  endfacet
  facet normal 0 0 1
    outer loop
      vertex 6.18175 15.4353 5
      vertex 7.70196 15.7377 5
      vertex 7.64235 15.9757 5
    endloop
  endfacet
  facet normal -0 0 1
    outer loop
      vertex 6.19543 15.1569 5
      vertex 7.73796 15.005 5
      vertex 6.2 15.25 5
    endloop
  endfacet
  facet normal 0 0 1
    outer loop
      vertex 6.15909 15.5258 5
      vertex 7.64235 15.9757 5
      vertex 7.5597 16.2067 5
    endloop
  endfacet
  facet normal 0 0 1
    outer loop
      vertex 7.73796 15.005 5
      vertex 6.19543 15.1569 5
      vertex 7.70196 14.7623 5
    endloop
  endfacet
  facet normal 0 0 1
    outer loop
      vertex 6.12769 15.6135 5
      vertex 7.5597 16.2067 5
      vertex 7.4548 16.4285 5
    endloop
  endfacet
  facet normal -0 0 1
    outer loop
      vertex 6.18175 15.0647 5
      vertex 7.70196 14.7623 5
      vertex 6.19543 15.1569 5
    endloop
  endfacet
  facet normal 0 0 1
    outer loop
      vertex 6.08782 15.6978 5
      vertex 7.4548 16.4285 5
      vertex 7.32867 16.6389 5
    endloop
  endfacet
  facet normal 0 0 1
    outer loop
      vertex 7.70196 14.7623 5
      vertex 6.18175 15.0647 5
      vertex 7.64235 14.5243 5
    endloop
  endfacet
  facet normal 0 0 1
    outer loop
      vertex 6.0399 15.7778 5
      vertex 7.32867 16.6389 5
      vertex 7.18253 16.836 5
    endloop
  endfacet
  facet normal -0 0 1
    outer loop
      vertex 6.15909 14.9742 5
      vertex 7.64235 14.5243 5
      vertex 6.18175 15.0647 5
    endloop
  endfacet
  facet normal 0 0 1
    outer loop
      vertex 5.98436 15.8527 5
      vertex 7.18253 16.836 5
      vertex 7.01777 17.0178 5
    endloop
  endfacet
  facet normal 0 0 1
    outer loop
      vertex 7.64235 14.5243 5
      vertex 6.15909 14.9742 5
      vertex 7.5597 14.2933 5
    endloop
  endfacet
  facet normal 0 0 1
    outer loop
      vertex 5.92175 15.9218 5
      vertex 7.01777 17.0178 5
      vertex 6.83598 17.1825 5
    endloop
  endfacet
  facet normal -0 0 1
    outer loop
      vertex 6.12769 14.8865 5
      vertex 7.5597 14.2933 5
      vertex 6.15909 14.9742 5
    endloop
  endfacet
  facet normal 0 0 1
    outer loop
      vertex 5.85267 15.9844 5
      vertex 6.83598 17.1825 5
      vertex 6.63893 17.3287 5
    endloop
  endfacet
  facet normal 0 0 1
    outer loop
      vertex 7.5597 14.2933 5
      vertex 6.12769 14.8865 5
      vertex 7.4548 14.0715 5
    endloop
  endfacet
  facet normal 0 0 1
    outer loop
      vertex 5.77779 16.0399 5
      vertex 6.63893 17.3287 5
      vertex 6.42849 17.4548 5
    endloop
  endfacet
  facet normal -0 0 1
    outer loop
      vertex 6.08782 14.8022 5
      vertex 7.4548 14.0715 5
      vertex 6.12769 14.8865 5
    endloop
  endfacet
  facet normal 0 0 1
    outer loop
      vertex 5.69783 16.0878 5
      vertex 6.42849 17.4548 5
      vertex 6.20671 17.5597 5
    endloop
  endfacet
  facet normal 0 0 1
    outer loop
      vertex 7.4548 14.0715 5
      vertex 6.08782 14.8022 5
      vertex 7.32867 13.8611 5
    endloop
  endfacet
  facet normal -0 0 1
    outer loop
      vertex 6.0399 14.7222 5
      vertex 7.32867 13.8611 5
      vertex 6.08782 14.8022 5
    endloop
  endfacet
  facet normal 0 0 1
    outer loop
      vertex 7.73796 15.495 5
      vertex 6.19543 15.3431 5
      vertex 6.2 15.25 5
    endloop
  endfacet
  facet normal 0 0 1
    outer loop
      vertex 7.70196 15.7377 5
      vertex 6.18175 15.4353 5
      vertex 6.19543 15.3431 5
    endloop
  endfacet
  facet normal 0 0 1
    outer loop
      vertex 7.64235 15.9757 5
      vertex 6.15909 15.5258 5
      vertex 6.18175 15.4353 5
    endloop
  endfacet
  facet normal 0 0 1
    outer loop
      vertex 7.5597 16.2067 5
      vertex 6.12769 15.6135 5
      vertex 6.15909 15.5258 5
    endloop
  endfacet
  facet normal 0 0 1
    outer loop
      vertex 7.4548 16.4285 5
      vertex 6.08782 15.6978 5
      vertex 6.12769 15.6135 5
    endloop
  endfacet
  facet normal 0 0 1
    outer loop
      vertex 7.32867 16.6389 5
      vertex 6.0399 15.7778 5
      vertex 6.08782 15.6978 5
    endloop
  endfacet
  facet normal 0 0 1
    outer loop
      vertex 7.18253 16.836 5
      vertex 5.98436 15.8527 5
      vertex 6.0399 15.7778 5
    endloop
  endfacet
  facet normal 0 0 1
    outer loop
      vertex 5.61355 16.1277 5
      vertex 6.20671 17.5597 5
      vertex 5.97571 17.6423 5
    endloop
  endfacet
  facet normal 0 0 1
    outer loop
      vertex 7.01777 17.0178 5
      vertex 5.92175 15.9218 5
      vertex 5.98436 15.8527 5
    endloop
  endfacet
  facet normal 0 0 1
    outer loop
      vertex 6.83598 17.1825 5
      vertex 5.85267 15.9844 5
      vertex 5.92175 15.9218 5
    endloop
  endfacet
  facet normal 0 0 1
    outer loop
      vertex 6.63893 17.3287 5
      vertex 5.77779 16.0399 5
      vertex 5.85267 15.9844 5
    endloop
  endfacet
  facet normal 0 0 1
    outer loop
      vertex 5.52577 16.1591 5
      vertex 5.97571 17.6423 5
      vertex 5.73773 17.702 5
    endloop
  endfacet
  facet normal 0 0 1
    outer loop
      vertex 6.42849 17.4548 5
      vertex 5.69783 16.0878 5
      vertex 5.77779 16.0399 5
    endloop
  endfacet
  facet normal 0 0 1
    outer loop
      vertex 6.20671 17.5597 5
      vertex 5.61355 16.1277 5
      vertex 5.69783 16.0878 5
    endloop
  endfacet
  facet normal 0 0 1
    outer loop
      vertex 5.97571 17.6423 5
      vertex 5.52577 16.1591 5
      vertex 5.61355 16.1277 5
    endloop
  endfacet
  facet normal 0 0 1
    outer loop
      vertex 5.43534 16.1817 5
      vertex 5.73773 17.702 5
      vertex 5.49504 17.738 5
    endloop
  endfacet
  facet normal 0 0 1
    outer loop
      vertex 5.73773 17.702 5
      vertex 5.43534 16.1817 5
      vertex 5.52577 16.1591 5
    endloop
  endfacet
  facet normal 0 0 1
    outer loop
      vertex 5.49504 17.738 5
      vertex 5.34312 16.1954 5
      vertex 5.43534 16.1817 5
    endloop
  endfacet
  facet normal 0 0 1
    outer loop
      vertex 5.25 17.75 5
      vertex 5.34312 16.1954 5
      vertex 5.49504 17.738 5
    endloop
  endfacet
  facet normal 0 0 1
    outer loop
      vertex 5.25 17.75 5
      vertex 5.25 16.2 5
      vertex 5.34312 16.1954 5
    endloop
  endfacet
  facet normal 0 0 1
    outer loop
      vertex 5.25 17.75 5
      vertex 5.15688 16.1954 5
      vertex 5.25 16.2 5
    endloop
  endfacet
  facet normal -0 0 1
    outer loop
      vertex 5.00496 17.738 5
      vertex 5.15688 16.1954 5
      vertex 5.25 17.75 5
    endloop
  endfacet
  facet normal 0 0 1
    outer loop
      vertex 5.15688 16.1954 5
      vertex 5.00496 17.738 5
      vertex 5.06466 16.1817 5
    endloop
  endfacet
  facet normal -0 0 1
    outer loop
      vertex 4.76227 17.702 5
      vertex 5.06466 16.1817 5
      vertex 5.00496 17.738 5
    endloop
  endfacet
  facet normal 0 0 1
    outer loop
      vertex 5.06466 16.1817 5
      vertex 4.76227 17.702 5
      vertex 4.97423 16.1591 5
    endloop
  endfacet
  facet normal -0 0 1
    outer loop
      vertex 4.52429 17.6423 5
      vertex 4.97423 16.1591 5
      vertex 4.76227 17.702 5
    endloop
  endfacet
  facet normal 0 0 1
    outer loop
      vertex 4.97423 16.1591 5
      vertex 4.52429 17.6423 5
      vertex 4.88645 16.1277 5
    endloop
  endfacet
  facet normal -0 0 1
    outer loop
      vertex 4.29329 17.5597 5
      vertex 4.88645 16.1277 5
      vertex 4.52429 17.6423 5
    endloop
  endfacet
  facet normal 0 0 1
    outer loop
      vertex 4.88645 16.1277 5
      vertex 4.29329 17.5597 5
      vertex 4.80217 16.0878 5
    endloop
  endfacet
  facet normal -0 0 1
    outer loop
      vertex 4.07151 17.4548 5
      vertex 4.80217 16.0878 5
      vertex 4.29329 17.5597 5
    endloop
  endfacet
  facet normal 0 0 1
    outer loop
      vertex 4.80217 16.0878 5
      vertex 4.07151 17.4548 5
      vertex 4.72221 16.0399 5
    endloop
  endfacet
  facet normal -0 0 1
    outer loop
      vertex 3.86107 17.3287 5
      vertex 4.72221 16.0399 5
      vertex 4.07151 17.4548 5
    endloop
  endfacet
  facet normal 0 0 1
    outer loop
      vertex 4.72221 16.0399 5
      vertex 3.86107 17.3287 5
      vertex 4.64733 15.9844 5
    endloop
  endfacet
  facet normal -0 0 1
    outer loop
      vertex 3.66402 17.1825 5
      vertex 4.64733 15.9844 5
      vertex 3.86107 17.3287 5
    endloop
  endfacet
  facet normal 0 0 1
    outer loop
      vertex 4.64733 15.9844 5
      vertex 3.66402 17.1825 5
      vertex 4.57825 15.9218 5
    endloop
  endfacet
  facet normal -0 0 1
    outer loop
      vertex 3.48223 17.0178 5
      vertex 4.57825 15.9218 5
      vertex 3.66402 17.1825 5
    endloop
  endfacet
  facet normal 0 0 1
    outer loop
      vertex 4.57825 15.9218 5
      vertex 3.48223 17.0178 5
      vertex 4.51564 15.8527 5
    endloop
  endfacet
  facet normal -0 0 1
    outer loop
      vertex 3.31747 16.836 5
      vertex 4.51564 15.8527 5
      vertex 3.48223 17.0178 5
    endloop
  endfacet
  facet normal -0 0 1
    outer loop
      vertex 3.17133 16.6389 5
      vertex 4.4601 15.7778 5
      vertex 3.31747 16.836 5
    endloop
  endfacet
  facet normal 0 0 1
    outer loop
      vertex 4.51564 15.8527 5
      vertex 3.31747 16.836 5
      vertex 4.4601 15.7778 5
    endloop
  endfacet
  facet normal 0 0 1
    outer loop
      vertex 7.32867 13.8611 5
      vertex 6.0399 14.7222 5
      vertex 7.18253 13.664 5
    endloop
  endfacet
  facet normal -0 0 1
    outer loop
      vertex 5.98436 14.6473 5
      vertex 7.18253 13.664 5
      vertex 6.0399 14.7222 5
    endloop
  endfacet
  facet normal 0 0 1
    outer loop
      vertex 7.18253 13.664 5
      vertex 5.98436 14.6473 5
      vertex 7.01777 13.4822 5
    endloop
  endfacet
  facet normal -0 0 1
    outer loop
      vertex 5.92175 14.5782 5
      vertex 7.01777 13.4822 5
      vertex 5.98436 14.6473 5
    endloop
  endfacet
  facet normal 0 0 1
    outer loop
      vertex 7.01777 13.4822 5
      vertex 5.92175 14.5782 5
      vertex 6.83598 13.3175 5
    endloop
  endfacet
  facet normal -0 0 1
    outer loop
      vertex 5.85267 14.5156 5
      vertex 6.83598 13.3175 5
      vertex 5.92175 14.5782 5
    endloop
  endfacet
  facet normal 0 0 1
    outer loop
      vertex 6.83598 13.3175 5
      vertex 5.85267 14.5156 5
      vertex 6.63893 13.1713 5
    endloop
  endfacet
  facet normal -0 0 1
    outer loop
      vertex 5.77779 14.4601 5
      vertex 6.63893 13.1713 5
      vertex 5.85267 14.5156 5
    endloop
  endfacet
  facet normal 0 0 1
    outer loop
      vertex 6.63893 13.1713 5
      vertex 5.77779 14.4601 5
      vertex 6.42849 13.0452 5
    endloop
  endfacet
  facet normal -0 0 1
    outer loop
      vertex 5.69783 14.4122 5
      vertex 6.42849 13.0452 5
      vertex 5.77779 14.4601 5
    endloop
  endfacet
  facet normal 0 0 1
    outer loop
      vertex 6.42849 13.0452 5
      vertex 5.69783 14.4122 5
      vertex 6.20671 12.9403 5
    endloop
  endfacet
  facet normal -0 0 1
    outer loop
      vertex 5.61355 14.3723 5
      vertex 6.20671 12.9403 5
      vertex 5.69783 14.4122 5
    endloop
  endfacet
  facet normal 0 0 1
    outer loop
      vertex 6.20671 12.9403 5
      vertex 5.61355 14.3723 5
      vertex 5.97571 12.8576 5
    endloop
  endfacet
  facet normal -0 0 1
    outer loop
      vertex 5.52577 14.3409 5
      vertex 5.97571 12.8576 5
      vertex 5.61355 14.3723 5
    endloop
  endfacet
  facet normal 0 0 1
    outer loop
      vertex 5.97571 12.8576 5
      vertex 5.52577 14.3409 5
      vertex 5.73773 12.798 5
    endloop
  endfacet
  facet normal -0 0 1
    outer loop
      vertex 5.43534 14.3183 5
      vertex 5.73773 12.798 5
      vertex 5.52577 14.3409 5
    endloop
  endfacet
  facet normal 0 0 1
    outer loop
      vertex 5.73773 12.798 5
      vertex 5.43534 14.3183 5
      vertex 5.49504 12.762 5
    endloop
  endfacet
  facet normal -0 0 1
    outer loop
      vertex 5.34312 14.3046 5
      vertex 5.49504 12.762 5
      vertex 5.43534 14.3183 5
    endloop
  endfacet
  facet normal -0 0 1
    outer loop
      vertex 5.25 14.3 5
      vertex 5.49504 12.762 5
      vertex 5.34312 14.3046 5
    endloop
  endfacet
  facet normal 0 0 1
    outer loop
      vertex 5.25 14.3 5
      vertex 5.25 12.75 5
      vertex 5.49504 12.762 5
    endloop
  endfacet
  facet normal 0 0 1
    outer loop
      vertex 5.15688 14.3046 5
      vertex 5.25 12.75 5
      vertex 5.25 14.3 5
    endloop
  endfacet
  facet normal 0 0 1
    outer loop
      vertex 5.00496 12.762 5
      vertex 5.15688 14.3046 5
      vertex 5.06466 14.3183 5
    endloop
  endfacet
  facet normal 0 0 1
    outer loop
      vertex 5.15688 14.3046 5
      vertex 5.00496 12.762 5
      vertex 5.25 12.75 5
    endloop
  endfacet
  facet normal 0 0 1
    outer loop
      vertex 4.76227 12.798 5
      vertex 5.06466 14.3183 5
      vertex 4.97423 14.3409 5
    endloop
  endfacet
  facet normal 0 0 1
    outer loop
      vertex 4.52429 12.8576 5
      vertex 4.97423 14.3409 5
      vertex 4.88645 14.3723 5
    endloop
  endfacet
  facet normal 0 0 1
    outer loop
      vertex 4.29329 12.9403 5
      vertex 4.88645 14.3723 5
      vertex 4.80217 14.4122 5
    endloop
  endfacet
  facet normal 0 0 1
    outer loop
      vertex 5.06466 14.3183 5
      vertex 4.76227 12.798 5
      vertex 5.00496 12.762 5
    endloop
  endfacet
  facet normal 0 0 1
    outer loop
      vertex 4.07151 13.0452 5
      vertex 4.80217 14.4122 5
      vertex 4.72221 14.4601 5
    endloop
  endfacet
  facet normal 0 0 1
    outer loop
      vertex 3.86107 13.1713 5
      vertex 4.72221 14.4601 5
      vertex 4.64733 14.5156 5
    endloop
  endfacet
  facet normal 0 0 1
    outer loop
      vertex 3.66402 13.3175 5
      vertex 4.64733 14.5156 5
      vertex 4.57825 14.5782 5
    endloop
  endfacet
  facet normal 0 0 1
    outer loop
      vertex 4.97423 14.3409 5
      vertex 4.52429 12.8576 5
      vertex 4.76227 12.798 5
    endloop
  endfacet
  facet normal 0 0 1
    outer loop
      vertex 3.48223 13.4822 5
      vertex 4.57825 14.5782 5
      vertex 4.51564 14.6473 5
    endloop
  endfacet
  facet normal 0 0 1
    outer loop
      vertex 3.31747 13.664 5
      vertex 4.51564 14.6473 5
      vertex 4.4601 14.7222 5
    endloop
  endfacet
  facet normal 0 0 1
    outer loop
      vertex 3.17133 13.8611 5
      vertex 4.4601 14.7222 5
      vertex 4.41218 14.8022 5
    endloop
  endfacet
  facet normal 0 0 1
    outer loop
      vertex 3.0452 14.0715 5
      vertex 4.41218 14.8022 5
      vertex 4.37231 14.8865 5
    endloop
  endfacet
  facet normal 0 0 1
    outer loop
      vertex 2.9403 14.2933 5
      vertex 4.37231 14.8865 5
      vertex 4.34091 14.9742 5
    endloop
  endfacet
  facet normal 0 0 1
    outer loop
      vertex 2.85765 14.5243 5
      vertex 4.34091 14.9742 5
      vertex 4.31825 15.0647 5
    endloop
  endfacet
  facet normal 0 0 1
    outer loop
      vertex 2.79804 14.7623 5
      vertex 4.31825 15.0647 5
      vertex 4.30457 15.1569 5
    endloop
  endfacet
  facet normal 0 0 1
    outer loop
      vertex 4.88645 14.3723 5
      vertex 4.29329 12.9403 5
      vertex 4.52429 12.8576 5
    endloop
  endfacet
  facet normal 0 0 1
    outer loop
      vertex 2.76204 15.005 5
      vertex 4.30457 15.1569 5
      vertex 4.3 15.25 5
    endloop
  endfacet
  facet normal 0 0 1
    outer loop
      vertex 4.4601 15.7778 5
      vertex 3.17133 16.6389 5
      vertex 4.41218 15.6978 5
    endloop
  endfacet
  facet normal -0 0 1
    outer loop
      vertex 3.0452 16.4285 5
      vertex 4.41218 15.6978 5
      vertex 3.17133 16.6389 5
    endloop
  endfacet
  facet normal 0 0 1
    outer loop
      vertex 4.80217 14.4122 5
      vertex 4.07151 13.0452 5
      vertex 4.29329 12.9403 5
    endloop
  endfacet
  facet normal 0 0 1
    outer loop
      vertex 4.41218 15.6978 5
      vertex 3.0452 16.4285 5
      vertex 4.37231 15.6135 5
    endloop
  endfacet
  facet normal 0 0 1
    outer loop
      vertex 4.72221 14.4601 5
      vertex 3.86107 13.1713 5
      vertex 4.07151 13.0452 5
    endloop
  endfacet
  facet normal -0 0 1
    outer loop
      vertex 2.9403 16.2067 5
      vertex 4.37231 15.6135 5
      vertex 3.0452 16.4285 5
    endloop
  endfacet
  facet normal 0 0 1
    outer loop
      vertex 4.64733 14.5156 5
      vertex 3.66402 13.3175 5
      vertex 3.86107 13.1713 5
    endloop
  endfacet
  facet normal 0 0 1
    outer loop
      vertex 4.37231 15.6135 5
      vertex 2.9403 16.2067 5
      vertex 4.34091 15.5258 5
    endloop
  endfacet
  facet normal 0 0 1
    outer loop
      vertex 4.57825 14.5782 5
      vertex 3.48223 13.4822 5
      vertex 3.66402 13.3175 5
    endloop
  endfacet
  facet normal -0 0 1
    outer loop
      vertex 2.85765 15.9757 5
      vertex 4.34091 15.5258 5
      vertex 2.9403 16.2067 5
    endloop
  endfacet
  facet normal 0 0 1
    outer loop
      vertex 4.51564 14.6473 5
      vertex 3.31747 13.664 5
      vertex 3.48223 13.4822 5
    endloop
  endfacet
  facet normal 0 0 1
    outer loop
      vertex 4.34091 15.5258 5
      vertex 2.85765 15.9757 5
      vertex 4.31825 15.4353 5
    endloop
  endfacet
  facet normal 0 0 1
    outer loop
      vertex 4.4601 14.7222 5
      vertex 3.17133 13.8611 5
      vertex 3.31747 13.664 5
    endloop
  endfacet
  facet normal -0 0 1
    outer loop
      vertex 2.79804 15.7377 5
      vertex 4.31825 15.4353 5
      vertex 2.85765 15.9757 5
    endloop
  endfacet
  facet normal 0 0 1
    outer loop
      vertex 4.41218 14.8022 5
      vertex 3.0452 14.0715 5
      vertex 3.17133 13.8611 5
    endloop
  endfacet
  facet normal 0 0 1
    outer loop
      vertex 4.31825 15.4353 5
      vertex 2.79804 15.7377 5
      vertex 4.30457 15.3431 5
    endloop
  endfacet
  facet normal 0 0 1
    outer loop
      vertex 4.37231 14.8865 5
      vertex 2.9403 14.2933 5
      vertex 3.0452 14.0715 5
    endloop
  endfacet
  facet normal -0 0 1
    outer loop
      vertex 2.76204 15.495 5
      vertex 4.30457 15.3431 5
      vertex 2.79804 15.7377 5
    endloop
  endfacet
  facet normal 0 0 1
    outer loop
      vertex 4.34091 14.9742 5
      vertex 2.85765 14.5243 5
      vertex 2.9403 14.2933 5
    endloop
  endfacet
  facet normal 0 0 1
    outer loop
      vertex 4.30457 15.3431 5
      vertex 2.76204 15.495 5
      vertex 4.3 15.25 5
    endloop
  endfacet
  facet normal 0 0 1
    outer loop
      vertex 4.31825 15.0647 5
      vertex 2.79804 14.7623 5
      vertex 2.85765 14.5243 5
    endloop
  endfacet
  facet normal 0 0 1
    outer loop
      vertex 2.75 15.25 5
      vertex 4.3 15.25 5
      vertex 2.76204 15.495 5
    endloop
  endfacet
  facet normal 0 0 1
    outer loop
      vertex 4.30457 15.1569 5
      vertex 2.76204 15.005 5
      vertex 2.79804 14.7623 5
    endloop
  endfacet
  facet normal 0 0 1
    outer loop
      vertex 4.3 15.25 5
      vertex 2.75 15.25 5
      vertex 2.76204 15.005 5
    endloop
  endfacet
  facet normal -0.989177 0.146726 0
    outer loop
      vertex 2.76204 15.495 2
      vertex 2.79804 15.7377 5
      vertex 2.79804 15.7377 2
    endloop
  endfacet
  facet normal -0.989177 0.146726 0
    outer loop
      vertex 2.79804 15.7377 5
      vertex 2.76204 15.495 2
      vertex 2.76204 15.495 5
    endloop
  endfacet
  facet normal 0.989177 -0.146726 0
    outer loop
      vertex 7.70196 14.7623 5
      vertex 7.73796 15.005 2
      vertex 7.73796 15.005 5
    endloop
  endfacet
  facet normal 0.989177 -0.146726 0
    outer loop
      vertex 7.73796 15.005 2
      vertex 7.70196 14.7623 5
      vertex 7.70196 14.7623 2
    endloop
  endfacet
  facet normal 0.337059 -0.941483 0
    outer loop
      vertex 5.97571 12.8576 2
      vertex 6.20671 12.9403 5
      vertex 5.97571 12.8576 5
    endloop
  endfacet
  facet normal 0.337059 -0.941483 0
    outer loop
      vertex 6.20671 12.9403 5
      vertex 5.97571 12.8576 2
      vertex 6.20671 12.9403 2
    endloop
  endfacet
  facet normal 0.514004 -0.857788 0
    outer loop
      vertex 6.42849 13.0452 2
      vertex 6.63893 13.1713 5
      vertex 6.42849 13.0452 5
    endloop
  endfacet
  facet normal 0.514004 -0.857788 0
    outer loop
      vertex 6.63893 13.1713 5
      vertex 6.42849 13.0452 2
      vertex 6.63893 13.1713 2
    endloop
  endfacet
  facet normal -0.242938 -0.970042 0
    outer loop
      vertex 4.52429 12.8576 2
      vertex 4.76227 12.798 5
      vertex 4.52429 12.8576 5
    endloop
  endfacet
  facet normal -0.242938 -0.970042 -0
    outer loop
      vertex 4.76227 12.798 5
      vertex 4.52429 12.8576 2
      vertex 4.76227 12.798 2
    endloop
  endfacet
  facet normal -0.427575 -0.90398 0
    outer loop
      vertex 4.07151 13.0452 2
      vertex 4.29329 12.9403 5
      vertex 4.07151 13.0452 5
    endloop
  endfacet
  facet normal -0.427575 -0.90398 -0
    outer loop
      vertex 4.29329 12.9403 5
      vertex 4.07151 13.0452 2
      vertex 4.29329 12.9403 2
    endloop
  endfacet
  facet normal -0.595851 -0.803095 0
    outer loop
      vertex 3.66402 13.3175 2
      vertex 3.86107 13.1713 5
      vertex 3.66402 13.3175 5
    endloop
  endfacet
  facet normal -0.595851 -0.803095 -0
    outer loop
      vertex 3.86107 13.1713 5
      vertex 3.66402 13.3175 2
      vertex 3.86107 13.1713 2
    endloop
  endfacet
  facet normal -0.941548 -0.336879 0
    outer loop
      vertex 2.9403 14.2933 2
      vertex 2.85765 14.5243 5
      vertex 2.85765 14.5243 2
    endloop
  endfacet
  facet normal -0.941548 -0.336879 0
    outer loop
      vertex 2.85765 14.5243 5
      vertex 2.9403 14.2933 2
      vertex 2.9403 14.2933 5
    endloop
  endfacet
  facet normal -0.989177 -0.146726 0
    outer loop
      vertex 2.79804 14.7623 2
      vertex 2.76204 15.005 5
      vertex 2.76204 15.005 2
    endloop
  endfacet
  facet normal -0.989177 -0.146726 0
    outer loop
      vertex 2.76204 15.005 5
      vertex 2.79804 14.7623 2
      vertex 2.79804 14.7623 5
    endloop
  endfacet
  facet normal -0.857691 -0.514166 0
    outer loop
      vertex 3.17133 13.8611 2
      vertex 3.0452 14.0715 5
      vertex 3.0452 14.0715 2
    endloop
  endfacet
  facet normal -0.857691 -0.514166 0
    outer loop
      vertex 3.0452 14.0715 5
      vertex 3.17133 13.8611 2
      vertex 3.17133 13.8611 5
    endloop
  endfacet
  facet normal 0.903745 -0.42807 0
    outer loop
      vertex 7.5597 14.2933 5
      vertex 7.54819 14.269 2
      vertex 7.5597 14.2933 2
    endloop
  endfacet
  facet normal 0.903995 -0.427543 -5.22779e-06
    outer loop
      vertex 7.4548 14.0715 5
      vertex 7.54819 14.269 2
      vertex 7.5597 14.2933 5
    endloop
  endfacet
  facet normal 0.904026 -0.427478 0
    outer loop
      vertex 7.54819 14.269 2
      vertex 7.4548 14.0715 5
      vertex 7.4548 14.0715 2
    endloop
  endfacet
  facet normal 0.857691 -0.514166 0
    outer loop
      vertex 7.32867 13.8611 5
      vertex 7.4548 14.0715 2
      vertex 7.4548 14.0715 5
    endloop
  endfacet
  facet normal 0.857691 -0.514166 0
    outer loop
      vertex 7.4548 14.0715 2
      vertex 7.32867 13.8611 5
      vertex 7.32867 13.8611 2
    endloop
  endfacet
  facet normal 0.803284 -0.595596 0
    outer loop
      vertex 7.18253 13.664 5
      vertex 7.32867 13.8611 2
      vertex 7.32867 13.8611 5
    endloop
  endfacet
  facet normal 0.803284 -0.595596 0
    outer loop
      vertex 7.32867 13.8611 2
      vertex 7.18253 13.664 5
      vertex 7.18253 13.664 2
    endloop
  endfacet
  facet normal -0.998797 -0.049028 0
    outer loop
      vertex 6.2 15.25 2
      vertex 6.19543 15.3431 5
      vertex 6.19543 15.3431 2
    endloop
  endfacet
  facet normal -0.998797 -0.049028 0
    outer loop
      vertex 6.19543 15.3431 5
      vertex 6.2 15.25 2
      vertex 6.2 15.25 5
    endloop
  endfacet
  facet normal 0.998797 -0.049028 0
    outer loop
      vertex 4.3 15.25 5
      vertex 4.30457 15.3431 2
      vertex 4.30457 15.3431 5
    endloop
  endfacet
  facet normal 0.998797 -0.049028 0
    outer loop
      vertex 4.30457 15.3431 2
      vertex 4.3 15.25 5
      vertex 4.3 15.25 2
    endloop
  endfacet
  facet normal -0.0493385 -0.998782 0
    outer loop
      vertex 5.25 16.2 2
      vertex 5.34312 16.1954 5
      vertex 5.25 16.2 5
    endloop
  endfacet
  facet normal -0.0493385 -0.998782 -0
    outer loop
      vertex 5.34312 16.1954 5
      vertex 5.25 16.2 2
      vertex 5.34312 16.1954 2
    endloop
  endfacet
  facet normal 0.0493385 0.998782 -0
    outer loop
      vertex 5.25 14.3 2
      vertex 5.15688 14.3046 5
      vertex 5.25 14.3 5
    endloop
  endfacet
  facet normal 0.0493385 0.998782 0
    outer loop
      vertex 5.15688 14.3046 5
      vertex 5.25 14.3 2
      vertex 5.15688 14.3046 2
    endloop
  endfacet
  facet normal -0.671497 -0.741007 0
    outer loop
      vertex 5.85267 15.9844 2
      vertex 5.92175 15.9218 5
      vertex 5.85267 15.9844 5
    endloop
  endfacet
  facet normal -0.671497 -0.741007 -0
    outer loop
      vertex 5.92175 15.9218 5
      vertex 5.85267 15.9844 2
      vertex 5.92175 15.9218 2
    endloop
  endfacet
  facet normal 0.671497 -0.741007 0
    outer loop
      vertex 4.57825 15.9218 2
      vertex 4.64733 15.9844 5
      vertex 4.57825 15.9218 5
    endloop
  endfacet
  facet normal 0.671497 -0.741007 0
    outer loop
      vertex 4.64733 15.9844 5
      vertex 4.57825 15.9218 2
      vertex 4.64733 15.9844 2
    endloop
  endfacet
  facet normal 0.336812 -0.941572 0
    outer loop
      vertex 4.88645 16.1277 2
      vertex 4.97423 16.1591 5
      vertex 4.88645 16.1277 5
    endloop
  endfacet
  facet normal 0.336812 -0.941572 0
    outer loop
      vertex 4.97423 16.1591 5
      vertex 4.88645 16.1277 2
      vertex 4.97423 16.1591 2
    endloop
  endfacet
  facet normal 0.970054 0.242889 0
    outer loop
      vertex 4.34091 14.9742 5
      vertex 4.31825 15.0647 2
      vertex 4.31825 15.0647 5
    endloop
  endfacet
  facet normal 0.970054 0.242889 0
    outer loop
      vertex 4.31825 15.0647 2
      vertex 4.34091 14.9742 5
      vertex 4.34091 14.9742 2
    endloop
  endfacet
  facet normal -0.903993 -0.427547 0
    outer loop
      vertex 6.12769 15.6135 2
      vertex 6.08782 15.6978 5
      vertex 6.08782 15.6978 2
    endloop
  endfacet
  facet normal -0.903993 -0.427547 0
    outer loop
      vertex 6.08782 15.6978 5
      vertex 6.12769 15.6135 2
      vertex 6.12769 15.6135 5
    endloop
  endfacet
  facet normal -0.427893 -0.90383 0
    outer loop
      vertex 5.61355 16.1277 2
      vertex 5.69783 16.0878 5
      vertex 5.61355 16.1277 5
    endloop
  endfacet
  facet normal -0.427893 -0.90383 -0
    outer loop
      vertex 5.69783 16.0878 5
      vertex 5.61355 16.1277 2
      vertex 5.69783 16.0878 2
    endloop
  endfacet
  facet normal -0.595458 -0.803386 0
    outer loop
      vertex 5.77779 16.0399 2
      vertex 5.85267 15.9844 5
      vertex 5.77779 16.0399 5
    endloop
  endfacet
  facet normal -0.595458 -0.803386 -0
    outer loop
      vertex 5.85267 15.9844 5
      vertex 5.77779 16.0399 2
      vertex 5.85267 15.9844 2
    endloop
  endfacet
  facet normal 0.857871 -0.513865 0
    outer loop
      vertex 4.41218 15.6978 5
      vertex 4.4601 15.7778 2
      vertex 4.4601 15.7778 5
    endloop
  endfacet
  facet normal 0.857871 -0.513865 0
    outer loop
      vertex 4.4601 15.7778 2
      vertex 4.41218 15.6978 5
      vertex 4.41218 15.6978 2
    endloop
  endfacet
  facet normal 0.803257 -0.595633 0
    outer loop
      vertex 4.4601 15.7778 5
      vertex 4.51564 15.8527 2
      vertex 4.51564 15.8527 5
    endloop
  endfacet
  facet normal 0.803257 -0.595633 0
    outer loop
      vertex 4.51564 15.8527 2
      vertex 4.4601 15.7778 5
      vertex 4.4601 15.7778 2
    endloop
  endfacet
  facet normal 0.146945 -0.989145 0
    outer loop
      vertex 5.06466 16.1817 2
      vertex 5.15688 16.1954 5
      vertex 5.06466 16.1817 5
    endloop
  endfacet
  facet normal 0.146945 -0.989145 0
    outer loop
      vertex 5.15688 16.1954 5
      vertex 5.06466 16.1817 2
      vertex 5.15688 16.1954 2
    endloop
  endfacet
  facet normal -0.903993 0.427547 0
    outer loop
      vertex 6.08782 14.8022 2
      vertex 6.12769 14.8865 5
      vertex 6.12769 14.8865 2
    endloop
  endfacet
  facet normal -0.903993 0.427547 0
    outer loop
      vertex 6.12769 14.8865 5
      vertex 6.08782 14.8022 2
      vertex 6.08782 14.8022 5
    endloop
  endfacet
  facet normal -0.24246 0.970161 0
    outer loop
      vertex 5.52577 14.3409 2
      vertex 5.43534 14.3183 5
      vertex 5.52577 14.3409 5
    endloop
  endfacet
  facet normal -0.24246 0.970161 0
    outer loop
      vertex 5.43534 14.3183 5
      vertex 5.52577 14.3409 2
      vertex 5.43534 14.3183 2
    endloop
  endfacet
  facet normal -0.74105 0.671449 0
    outer loop
      vertex 5.92175 14.5782 2
      vertex 5.98436 14.6473 5
      vertex 5.98436 14.6473 2
    endloop
  endfacet
  facet normal -0.74105 0.671449 0
    outer loop
      vertex 5.98436 14.6473 5
      vertex 5.92175 14.5782 2
      vertex 5.92175 14.5782 5
    endloop
  endfacet
  facet normal -0.970054 0.242889 0
    outer loop
      vertex 6.15909 14.9742 2
      vertex 6.18175 15.0647 5
      vertex 6.18175 15.0647 2
    endloop
  endfacet
  facet normal -0.970054 0.242889 0
    outer loop
      vertex 6.18175 15.0647 5
      vertex 6.15909 14.9742 2
      vertex 6.15909 14.9742 5
    endloop
  endfacet
  facet normal 0.336812 0.941572 -0
    outer loop
      vertex 4.97423 14.3409 2
      vertex 4.88645 14.3723 5
      vertex 4.97423 14.3409 5
    endloop
  endfacet
  facet normal 0.336812 0.941572 0
    outer loop
      vertex 4.88645 14.3723 5
      vertex 4.97423 14.3409 2
      vertex 4.88645 14.3723 2
    endloop
  endfacet
  facet normal 0.74105 0.671449 0
    outer loop
      vertex 4.57825 14.5782 5
      vertex 4.51564 14.6473 2
      vertex 4.51564 14.6473 5
    endloop
  endfacet
  facet normal 0.74105 0.671449 0
    outer loop
      vertex 4.51564 14.6473 2
      vertex 4.57825 14.5782 5
      vertex 4.57825 14.5782 2
    endloop
  endfacet
  facet normal 0.803257 0.595633 0
    outer loop
      vertex 4.51564 14.6473 5
      vertex 4.4601 14.7222 2
      vertex 4.4601 14.7222 5
    endloop
  endfacet
  facet normal 0.803257 0.595633 0
    outer loop
      vertex 4.4601 14.7222 2
      vertex 4.51564 14.6473 5
      vertex 4.51564 14.6473 2
    endloop
  endfacet
  facet normal -0.970054 -0.242889 0
    outer loop
      vertex 6.18175 15.4353 2
      vertex 6.15909 15.5258 5
      vertex 6.15909 15.5258 2
    endloop
  endfacet
  facet normal -0.970054 -0.242889 0
    outer loop
      vertex 6.15909 15.5258 5
      vertex 6.18175 15.4353 2
      vertex 6.18175 15.4353 5
    endloop
  endfacet
  facet normal -0.989171 -0.146766 0
    outer loop
      vertex 6.19543 15.3431 2
      vertex 6.18175 15.4353 5
      vertex 6.18175 15.4353 2
    endloop
  endfacet
  facet normal -0.989171 -0.146766 0
    outer loop
      vertex 6.18175 15.4353 5
      vertex 6.19543 15.3431 2
      vertex 6.19543 15.3431 5
    endloop
  endfacet
  facet normal -0.941474 -0.337084 0
    outer loop
      vertex 6.15909 15.5258 2
      vertex 6.12769 15.6135 5
      vertex 6.12769 15.6135 2
    endloop
  endfacet
  facet normal -0.941474 -0.337084 0
    outer loop
      vertex 6.12769 15.6135 5
      vertex 6.15909 15.5258 2
      vertex 6.15909 15.5258 5
    endloop
  endfacet
  facet normal -0.803257 -0.595633 0
    outer loop
      vertex 6.0399 15.7778 2
      vertex 5.98436 15.8527 5
      vertex 5.98436 15.8527 2
    endloop
  endfacet
  facet normal -0.803257 -0.595633 0
    outer loop
      vertex 5.98436 15.8527 5
      vertex 6.0399 15.7778 2
      vertex 6.0399 15.7778 5
    endloop
  endfacet
  facet normal -0.74105 -0.671449 0
    outer loop
      vertex 5.98436 15.8527 2
      vertex 5.92175 15.9218 5
      vertex 5.92175 15.9218 2
    endloop
  endfacet
  facet normal -0.74105 -0.671449 0
    outer loop
      vertex 5.92175 15.9218 5
      vertex 5.98436 15.8527 2
      vertex 5.98436 15.8527 5
    endloop
  endfacet
  facet normal -0.857871 -0.513865 0
    outer loop
      vertex 6.08782 15.6978 2
      vertex 6.0399 15.7778 5
      vertex 6.0399 15.7778 2
    endloop
  endfacet
  facet normal -0.857871 -0.513865 0
    outer loop
      vertex 6.0399 15.7778 5
      vertex 6.08782 15.6978 2
      vertex 6.08782 15.6978 5
    endloop
  endfacet
  facet normal -0.24246 -0.970161 0
    outer loop
      vertex 5.43534 16.1817 2
      vertex 5.52577 16.1591 5
      vertex 5.43534 16.1817 5
    endloop
  endfacet
  facet normal -0.24246 -0.970161 -0
    outer loop
      vertex 5.52577 16.1591 5
      vertex 5.43534 16.1817 2
      vertex 5.52577 16.1591 2
    endloop
  endfacet
  facet normal -0.336812 -0.941572 0
    outer loop
      vertex 5.52577 16.1591 2
      vertex 5.61355 16.1277 5
      vertex 5.52577 16.1591 5
    endloop
  endfacet
  facet normal -0.336812 -0.941572 -0
    outer loop
      vertex 5.61355 16.1277 5
      vertex 5.52577 16.1591 2
      vertex 5.61355 16.1277 2
    endloop
  endfacet
  facet normal -0.146945 -0.989145 0
    outer loop
      vertex 5.34312 16.1954 2
      vertex 5.43534 16.1817 5
      vertex 5.34312 16.1954 5
    endloop
  endfacet
  facet normal -0.146945 -0.989145 -0
    outer loop
      vertex 5.43534 16.1817 5
      vertex 5.34312 16.1954 2
      vertex 5.43534 16.1817 2
    endloop
  endfacet
  facet normal -0.513896 -0.857852 0
    outer loop
      vertex 5.69783 16.0878 2
      vertex 5.77779 16.0399 5
      vertex 5.69783 16.0878 5
    endloop
  endfacet
  facet normal -0.513896 -0.857852 -0
    outer loop
      vertex 5.77779 16.0399 5
      vertex 5.69783 16.0878 2
      vertex 5.77779 16.0399 2
    endloop
  endfacet
  facet normal 0.970054 -0.242889 0
    outer loop
      vertex 4.31825 15.4353 5
      vertex 4.34091 15.5258 2
      vertex 4.34091 15.5258 5
    endloop
  endfacet
  facet normal 0.970054 -0.242889 0
    outer loop
      vertex 4.34091 15.5258 2
      vertex 4.31825 15.4353 5
      vertex 4.31825 15.4353 2
    endloop
  endfacet
  facet normal 0.903993 -0.427547 0
    outer loop
      vertex 4.37231 15.6135 5
      vertex 4.41218 15.6978 2
      vertex 4.41218 15.6978 5
    endloop
  endfacet
  facet normal 0.903993 -0.427547 0
    outer loop
      vertex 4.41218 15.6978 2
      vertex 4.37231 15.6135 5
      vertex 4.37231 15.6135 2
    endloop
  endfacet
  facet normal 0.989171 -0.146766 0
    outer loop
      vertex 4.30457 15.3431 5
      vertex 4.31825 15.4353 2
      vertex 4.31825 15.4353 5
    endloop
  endfacet
  facet normal 0.989171 -0.146766 0
    outer loop
      vertex 4.31825 15.4353 2
      vertex 4.30457 15.3431 5
      vertex 4.30457 15.3431 2
    endloop
  endfacet
  facet normal 0.513896 -0.857852 0
    outer loop
      vertex 4.72221 16.0399 2
      vertex 4.80217 16.0878 5
      vertex 4.72221 16.0399 5
    endloop
  endfacet
  facet normal 0.513896 -0.857852 0
    outer loop
      vertex 4.80217 16.0878 5
      vertex 4.72221 16.0399 2
      vertex 4.80217 16.0878 2
    endloop
  endfacet
  facet normal 0.24246 -0.970161 0
    outer loop
      vertex 4.97423 16.1591 2
      vertex 5.06466 16.1817 5
      vertex 4.97423 16.1591 5
    endloop
  endfacet
  facet normal 0.24246 -0.970161 0
    outer loop
      vertex 5.06466 16.1817 5
      vertex 4.97423 16.1591 2
      vertex 5.06466 16.1817 2
    endloop
  endfacet
  facet normal 0.0493385 -0.998782 0
    outer loop
      vertex 5.15688 16.1954 2
      vertex 5.25 16.2 5
      vertex 5.15688 16.1954 5
    endloop
  endfacet
  facet normal 0.0493385 -0.998782 0
    outer loop
      vertex 5.25 16.2 5
      vertex 5.15688 16.1954 2
      vertex 5.25 16.2 2
    endloop
  endfacet
  facet normal -0.998797 0.049028 0
    outer loop
      vertex 6.19543 15.1569 2
      vertex 6.2 15.25 5
      vertex 6.2 15.25 2
    endloop
  endfacet
  facet normal -0.998797 0.049028 0
    outer loop
      vertex 6.2 15.25 5
      vertex 6.19543 15.1569 2
      vertex 6.19543 15.1569 5
    endloop
  endfacet
  facet normal -0.0493385 0.998782 0
    outer loop
      vertex 5.34312 14.3046 2
      vertex 5.25 14.3 5
      vertex 5.34312 14.3046 5
    endloop
  endfacet
  facet normal -0.0493385 0.998782 0
    outer loop
      vertex 5.25 14.3 5
      vertex 5.34312 14.3046 2
      vertex 5.25 14.3 2
    endloop
  endfacet
  facet normal -0.513896 0.857852 0
    outer loop
      vertex 5.77779 14.4601 2
      vertex 5.69783 14.4122 5
      vertex 5.77779 14.4601 5
    endloop
  endfacet
  facet normal -0.513896 0.857852 0
    outer loop
      vertex 5.69783 14.4122 5
      vertex 5.77779 14.4601 2
      vertex 5.69783 14.4122 2
    endloop
  endfacet
  facet normal -0.671497 0.741007 0
    outer loop
      vertex 5.92175 14.5782 2
      vertex 5.85267 14.5156 5
      vertex 5.92175 14.5782 5
    endloop
  endfacet
  facet normal -0.671497 0.741007 0
    outer loop
      vertex 5.85267 14.5156 5
      vertex 5.92175 14.5782 2
      vertex 5.85267 14.5156 2
    endloop
  endfacet
  facet normal -0.595458 0.803386 0
    outer loop
      vertex 5.85267 14.5156 2
      vertex 5.77779 14.4601 5
      vertex 5.85267 14.5156 5
    endloop
  endfacet
  facet normal -0.595458 0.803386 0
    outer loop
      vertex 5.77779 14.4601 5
      vertex 5.85267 14.5156 2
      vertex 5.77779 14.4601 2
    endloop
  endfacet
  facet normal -0.803257 0.595633 0
    outer loop
      vertex 5.98436 14.6473 2
      vertex 6.0399 14.7222 5
      vertex 6.0399 14.7222 2
    endloop
  endfacet
  facet normal -0.803257 0.595633 0
    outer loop
      vertex 6.0399 14.7222 5
      vertex 5.98436 14.6473 2
      vertex 5.98436 14.6473 5
    endloop
  endfacet
  facet normal -0.857871 0.513865 0
    outer loop
      vertex 6.0399 14.7222 2
      vertex 6.08782 14.8022 5
      vertex 6.08782 14.8022 2
    endloop
  endfacet
  facet normal -0.857871 0.513865 0
    outer loop
      vertex 6.08782 14.8022 5
      vertex 6.0399 14.7222 2
      vertex 6.0399 14.7222 5
    endloop
  endfacet
  facet normal 0.671497 0.741007 -0
    outer loop
      vertex 4.64733 14.5156 2
      vertex 4.57825 14.5782 5
      vertex 4.64733 14.5156 5
    endloop
  endfacet
  facet normal 0.671497 0.741007 0
    outer loop
      vertex 4.57825 14.5782 5
      vertex 4.64733 14.5156 2
      vertex 4.57825 14.5782 2
    endloop
  endfacet
  facet normal 0.595458 0.803386 -0
    outer loop
      vertex 4.72221 14.4601 2
      vertex 4.64733 14.5156 5
      vertex 4.72221 14.4601 5
    endloop
  endfacet
  facet normal 0.595458 0.803386 0
    outer loop
      vertex 4.64733 14.5156 5
      vertex 4.72221 14.4601 2
      vertex 4.64733 14.5156 2
    endloop
  endfacet
  facet normal 0.513896 0.857852 -0
    outer loop
      vertex 4.80217 14.4122 2
      vertex 4.72221 14.4601 5
      vertex 4.80217 14.4122 5
    endloop
  endfacet
  facet normal 0.513896 0.857852 0
    outer loop
      vertex 4.72221 14.4601 5
      vertex 4.80217 14.4122 2
      vertex 4.72221 14.4601 2
    endloop
  endfacet
  facet normal 0.146945 0.989145 -0
    outer loop
      vertex 5.15688 14.3046 2
      vertex 5.06466 14.3183 5
      vertex 5.15688 14.3046 5
    endloop
  endfacet
  facet normal 0.146945 0.989145 0
    outer loop
      vertex 5.06466 14.3183 5
      vertex 5.15688 14.3046 2
      vertex 5.06466 14.3183 2
    endloop
  endfacet
  facet normal 0.903993 0.427547 0
    outer loop
      vertex 4.41218 14.8022 5
      vertex 4.37231 14.8865 2
      vertex 4.37231 14.8865 5
    endloop
  endfacet
  facet normal 0.903993 0.427547 0
    outer loop
      vertex 4.37231 14.8865 2
      vertex 4.41218 14.8022 5
      vertex 4.41218 14.8022 2
    endloop
  endfacet
  facet normal 0.941474 0.337084 0
    outer loop
      vertex 4.37231 14.8865 5
      vertex 4.34091 14.9742 2
      vertex 4.34091 14.9742 5
    endloop
  endfacet
  facet normal 0.941474 0.337084 0
    outer loop
      vertex 4.34091 14.9742 2
      vertex 4.37231 14.8865 5
      vertex 4.37231 14.8865 2
    endloop
  endfacet
  facet normal 0.998797 0.049028 0
    outer loop
      vertex 4.30457 15.1569 5
      vertex 4.3 15.25 2
      vertex 4.3 15.25 5
    endloop
  endfacet
  facet normal 0.998797 0.049028 0
    outer loop
      vertex 4.3 15.25 2
      vertex 4.30457 15.1569 5
      vertex 4.30457 15.1569 2
    endloop
  endfacet
  facet normal 0.74105 -0.671449 0
    outer loop
      vertex 4.51564 15.8527 5
      vertex 4.57825 15.9218 2
      vertex 4.57825 15.9218 5
    endloop
  endfacet
  facet normal 0.74105 -0.671449 0
    outer loop
      vertex 4.57825 15.9218 2
      vertex 4.51564 15.8527 5
      vertex 4.51564 15.8527 2
    endloop
  endfacet
  facet normal 0.941474 -0.337084 0
    outer loop
      vertex 4.34091 15.5258 5
      vertex 4.37231 15.6135 2
      vertex 4.37231 15.6135 5
    endloop
  endfacet
  facet normal 0.941474 -0.337084 0
    outer loop
      vertex 4.37231 15.6135 2
      vertex 4.34091 15.5258 5
      vertex 4.34091 15.5258 2
    endloop
  endfacet
  facet normal 0.595458 -0.803386 0
    outer loop
      vertex 4.64733 15.9844 2
      vertex 4.72221 16.0399 5
      vertex 4.64733 15.9844 5
    endloop
  endfacet
  facet normal 0.595458 -0.803386 0
    outer loop
      vertex 4.72221 16.0399 5
      vertex 4.64733 15.9844 2
      vertex 4.72221 16.0399 2
    endloop
  endfacet
  facet normal 0.427893 -0.90383 0
    outer loop
      vertex 4.80217 16.0878 2
      vertex 4.88645 16.1277 5
      vertex 4.80217 16.0878 5
    endloop
  endfacet
  facet normal 0.427893 -0.90383 0
    outer loop
      vertex 4.88645 16.1277 5
      vertex 4.80217 16.0878 2
      vertex 4.88645 16.1277 2
    endloop
  endfacet
  facet normal -0.146945 0.989145 0
    outer loop
      vertex 5.43534 14.3183 2
      vertex 5.34312 14.3046 5
      vertex 5.43534 14.3183 5
    endloop
  endfacet
  facet normal -0.146945 0.989145 0
    outer loop
      vertex 5.34312 14.3046 5
      vertex 5.43534 14.3183 2
      vertex 5.34312 14.3046 2
    endloop
  endfacet
  facet normal -0.336812 0.941572 0
    outer loop
      vertex 5.61355 14.3723 2
      vertex 5.52577 14.3409 5
      vertex 5.61355 14.3723 5
    endloop
  endfacet
  facet normal -0.336812 0.941572 0
    outer loop
      vertex 5.52577 14.3409 5
      vertex 5.61355 14.3723 2
      vertex 5.52577 14.3409 2
    endloop
  endfacet
  facet normal -0.427893 0.90383 0
    outer loop
      vertex 5.69783 14.4122 2
      vertex 5.61355 14.3723 5
      vertex 5.69783 14.4122 5
    endloop
  endfacet
  facet normal -0.427893 0.90383 0
    outer loop
      vertex 5.61355 14.3723 5
      vertex 5.69783 14.4122 2
      vertex 5.61355 14.3723 2
    endloop
  endfacet
  facet normal -0.941474 0.337084 0
    outer loop
      vertex 6.12769 14.8865 2
      vertex 6.15909 14.9742 5
      vertex 6.15909 14.9742 2
    endloop
  endfacet
  facet normal -0.941474 0.337084 0
    outer loop
      vertex 6.15909 14.9742 5
      vertex 6.12769 14.8865 2
      vertex 6.12769 14.8865 5
    endloop
  endfacet
  facet normal -0.989171 0.146766 0
    outer loop
      vertex 6.18175 15.0647 2
      vertex 6.19543 15.1569 5
      vertex 6.19543 15.1569 2
    endloop
  endfacet
  facet normal -0.989171 0.146766 0
    outer loop
      vertex 6.19543 15.1569 5
      vertex 6.18175 15.0647 2
      vertex 6.18175 15.0647 5
    endloop
  endfacet
  facet normal 0.427893 0.90383 -0
    outer loop
      vertex 4.88645 14.3723 2
      vertex 4.80217 14.4122 5
      vertex 4.88645 14.3723 5
    endloop
  endfacet
  facet normal 0.427893 0.90383 0
    outer loop
      vertex 4.80217 14.4122 5
      vertex 4.88645 14.3723 2
      vertex 4.80217 14.4122 2
    endloop
  endfacet
  facet normal 0.24246 0.970161 -0
    outer loop
      vertex 5.06466 14.3183 2
      vertex 4.97423 14.3409 5
      vertex 5.06466 14.3183 5
    endloop
  endfacet
  facet normal 0.24246 0.970161 0
    outer loop
      vertex 4.97423 14.3409 5
      vertex 5.06466 14.3183 2
      vertex 4.97423 14.3409 2
    endloop
  endfacet
  facet normal 0.857871 0.513865 0
    outer loop
      vertex 4.4601 14.7222 5
      vertex 4.41218 14.8022 2
      vertex 4.41218 14.8022 5
    endloop
  endfacet
  facet normal 0.857871 0.513865 0
    outer loop
      vertex 4.41218 14.8022 2
      vertex 4.4601 14.7222 5
      vertex 4.4601 14.7222 2
    endloop
  endfacet
  facet normal 0.989171 0.146766 0
    outer loop
      vertex 4.31825 15.0647 5
      vertex 4.30457 15.1569 2
      vertex 4.30457 15.1569 5
    endloop
  endfacet
  facet normal 0.989171 0.146766 0
    outer loop
      vertex 4.30457 15.1569 2
      vertex 4.31825 15.0647 5
      vertex 4.31825 15.0647 2
    endloop
  endfacet
  facet normal 0.671394 0.741101 -0
    outer loop
      vertex 35.0178 17.0178 2
      vertex 34.836 17.1825 5
      vertex 35.0178 17.0178 5
    endloop
  endfacet
  facet normal 0.671394 0.741101 0
    outer loop
      vertex 34.836 17.1825 5
      vertex 35.0178 17.0178 2
      vertex 34.836 17.1825 2
    endloop
  endfacet
  facet normal -0.336698 0.941613 0
    outer loop
      vertex 32.5243 17.6423 2
      vertex 32.2933 17.5597 5
      vertex 32.5243 17.6423 5
    endloop
  endfacet
  facet normal -0.336698 0.941613 0
    outer loop
      vertex 32.2933 17.5597 5
      vertex 32.5243 17.6423 2
      vertex 32.2933 17.5597 2
    endloop
  endfacet
  facet normal -0.904008 0.427516 0
    outer loop
      vertex 30.9518 16.231 2
      vertex 31.0452 16.4285 5
      vertex 31.0452 16.4285 2
    endloop
  endfacet
  facet normal -0.903889 0.427767 0
    outer loop
      vertex 30.9403 16.2067 5
      vertex 30.9518 16.231 2
      vertex 30.9403 16.2067 2
    endloop
  endfacet
  facet normal -0.903995 0.427543 -2.21448e-06
    outer loop
      vertex 30.9518 16.231 2
      vertex 30.9403 16.2067 5
      vertex 31.0452 16.4285 5
    endloop
  endfacet
  facet normal 0.998803 -0.0489209 0
    outer loop
      vertex 35.738 15.005 5
      vertex 35.75 15.25 2
      vertex 35.75 15.25 5
    endloop
  endfacet
  facet normal 0.998803 -0.0489209 0
    outer loop
      vertex 35.75 15.25 2
      vertex 35.738 15.005 5
      vertex 35.738 15.005 2
    endloop
  endfacet
  facet normal 0.903995 0.427543 0
    outer loop
      vertex 35.5597 16.2067 5
      vertex 35.4548 16.4285 2
      vertex 35.4548 16.4285 5
    endloop
  endfacet
  facet normal 0.903995 0.427543 0
    outer loop
      vertex 35.4548 16.4285 2
      vertex 35.5597 16.2067 5
      vertex 35.5597 16.2067 2
    endloop
  endfacet
  facet normal 0.857745 0.514076 0
    outer loop
      vertex 35.4548 16.4285 5
      vertex 35.3287 16.6389 2
      vertex 35.3287 16.6389 5
    endloop
  endfacet
  facet normal 0.857745 0.514076 0
    outer loop
      vertex 35.3287 16.6389 2
      vertex 35.4548 16.4285 5
      vertex 35.4548 16.4285 2
    endloop
  endfacet
  facet normal 0.427543 0.903995 -0
    outer loop
      vertex 34.4285 17.4548 2
      vertex 34.2067 17.5597 5
      vertex 34.4285 17.4548 5
    endloop
  endfacet
  facet normal 0.427543 0.903995 0
    outer loop
      vertex 34.2067 17.5597 5
      vertex 34.4285 17.4548 2
      vertex 34.2067 17.5597 2
    endloop
  endfacet
  facet normal -0.741101 0.671394 0
    outer loop
      vertex 31.3175 16.836 2
      vertex 31.4822 17.0178 5
      vertex 31.4822 17.0178 2
    endloop
  endfacet
  facet normal -0.741101 0.671394 0
    outer loop
      vertex 31.4822 17.0178 5
      vertex 31.3175 16.836 2
      vertex 31.3175 16.836 5
    endloop
  endfacet
  facet normal -0.146726 0.989177 0
    outer loop
      vertex 33.005 17.738 2
      vertex 32.7623 17.702 5
      vertex 33.005 17.738 5
    endloop
  endfacet
  facet normal -0.146726 0.989177 0
    outer loop
      vertex 32.7623 17.702 5
      vertex 33.005 17.738 2
      vertex 32.7623 17.702 2
    endloop
  endfacet
  facet normal 0.941613 -0.336698 0
    outer loop
      vertex 35.5597 14.2933 5
      vertex 35.6423 14.5243 2
      vertex 35.6423 14.5243 5
    endloop
  endfacet
  facet normal 0.941613 -0.336698 0
    outer loop
      vertex 35.6423 14.5243 2
      vertex 35.5597 14.2933 5
      vertex 35.5597 14.2933 2
    endloop
  endfacet
  facet normal -0.146726 -0.989177 0
    outer loop
      vertex 32.7623 12.798 2
      vertex 33.005 12.762 5
      vertex 32.7623 12.798 5
    endloop
  endfacet
  facet normal -0.146726 -0.989177 -0
    outer loop
      vertex 33.005 12.762 5
      vertex 32.7623 12.798 2
      vertex 33.005 12.762 2
    endloop
  endfacet
  facet normal -0.671394 -0.741101 0
    outer loop
      vertex 31.4822 13.4822 2
      vertex 31.664 13.3175 5
      vertex 31.4822 13.4822 5
    endloop
  endfacet
  facet normal -0.671394 -0.741101 -0
    outer loop
      vertex 31.664 13.3175 5
      vertex 31.4822 13.4822 2
      vertex 31.664 13.3175 2
    endloop
  endfacet
  facet normal 0.96995 0.243303 0
    outer loop
      vertex 35.702 15.7377 5
      vertex 35.6423 15.9757 2
      vertex 35.6423 15.9757 5
    endloop
  endfacet
  facet normal 0.96995 0.243303 0
    outer loop
      vertex 35.6423 15.9757 2
      vertex 35.702 15.7377 5
      vertex 35.702 15.7377 2
    endloop
  endfacet
  facet normal 0.941613 0.336698 0
    outer loop
      vertex 35.6423 15.9757 5
      vertex 35.5597 16.2067 2
      vertex 35.5597 16.2067 5
    endloop
  endfacet
  facet normal 0.941613 0.336698 0
    outer loop
      vertex 35.5597 16.2067 2
      vertex 35.6423 15.9757 5
      vertex 35.6423 15.9757 2
    endloop
  endfacet
  facet normal 0.803167 0.595754 0
    outer loop
      vertex 35.3287 16.6389 5
      vertex 35.1825 16.836 2
      vertex 35.1825 16.836 5
    endloop
  endfacet
  facet normal 0.803167 0.595754 0
    outer loop
      vertex 35.1825 16.836 2
      vertex 35.3287 16.6389 5
      vertex 35.3287 16.6389 2
    endloop
  endfacet
  facet normal 0.741101 0.671394 0
    outer loop
      vertex 35.1825 16.836 5
      vertex 35.0178 17.0178 2
      vertex 35.0178 17.0178 5
    endloop
  endfacet
  facet normal 0.741101 0.671394 0
    outer loop
      vertex 35.0178 17.0178 2
      vertex 35.1825 16.836 5
      vertex 35.1825 16.836 2
    endloop
  endfacet
  facet normal 0.595754 0.803167 -0
    outer loop
      vertex 34.836 17.1825 2
      vertex 34.6389 17.3287 5
      vertex 34.836 17.1825 5
    endloop
  endfacet
  facet normal 0.595754 0.803167 0
    outer loop
      vertex 34.6389 17.3287 5
      vertex 34.836 17.1825 2
      vertex 34.6389 17.3287 2
    endloop
  endfacet
  facet normal 0.0489209 0.998803 -0
    outer loop
      vertex 33.495 17.738 2
      vertex 33.25 17.75 5
      vertex 33.495 17.738 5
    endloop
  endfacet
  facet normal 0.0489209 0.998803 0
    outer loop
      vertex 33.25 17.75 5
      vertex 33.495 17.738 2
      vertex 33.25 17.75 2
    endloop
  endfacet
  facet normal 0.514076 0.857745 -0
    outer loop
      vertex 34.6389 17.3287 2
      vertex 34.4285 17.4548 5
      vertex 34.6389 17.3287 5
    endloop
  endfacet
  facet normal 0.514076 0.857745 0
    outer loop
      vertex 34.4285 17.4548 5
      vertex 34.6389 17.3287 2
      vertex 34.4285 17.4548 2
    endloop
  endfacet
  facet normal 0.336698 0.941613 -0
    outer loop
      vertex 34.2067 17.5597 2
      vertex 33.9757 17.6423 5
      vertex 34.2067 17.5597 5
    endloop
  endfacet
  facet normal 0.336698 0.941613 0
    outer loop
      vertex 33.9757 17.6423 5
      vertex 34.2067 17.5597 2
      vertex 33.9757 17.6423 2
    endloop
  endfacet
  facet normal 0.243303 0.96995 -0
    outer loop
      vertex 33.9757 17.6423 2
      vertex 33.7377 17.702 5
      vertex 33.9757 17.6423 5
    endloop
  endfacet
  facet normal 0.243303 0.96995 0
    outer loop
      vertex 33.7377 17.702 5
      vertex 33.9757 17.6423 2
      vertex 33.7377 17.702 2
    endloop
  endfacet
  facet normal -0.998803 0.0489209 0
    outer loop
      vertex 30.75 15.25 2
      vertex 30.762 15.495 5
      vertex 30.762 15.495 2
    endloop
  endfacet
  facet normal -0.998803 0.0489209 0
    outer loop
      vertex 30.762 15.495 5
      vertex 30.75 15.25 2
      vertex 30.75 15.25 5
    endloop
  endfacet
  facet normal -0.941613 0.336698 0
    outer loop
      vertex 30.8577 15.9757 2
      vertex 30.9403 16.2067 5
      vertex 30.9403 16.2067 2
    endloop
  endfacet
  facet normal -0.941613 0.336698 0
    outer loop
      vertex 30.9403 16.2067 5
      vertex 30.8577 15.9757 2
      vertex 30.8577 15.9757 5
    endloop
  endfacet
  facet normal -0.96995 0.243303 0
    outer loop
      vertex 30.798 15.7377 2
      vertex 30.8577 15.9757 5
      vertex 30.8577 15.9757 2
    endloop
  endfacet
  facet normal -0.96995 0.243303 0
    outer loop
      vertex 30.8577 15.9757 5
      vertex 30.798 15.7377 2
      vertex 30.798 15.7377 5
    endloop
  endfacet
  facet normal -0.857745 0.514076 0
    outer loop
      vertex 31.0452 16.4285 2
      vertex 31.1713 16.6389 5
      vertex 31.1713 16.6389 2
    endloop
  endfacet
  facet normal -0.857745 0.514076 0
    outer loop
      vertex 31.1713 16.6389 5
      vertex 31.0452 16.4285 2
      vertex 31.0452 16.4285 5
    endloop
  endfacet
  facet normal -0.803167 0.595754 0
    outer loop
      vertex 31.1713 16.6389 2
      vertex 31.3175 16.836 5
      vertex 31.3175 16.836 2
    endloop
  endfacet
  facet normal -0.803167 0.595754 0
    outer loop
      vertex 31.3175 16.836 5
      vertex 31.1713 16.6389 2
      vertex 31.1713 16.6389 5
    endloop
  endfacet
  facet normal -0.243303 0.96995 0
    outer loop
      vertex 32.7623 17.702 2
      vertex 32.5243 17.6423 5
      vertex 32.7623 17.702 5
    endloop
  endfacet
  facet normal -0.243303 0.96995 0
    outer loop
      vertex 32.5243 17.6423 5
      vertex 32.7623 17.702 2
      vertex 32.5243 17.6423 2
    endloop
  endfacet
  facet normal -0.0489209 0.998803 0
    outer loop
      vertex 33.25 17.75 2
      vertex 33.005 17.738 5
      vertex 33.25 17.75 5
    endloop
  endfacet
  facet normal -0.0489209 0.998803 0
    outer loop
      vertex 33.005 17.738 5
      vertex 33.25 17.75 2
      vertex 33.005 17.738 2
    endloop
  endfacet
  facet normal -0.514076 0.857745 0
    outer loop
      vertex 32.0715 17.4548 2
      vertex 31.8611 17.3287 5
      vertex 32.0715 17.4548 5
    endloop
  endfacet
  facet normal -0.514076 0.857745 0
    outer loop
      vertex 31.8611 17.3287 5
      vertex 32.0715 17.4548 2
      vertex 31.8611 17.3287 2
    endloop
  endfacet
  facet normal -0.595754 0.803167 0
    outer loop
      vertex 31.8611 17.3287 2
      vertex 31.664 17.1825 5
      vertex 31.8611 17.3287 5
    endloop
  endfacet
  facet normal -0.595754 0.803167 0
    outer loop
      vertex 31.664 17.1825 5
      vertex 31.8611 17.3287 2
      vertex 31.664 17.1825 2
    endloop
  endfacet
  facet normal -0.427543 0.903995 0
    outer loop
      vertex 32.2933 17.5597 2
      vertex 32.0715 17.4548 5
      vertex 32.2933 17.5597 5
    endloop
  endfacet
  facet normal -0.427543 0.903995 0
    outer loop
      vertex 32.0715 17.4548 5
      vertex 32.2933 17.5597 2
      vertex 32.0715 17.4548 2
    endloop
  endfacet
  facet normal -0.671394 0.741101 0
    outer loop
      vertex 31.664 17.1825 2
      vertex 31.4822 17.0178 5
      vertex 31.664 17.1825 5
    endloop
  endfacet
  facet normal -0.671394 0.741101 0
    outer loop
      vertex 31.4822 17.0178 5
      vertex 31.664 17.1825 2
      vertex 31.4822 17.0178 2
    endloop
  endfacet
  facet normal 0.998803 0.0489209 0
    outer loop
      vertex 35.75 15.25 5
      vertex 35.738 15.495 2
      vertex 35.738 15.495 5
    endloop
  endfacet
  facet normal 0.998803 0.0489209 0
    outer loop
      vertex 35.738 15.495 2
      vertex 35.75 15.25 5
      vertex 35.75 15.25 2
    endloop
  endfacet
  facet normal 0.0489209 -0.998803 0
    outer loop
      vertex 33.25 12.75 2
      vertex 33.495 12.762 5
      vertex 33.25 12.75 5
    endloop
  endfacet
  facet normal 0.0489209 -0.998803 0
    outer loop
      vertex 33.495 12.762 5
      vertex 33.25 12.75 2
      vertex 33.495 12.762 2
    endloop
  endfacet
  facet normal 0.96995 -0.243303 0
    outer loop
      vertex 35.6423 14.5243 5
      vertex 35.702 14.7623 2
      vertex 35.702 14.7623 5
    endloop
  endfacet
  facet normal 0.96995 -0.243303 0
    outer loop
      vertex 35.702 14.7623 2
      vertex 35.6423 14.5243 5
      vertex 35.6423 14.5243 2
    endloop
  endfacet
  facet normal 0.741101 -0.671394 0
    outer loop
      vertex 35.0178 13.4822 5
      vertex 35.1825 13.664 2
      vertex 35.1825 13.664 5
    endloop
  endfacet
  facet normal 0.741101 -0.671394 0
    outer loop
      vertex 35.1825 13.664 2
      vertex 35.0178 13.4822 5
      vertex 35.0178 13.4822 2
    endloop
  endfacet
  facet normal 0.146726 -0.989177 0
    outer loop
      vertex 33.495 12.762 2
      vertex 33.7377 12.798 5
      vertex 33.495 12.762 5
    endloop
  endfacet
  facet normal 0.146726 -0.989177 0
    outer loop
      vertex 33.7377 12.798 5
      vertex 33.495 12.762 2
      vertex 33.7377 12.798 2
    endloop
  endfacet
  facet normal 0.242919 -0.970047 0
    outer loop
      vertex 33.7377 12.798 2
      vertex 33.9757 12.8576 5
      vertex 33.7377 12.798 5
    endloop
  endfacet
  facet normal 0.242919 -0.970047 0
    outer loop
      vertex 33.9757 12.8576 5
      vertex 33.7377 12.798 2
      vertex 33.9757 12.8576 2
    endloop
  endfacet
  facet normal 0.671394 -0.741101 0
    outer loop
      vertex 34.836 13.3175 2
      vertex 35.0178 13.4822 5
      vertex 34.836 13.3175 5
    endloop
  endfacet
  facet normal 0.671394 -0.741101 0
    outer loop
      vertex 35.0178 13.4822 5
      vertex 34.836 13.3175 2
      vertex 35.0178 13.4822 2
    endloop
  endfacet
  facet normal 0.595754 -0.803167 0
    outer loop
      vertex 34.6389 13.1713 2
      vertex 34.836 13.3175 5
      vertex 34.6389 13.1713 5
    endloop
  endfacet
  facet normal 0.595754 -0.803167 0
    outer loop
      vertex 34.836 13.3175 5
      vertex 34.6389 13.1713 2
      vertex 34.836 13.3175 2
    endloop
  endfacet
  facet normal 0.427543 -0.903995 0
    outer loop
      vertex 34.2067 12.9403 2
      vertex 34.4285 13.0452 5
      vertex 34.2067 12.9403 5
    endloop
  endfacet
  facet normal 0.427543 -0.903995 0
    outer loop
      vertex 34.4285 13.0452 5
      vertex 34.2067 12.9403 2
      vertex 34.4285 13.0452 2
    endloop
  endfacet
  facet normal -0.0489209 -0.998803 0
    outer loop
      vertex 33.005 12.762 2
      vertex 33.25 12.75 5
      vertex 33.005 12.762 5
    endloop
  endfacet
  facet normal -0.0489209 -0.998803 -0
    outer loop
      vertex 33.25 12.75 5
      vertex 33.005 12.762 2
      vertex 33.25 12.75 2
    endloop
  endfacet
  facet normal -0.337059 -0.941483 0
    outer loop
      vertex 32.2933 12.9403 2
      vertex 32.5243 12.8576 5
      vertex 32.2933 12.9403 5
    endloop
  endfacet
  facet normal -0.337059 -0.941483 -0
    outer loop
      vertex 32.5243 12.8576 5
      vertex 32.2933 12.9403 2
      vertex 32.5243 12.8576 2
    endloop
  endfacet
  facet normal -0.514076 -0.857745 0
    outer loop
      vertex 31.8611 13.1713 2
      vertex 32.0715 13.0452 5
      vertex 31.8611 13.1713 5
    endloop
  endfacet
  facet normal -0.514076 -0.857745 -0
    outer loop
      vertex 32.0715 13.0452 5
      vertex 31.8611 13.1713 2
      vertex 32.0715 13.0452 2
    endloop
  endfacet
  facet normal -0.96995 -0.243303 0
    outer loop
      vertex 30.8577 14.5243 2
      vertex 30.798 14.7623 5
      vertex 30.798 14.7623 2
    endloop
  endfacet
  facet normal -0.96995 -0.243303 0
    outer loop
      vertex 30.798 14.7623 5
      vertex 30.8577 14.5243 2
      vertex 30.8577 14.5243 5
    endloop
  endfacet
  facet normal -0.998803 -0.0489209 0
    outer loop
      vertex 30.762 15.005 2
      vertex 30.75 15.25 5
      vertex 30.75 15.25 2
    endloop
  endfacet
  facet normal -0.998803 -0.0489209 0
    outer loop
      vertex 30.75 15.25 5
      vertex 30.762 15.005 2
      vertex 30.762 15.005 5
    endloop
  endfacet
  facet normal -0.803167 -0.595754 0
    outer loop
      vertex 31.3175 13.664 2
      vertex 31.1713 13.8611 5
      vertex 31.1713 13.8611 2
    endloop
  endfacet
  facet normal -0.803167 -0.595754 0
    outer loop
      vertex 31.1713 13.8611 5
      vertex 31.3175 13.664 2
      vertex 31.3175 13.664 5
    endloop
  endfacet
  facet normal -0.903889 -0.427767 0
    outer loop
      vertex 30.9518 14.269 2
      vertex 30.9403 14.2933 5
      vertex 30.9403 14.2933 2
    endloop
  endfacet
  facet normal -0.904008 -0.427516 -2.48698e-06
    outer loop
      vertex 31.0452 14.0715 2
      vertex 30.9403 14.2933 5
      vertex 30.9518 14.269 2
    endloop
  endfacet
  facet normal -0.903995 -0.427543 0
    outer loop
      vertex 30.9403 14.2933 5
      vertex 31.0452 14.0715 2
      vertex 31.0452 14.0715 5
    endloop
  endfacet
  facet normal -0.741101 -0.671394 0
    outer loop
      vertex 31.4822 13.4822 2
      vertex 31.3175 13.664 5
      vertex 31.3175 13.664 2
    endloop
  endfacet
  facet normal -0.741101 -0.671394 0
    outer loop
      vertex 31.3175 13.664 5
      vertex 31.4822 13.4822 2
      vertex 31.4822 13.4822 5
    endloop
  endfacet
  facet normal 0.989177 0.146726 0
    outer loop
      vertex 35.738 15.495 5
      vertex 35.702 15.7377 2
      vertex 35.702 15.7377 5
    endloop
  endfacet
  facet normal 0.989177 0.146726 0
    outer loop
      vertex 35.702 15.7377 2
      vertex 35.738 15.495 5
      vertex 35.738 15.495 2
    endloop
  endfacet
  facet normal 0.146726 0.989177 -0
    outer loop
      vertex 33.7377 17.702 2
      vertex 33.495 17.738 5
      vertex 33.7377 17.702 5
    endloop
  endfacet
  facet normal 0.146726 0.989177 0
    outer loop
      vertex 33.495 17.738 5
      vertex 33.7377 17.702 2
      vertex 33.495 17.738 2
    endloop
  endfacet
  facet normal 0 0 1
    outer loop
      vertex 34.2 15.25 5
      vertex 35.75 15.25 5
      vertex 35.738 15.495 5
    endloop
  endfacet
  facet normal 0 0 1
    outer loop
      vertex 34.1954 15.3431 5
      vertex 35.738 15.495 5
      vertex 35.702 15.7377 5
    endloop
  endfacet
  facet normal 0 0 1
    outer loop
      vertex 35.75 15.25 5
      vertex 34.2 15.25 5
      vertex 35.738 15.005 5
    endloop
  endfacet
  facet normal 0 0 1
    outer loop
      vertex 34.1817 15.4353 5
      vertex 35.702 15.7377 5
      vertex 35.6423 15.9757 5
    endloop
  endfacet
  facet normal -0 0 1
    outer loop
      vertex 34.1954 15.1569 5
      vertex 35.738 15.005 5
      vertex 34.2 15.25 5
    endloop
  endfacet
  facet normal 0 0 1
    outer loop
      vertex 34.1591 15.5258 5
      vertex 35.6423 15.9757 5
      vertex 35.5597 16.2067 5
    endloop
  endfacet
  facet normal 0 0 1
    outer loop
      vertex 35.738 15.005 5
      vertex 34.1954 15.1569 5
      vertex 35.702 14.7623 5
    endloop
  endfacet
  facet normal 0 0 1
    outer loop
      vertex 34.1277 15.6135 5
      vertex 35.5597 16.2067 5
      vertex 35.4548 16.4285 5
    endloop
  endfacet
  facet normal -0 0 1
    outer loop
      vertex 34.1817 15.0647 5
      vertex 35.702 14.7623 5
      vertex 34.1954 15.1569 5
    endloop
  endfacet
  facet normal 0 0 1
    outer loop
      vertex 34.0878 15.6978 5
      vertex 35.4548 16.4285 5
      vertex 35.3287 16.6389 5
    endloop
  endfacet
  facet normal 0 0 1
    outer loop
      vertex 35.702 14.7623 5
      vertex 34.1817 15.0647 5
      vertex 35.6423 14.5243 5
    endloop
  endfacet
  facet normal 0 0 1
    outer loop
      vertex 34.0399 15.7778 5
      vertex 35.3287 16.6389 5
      vertex 35.1825 16.836 5
    endloop
  endfacet
  facet normal -0 0 1
    outer loop
      vertex 34.1591 14.9742 5
      vertex 35.6423 14.5243 5
      vertex 34.1817 15.0647 5
    endloop
  endfacet
  facet normal 0 0 1
    outer loop
      vertex 33.9844 15.8527 5
      vertex 35.1825 16.836 5
      vertex 35.0178 17.0178 5
    endloop
  endfacet
  facet normal 0 0 1
    outer loop
      vertex 35.6423 14.5243 5
      vertex 34.1591 14.9742 5
      vertex 35.5597 14.2933 5
    endloop
  endfacet
  facet normal 0 0 1
    outer loop
      vertex 33.9218 15.9218 5
      vertex 35.0178 17.0178 5
      vertex 34.836 17.1825 5
    endloop
  endfacet
  facet normal -0 0 1
    outer loop
      vertex 34.1277 14.8865 5
      vertex 35.5597 14.2933 5
      vertex 34.1591 14.9742 5
    endloop
  endfacet
  facet normal 0 0 1
    outer loop
      vertex 33.8527 15.9844 5
      vertex 34.836 17.1825 5
      vertex 34.6389 17.3287 5
    endloop
  endfacet
  facet normal 0 0 1
    outer loop
      vertex 35.5597 14.2933 5
      vertex 34.1277 14.8865 5
      vertex 35.4548 14.0715 5
    endloop
  endfacet
  facet normal 0 0 1
    outer loop
      vertex 33.7778 16.0399 5
      vertex 34.6389 17.3287 5
      vertex 34.4285 17.4548 5
    endloop
  endfacet
  facet normal -0 0 1
    outer loop
      vertex 34.0878 14.8022 5
      vertex 35.4548 14.0715 5
      vertex 34.1277 14.8865 5
    endloop
  endfacet
  facet normal 0 0 1
    outer loop
      vertex 33.6978 16.0878 5
      vertex 34.4285 17.4548 5
      vertex 34.2067 17.5597 5
    endloop
  endfacet
  facet normal 0 0 1
    outer loop
      vertex 35.4548 14.0715 5
      vertex 34.0878 14.8022 5
      vertex 35.3287 13.8611 5
    endloop
  endfacet
  facet normal -0 0 1
    outer loop
      vertex 34.0399 14.7222 5
      vertex 35.3287 13.8611 5
      vertex 34.0878 14.8022 5
    endloop
  endfacet
  facet normal 0 0 1
    outer loop
      vertex 35.738 15.495 5
      vertex 34.1954 15.3431 5
      vertex 34.2 15.25 5
    endloop
  endfacet
  facet normal 0 0 1
    outer loop
      vertex 35.702 15.7377 5
      vertex 34.1817 15.4353 5
      vertex 34.1954 15.3431 5
    endloop
  endfacet
  facet normal 0 0 1
    outer loop
      vertex 35.6423 15.9757 5
      vertex 34.1591 15.5258 5
      vertex 34.1817 15.4353 5
    endloop
  endfacet
  facet normal 0 0 1
    outer loop
      vertex 35.5597 16.2067 5
      vertex 34.1277 15.6135 5
      vertex 34.1591 15.5258 5
    endloop
  endfacet
  facet normal 0 0 1
    outer loop
      vertex 35.4548 16.4285 5
      vertex 34.0878 15.6978 5
      vertex 34.1277 15.6135 5
    endloop
  endfacet
  facet normal 0 0 1
    outer loop
      vertex 35.3287 16.6389 5
      vertex 34.0399 15.7778 5
      vertex 34.0878 15.6978 5
    endloop
  endfacet
  facet normal 0 0 1
    outer loop
      vertex 35.1825 16.836 5
      vertex 33.9844 15.8527 5
      vertex 34.0399 15.7778 5
    endloop
  endfacet
  facet normal 0 0 1
    outer loop
      vertex 33.6135 16.1277 5
      vertex 34.2067 17.5597 5
      vertex 33.9757 17.6423 5
    endloop
  endfacet
  facet normal 0 0 1
    outer loop
      vertex 35.0178 17.0178 5
      vertex 33.9218 15.9218 5
      vertex 33.9844 15.8527 5
    endloop
  endfacet
  facet normal 0 0 1
    outer loop
      vertex 34.836 17.1825 5
      vertex 33.8527 15.9844 5
      vertex 33.9218 15.9218 5
    endloop
  endfacet
  facet normal 0 0 1
    outer loop
      vertex 34.6389 17.3287 5
      vertex 33.7778 16.0399 5
      vertex 33.8527 15.9844 5
    endloop
  endfacet
  facet normal 0 0 1
    outer loop
      vertex 33.5258 16.1591 5
      vertex 33.9757 17.6423 5
      vertex 33.7377 17.702 5
    endloop
  endfacet
  facet normal 0 0 1
    outer loop
      vertex 34.4285 17.4548 5
      vertex 33.6978 16.0878 5
      vertex 33.7778 16.0399 5
    endloop
  endfacet
  facet normal 0 0 1
    outer loop
      vertex 34.2067 17.5597 5
      vertex 33.6135 16.1277 5
      vertex 33.6978 16.0878 5
    endloop
  endfacet
  facet normal 0 0 1
    outer loop
      vertex 33.9757 17.6423 5
      vertex 33.5258 16.1591 5
      vertex 33.6135 16.1277 5
    endloop
  endfacet
  facet normal 0 0 1
    outer loop
      vertex 33.4353 16.1817 5
      vertex 33.7377 17.702 5
      vertex 33.495 17.738 5
    endloop
  endfacet
  facet normal 0 0 1
    outer loop
      vertex 33.7377 17.702 5
      vertex 33.4353 16.1817 5
      vertex 33.5258 16.1591 5
    endloop
  endfacet
  facet normal 0 0 1
    outer loop
      vertex 33.495 17.738 5
      vertex 33.3431 16.1954 5
      vertex 33.4353 16.1817 5
    endloop
  endfacet
  facet normal 0 0 1
    outer loop
      vertex 33.25 17.75 5
      vertex 33.3431 16.1954 5
      vertex 33.495 17.738 5
    endloop
  endfacet
  facet normal 0 0 1
    outer loop
      vertex 33.25 17.75 5
      vertex 33.25 16.2 5
      vertex 33.3431 16.1954 5
    endloop
  endfacet
  facet normal 0 0 1
    outer loop
      vertex 33.25 17.75 5
      vertex 33.1569 16.1954 5
      vertex 33.25 16.2 5
    endloop
  endfacet
  facet normal -0 0 1
    outer loop
      vertex 33.005 17.738 5
      vertex 33.1569 16.1954 5
      vertex 33.25 17.75 5
    endloop
  endfacet
  facet normal 0 0 1
    outer loop
      vertex 33.1569 16.1954 5
      vertex 33.005 17.738 5
      vertex 33.0647 16.1817 5
    endloop
  endfacet
  facet normal -0 0 1
    outer loop
      vertex 32.7623 17.702 5
      vertex 33.0647 16.1817 5
      vertex 33.005 17.738 5
    endloop
  endfacet
  facet normal 0 0 1
    outer loop
      vertex 33.0647 16.1817 5
      vertex 32.7623 17.702 5
      vertex 32.9742 16.1591 5
    endloop
  endfacet
  facet normal -0 0 1
    outer loop
      vertex 32.5243 17.6423 5
      vertex 32.9742 16.1591 5
      vertex 32.7623 17.702 5
    endloop
  endfacet
  facet normal 0 0 1
    outer loop
      vertex 32.9742 16.1591 5
      vertex 32.5243 17.6423 5
      vertex 32.8865 16.1277 5
    endloop
  endfacet
  facet normal -0 0 1
    outer loop
      vertex 32.2933 17.5597 5
      vertex 32.8865 16.1277 5
      vertex 32.5243 17.6423 5
    endloop
  endfacet
  facet normal 0 0 1
    outer loop
      vertex 32.8865 16.1277 5
      vertex 32.2933 17.5597 5
      vertex 32.8022 16.0878 5
    endloop
  endfacet
  facet normal -0 0 1
    outer loop
      vertex 32.0715 17.4548 5
      vertex 32.8022 16.0878 5
      vertex 32.2933 17.5597 5
    endloop
  endfacet
  facet normal 0 0 1
    outer loop
      vertex 32.8022 16.0878 5
      vertex 32.0715 17.4548 5
      vertex 32.7222 16.0399 5
    endloop
  endfacet
  facet normal -0 0 1
    outer loop
      vertex 31.8611 17.3287 5
      vertex 32.7222 16.0399 5
      vertex 32.0715 17.4548 5
    endloop
  endfacet
  facet normal 0 0 1
    outer loop
      vertex 32.7222 16.0399 5
      vertex 31.8611 17.3287 5
      vertex 32.6473 15.9844 5
    endloop
  endfacet
  facet normal -0 0 1
    outer loop
      vertex 31.664 17.1825 5
      vertex 32.6473 15.9844 5
      vertex 31.8611 17.3287 5
    endloop
  endfacet
  facet normal 0 0 1
    outer loop
      vertex 32.6473 15.9844 5
      vertex 31.664 17.1825 5
      vertex 32.5782 15.9218 5
    endloop
  endfacet
  facet normal -0 0 1
    outer loop
      vertex 31.4822 17.0178 5
      vertex 32.5782 15.9218 5
      vertex 31.664 17.1825 5
    endloop
  endfacet
  facet normal 0 0 1
    outer loop
      vertex 32.5782 15.9218 5
      vertex 31.4822 17.0178 5
      vertex 32.5156 15.8527 5
    endloop
  endfacet
  facet normal -0 0 1
    outer loop
      vertex 31.3175 16.836 5
      vertex 32.5156 15.8527 5
      vertex 31.4822 17.0178 5
    endloop
  endfacet
  facet normal -0 0 1
    outer loop
      vertex 31.1713 16.6389 5
      vertex 32.4601 15.7778 5
      vertex 31.3175 16.836 5
    endloop
  endfacet
  facet normal 0 0 1
    outer loop
      vertex 32.5156 15.8527 5
      vertex 31.3175 16.836 5
      vertex 32.4601 15.7778 5
    endloop
  endfacet
  facet normal 0 0 1
    outer loop
      vertex 35.3287 13.8611 5
      vertex 34.0399 14.7222 5
      vertex 35.1825 13.664 5
    endloop
  endfacet
  facet normal -0 0 1
    outer loop
      vertex 33.9844 14.6473 5
      vertex 35.1825 13.664 5
      vertex 34.0399 14.7222 5
    endloop
  endfacet
  facet normal 0 0 1
    outer loop
      vertex 35.1825 13.664 5
      vertex 33.9844 14.6473 5
      vertex 35.0178 13.4822 5
    endloop
  endfacet
  facet normal -0 0 1
    outer loop
      vertex 33.9218 14.5782 5
      vertex 35.0178 13.4822 5
      vertex 33.9844 14.6473 5
    endloop
  endfacet
  facet normal 0 0 1
    outer loop
      vertex 35.0178 13.4822 5
      vertex 33.9218 14.5782 5
      vertex 34.836 13.3175 5
    endloop
  endfacet
  facet normal -0 0 1
    outer loop
      vertex 33.8527 14.5156 5
      vertex 34.836 13.3175 5
      vertex 33.9218 14.5782 5
    endloop
  endfacet
  facet normal 0 0 1
    outer loop
      vertex 34.836 13.3175 5
      vertex 33.8527 14.5156 5
      vertex 34.6389 13.1713 5
    endloop
  endfacet
  facet normal -0 0 1
    outer loop
      vertex 33.7778 14.4601 5
      vertex 34.6389 13.1713 5
      vertex 33.8527 14.5156 5
    endloop
  endfacet
  facet normal 0 0 1
    outer loop
      vertex 34.6389 13.1713 5
      vertex 33.7778 14.4601 5
      vertex 34.4285 13.0452 5
    endloop
  endfacet
  facet normal -0 0 1
    outer loop
      vertex 33.6978 14.4122 5
      vertex 34.4285 13.0452 5
      vertex 33.7778 14.4601 5
    endloop
  endfacet
  facet normal 0 0 1
    outer loop
      vertex 34.4285 13.0452 5
      vertex 33.6978 14.4122 5
      vertex 34.2067 12.9403 5
    endloop
  endfacet
  facet normal -0 0 1
    outer loop
      vertex 33.6135 14.3723 5
      vertex 34.2067 12.9403 5
      vertex 33.6978 14.4122 5
    endloop
  endfacet
  facet normal 0 0 1
    outer loop
      vertex 34.2067 12.9403 5
      vertex 33.6135 14.3723 5
      vertex 33.9757 12.8576 5
    endloop
  endfacet
  facet normal -0 0 1
    outer loop
      vertex 33.5258 14.3409 5
      vertex 33.9757 12.8576 5
      vertex 33.6135 14.3723 5
    endloop
  endfacet
  facet normal 0 0 1
    outer loop
      vertex 33.9757 12.8576 5
      vertex 33.5258 14.3409 5
      vertex 33.7377 12.798 5
    endloop
  endfacet
  facet normal -0 0 1
    outer loop
      vertex 33.4353 14.3183 5
      vertex 33.7377 12.798 5
      vertex 33.5258 14.3409 5
    endloop
  endfacet
  facet normal 0 0 1
    outer loop
      vertex 33.7377 12.798 5
      vertex 33.4353 14.3183 5
      vertex 33.495 12.762 5
    endloop
  endfacet
  facet normal -0 0 1
    outer loop
      vertex 33.3431 14.3046 5
      vertex 33.495 12.762 5
      vertex 33.4353 14.3183 5
    endloop
  endfacet
  facet normal -0 0 1
    outer loop
      vertex 33.25 14.3 5
      vertex 33.495 12.762 5
      vertex 33.3431 14.3046 5
    endloop
  endfacet
  facet normal 0 0 1
    outer loop
      vertex 33.25 14.3 5
      vertex 33.25 12.75 5
      vertex 33.495 12.762 5
    endloop
  endfacet
  facet normal 0 0 1
    outer loop
      vertex 33.1569 14.3046 5
      vertex 33.25 12.75 5
      vertex 33.25 14.3 5
    endloop
  endfacet
  facet normal 0 0 1
    outer loop
      vertex 33.005 12.762 5
      vertex 33.1569 14.3046 5
      vertex 33.0647 14.3183 5
    endloop
  endfacet
  facet normal 0 0 1
    outer loop
      vertex 33.1569 14.3046 5
      vertex 33.005 12.762 5
      vertex 33.25 12.75 5
    endloop
  endfacet
  facet normal 0 0 1
    outer loop
      vertex 32.7623 12.798 5
      vertex 33.0647 14.3183 5
      vertex 32.9742 14.3409 5
    endloop
  endfacet
  facet normal 0 0 1
    outer loop
      vertex 32.5243 12.8576 5
      vertex 32.9742 14.3409 5
      vertex 32.8865 14.3723 5
    endloop
  endfacet
  facet normal 0 0 1
    outer loop
      vertex 32.2933 12.9403 5
      vertex 32.8865 14.3723 5
      vertex 32.8022 14.4122 5
    endloop
  endfacet
  facet normal 0 0 1
    outer loop
      vertex 33.0647 14.3183 5
      vertex 32.7623 12.798 5
      vertex 33.005 12.762 5
    endloop
  endfacet
  facet normal 0 0 1
    outer loop
      vertex 32.0715 13.0452 5
      vertex 32.8022 14.4122 5
      vertex 32.7222 14.4601 5
    endloop
  endfacet
  facet normal 0 0 1
    outer loop
      vertex 31.8611 13.1713 5
      vertex 32.7222 14.4601 5
      vertex 32.6473 14.5156 5
    endloop
  endfacet
  facet normal 0 0 1
    outer loop
      vertex 31.664 13.3175 5
      vertex 32.6473 14.5156 5
      vertex 32.5782 14.5782 5
    endloop
  endfacet
  facet normal 0 0 1
    outer loop
      vertex 32.9742 14.3409 5
      vertex 32.5243 12.8576 5
      vertex 32.7623 12.798 5
    endloop
  endfacet
  facet normal 0 0 1
    outer loop
      vertex 31.4822 13.4822 5
      vertex 32.5782 14.5782 5
      vertex 32.5156 14.6473 5
    endloop
  endfacet
  facet normal 0 0 1
    outer loop
      vertex 31.3175 13.664 5
      vertex 32.5156 14.6473 5
      vertex 32.4601 14.7222 5
    endloop
  endfacet
  facet normal 0 0 1
    outer loop
      vertex 31.1713 13.8611 5
      vertex 32.4601 14.7222 5
      vertex 32.4122 14.8022 5
    endloop
  endfacet
  facet normal 0 0 1
    outer loop
      vertex 31.0452 14.0715 5
      vertex 32.4122 14.8022 5
      vertex 32.3723 14.8865 5
    endloop
  endfacet
  facet normal 0 0 1
    outer loop
      vertex 30.9403 14.2933 5
      vertex 32.3723 14.8865 5
      vertex 32.3409 14.9742 5
    endloop
  endfacet
  facet normal 0 0 1
    outer loop
      vertex 30.8577 14.5243 5
      vertex 32.3409 14.9742 5
      vertex 32.3183 15.0647 5
    endloop
  endfacet
  facet normal 0 0 1
    outer loop
      vertex 30.798 14.7623 5
      vertex 32.3183 15.0647 5
      vertex 32.3046 15.1569 5
    endloop
  endfacet
  facet normal 0 0 1
    outer loop
      vertex 32.8865 14.3723 5
      vertex 32.2933 12.9403 5
      vertex 32.5243 12.8576 5
    endloop
  endfacet
  facet normal 0 0 1
    outer loop
      vertex 30.762 15.005 5
      vertex 32.3046 15.1569 5
      vertex 32.3 15.25 5
    endloop
  endfacet
  facet normal 0 0 1
    outer loop
      vertex 32.4601 15.7778 5
      vertex 31.1713 16.6389 5
      vertex 32.4122 15.6978 5
    endloop
  endfacet
  facet normal -0 0 1
    outer loop
      vertex 31.0452 16.4285 5
      vertex 32.4122 15.6978 5
      vertex 31.1713 16.6389 5
    endloop
  endfacet
  facet normal 0 0 1
    outer loop
      vertex 32.8022 14.4122 5
      vertex 32.0715 13.0452 5
      vertex 32.2933 12.9403 5
    endloop
  endfacet
  facet normal 0 0 1
    outer loop
      vertex 32.4122 15.6978 5
      vertex 31.0452 16.4285 5
      vertex 32.3723 15.6135 5
    endloop
  endfacet
  facet normal 0 0 1
    outer loop
      vertex 32.7222 14.4601 5
      vertex 31.8611 13.1713 5
      vertex 32.0715 13.0452 5
    endloop
  endfacet
  facet normal -0 0 1
    outer loop
      vertex 30.9403 16.2067 5
      vertex 32.3723 15.6135 5
      vertex 31.0452 16.4285 5
    endloop
  endfacet
  facet normal 0 0 1
    outer loop
      vertex 32.6473 14.5156 5
      vertex 31.664 13.3175 5
      vertex 31.8611 13.1713 5
    endloop
  endfacet
  facet normal 0 0 1
    outer loop
      vertex 32.3723 15.6135 5
      vertex 30.9403 16.2067 5
      vertex 32.3409 15.5258 5
    endloop
  endfacet
  facet normal 0 0 1
    outer loop
      vertex 32.5782 14.5782 5
      vertex 31.4822 13.4822 5
      vertex 31.664 13.3175 5
    endloop
  endfacet
  facet normal -0 0 1
    outer loop
      vertex 30.8577 15.9757 5
      vertex 32.3409 15.5258 5
      vertex 30.9403 16.2067 5
    endloop
  endfacet
  facet normal 0 0 1
    outer loop
      vertex 32.5156 14.6473 5
      vertex 31.3175 13.664 5
      vertex 31.4822 13.4822 5
    endloop
  endfacet
  facet normal 0 0 1
    outer loop
      vertex 32.3409 15.5258 5
      vertex 30.8577 15.9757 5
      vertex 32.3183 15.4353 5
    endloop
  endfacet
  facet normal 0 0 1
    outer loop
      vertex 32.4601 14.7222 5
      vertex 31.1713 13.8611 5
      vertex 31.3175 13.664 5
    endloop
  endfacet
  facet normal -0 0 1
    outer loop
      vertex 30.798 15.7377 5
      vertex 32.3183 15.4353 5
      vertex 30.8577 15.9757 5
    endloop
  endfacet
  facet normal 0 0 1
    outer loop
      vertex 32.4122 14.8022 5
      vertex 31.0452 14.0715 5
      vertex 31.1713 13.8611 5
    endloop
  endfacet
  facet normal 0 0 1
    outer loop
      vertex 32.3183 15.4353 5
      vertex 30.798 15.7377 5
      vertex 32.3046 15.3431 5
    endloop
  endfacet
  facet normal 0 0 1
    outer loop
      vertex 32.3723 14.8865 5
      vertex 30.9403 14.2933 5
      vertex 31.0452 14.0715 5
    endloop
  endfacet
  facet normal -0 0 1
    outer loop
      vertex 30.762 15.495 5
      vertex 32.3046 15.3431 5
      vertex 30.798 15.7377 5
    endloop
  endfacet
  facet normal 0 0 1
    outer loop
      vertex 32.3409 14.9742 5
      vertex 30.8577 14.5243 5
      vertex 30.9403 14.2933 5
    endloop
  endfacet
  facet normal 0 0 1
    outer loop
      vertex 32.3046 15.3431 5
      vertex 30.762 15.495 5
      vertex 32.3 15.25 5
    endloop
  endfacet
  facet normal 0 0 1
    outer loop
      vertex 32.3183 15.0647 5
      vertex 30.798 14.7623 5
      vertex 30.8577 14.5243 5
    endloop
  endfacet
  facet normal 0 0 1
    outer loop
      vertex 30.75 15.25 5
      vertex 32.3 15.25 5
      vertex 30.762 15.495 5
    endloop
  endfacet
  facet normal 0 0 1
    outer loop
      vertex 32.3046 15.1569 5
      vertex 30.762 15.005 5
      vertex 30.798 14.7623 5
    endloop
  endfacet
  facet normal 0 0 1
    outer loop
      vertex 32.3 15.25 5
      vertex 30.75 15.25 5
      vertex 30.762 15.005 5
    endloop
  endfacet
  facet normal -0.989177 0.146726 0
    outer loop
      vertex 30.762 15.495 2
      vertex 30.798 15.7377 5
      vertex 30.798 15.7377 2
    endloop
  endfacet
  facet normal -0.989177 0.146726 0
    outer loop
      vertex 30.798 15.7377 5
      vertex 30.762 15.495 2
      vertex 30.762 15.495 5
    endloop
  endfacet
  facet normal 0.989177 -0.146726 0
    outer loop
      vertex 35.702 14.7623 5
      vertex 35.738 15.005 2
      vertex 35.738 15.005 5
    endloop
  endfacet
  facet normal 0.989177 -0.146726 0
    outer loop
      vertex 35.738 15.005 2
      vertex 35.702 14.7623 5
      vertex 35.702 14.7623 2
    endloop
  endfacet
  facet normal 0.337059 -0.941483 0
    outer loop
      vertex 33.9757 12.8576 2
      vertex 34.2067 12.9403 5
      vertex 33.9757 12.8576 5
    endloop
  endfacet
  facet normal 0.337059 -0.941483 0
    outer loop
      vertex 34.2067 12.9403 5
      vertex 33.9757 12.8576 2
      vertex 34.2067 12.9403 2
    endloop
  endfacet
  facet normal 0.514076 -0.857745 0
    outer loop
      vertex 34.4285 13.0452 2
      vertex 34.6389 13.1713 5
      vertex 34.4285 13.0452 5
    endloop
  endfacet
  facet normal 0.514076 -0.857745 0
    outer loop
      vertex 34.6389 13.1713 5
      vertex 34.4285 13.0452 2
      vertex 34.6389 13.1713 2
    endloop
  endfacet
  facet normal -0.242919 -0.970047 0
    outer loop
      vertex 32.5243 12.8576 2
      vertex 32.7623 12.798 5
      vertex 32.5243 12.8576 5
    endloop
  endfacet
  facet normal -0.242919 -0.970047 -0
    outer loop
      vertex 32.7623 12.798 5
      vertex 32.5243 12.8576 2
      vertex 32.7623 12.798 2
    endloop
  endfacet
  facet normal -0.427543 -0.903995 0
    outer loop
      vertex 32.0715 13.0452 2
      vertex 32.2933 12.9403 5
      vertex 32.0715 13.0452 5
    endloop
  endfacet
  facet normal -0.427543 -0.903995 -0
    outer loop
      vertex 32.2933 12.9403 5
      vertex 32.0715 13.0452 2
      vertex 32.2933 12.9403 2
    endloop
  endfacet
  facet normal -0.595754 -0.803167 0
    outer loop
      vertex 31.664 13.3175 2
      vertex 31.8611 13.1713 5
      vertex 31.664 13.3175 5
    endloop
  endfacet
  facet normal -0.595754 -0.803167 -0
    outer loop
      vertex 31.8611 13.1713 5
      vertex 31.664 13.3175 2
      vertex 31.8611 13.1713 2
    endloop
  endfacet
  facet normal -0.941613 -0.336698 0
    outer loop
      vertex 30.9403 14.2933 2
      vertex 30.8577 14.5243 5
      vertex 30.8577 14.5243 2
    endloop
  endfacet
  facet normal -0.941613 -0.336698 0
    outer loop
      vertex 30.8577 14.5243 5
      vertex 30.9403 14.2933 2
      vertex 30.9403 14.2933 5
    endloop
  endfacet
  facet normal -0.989177 -0.146726 0
    outer loop
      vertex 30.798 14.7623 2
      vertex 30.762 15.005 5
      vertex 30.762 15.005 2
    endloop
  endfacet
  facet normal -0.989177 -0.146726 0
    outer loop
      vertex 30.762 15.005 5
      vertex 30.798 14.7623 2
      vertex 30.798 14.7623 5
    endloop
  endfacet
  facet normal -0.857745 -0.514076 0
    outer loop
      vertex 31.1713 13.8611 2
      vertex 31.0452 14.0715 5
      vertex 31.0452 14.0715 2
    endloop
  endfacet
  facet normal -0.857745 -0.514076 0
    outer loop
      vertex 31.0452 14.0715 5
      vertex 31.1713 13.8611 2
      vertex 31.1713 13.8611 5
    endloop
  endfacet
  facet normal 0.903995 -0.427543 0
    outer loop
      vertex 35.4548 14.0715 5
      vertex 35.5597 14.2933 2
      vertex 35.5597 14.2933 5
    endloop
  endfacet
  facet normal 0.903995 -0.427543 0
    outer loop
      vertex 35.5597 14.2933 2
      vertex 35.4548 14.0715 5
      vertex 35.4548 14.0715 2
    endloop
  endfacet
  facet normal 0.857745 -0.514076 0
    outer loop
      vertex 35.3287 13.8611 5
      vertex 35.4548 14.0715 2
      vertex 35.4548 14.0715 5
    endloop
  endfacet
  facet normal 0.857745 -0.514076 0
    outer loop
      vertex 35.4548 14.0715 2
      vertex 35.3287 13.8611 5
      vertex 35.3287 13.8611 2
    endloop
  endfacet
  facet normal 0.803167 -0.595754 0
    outer loop
      vertex 35.1825 13.664 5
      vertex 35.3287 13.8611 2
      vertex 35.3287 13.8611 5
    endloop
  endfacet
  facet normal 0.803167 -0.595754 0
    outer loop
      vertex 35.3287 13.8611 2
      vertex 35.1825 13.664 5
      vertex 35.1825 13.664 2
    endloop
  endfacet
  facet normal -0.998782 -0.049349 0
    outer loop
      vertex 34.2 15.25 2
      vertex 34.1954 15.3431 5
      vertex 34.1954 15.3431 2
    endloop
  endfacet
  facet normal -0.998782 -0.049349 0
    outer loop
      vertex 34.1954 15.3431 5
      vertex 34.2 15.25 2
      vertex 34.2 15.25 5
    endloop
  endfacet
  facet normal 0.998782 -0.049349 0
    outer loop
      vertex 32.3 15.25 5
      vertex 32.3046 15.3431 2
      vertex 32.3046 15.3431 5
    endloop
  endfacet
  facet normal 0.998782 -0.049349 0
    outer loop
      vertex 32.3046 15.3431 2
      vertex 32.3 15.25 5
      vertex 32.3 15.25 2
    endloop
  endfacet
  facet normal -0.049349 -0.998782 0
    outer loop
      vertex 33.25 16.2 2
      vertex 33.3431 16.1954 5
      vertex 33.25 16.2 5
    endloop
  endfacet
  facet normal -0.049349 -0.998782 -0
    outer loop
      vertex 33.3431 16.1954 5
      vertex 33.25 16.2 2
      vertex 33.3431 16.1954 2
    endloop
  endfacet
  facet normal 0.049349 0.998782 -0
    outer loop
      vertex 33.25 14.3 2
      vertex 33.1569 14.3046 5
      vertex 33.25 14.3 5
    endloop
  endfacet
  facet normal 0.049349 0.998782 0
    outer loop
      vertex 33.1569 14.3046 5
      vertex 33.25 14.3 2
      vertex 33.1569 14.3046 2
    endloop
  endfacet
  facet normal -0.671391 -0.741104 0
    outer loop
      vertex 33.8527 15.9844 2
      vertex 33.9218 15.9218 5
      vertex 33.8527 15.9844 5
    endloop
  endfacet
  facet normal -0.671391 -0.741104 -0
    outer loop
      vertex 33.9218 15.9218 5
      vertex 33.8527 15.9844 2
      vertex 33.9218 15.9218 2
    endloop
  endfacet
  facet normal 0.671391 -0.741104 0
    outer loop
      vertex 32.5782 15.9218 2
      vertex 32.6473 15.9844 5
      vertex 32.5782 15.9218 5
    endloop
  endfacet
  facet normal 0.671391 -0.741104 0
    outer loop
      vertex 32.6473 15.9844 5
      vertex 32.5782 15.9218 2
      vertex 32.6473 15.9844 2
    endloop
  endfacet
  facet normal 0.337084 -0.941474 0
    outer loop
      vertex 32.8865 16.1277 2
      vertex 32.9742 16.1591 5
      vertex 32.8865 16.1277 5
    endloop
  endfacet
  facet normal 0.337084 -0.941474 0
    outer loop
      vertex 32.9742 16.1591 5
      vertex 32.8865 16.1277 2
      vertex 32.9742 16.1591 2
    endloop
  endfacet
  facet normal 0.970206 0.242283 0
    outer loop
      vertex 32.3409 14.9742 5
      vertex 32.3183 15.0647 2
      vertex 32.3183 15.0647 5
    endloop
  endfacet
  facet normal 0.970206 0.242283 0
    outer loop
      vertex 32.3183 15.0647 2
      vertex 32.3409 14.9742 5
      vertex 32.3409 14.9742 2
    endloop
  endfacet
  facet normal -0.903869 -0.42781 0
    outer loop
      vertex 34.1277 15.6135 2
      vertex 34.0878 15.6978 5
      vertex 34.0878 15.6978 2
    endloop
  endfacet
  facet normal -0.903869 -0.42781 0
    outer loop
      vertex 34.0878 15.6978 5
      vertex 34.1277 15.6135 2
      vertex 34.1277 15.6135 5
    endloop
  endfacet
  facet normal -0.42781 -0.903869 0
    outer loop
      vertex 33.6135 16.1277 2
      vertex 33.6978 16.0878 5
      vertex 33.6135 16.1277 5
    endloop
  endfacet
  facet normal -0.42781 -0.903869 -0
    outer loop
      vertex 33.6978 16.0878 5
      vertex 33.6135 16.1277 2
      vertex 33.6978 16.0878 2
    endloop
  endfacet
  facet normal -0.595356 -0.803462 0
    outer loop
      vertex 33.7778 16.0399 2
      vertex 33.8527 15.9844 5
      vertex 33.7778 16.0399 5
    endloop
  endfacet
  facet normal -0.595356 -0.803462 -0
    outer loop
      vertex 33.8527 15.9844 5
      vertex 33.7778 16.0399 2
      vertex 33.8527 15.9844 2
    endloop
  endfacet
  facet normal 0.857966 -0.513707 0
    outer loop
      vertex 32.4122 15.6978 5
      vertex 32.4601 15.7778 2
      vertex 32.4601 15.7778 5
    endloop
  endfacet
  facet normal 0.857966 -0.513707 0
    outer loop
      vertex 32.4601 15.7778 2
      vertex 32.4122 15.6978 5
      vertex 32.4122 15.6978 2
    endloop
  endfacet
  facet normal 0.803462 -0.595356 0
    outer loop
      vertex 32.4601 15.7778 5
      vertex 32.5156 15.8527 2
      vertex 32.5156 15.8527 5
    endloop
  endfacet
  facet normal 0.803462 -0.595356 0
    outer loop
      vertex 32.5156 15.8527 2
      vertex 32.4601 15.7778 5
      vertex 32.4601 15.7778 2
    endloop
  endfacet
  facet normal 0.146976 -0.98914 0
    outer loop
      vertex 33.0647 16.1817 2
      vertex 33.1569 16.1954 5
      vertex 33.0647 16.1817 5
    endloop
  endfacet
  facet normal 0.146976 -0.98914 0
    outer loop
      vertex 33.1569 16.1954 5
      vertex 33.0647 16.1817 2
      vertex 33.1569 16.1954 2
    endloop
  endfacet
  facet normal -0.903869 0.42781 0
    outer loop
      vertex 34.0878 14.8022 2
      vertex 34.1277 14.8865 5
      vertex 34.1277 14.8865 2
    endloop
  endfacet
  facet normal -0.903869 0.42781 0
    outer loop
      vertex 34.1277 14.8865 5
      vertex 34.0878 14.8022 2
      vertex 34.0878 14.8022 5
    endloop
  endfacet
  facet normal -0.242283 0.970206 0
    outer loop
      vertex 33.5258 14.3409 2
      vertex 33.4353 14.3183 5
      vertex 33.5258 14.3409 5
    endloop
  endfacet
  facet normal -0.242283 0.970206 0
    outer loop
      vertex 33.4353 14.3183 5
      vertex 33.5258 14.3409 2
      vertex 33.4353 14.3183 2
    endloop
  endfacet
  facet normal -0.741104 0.671391 0
    outer loop
      vertex 33.9218 14.5782 2
      vertex 33.9844 14.6473 5
      vertex 33.9844 14.6473 2
    endloop
  endfacet
  facet normal -0.741104 0.671391 0
    outer loop
      vertex 33.9844 14.6473 5
      vertex 33.9218 14.5782 2
      vertex 33.9218 14.5782 5
    endloop
  endfacet
  facet normal -0.970206 0.242283 0
    outer loop
      vertex 34.1591 14.9742 2
      vertex 34.1817 15.0647 5
      vertex 34.1817 15.0647 2
    endloop
  endfacet
  facet normal -0.970206 0.242283 0
    outer loop
      vertex 34.1817 15.0647 5
      vertex 34.1591 14.9742 2
      vertex 34.1591 14.9742 5
    endloop
  endfacet
  facet normal 0.337084 0.941474 -0
    outer loop
      vertex 32.9742 14.3409 2
      vertex 32.8865 14.3723 5
      vertex 32.9742 14.3409 5
    endloop
  endfacet
  facet normal 0.337084 0.941474 0
    outer loop
      vertex 32.8865 14.3723 5
      vertex 32.9742 14.3409 2
      vertex 32.8865 14.3723 2
    endloop
  endfacet
  facet normal 0.741104 0.671391 0
    outer loop
      vertex 32.5782 14.5782 5
      vertex 32.5156 14.6473 2
      vertex 32.5156 14.6473 5
    endloop
  endfacet
  facet normal 0.741104 0.671391 0
    outer loop
      vertex 32.5156 14.6473 2
      vertex 32.5782 14.5782 5
      vertex 32.5782 14.5782 2
    endloop
  endfacet
  facet normal 0.803462 0.595356 0
    outer loop
      vertex 32.5156 14.6473 5
      vertex 32.4601 14.7222 2
      vertex 32.4601 14.7222 5
    endloop
  endfacet
  facet normal 0.803462 0.595356 0
    outer loop
      vertex 32.4601 14.7222 2
      vertex 32.5156 14.6473 5
      vertex 32.5156 14.6473 2
    endloop
  endfacet
  facet normal -0.970206 -0.242283 0
    outer loop
      vertex 34.1817 15.4353 2
      vertex 34.1591 15.5258 5
      vertex 34.1591 15.5258 2
    endloop
  endfacet
  facet normal -0.970206 -0.242283 0
    outer loop
      vertex 34.1591 15.5258 5
      vertex 34.1817 15.4353 2
      vertex 34.1817 15.4353 5
    endloop
  endfacet
  facet normal -0.98914 -0.146976 0
    outer loop
      vertex 34.1954 15.3431 2
      vertex 34.1817 15.4353 5
      vertex 34.1817 15.4353 2
    endloop
  endfacet
  facet normal -0.98914 -0.146976 0
    outer loop
      vertex 34.1817 15.4353 5
      vertex 34.1954 15.3431 2
      vertex 34.1954 15.3431 5
    endloop
  endfacet
  facet normal -0.941474 -0.337084 0
    outer loop
      vertex 34.1591 15.5258 2
      vertex 34.1277 15.6135 5
      vertex 34.1277 15.6135 2
    endloop
  endfacet
  facet normal -0.941474 -0.337084 0
    outer loop
      vertex 34.1277 15.6135 5
      vertex 34.1591 15.5258 2
      vertex 34.1591 15.5258 5
    endloop
  endfacet
  facet normal -0.803462 -0.595356 0
    outer loop
      vertex 34.0399 15.7778 2
      vertex 33.9844 15.8527 5
      vertex 33.9844 15.8527 2
    endloop
  endfacet
  facet normal -0.803462 -0.595356 0
    outer loop
      vertex 33.9844 15.8527 5
      vertex 34.0399 15.7778 2
      vertex 34.0399 15.7778 5
    endloop
  endfacet
  facet normal -0.741104 -0.671391 0
    outer loop
      vertex 33.9844 15.8527 2
      vertex 33.9218 15.9218 5
      vertex 33.9218 15.9218 2
    endloop
  endfacet
  facet normal -0.741104 -0.671391 0
    outer loop
      vertex 33.9218 15.9218 5
      vertex 33.9844 15.8527 2
      vertex 33.9844 15.8527 5
    endloop
  endfacet
  facet normal -0.857966 -0.513707 0
    outer loop
      vertex 34.0878 15.6978 2
      vertex 34.0399 15.7778 5
      vertex 34.0399 15.7778 2
    endloop
  endfacet
  facet normal -0.857966 -0.513707 0
    outer loop
      vertex 34.0399 15.7778 5
      vertex 34.0878 15.6978 2
      vertex 34.0878 15.6978 5
    endloop
  endfacet
  facet normal -0.242283 -0.970206 0
    outer loop
      vertex 33.4353 16.1817 2
      vertex 33.5258 16.1591 5
      vertex 33.4353 16.1817 5
    endloop
  endfacet
  facet normal -0.242283 -0.970206 -0
    outer loop
      vertex 33.5258 16.1591 5
      vertex 33.4353 16.1817 2
      vertex 33.5258 16.1591 2
    endloop
  endfacet
  facet normal -0.337084 -0.941474 0
    outer loop
      vertex 33.5258 16.1591 2
      vertex 33.6135 16.1277 5
      vertex 33.5258 16.1591 5
    endloop
  endfacet
  facet normal -0.337084 -0.941474 -0
    outer loop
      vertex 33.6135 16.1277 5
      vertex 33.5258 16.1591 2
      vertex 33.6135 16.1277 2
    endloop
  endfacet
  facet normal -0.146976 -0.98914 0
    outer loop
      vertex 33.3431 16.1954 2
      vertex 33.4353 16.1817 5
      vertex 33.3431 16.1954 5
    endloop
  endfacet
  facet normal -0.146976 -0.98914 -0
    outer loop
      vertex 33.4353 16.1817 5
      vertex 33.3431 16.1954 2
      vertex 33.4353 16.1817 2
    endloop
  endfacet
  facet normal -0.513707 -0.857966 0
    outer loop
      vertex 33.6978 16.0878 2
      vertex 33.7778 16.0399 5
      vertex 33.6978 16.0878 5
    endloop
  endfacet
  facet normal -0.513707 -0.857966 -0
    outer loop
      vertex 33.7778 16.0399 5
      vertex 33.6978 16.0878 2
      vertex 33.7778 16.0399 2
    endloop
  endfacet
  facet normal 0.970206 -0.242283 0
    outer loop
      vertex 32.3183 15.4353 5
      vertex 32.3409 15.5258 2
      vertex 32.3409 15.5258 5
    endloop
  endfacet
  facet normal 0.970206 -0.242283 0
    outer loop
      vertex 32.3409 15.5258 2
      vertex 32.3183 15.4353 5
      vertex 32.3183 15.4353 2
    endloop
  endfacet
  facet normal 0.903869 -0.42781 0
    outer loop
      vertex 32.3723 15.6135 5
      vertex 32.4122 15.6978 2
      vertex 32.4122 15.6978 5
    endloop
  endfacet
  facet normal 0.903869 -0.42781 0
    outer loop
      vertex 32.4122 15.6978 2
      vertex 32.3723 15.6135 5
      vertex 32.3723 15.6135 2
    endloop
  endfacet
  facet normal 0.98914 -0.146976 0
    outer loop
      vertex 32.3046 15.3431 5
      vertex 32.3183 15.4353 2
      vertex 32.3183 15.4353 5
    endloop
  endfacet
  facet normal 0.98914 -0.146976 0
    outer loop
      vertex 32.3183 15.4353 2
      vertex 32.3046 15.3431 5
      vertex 32.3046 15.3431 2
    endloop
  endfacet
  facet normal 0.513707 -0.857966 0
    outer loop
      vertex 32.7222 16.0399 2
      vertex 32.8022 16.0878 5
      vertex 32.7222 16.0399 5
    endloop
  endfacet
  facet normal 0.513707 -0.857966 0
    outer loop
      vertex 32.8022 16.0878 5
      vertex 32.7222 16.0399 2
      vertex 32.8022 16.0878 2
    endloop
  endfacet
  facet normal 0.242283 -0.970206 0
    outer loop
      vertex 32.9742 16.1591 2
      vertex 33.0647 16.1817 5
      vertex 32.9742 16.1591 5
    endloop
  endfacet
  facet normal 0.242283 -0.970206 0
    outer loop
      vertex 33.0647 16.1817 5
      vertex 32.9742 16.1591 2
      vertex 33.0647 16.1817 2
    endloop
  endfacet
  facet normal 0.049349 -0.998782 0
    outer loop
      vertex 33.1569 16.1954 2
      vertex 33.25 16.2 5
      vertex 33.1569 16.1954 5
    endloop
  endfacet
  facet normal 0.049349 -0.998782 0
    outer loop
      vertex 33.25 16.2 5
      vertex 33.1569 16.1954 2
      vertex 33.25 16.2 2
    endloop
  endfacet
  facet normal -0.998782 0.049349 0
    outer loop
      vertex 34.1954 15.1569 2
      vertex 34.2 15.25 5
      vertex 34.2 15.25 2
    endloop
  endfacet
  facet normal -0.998782 0.049349 0
    outer loop
      vertex 34.2 15.25 5
      vertex 34.1954 15.1569 2
      vertex 34.1954 15.1569 5
    endloop
  endfacet
  facet normal -0.049349 0.998782 0
    outer loop
      vertex 33.3431 14.3046 2
      vertex 33.25 14.3 5
      vertex 33.3431 14.3046 5
    endloop
  endfacet
  facet normal -0.049349 0.998782 0
    outer loop
      vertex 33.25 14.3 5
      vertex 33.3431 14.3046 2
      vertex 33.25 14.3 2
    endloop
  endfacet
  facet normal -0.513707 0.857966 0
    outer loop
      vertex 33.7778 14.4601 2
      vertex 33.6978 14.4122 5
      vertex 33.7778 14.4601 5
    endloop
  endfacet
  facet normal -0.513707 0.857966 0
    outer loop
      vertex 33.6978 14.4122 5
      vertex 33.7778 14.4601 2
      vertex 33.6978 14.4122 2
    endloop
  endfacet
  facet normal -0.671391 0.741104 0
    outer loop
      vertex 33.9218 14.5782 2
      vertex 33.8527 14.5156 5
      vertex 33.9218 14.5782 5
    endloop
  endfacet
  facet normal -0.671391 0.741104 0
    outer loop
      vertex 33.8527 14.5156 5
      vertex 33.9218 14.5782 2
      vertex 33.8527 14.5156 2
    endloop
  endfacet
  facet normal -0.595356 0.803462 0
    outer loop
      vertex 33.8527 14.5156 2
      vertex 33.7778 14.4601 5
      vertex 33.8527 14.5156 5
    endloop
  endfacet
  facet normal -0.595356 0.803462 0
    outer loop
      vertex 33.7778 14.4601 5
      vertex 33.8527 14.5156 2
      vertex 33.7778 14.4601 2
    endloop
  endfacet
  facet normal -0.803462 0.595356 0
    outer loop
      vertex 33.9844 14.6473 2
      vertex 34.0399 14.7222 5
      vertex 34.0399 14.7222 2
    endloop
  endfacet
  facet normal -0.803462 0.595356 0
    outer loop
      vertex 34.0399 14.7222 5
      vertex 33.9844 14.6473 2
      vertex 33.9844 14.6473 5
    endloop
  endfacet
  facet normal -0.857966 0.513707 0
    outer loop
      vertex 34.0399 14.7222 2
      vertex 34.0878 14.8022 5
      vertex 34.0878 14.8022 2
    endloop
  endfacet
  facet normal -0.857966 0.513707 0
    outer loop
      vertex 34.0878 14.8022 5
      vertex 34.0399 14.7222 2
      vertex 34.0399 14.7222 5
    endloop
  endfacet
  facet normal 0.671391 0.741104 -0
    outer loop
      vertex 32.6473 14.5156 2
      vertex 32.5782 14.5782 5
      vertex 32.6473 14.5156 5
    endloop
  endfacet
  facet normal 0.671391 0.741104 0
    outer loop
      vertex 32.5782 14.5782 5
      vertex 32.6473 14.5156 2
      vertex 32.5782 14.5782 2
    endloop
  endfacet
  facet normal 0.595356 0.803462 -0
    outer loop
      vertex 32.7222 14.4601 2
      vertex 32.6473 14.5156 5
      vertex 32.7222 14.4601 5
    endloop
  endfacet
  facet normal 0.595356 0.803462 0
    outer loop
      vertex 32.6473 14.5156 5
      vertex 32.7222 14.4601 2
      vertex 32.6473 14.5156 2
    endloop
  endfacet
  facet normal 0.513707 0.857966 -0
    outer loop
      vertex 32.8022 14.4122 2
      vertex 32.7222 14.4601 5
      vertex 32.8022 14.4122 5
    endloop
  endfacet
  facet normal 0.513707 0.857966 0
    outer loop
      vertex 32.7222 14.4601 5
      vertex 32.8022 14.4122 2
      vertex 32.7222 14.4601 2
    endloop
  endfacet
  facet normal 0.146976 0.98914 -0
    outer loop
      vertex 33.1569 14.3046 2
      vertex 33.0647 14.3183 5
      vertex 33.1569 14.3046 5
    endloop
  endfacet
  facet normal 0.146976 0.98914 0
    outer loop
      vertex 33.0647 14.3183 5
      vertex 33.1569 14.3046 2
      vertex 33.0647 14.3183 2
    endloop
  endfacet
  facet normal 0.903869 0.42781 0
    outer loop
      vertex 32.4122 14.8022 5
      vertex 32.3723 14.8865 2
      vertex 32.3723 14.8865 5
    endloop
  endfacet
  facet normal 0.903869 0.42781 0
    outer loop
      vertex 32.3723 14.8865 2
      vertex 32.4122 14.8022 5
      vertex 32.4122 14.8022 2
    endloop
  endfacet
  facet normal 0.941474 0.337084 0
    outer loop
      vertex 32.3723 14.8865 5
      vertex 32.3409 14.9742 2
      vertex 32.3409 14.9742 5
    endloop
  endfacet
  facet normal 0.941474 0.337084 0
    outer loop
      vertex 32.3409 14.9742 2
      vertex 32.3723 14.8865 5
      vertex 32.3723 14.8865 2
    endloop
  endfacet
  facet normal 0.998782 0.049349 0
    outer loop
      vertex 32.3046 15.1569 5
      vertex 32.3 15.25 2
      vertex 32.3 15.25 5
    endloop
  endfacet
  facet normal 0.998782 0.049349 0
    outer loop
      vertex 32.3 15.25 2
      vertex 32.3046 15.1569 5
      vertex 32.3046 15.1569 2
    endloop
  endfacet
  facet normal 0.741104 -0.671391 0
    outer loop
      vertex 32.5156 15.8527 5
      vertex 32.5782 15.9218 2
      vertex 32.5782 15.9218 5
    endloop
  endfacet
  facet normal 0.741104 -0.671391 0
    outer loop
      vertex 32.5782 15.9218 2
      vertex 32.5156 15.8527 5
      vertex 32.5156 15.8527 2
    endloop
  endfacet
  facet normal 0.941474 -0.337084 0
    outer loop
      vertex 32.3409 15.5258 5
      vertex 32.3723 15.6135 2
      vertex 32.3723 15.6135 5
    endloop
  endfacet
  facet normal 0.941474 -0.337084 0
    outer loop
      vertex 32.3723 15.6135 2
      vertex 32.3409 15.5258 5
      vertex 32.3409 15.5258 2
    endloop
  endfacet
  facet normal 0.595356 -0.803462 0
    outer loop
      vertex 32.6473 15.9844 2
      vertex 32.7222 16.0399 5
      vertex 32.6473 15.9844 5
    endloop
  endfacet
  facet normal 0.595356 -0.803462 0
    outer loop
      vertex 32.7222 16.0399 5
      vertex 32.6473 15.9844 2
      vertex 32.7222 16.0399 2
    endloop
  endfacet
  facet normal 0.42781 -0.903869 0
    outer loop
      vertex 32.8022 16.0878 2
      vertex 32.8865 16.1277 5
      vertex 32.8022 16.0878 5
    endloop
  endfacet
  facet normal 0.42781 -0.903869 0
    outer loop
      vertex 32.8865 16.1277 5
      vertex 32.8022 16.0878 2
      vertex 32.8865 16.1277 2
    endloop
  endfacet
  facet normal -0.146976 0.98914 0
    outer loop
      vertex 33.4353 14.3183 2
      vertex 33.3431 14.3046 5
      vertex 33.4353 14.3183 5
    endloop
  endfacet
  facet normal -0.146976 0.98914 0
    outer loop
      vertex 33.3431 14.3046 5
      vertex 33.4353 14.3183 2
      vertex 33.3431 14.3046 2
    endloop
  endfacet
  facet normal -0.337084 0.941474 0
    outer loop
      vertex 33.6135 14.3723 2
      vertex 33.5258 14.3409 5
      vertex 33.6135 14.3723 5
    endloop
  endfacet
  facet normal -0.337084 0.941474 0
    outer loop
      vertex 33.5258 14.3409 5
      vertex 33.6135 14.3723 2
      vertex 33.5258 14.3409 2
    endloop
  endfacet
  facet normal -0.42781 0.903869 0
    outer loop
      vertex 33.6978 14.4122 2
      vertex 33.6135 14.3723 5
      vertex 33.6978 14.4122 5
    endloop
  endfacet
  facet normal -0.42781 0.903869 0
    outer loop
      vertex 33.6135 14.3723 5
      vertex 33.6978 14.4122 2
      vertex 33.6135 14.3723 2
    endloop
  endfacet
  facet normal -0.941474 0.337084 0
    outer loop
      vertex 34.1277 14.8865 2
      vertex 34.1591 14.9742 5
      vertex 34.1591 14.9742 2
    endloop
  endfacet
  facet normal -0.941474 0.337084 0
    outer loop
      vertex 34.1591 14.9742 5
      vertex 34.1277 14.8865 2
      vertex 34.1277 14.8865 5
    endloop
  endfacet
  facet normal -0.98914 0.146976 0
    outer loop
      vertex 34.1817 15.0647 2
      vertex 34.1954 15.1569 5
      vertex 34.1954 15.1569 2
    endloop
  endfacet
  facet normal -0.98914 0.146976 0
    outer loop
      vertex 34.1954 15.1569 5
      vertex 34.1817 15.0647 2
      vertex 34.1817 15.0647 5
    endloop
  endfacet
  facet normal 0.42781 0.903869 -0
    outer loop
      vertex 32.8865 14.3723 2
      vertex 32.8022 14.4122 5
      vertex 32.8865 14.3723 5
    endloop
  endfacet
  facet normal 0.42781 0.903869 0
    outer loop
      vertex 32.8022 14.4122 5
      vertex 32.8865 14.3723 2
      vertex 32.8022 14.4122 2
    endloop
  endfacet
  facet normal 0.242283 0.970206 -0
    outer loop
      vertex 33.0647 14.3183 2
      vertex 32.9742 14.3409 5
      vertex 33.0647 14.3183 5
    endloop
  endfacet
  facet normal 0.242283 0.970206 0
    outer loop
      vertex 32.9742 14.3409 5
      vertex 33.0647 14.3183 2
      vertex 32.9742 14.3409 2
    endloop
  endfacet
  facet normal 0.857966 0.513707 0
    outer loop
      vertex 32.4601 14.7222 5
      vertex 32.4122 14.8022 2
      vertex 32.4122 14.8022 5
    endloop
  endfacet
  facet normal 0.857966 0.513707 0
    outer loop
      vertex 32.4122 14.8022 2
      vertex 32.4601 14.7222 5
      vertex 32.4601 14.7222 2
    endloop
  endfacet
  facet normal 0.98914 0.146976 0
    outer loop
      vertex 32.3183 15.0647 5
      vertex 32.3046 15.1569 2
      vertex 32.3046 15.1569 5
    endloop
  endfacet
  facet normal 0.98914 0.146976 0
    outer loop
      vertex 32.3046 15.1569 2
      vertex 32.3183 15.0647 5
      vertex 32.3183 15.0647 2
    endloop
  endfacet
  facet normal -0.595808 -0.803127 0
    outer loop
      vertex -2.8333 16.9961 22
      vertex -2.66777 16.8733 25
      vertex -2.8333 16.9961 25
    endloop
  endfacet
  facet normal -0.595808 -0.803127 -0
    outer loop
      vertex -2.66777 16.8733 25
      vertex -2.8333 16.9961 22
      vertex -2.66777 16.8733 22
    endloop
  endfacet
  facet normal 0.427502 -0.904014 0
    outer loop
      vertex -4.98993 17.102 22
      vertex -4.80363 17.1901 25
      vertex -4.98993 17.102 25
    endloop
  endfacet
  facet normal 0.427502 -0.904014 0
    outer loop
      vertex -4.80363 17.1901 25
      vertex -4.98993 17.102 22
      vertex -4.80363 17.1901 22
    endloop
  endfacet
  facet normal 0.941535 -0.336914 0
    outer loop
      vertex -6.00957 15.8596 25
      vertex -5.94015 16.0536 22
      vertex -5.94015 16.0536 25
    endloop
  endfacet
  facet normal 0.941535 -0.336914 0
    outer loop
      vertex -5.94015 16.0536 22
      vertex -6.00957 15.8596 25
      vertex -6.00957 15.8596 22
    endloop
  endfacet
  facet normal -0.998796 0.0490662 0
    outer loop
      vertex -1.91011 15.0442 22
      vertex -1.9 15.25 25
      vertex -1.9 15.25 22
    endloop
  endfacet
  facet normal -0.998796 0.0490662 0
    outer loop
      vertex -1.9 15.25 25
      vertex -1.91011 15.0442 22
      vertex -1.91011 15.0442 25
    endloop
  endfacet
  facet normal -0.903996 -0.427542 0
    outer loop
      vertex -2.05985 16.0536 22
      vertex -2.14796 16.2399 25
      vertex -2.14796 16.2399 22
    endloop
  endfacet
  facet normal -0.903996 -0.427542 0
    outer loop
      vertex -2.14796 16.2399 25
      vertex -2.05985 16.0536 22
      vertex -2.05985 16.0536 25
    endloop
  endfacet
  facet normal -0.857771 -0.514032 0
    outer loop
      vertex -2.14796 16.2399 22
      vertex -2.25391 16.4167 25
      vertex -2.25391 16.4167 22
    endloop
  endfacet
  facet normal -0.857771 -0.514032 0
    outer loop
      vertex -2.25391 16.4167 25
      vertex -2.14796 16.2399 22
      vertex -2.14796 16.2399 25
    endloop
  endfacet
  facet normal -0.337197 -0.941434 0
    outer loop
      vertex -3.3904 17.2596 22
      vertex -3.19636 17.1901 25
      vertex -3.3904 17.2596 25
    endloop
  endfacet
  facet normal -0.337197 -0.941434 -0
    outer loop
      vertex -3.19636 17.1901 25
      vertex -3.3904 17.2596 22
      vertex -3.19636 17.1901 22
    endloop
  endfacet
  facet normal -0.0490083 -0.998798 0
    outer loop
      vertex -4 17.35 22
      vertex -3.79416 17.3399 25
      vertex -4 17.35 25
    endloop
  endfacet
  facet normal -0.0490083 -0.998798 -0
    outer loop
      vertex -3.79416 17.3399 25
      vertex -4 17.35 22
      vertex -3.79416 17.3399 22
    endloop
  endfacet
  facet normal 0.803145 -0.595783 0
    outer loop
      vertex -5.74609 16.4167 25
      vertex -5.62332 16.5822 22
      vertex -5.62332 16.5822 25
    endloop
  endfacet
  facet normal 0.803145 -0.595783 0
    outer loop
      vertex -5.62332 16.5822 22
      vertex -5.74609 16.4167 25
      vertex -5.74609 16.4167 22
    endloop
  endfacet
  facet normal 0.242638 -0.970117 0
    outer loop
      vertex -4.6096 17.2596 22
      vertex -4.40969 17.3096 25
      vertex -4.6096 17.2596 25
    endloop
  endfacet
  facet normal 0.242638 -0.970117 0
    outer loop
      vertex -4.40969 17.3096 25
      vertex -4.6096 17.2596 22
      vertex -4.40969 17.3096 22
    endloop
  endfacet
  facet normal 0.0490083 0.998798 -0
    outer loop
      vertex -4 13.15 22
      vertex -4.20584 13.1601 25
      vertex -4 13.15 25
    endloop
  endfacet
  facet normal 0.0490083 0.998798 0
    outer loop
      vertex -4.20584 13.1601 25
      vertex -4 13.15 22
      vertex -4.20584 13.1601 22
    endloop
  endfacet
  facet normal 0.595808 0.803127 -0
    outer loop
      vertex -5.1667 13.5039 22
      vertex -5.33223 13.6267 25
      vertex -5.1667 13.5039 25
    endloop
  endfacet
  facet normal 0.595808 0.803127 0
    outer loop
      vertex -5.33223 13.6267 25
      vertex -5.1667 13.5039 22
      vertex -5.33223 13.6267 22
    endloop
  endfacet
  facet normal 0.740949 0.671561 0
    outer loop
      vertex -5.48492 13.7651 25
      vertex -5.62332 13.9178 22
      vertex -5.62332 13.9178 25
    endloop
  endfacet
  facet normal 0.740949 0.671561 0
    outer loop
      vertex -5.62332 13.9178 22
      vertex -5.48492 13.7651 25
      vertex -5.48492 13.7651 22
    endloop
  endfacet
  facet normal -0.989181 -0.146703 0
    outer loop
      vertex -1.91011 15.4558 22
      vertex -1.94035 15.6597 25
      vertex -1.94035 15.6597 22
    endloop
  endfacet
  facet normal -0.989181 -0.146703 0
    outer loop
      vertex -1.94035 15.6597 25
      vertex -1.91011 15.4558 22
      vertex -1.91011 15.4558 25
    endloop
  endfacet
  facet normal -0.970022 -0.243015 0
    outer loop
      vertex -1.94035 15.6597 22
      vertex -1.99043 15.8596 25
      vertex -1.99043 15.8596 22
    endloop
  endfacet
  facet normal -0.970022 -0.243015 0
    outer loop
      vertex -1.99043 15.8596 25
      vertex -1.94035 15.6597 22
      vertex -1.94035 15.6597 25
    endloop
  endfacet
  facet normal -0.941535 -0.336914 0
    outer loop
      vertex -1.99043 15.8596 22
      vertex -2.05985 16.0536 25
      vertex -2.05985 16.0536 22
    endloop
  endfacet
  facet normal -0.941535 -0.336914 0
    outer loop
      vertex -2.05985 16.0536 25
      vertex -1.99043 15.8596 22
      vertex -1.99043 15.8596 25
    endloop
  endfacet
  facet normal -0.740949 -0.671561 0
    outer loop
      vertex -2.37668 16.5822 22
      vertex -2.51508 16.7349 25
      vertex -2.51508 16.7349 22
    endloop
  endfacet
  facet normal -0.740949 -0.671561 0
    outer loop
      vertex -2.51508 16.7349 25
      vertex -2.37668 16.5822 22
      vertex -2.37668 16.5822 25
    endloop
  endfacet
  facet normal -0.803145 -0.595783 0
    outer loop
      vertex -2.25391 16.4167 22
      vertex -2.37668 16.5822 25
      vertex -2.37668 16.5822 22
    endloop
  endfacet
  facet normal -0.803145 -0.595783 0
    outer loop
      vertex -2.37668 16.5822 25
      vertex -2.25391 16.4167 22
      vertex -2.25391 16.4167 25
    endloop
  endfacet
  facet normal -0.671585 -0.740927 0
    outer loop
      vertex -2.66777 16.8733 22
      vertex -2.51508 16.7349 25
      vertex -2.66777 16.8733 25
    endloop
  endfacet
  facet normal -0.671585 -0.740927 -0
    outer loop
      vertex -2.51508 16.7349 25
      vertex -2.66777 16.8733 22
      vertex -2.51508 16.7349 22
    endloop
  endfacet
  facet normal -0.513918 -0.85784 0
    outer loop
      vertex -3.01007 17.102 22
      vertex -2.8333 16.9961 25
      vertex -3.01007 17.102 25
    endloop
  endfacet
  facet normal -0.513918 -0.85784 -0
    outer loop
      vertex -2.8333 16.9961 25
      vertex -3.01007 17.102 22
      vertex -2.8333 16.9961 22
    endloop
  endfacet
  facet normal 0.0490083 -0.998798 0
    outer loop
      vertex -4.20584 17.3399 22
      vertex -4 17.35 25
      vertex -4.20584 17.3399 25
    endloop
  endfacet
  facet normal 0.0490083 -0.998798 0
    outer loop
      vertex -4 17.35 25
      vertex -4.20584 17.3399 22
      vertex -4 17.35 22
    endloop
  endfacet
  facet normal -0.427521 -0.904005 0
    outer loop
      vertex -3.19636 17.1901 22
      vertex -3.01007 17.102 25
      vertex -3.19636 17.1901 25
    endloop
  endfacet
  facet normal -0.427521 -0.904005 -0
    outer loop
      vertex -3.01007 17.102 25
      vertex -3.19636 17.1901 22
      vertex -3.01007 17.102 22
    endloop
  endfacet
  facet normal -0.242638 -0.970117 0
    outer loop
      vertex -3.59031 17.3096 22
      vertex -3.3904 17.2596 25
      vertex -3.59031 17.3096 25
    endloop
  endfacet
  facet normal -0.242638 -0.970117 -0
    outer loop
      vertex -3.3904 17.2596 25
      vertex -3.59031 17.3096 22
      vertex -3.3904 17.2596 22
    endloop
  endfacet
  facet normal -0.147023 -0.989133 0
    outer loop
      vertex -3.79416 17.3399 22
      vertex -3.59031 17.3096 25
      vertex -3.79416 17.3399 25
    endloop
  endfacet
  facet normal -0.147023 -0.989133 -0
    outer loop
      vertex -3.59031 17.3096 25
      vertex -3.79416 17.3399 22
      vertex -3.59031 17.3096 22
    endloop
  endfacet
  facet normal 0.998796 0.0490662 0
    outer loop
      vertex -6.08989 15.0442 25
      vertex -6.1 15.25 22
      vertex -6.1 15.25 25
    endloop
  endfacet
  facet normal 0.998796 0.0490662 0
    outer loop
      vertex -6.1 15.25 22
      vertex -6.08989 15.0442 25
      vertex -6.08989 15.0442 22
    endloop
  endfacet
  facet normal 0.970022 -0.243015 0
    outer loop
      vertex -6.05965 15.6597 25
      vertex -6.00957 15.8596 22
      vertex -6.00957 15.8596 25
    endloop
  endfacet
  facet normal 0.970022 -0.243015 0
    outer loop
      vertex -6.00957 15.8596 22
      vertex -6.05965 15.6597 25
      vertex -6.05965 15.6597 22
    endloop
  endfacet
  facet normal 0.989181 -0.146703 0
    outer loop
      vertex -6.08989 15.4558 25
      vertex -6.05965 15.6597 22
      vertex -6.05965 15.6597 25
    endloop
  endfacet
  facet normal 0.989181 -0.146703 0
    outer loop
      vertex -6.05965 15.6597 22
      vertex -6.08989 15.4558 25
      vertex -6.08989 15.4558 22
    endloop
  endfacet
  facet normal 0.903977 -0.427582 0
    outer loop
      vertex -5.94015 16.0536 25
      vertex -5.85203 16.2399 22
      vertex -5.85203 16.2399 25
    endloop
  endfacet
  facet normal 0.903977 -0.427582 0
    outer loop
      vertex -5.85203 16.2399 22
      vertex -5.94015 16.0536 25
      vertex -5.94015 16.0536 22
    endloop
  endfacet
  facet normal 0.857792 -0.513996 0
    outer loop
      vertex -5.85203 16.2399 25
      vertex -5.74609 16.4167 22
      vertex -5.74609 16.4167 25
    endloop
  endfacet
  facet normal 0.857792 -0.513996 0
    outer loop
      vertex -5.74609 16.4167 22
      vertex -5.85203 16.2399 25
      vertex -5.85203 16.2399 22
    endloop
  endfacet
  facet normal 0.337212 -0.941429 0
    outer loop
      vertex -4.80363 17.1901 22
      vertex -4.6096 17.2596 25
      vertex -4.80363 17.1901 25
    endloop
  endfacet
  facet normal 0.337212 -0.941429 0
    outer loop
      vertex -4.6096 17.2596 25
      vertex -4.80363 17.1901 22
      vertex -4.6096 17.2596 22
    endloop
  endfacet
  facet normal 0.147023 -0.989133 0
    outer loop
      vertex -4.40969 17.3096 22
      vertex -4.20584 17.3399 25
      vertex -4.40969 17.3096 25
    endloop
  endfacet
  facet normal 0.147023 -0.989133 0
    outer loop
      vertex -4.20584 17.3399 25
      vertex -4.40969 17.3096 22
      vertex -4.20584 17.3399 22
    endloop
  endfacet
  facet normal 0.595808 -0.803127 0
    outer loop
      vertex -5.33223 16.8733 22
      vertex -5.1667 16.9961 25
      vertex -5.33223 16.8733 25
    endloop
  endfacet
  facet normal 0.595808 -0.803127 0
    outer loop
      vertex -5.1667 16.9961 25
      vertex -5.33223 16.8733 22
      vertex -5.1667 16.9961 22
    endloop
  endfacet
  facet normal 0.671585 -0.740927 0
    outer loop
      vertex -5.48492 16.7349 22
      vertex -5.33223 16.8733 25
      vertex -5.48492 16.7349 25
    endloop
  endfacet
  facet normal 0.671585 -0.740927 0
    outer loop
      vertex -5.33223 16.8733 25
      vertex -5.48492 16.7349 22
      vertex -5.33223 16.8733 22
    endloop
  endfacet
  facet normal 0.513918 -0.85784 0
    outer loop
      vertex -5.1667 16.9961 22
      vertex -4.98993 17.102 25
      vertex -5.1667 16.9961 25
    endloop
  endfacet
  facet normal 0.513918 -0.85784 0
    outer loop
      vertex -4.98993 17.102 25
      vertex -5.1667 16.9961 22
      vertex -4.98993 17.102 22
    endloop
  endfacet
  facet normal 0.740949 -0.671561 0
    outer loop
      vertex -5.62332 16.5822 25
      vertex -5.48492 16.7349 22
      vertex -5.48492 16.7349 25
    endloop
  endfacet
  facet normal 0.740949 -0.671561 0
    outer loop
      vertex -5.48492 16.7349 22
      vertex -5.62332 16.5822 25
      vertex -5.62332 16.5822 22
    endloop
  endfacet
  facet normal -0.998796 -0.0490662 0
    outer loop
      vertex -1.9 15.25 22
      vertex -1.91011 15.4558 25
      vertex -1.91011 15.4558 22
    endloop
  endfacet
  facet normal -0.998796 -0.0490662 0
    outer loop
      vertex -1.91011 15.4558 25
      vertex -1.9 15.25 22
      vertex -1.9 15.25 25
    endloop
  endfacet
  facet normal -0.147023 0.989133 0
    outer loop
      vertex -3.59031 13.1904 22
      vertex -3.79416 13.1601 25
      vertex -3.59031 13.1904 25
    endloop
  endfacet
  facet normal -0.147023 0.989133 0
    outer loop
      vertex -3.79416 13.1601 25
      vertex -3.59031 13.1904 22
      vertex -3.79416 13.1601 22
    endloop
  endfacet
  facet normal -0.970022 0.243015 0
    outer loop
      vertex -1.99043 14.6404 22
      vertex -1.94035 14.8403 25
      vertex -1.94035 14.8403 22
    endloop
  endfacet
  facet normal -0.970022 0.243015 0
    outer loop
      vertex -1.94035 14.8403 25
      vertex -1.99043 14.6404 22
      vertex -1.99043 14.6404 25
    endloop
  endfacet
  facet normal -0.903996 0.427542 0
    outer loop
      vertex -2.14796 14.2601 22
      vertex -2.05985 14.4464 25
      vertex -2.05985 14.4464 22
    endloop
  endfacet
  facet normal -0.903996 0.427542 0
    outer loop
      vertex -2.05985 14.4464 25
      vertex -2.14796 14.2601 22
      vertex -2.14796 14.2601 25
    endloop
  endfacet
  facet normal -0.242638 0.970117 0
    outer loop
      vertex -3.3904 13.2404 22
      vertex -3.59031 13.1904 25
      vertex -3.3904 13.2404 25
    endloop
  endfacet
  facet normal -0.242638 0.970117 0
    outer loop
      vertex -3.59031 13.1904 25
      vertex -3.3904 13.2404 22
      vertex -3.59031 13.1904 22
    endloop
  endfacet
  facet normal -0.337197 0.941434 0
    outer loop
      vertex -3.19636 13.3099 22
      vertex -3.3904 13.2404 25
      vertex -3.19636 13.3099 25
    endloop
  endfacet
  facet normal -0.337197 0.941434 0
    outer loop
      vertex -3.3904 13.2404 25
      vertex -3.19636 13.3099 22
      vertex -3.3904 13.2404 22
    endloop
  endfacet
  facet normal -0.740949 0.671561 0
    outer loop
      vertex -2.51508 13.7651 22
      vertex -2.37668 13.9178 25
      vertex -2.37668 13.9178 22
    endloop
  endfacet
  facet normal -0.740949 0.671561 0
    outer loop
      vertex -2.37668 13.9178 25
      vertex -2.51508 13.7651 22
      vertex -2.51508 13.7651 25
    endloop
  endfacet
  facet normal -0.671585 0.740927 0
    outer loop
      vertex -2.51508 13.7651 22
      vertex -2.66777 13.6267 25
      vertex -2.51508 13.7651 25
    endloop
  endfacet
  facet normal -0.671585 0.740927 0
    outer loop
      vertex -2.66777 13.6267 25
      vertex -2.51508 13.7651 22
      vertex -2.66777 13.6267 22
    endloop
  endfacet
  facet normal -0.513918 0.85784 0
    outer loop
      vertex -2.8333 13.5039 22
      vertex -3.01007 13.398 25
      vertex -2.8333 13.5039 25
    endloop
  endfacet
  facet normal -0.513918 0.85784 0
    outer loop
      vertex -3.01007 13.398 25
      vertex -2.8333 13.5039 22
      vertex -3.01007 13.398 22
    endloop
  endfacet
  facet normal -0.0490083 0.998798 0
    outer loop
      vertex -3.79416 13.1601 22
      vertex -4 13.15 25
      vertex -3.79416 13.1601 25
    endloop
  endfacet
  facet normal -0.0490083 0.998798 0
    outer loop
      vertex -4 13.15 25
      vertex -3.79416 13.1601 22
      vertex -4 13.15 22
    endloop
  endfacet
  facet normal 0.242638 0.970117 -0
    outer loop
      vertex -4.40969 13.1904 22
      vertex -4.6096 13.2404 25
      vertex -4.40969 13.1904 25
    endloop
  endfacet
  facet normal 0.242638 0.970117 0
    outer loop
      vertex -4.6096 13.2404 25
      vertex -4.40969 13.1904 22
      vertex -4.6096 13.2404 22
    endloop
  endfacet
  facet normal 0.427502 0.904014 -0
    outer loop
      vertex -4.80363 13.3099 22
      vertex -4.98993 13.398 25
      vertex -4.80363 13.3099 25
    endloop
  endfacet
  facet normal 0.427502 0.904014 0
    outer loop
      vertex -4.98993 13.398 25
      vertex -4.80363 13.3099 22
      vertex -4.98993 13.398 22
    endloop
  endfacet
  facet normal 0.941535 0.336914 0
    outer loop
      vertex -5.94015 14.4464 25
      vertex -6.00957 14.6404 22
      vertex -6.00957 14.6404 25
    endloop
  endfacet
  facet normal 0.941535 0.336914 0
    outer loop
      vertex -6.00957 14.6404 22
      vertex -5.94015 14.4464 25
      vertex -5.94015 14.4464 22
    endloop
  endfacet
  facet normal 0.989181 0.146703 0
    outer loop
      vertex -6.05965 14.8403 25
      vertex -6.08989 15.0442 22
      vertex -6.08989 15.0442 25
    endloop
  endfacet
  facet normal 0.989181 0.146703 0
    outer loop
      vertex -6.08989 15.0442 22
      vertex -6.05965 14.8403 25
      vertex -6.05965 14.8403 22
    endloop
  endfacet
  facet normal 0.857792 0.513996 0
    outer loop
      vertex -5.74609 14.0833 25
      vertex -5.85203 14.2601 22
      vertex -5.85203 14.2601 25
    endloop
  endfacet
  facet normal 0.857792 0.513996 0
    outer loop
      vertex -5.85203 14.2601 22
      vertex -5.74609 14.0833 25
      vertex -5.74609 14.0833 22
    endloop
  endfacet
  facet normal 0.998796 -0.0490662 0
    outer loop
      vertex -6.1 15.25 25
      vertex -6.08989 15.4558 22
      vertex -6.08989 15.4558 25
    endloop
  endfacet
  facet normal 0.998796 -0.0490662 0
    outer loop
      vertex -6.08989 15.4558 22
      vertex -6.1 15.25 25
      vertex -6.1 15.25 22
    endloop
  endfacet
  facet normal -0.989181 0.146703 0
    outer loop
      vertex -1.94035 14.8403 22
      vertex -1.91011 15.0442 25
      vertex -1.91011 15.0442 22
    endloop
  endfacet
  facet normal -0.989181 0.146703 0
    outer loop
      vertex -1.91011 15.0442 25
      vertex -1.94035 14.8403 22
      vertex -1.94035 14.8403 25
    endloop
  endfacet
  facet normal -0.803145 0.595783 0
    outer loop
      vertex -2.37668 13.9178 22
      vertex -2.25391 14.0833 25
      vertex -2.25391 14.0833 22
    endloop
  endfacet
  facet normal -0.803145 0.595783 0
    outer loop
      vertex -2.25391 14.0833 25
      vertex -2.37668 13.9178 22
      vertex -2.37668 13.9178 25
    endloop
  endfacet
  facet normal -0.857771 0.514032 0
    outer loop
      vertex -2.25391 14.0833 22
      vertex -2.14796 14.2601 25
      vertex -2.14796 14.2601 22
    endloop
  endfacet
  facet normal -0.857771 0.514032 0
    outer loop
      vertex -2.14796 14.2601 25
      vertex -2.25391 14.0833 22
      vertex -2.25391 14.0833 25
    endloop
  endfacet
  facet normal -0.427521 0.904005 0
    outer loop
      vertex -3.01007 13.398 22
      vertex -3.19636 13.3099 25
      vertex -3.01007 13.398 25
    endloop
  endfacet
  facet normal -0.427521 0.904005 0
    outer loop
      vertex -3.19636 13.3099 25
      vertex -3.01007 13.398 22
      vertex -3.19636 13.3099 22
    endloop
  endfacet
  facet normal -0.595808 0.803127 0
    outer loop
      vertex -2.66777 13.6267 22
      vertex -2.8333 13.5039 25
      vertex -2.66777 13.6267 25
    endloop
  endfacet
  facet normal -0.595808 0.803127 0
    outer loop
      vertex -2.8333 13.5039 25
      vertex -2.66777 13.6267 22
      vertex -2.8333 13.5039 22
    endloop
  endfacet
  facet normal 0.147023 0.989133 -0
    outer loop
      vertex -4.20584 13.1601 22
      vertex -4.40969 13.1904 25
      vertex -4.20584 13.1601 25
    endloop
  endfacet
  facet normal 0.147023 0.989133 0
    outer loop
      vertex -4.40969 13.1904 25
      vertex -4.20584 13.1601 22
      vertex -4.40969 13.1904 22
    endloop
  endfacet
  facet normal 0.337212 0.941429 -0
    outer loop
      vertex -4.6096 13.2404 22
      vertex -4.80363 13.3099 25
      vertex -4.6096 13.2404 25
    endloop
  endfacet
  facet normal 0.337212 0.941429 0
    outer loop
      vertex -4.80363 13.3099 25
      vertex -4.6096 13.2404 22
      vertex -4.80363 13.3099 22
    endloop
  endfacet
  facet normal 0.513918 0.85784 -0
    outer loop
      vertex -4.98993 13.398 22
      vertex -5.1667 13.5039 25
      vertex -4.98993 13.398 25
    endloop
  endfacet
  facet normal 0.513918 0.85784 0
    outer loop
      vertex -5.1667 13.5039 25
      vertex -4.98993 13.398 22
      vertex -5.1667 13.5039 22
    endloop
  endfacet
  facet normal 0.903977 0.427582 0
    outer loop
      vertex -5.85203 14.2601 25
      vertex -5.94015 14.4464 22
      vertex -5.94015 14.4464 25
    endloop
  endfacet
  facet normal 0.903977 0.427582 0
    outer loop
      vertex -5.94015 14.4464 22
      vertex -5.85203 14.2601 25
      vertex -5.85203 14.2601 22
    endloop
  endfacet
  facet normal 0.970022 0.243015 0
    outer loop
      vertex -6.00957 14.6404 25
      vertex -6.05965 14.8403 22
      vertex -6.05965 14.8403 25
    endloop
  endfacet
  facet normal 0.970022 0.243015 0
    outer loop
      vertex -6.05965 14.8403 22
      vertex -6.00957 14.6404 25
      vertex -6.00957 14.6404 22
    endloop
  endfacet
  facet normal 0.803145 0.595783 0
    outer loop
      vertex -5.62332 13.9178 25
      vertex -5.74609 14.0833 22
      vertex -5.74609 14.0833 25
    endloop
  endfacet
  facet normal 0.803145 0.595783 0
    outer loop
      vertex -5.74609 14.0833 22
      vertex -5.62332 13.9178 25
      vertex -5.62332 13.9178 22
    endloop
  endfacet
  facet normal 0.671585 0.740927 -0
    outer loop
      vertex -5.33223 13.6267 22
      vertex -5.48492 13.7651 25
      vertex -5.33223 13.6267 25
    endloop
  endfacet
  facet normal 0.671585 0.740927 0
    outer loop
      vertex -5.48492 13.7651 25
      vertex -5.33223 13.6267 22
      vertex -5.48492 13.7651 22
    endloop
  endfacet
  facet normal -0.941535 0.336914 0
    outer loop
      vertex -2.05985 14.4464 22
      vertex -1.99043 14.6404 25
      vertex -1.99043 14.6404 22
    endloop
  endfacet
  facet normal -0.941535 0.336914 0
    outer loop
      vertex -1.99043 14.6404 25
      vertex -2.05985 14.4464 22
      vertex -2.05985 14.4464 25
    endloop
  endfacet
  facet normal -0.595877 -0.803076 0
    outer loop
      vertex 43.6667 16.9961 22
      vertex 43.8322 16.8733 25
      vertex 43.6667 16.9961 25
    endloop
  endfacet
  facet normal -0.595877 -0.803076 -0
    outer loop
      vertex 43.8322 16.8733 25
      vertex 43.6667 16.9961 22
      vertex 43.8322 16.8733 22
    endloop
  endfacet
  facet normal 0.427502 -0.904014 0
    outer loop
      vertex 41.5101 17.102 22
      vertex 41.6964 17.1901 25
      vertex 41.5101 17.102 25
    endloop
  endfacet
  facet normal 0.427502 -0.904014 0
    outer loop
      vertex 41.6964 17.1901 25
      vertex 41.5101 17.102 22
      vertex 41.6964 17.1901 22
    endloop
  endfacet
  facet normal 0.941412 -0.337258 0
    outer loop
      vertex 40.4904 15.8596 25
      vertex 40.5599 16.0536 22
      vertex 40.5599 16.0536 25
    endloop
  endfacet
  facet normal 0.941412 -0.337258 0
    outer loop
      vertex 40.5599 16.0536 22
      vertex 40.4904 15.8596 25
      vertex 40.4904 15.8596 22
    endloop
  endfacet
  facet normal -0.998798 0.0490178 0
    outer loop
      vertex 44.5899 15.0442 22
      vertex 44.6 15.25 25
      vertex 44.6 15.25 22
    endloop
  endfacet
  facet normal -0.998798 0.0490178 0
    outer loop
      vertex 44.6 15.25 25
      vertex 44.5899 15.0442 22
      vertex 44.5899 15.0442 25
    endloop
  endfacet
  facet normal 0.337258 0.941412 -0
    outer loop
      vertex 41.8904 13.2404 22
      vertex 41.6964 13.3099 25
      vertex 41.8904 13.2404 25
    endloop
  endfacet
  facet normal 0.337258 0.941412 0
    outer loop
      vertex 41.6964 13.3099 25
      vertex 41.8904 13.2404 22
      vertex 41.6964 13.3099 22
    endloop
  endfacet
  facet normal -0.904014 -0.427502 0
    outer loop
      vertex 44.4401 16.0536 22
      vertex 44.352 16.2399 25
      vertex 44.352 16.2399 22
    endloop
  endfacet
  facet normal -0.904014 -0.427502 0
    outer loop
      vertex 44.352 16.2399 25
      vertex 44.4401 16.0536 22
      vertex 44.4401 16.0536 25
    endloop
  endfacet
  facet normal -0.857878 -0.513853 0
    outer loop
      vertex 44.352 16.2399 22
      vertex 44.2461 16.4167 25
      vertex 44.2461 16.4167 22
    endloop
  endfacet
  facet normal -0.857878 -0.513853 0
    outer loop
      vertex 44.2461 16.4167 25
      vertex 44.352 16.2399 22
      vertex 44.352 16.2399 25
    endloop
  endfacet
  facet normal -0.337258 -0.941412 0
    outer loop
      vertex 43.1096 17.2596 22
      vertex 43.3036 17.1901 25
      vertex 43.1096 17.2596 25
    endloop
  endfacet
  facet normal -0.337258 -0.941412 -0
    outer loop
      vertex 43.3036 17.1901 25
      vertex 43.1096 17.2596 22
      vertex 43.3036 17.1901 22
    endloop
  endfacet
  facet normal 0.803076 -0.595877 0
    outer loop
      vertex 40.7539 16.4167 25
      vertex 40.8767 16.5822 22
      vertex 40.8767 16.5822 25
    endloop
  endfacet
  facet normal 0.803076 -0.595877 0
    outer loop
      vertex 40.8767 16.5822 22
      vertex 40.7539 16.4167 25
      vertex 40.7539 16.4167 22
    endloop
  endfacet
  facet normal 0.24265 -0.970114 0
    outer loop
      vertex 41.8904 17.2596 22
      vertex 42.0903 17.3096 25
      vertex 41.8904 17.2596 25
    endloop
  endfacet
  facet normal 0.24265 -0.970114 0
    outer loop
      vertex 42.0903 17.3096 25
      vertex 41.8904 17.2596 22
      vertex 42.0903 17.3096 22
    endloop
  endfacet
  facet normal 0.0490178 0.998798 -0
    outer loop
      vertex 42.5 13.15 22
      vertex 42.2942 13.1601 25
      vertex 42.5 13.15 25
    endloop
  endfacet
  facet normal 0.0490178 0.998798 0
    outer loop
      vertex 42.2942 13.1601 25
      vertex 42.5 13.15 22
      vertex 42.2942 13.1601 22
    endloop
  endfacet
  facet normal 0.595877 0.803076 -0
    outer loop
      vertex 41.3333 13.5039 22
      vertex 41.1678 13.6267 25
      vertex 41.3333 13.5039 25
    endloop
  endfacet
  facet normal 0.595877 0.803076 0
    outer loop
      vertex 41.1678 13.6267 25
      vertex 41.3333 13.5039 22
      vertex 41.1678 13.6267 22
    endloop
  endfacet
  facet normal 0.97 0.243106 0
    outer loop
      vertex 40.4904 14.6404 25
      vertex 40.4403 14.8403 22
      vertex 40.4403 14.8403 25
    endloop
  endfacet
  facet normal 0.97 0.243106 0
    outer loop
      vertex 40.4403 14.8403 22
      vertex 40.4904 14.6404 25
      vertex 40.4904 14.6404 22
    endloop
  endfacet
  facet normal 0.740949 0.671561 0
    outer loop
      vertex 41.0151 13.7651 25
      vertex 40.8767 13.9178 22
      vertex 40.8767 13.9178 25
    endloop
  endfacet
  facet normal 0.740949 0.671561 0
    outer loop
      vertex 40.8767 13.9178 22
      vertex 41.0151 13.7651 25
      vertex 41.0151 13.7651 22
    endloop
  endfacet
  facet normal -0.989138 -0.146988 0
    outer loop
      vertex 44.5899 15.4558 22
      vertex 44.5596 15.6597 25
      vertex 44.5596 15.6597 22
    endloop
  endfacet
  facet normal -0.989138 -0.146988 0
    outer loop
      vertex 44.5596 15.6597 25
      vertex 44.5899 15.4558 22
      vertex 44.5899 15.4558 25
    endloop
  endfacet
  facet normal -0.970114 -0.24265 0
    outer loop
      vertex 44.5596 15.6597 22
      vertex 44.5096 15.8596 25
      vertex 44.5096 15.8596 22
    endloop
  endfacet
  facet normal -0.970114 -0.24265 0
    outer loop
      vertex 44.5096 15.8596 25
      vertex 44.5596 15.6597 22
      vertex 44.5596 15.6597 25
    endloop
  endfacet
  facet normal -0.941412 -0.337258 0
    outer loop
      vertex 44.5096 15.8596 22
      vertex 44.4401 16.0536 25
      vertex 44.4401 16.0536 22
    endloop
  endfacet
  facet normal -0.941412 -0.337258 0
    outer loop
      vertex 44.4401 16.0536 25
      vertex 44.5096 15.8596 22
      vertex 44.5096 15.8596 25
    endloop
  endfacet
  facet normal -0.740949 -0.671561 0
    outer loop
      vertex 44.1233 16.5822 22
      vertex 43.9849 16.7349 25
      vertex 43.9849 16.7349 22
    endloop
  endfacet
  facet normal -0.740949 -0.671561 0
    outer loop
      vertex 43.9849 16.7349 25
      vertex 44.1233 16.5822 22
      vertex 44.1233 16.5822 25
    endloop
  endfacet
  facet normal -0.803076 -0.595877 0
    outer loop
      vertex 44.2461 16.4167 22
      vertex 44.1233 16.5822 25
      vertex 44.1233 16.5822 22
    endloop
  endfacet
  facet normal -0.803076 -0.595877 0
    outer loop
      vertex 44.1233 16.5822 25
      vertex 44.2461 16.4167 22
      vertex 44.2461 16.4167 25
    endloop
  endfacet
  facet normal -0.671561 -0.740949 0
    outer loop
      vertex 43.8322 16.8733 22
      vertex 43.9849 16.7349 25
      vertex 43.8322 16.8733 25
    endloop
  endfacet
  facet normal -0.671561 -0.740949 -0
    outer loop
      vertex 43.9849 16.7349 25
      vertex 43.8322 16.8733 22
      vertex 43.9849 16.7349 22
    endloop
  endfacet
  facet normal -0.513853 -0.857878 0
    outer loop
      vertex 43.4899 17.102 22
      vertex 43.6667 16.9961 25
      vertex 43.4899 17.102 25
    endloop
  endfacet
  facet normal -0.513853 -0.857878 -0
    outer loop
      vertex 43.6667 16.9961 25
      vertex 43.4899 17.102 22
      vertex 43.6667 16.9961 22
    endloop
  endfacet
  facet normal 0.0490178 -0.998798 0
    outer loop
      vertex 42.2942 17.3399 22
      vertex 42.5 17.35 25
      vertex 42.2942 17.3399 25
    endloop
  endfacet
  facet normal 0.0490178 -0.998798 0
    outer loop
      vertex 42.5 17.35 25
      vertex 42.2942 17.3399 22
      vertex 42.5 17.35 22
    endloop
  endfacet
  facet normal -0.427502 -0.904014 0
    outer loop
      vertex 43.3036 17.1901 22
      vertex 43.4899 17.102 25
      vertex 43.3036 17.1901 25
    endloop
  endfacet
  facet normal -0.427502 -0.904014 -0
    outer loop
      vertex 43.4899 17.102 25
      vertex 43.3036 17.1901 22
      vertex 43.4899 17.102 22
    endloop
  endfacet
  facet normal -0.24265 -0.970114 0
    outer loop
      vertex 42.9097 17.3096 22
      vertex 43.1096 17.2596 25
      vertex 42.9097 17.3096 25
    endloop
  endfacet
  facet normal -0.24265 -0.970114 -0
    outer loop
      vertex 43.1096 17.2596 25
      vertex 42.9097 17.3096 22
      vertex 43.1096 17.2596 22
    endloop
  endfacet
  facet normal -0.146988 -0.989138 0
    outer loop
      vertex 42.7058 17.3399 22
      vertex 42.9097 17.3096 25
      vertex 42.7058 17.3399 25
    endloop
  endfacet
  facet normal -0.146988 -0.989138 -0
    outer loop
      vertex 42.9097 17.3096 25
      vertex 42.7058 17.3399 22
      vertex 42.9097 17.3096 22
    endloop
  endfacet
  facet normal 0.998798 0.0490178 0
    outer loop
      vertex 40.4101 15.0442 25
      vertex 40.4 15.25 22
      vertex 40.4 15.25 25
    endloop
  endfacet
  facet normal 0.998798 0.0490178 0
    outer loop
      vertex 40.4 15.25 22
      vertex 40.4101 15.0442 25
      vertex 40.4101 15.0442 22
    endloop
  endfacet
  facet normal 0.97 -0.243106 0
    outer loop
      vertex 40.4403 15.6597 25
      vertex 40.4904 15.8596 22
      vertex 40.4904 15.8596 25
    endloop
  endfacet
  facet normal 0.97 -0.243106 0
    outer loop
      vertex 40.4904 15.8596 22
      vertex 40.4403 15.6597 25
      vertex 40.4403 15.6597 22
    endloop
  endfacet
  facet normal 0.989209 -0.146513 0
    outer loop
      vertex 40.4101 15.4558 25
      vertex 40.4403 15.6597 22
      vertex 40.4403 15.6597 25
    endloop
  endfacet
  facet normal 0.989209 -0.146513 0
    outer loop
      vertex 40.4403 15.6597 22
      vertex 40.4101 15.4558 25
      vertex 40.4101 15.4558 22
    endloop
  endfacet
  facet normal 0.904014 -0.427502 0
    outer loop
      vertex 40.5599 16.0536 25
      vertex 40.648 16.2399 22
      vertex 40.648 16.2399 25
    endloop
  endfacet
  facet normal 0.904014 -0.427502 0
    outer loop
      vertex 40.648 16.2399 22
      vertex 40.5599 16.0536 25
      vertex 40.5599 16.0536 22
    endloop
  endfacet
  facet normal 0.857878 -0.513853 0
    outer loop
      vertex 40.648 16.2399 25
      vertex 40.7539 16.4167 22
      vertex 40.7539 16.4167 25
    endloop
  endfacet
  facet normal 0.857878 -0.513853 0
    outer loop
      vertex 40.7539 16.4167 22
      vertex 40.648 16.2399 25
      vertex 40.648 16.2399 22
    endloop
  endfacet
  facet normal 0.337258 -0.941412 0
    outer loop
      vertex 41.6964 17.1901 22
      vertex 41.8904 17.2596 25
      vertex 41.6964 17.1901 25
    endloop
  endfacet
  facet normal 0.337258 -0.941412 0
    outer loop
      vertex 41.8904 17.2596 25
      vertex 41.6964 17.1901 22
      vertex 41.8904 17.2596 22
    endloop
  endfacet
  facet normal 0.146988 -0.989138 0
    outer loop
      vertex 42.0903 17.3096 22
      vertex 42.2942 17.3399 25
      vertex 42.0903 17.3096 25
    endloop
  endfacet
  facet normal 0.146988 -0.989138 0
    outer loop
      vertex 42.2942 17.3399 25
      vertex 42.0903 17.3096 22
      vertex 42.2942 17.3399 22
    endloop
  endfacet
  facet normal 0.595877 -0.803076 0
    outer loop
      vertex 41.1678 16.8733 22
      vertex 41.3333 16.9961 25
      vertex 41.1678 16.8733 25
    endloop
  endfacet
  facet normal 0.595877 -0.803076 0
    outer loop
      vertex 41.3333 16.9961 25
      vertex 41.1678 16.8733 22
      vertex 41.3333 16.9961 22
    endloop
  endfacet
  facet normal 0.671561 -0.740949 0
    outer loop
      vertex 41.0151 16.7349 22
      vertex 41.1678 16.8733 25
      vertex 41.0151 16.7349 25
    endloop
  endfacet
  facet normal 0.671561 -0.740949 0
    outer loop
      vertex 41.1678 16.8733 25
      vertex 41.0151 16.7349 22
      vertex 41.1678 16.8733 22
    endloop
  endfacet
  facet normal 0.513853 -0.857878 0
    outer loop
      vertex 41.3333 16.9961 22
      vertex 41.5101 17.102 25
      vertex 41.3333 16.9961 25
    endloop
  endfacet
  facet normal 0.513853 -0.857878 0
    outer loop
      vertex 41.5101 17.102 25
      vertex 41.3333 16.9961 22
      vertex 41.5101 17.102 22
    endloop
  endfacet
  facet normal 0.740949 -0.671561 0
    outer loop
      vertex 40.8767 16.5822 25
      vertex 41.0151 16.7349 22
      vertex 41.0151 16.7349 25
    endloop
  endfacet
  facet normal 0.740949 -0.671561 0
    outer loop
      vertex 41.0151 16.7349 22
      vertex 40.8767 16.5822 25
      vertex 40.8767 16.5822 22
    endloop
  endfacet
  facet normal -0.998798 -0.0490178 0
    outer loop
      vertex 44.6 15.25 22
      vertex 44.5899 15.4558 25
      vertex 44.5899 15.4558 22
    endloop
  endfacet
  facet normal -0.998798 -0.0490178 0
    outer loop
      vertex 44.5899 15.4558 25
      vertex 44.6 15.25 22
      vertex 44.6 15.25 25
    endloop
  endfacet
  facet normal -0.146988 0.989138 0
    outer loop
      vertex 42.9097 13.1904 22
      vertex 42.7058 13.1601 25
      vertex 42.9097 13.1904 25
    endloop
  endfacet
  facet normal -0.146988 0.989138 0
    outer loop
      vertex 42.7058 13.1601 25
      vertex 42.9097 13.1904 22
      vertex 42.7058 13.1601 22
    endloop
  endfacet
  facet normal -0.970114 0.24265 0
    outer loop
      vertex 44.5096 14.6404 22
      vertex 44.5596 14.8403 25
      vertex 44.5596 14.8403 22
    endloop
  endfacet
  facet normal -0.970114 0.24265 0
    outer loop
      vertex 44.5596 14.8403 25
      vertex 44.5096 14.6404 22
      vertex 44.5096 14.6404 25
    endloop
  endfacet
  facet normal -0.904014 0.427502 0
    outer loop
      vertex 44.352 14.2601 22
      vertex 44.4401 14.4464 25
      vertex 44.4401 14.4464 22
    endloop
  endfacet
  facet normal -0.904014 0.427502 0
    outer loop
      vertex 44.4401 14.4464 25
      vertex 44.352 14.2601 22
      vertex 44.352 14.2601 25
    endloop
  endfacet
  facet normal -0.24265 0.970114 0
    outer loop
      vertex 43.1096 13.2404 22
      vertex 42.9097 13.1904 25
      vertex 43.1096 13.2404 25
    endloop
  endfacet
  facet normal -0.24265 0.970114 0
    outer loop
      vertex 42.9097 13.1904 25
      vertex 43.1096 13.2404 22
      vertex 42.9097 13.1904 22
    endloop
  endfacet
  facet normal -0.337258 0.941412 0
    outer loop
      vertex 43.3036 13.3099 22
      vertex 43.1096 13.2404 25
      vertex 43.3036 13.3099 25
    endloop
  endfacet
  facet normal -0.337258 0.941412 0
    outer loop
      vertex 43.1096 13.2404 25
      vertex 43.3036 13.3099 22
      vertex 43.1096 13.2404 22
    endloop
  endfacet
  facet normal -0.740949 0.671561 0
    outer loop
      vertex 43.9849 13.7651 22
      vertex 44.1233 13.9178 25
      vertex 44.1233 13.9178 22
    endloop
  endfacet
  facet normal -0.740949 0.671561 0
    outer loop
      vertex 44.1233 13.9178 25
      vertex 43.9849 13.7651 22
      vertex 43.9849 13.7651 25
    endloop
  endfacet
  facet normal -0.671561 0.740949 0
    outer loop
      vertex 43.9849 13.7651 22
      vertex 43.8322 13.6267 25
      vertex 43.9849 13.7651 25
    endloop
  endfacet
  facet normal -0.671561 0.740949 0
    outer loop
      vertex 43.8322 13.6267 25
      vertex 43.9849 13.7651 22
      vertex 43.8322 13.6267 22
    endloop
  endfacet
  facet normal -0.513853 0.857878 0
    outer loop
      vertex 43.6667 13.5039 22
      vertex 43.4899 13.398 25
      vertex 43.6667 13.5039 25
    endloop
  endfacet
  facet normal -0.513853 0.857878 0
    outer loop
      vertex 43.4899 13.398 25
      vertex 43.6667 13.5039 22
      vertex 43.4899 13.398 22
    endloop
  endfacet
  facet normal -0.0490178 0.998798 0
    outer loop
      vertex 42.7058 13.1601 22
      vertex 42.5 13.15 25
      vertex 42.7058 13.1601 25
    endloop
  endfacet
  facet normal -0.0490178 0.998798 0
    outer loop
      vertex 42.5 13.15 25
      vertex 42.7058 13.1601 22
      vertex 42.5 13.15 22
    endloop
  endfacet
  facet normal 0.24265 0.970114 -0
    outer loop
      vertex 42.0903 13.1904 22
      vertex 41.8904 13.2404 25
      vertex 42.0903 13.1904 25
    endloop
  endfacet
  facet normal 0.24265 0.970114 0
    outer loop
      vertex 41.8904 13.2404 25
      vertex 42.0903 13.1904 22
      vertex 41.8904 13.2404 22
    endloop
  endfacet
  facet normal 0.427502 0.904014 -0
    outer loop
      vertex 41.6964 13.3099 22
      vertex 41.5101 13.398 25
      vertex 41.6964 13.3099 25
    endloop
  endfacet
  facet normal 0.427502 0.904014 0
    outer loop
      vertex 41.5101 13.398 25
      vertex 41.6964 13.3099 22
      vertex 41.5101 13.398 22
    endloop
  endfacet
  facet normal 0.941412 0.337258 0
    outer loop
      vertex 40.5599 14.4464 25
      vertex 40.4904 14.6404 22
      vertex 40.4904 14.6404 25
    endloop
  endfacet
  facet normal 0.941412 0.337258 0
    outer loop
      vertex 40.4904 14.6404 22
      vertex 40.5599 14.4464 25
      vertex 40.5599 14.4464 22
    endloop
  endfacet
  facet normal 0.989209 0.146513 0
    outer loop
      vertex 40.4403 14.8403 25
      vertex 40.4101 15.0442 22
      vertex 40.4101 15.0442 25
    endloop
  endfacet
  facet normal 0.989209 0.146513 0
    outer loop
      vertex 40.4101 15.0442 22
      vertex 40.4403 14.8403 25
      vertex 40.4403 14.8403 22
    endloop
  endfacet
  facet normal 0.857878 0.513853 0
    outer loop
      vertex 40.7539 14.0833 25
      vertex 40.648 14.2601 22
      vertex 40.648 14.2601 25
    endloop
  endfacet
  facet normal 0.857878 0.513853 0
    outer loop
      vertex 40.648 14.2601 22
      vertex 40.7539 14.0833 25
      vertex 40.7539 14.0833 22
    endloop
  endfacet
  facet normal -0.0490178 -0.998798 0
    outer loop
      vertex 42.5 17.35 22
      vertex 42.7058 17.3399 25
      vertex 42.5 17.35 25
    endloop
  endfacet
  facet normal -0.0490178 -0.998798 -0
    outer loop
      vertex 42.7058 17.3399 25
      vertex 42.5 17.35 22
      vertex 42.7058 17.3399 22
    endloop
  endfacet
  facet normal 0.998798 -0.0490178 0
    outer loop
      vertex 40.4 15.25 25
      vertex 40.4101 15.4558 22
      vertex 40.4101 15.4558 25
    endloop
  endfacet
  facet normal 0.998798 -0.0490178 0
    outer loop
      vertex 40.4101 15.4558 22
      vertex 40.4 15.25 25
      vertex 40.4 15.25 22
    endloop
  endfacet
  facet normal -0.989138 0.146988 0
    outer loop
      vertex 44.5596 14.8403 22
      vertex 44.5899 15.0442 25
      vertex 44.5899 15.0442 22
    endloop
  endfacet
  facet normal -0.989138 0.146988 0
    outer loop
      vertex 44.5899 15.0442 25
      vertex 44.5596 14.8403 22
      vertex 44.5596 14.8403 25
    endloop
  endfacet
  facet normal -0.803076 0.595877 0
    outer loop
      vertex 44.1233 13.9178 22
      vertex 44.2461 14.0833 25
      vertex 44.2461 14.0833 22
    endloop
  endfacet
  facet normal -0.803076 0.595877 0
    outer loop
      vertex 44.2461 14.0833 25
      vertex 44.1233 13.9178 22
      vertex 44.1233 13.9178 25
    endloop
  endfacet
  facet normal -0.857878 0.513853 0
    outer loop
      vertex 44.2461 14.0833 22
      vertex 44.352 14.2601 25
      vertex 44.352 14.2601 22
    endloop
  endfacet
  facet normal -0.857878 0.513853 0
    outer loop
      vertex 44.352 14.2601 25
      vertex 44.2461 14.0833 22
      vertex 44.2461 14.0833 25
    endloop
  endfacet
  facet normal -0.427502 0.904014 0
    outer loop
      vertex 43.4899 13.398 22
      vertex 43.3036 13.3099 25
      vertex 43.4899 13.398 25
    endloop
  endfacet
  facet normal -0.427502 0.904014 0
    outer loop
      vertex 43.3036 13.3099 25
      vertex 43.4899 13.398 22
      vertex 43.3036 13.3099 22
    endloop
  endfacet
  facet normal -0.595877 0.803076 0
    outer loop
      vertex 43.8322 13.6267 22
      vertex 43.6667 13.5039 25
      vertex 43.8322 13.6267 25
    endloop
  endfacet
  facet normal -0.595877 0.803076 0
    outer loop
      vertex 43.6667 13.5039 25
      vertex 43.8322 13.6267 22
      vertex 43.6667 13.5039 22
    endloop
  endfacet
  facet normal 0.146988 0.989138 -0
    outer loop
      vertex 42.2942 13.1601 22
      vertex 42.0903 13.1904 25
      vertex 42.2942 13.1601 25
    endloop
  endfacet
  facet normal 0.146988 0.989138 0
    outer loop
      vertex 42.0903 13.1904 25
      vertex 42.2942 13.1601 22
      vertex 42.0903 13.1904 22
    endloop
  endfacet
  facet normal 0.513853 0.857878 -0
    outer loop
      vertex 41.5101 13.398 22
      vertex 41.3333 13.5039 25
      vertex 41.5101 13.398 25
    endloop
  endfacet
  facet normal 0.513853 0.857878 0
    outer loop
      vertex 41.3333 13.5039 25
      vertex 41.5101 13.398 22
      vertex 41.3333 13.5039 22
    endloop
  endfacet
  facet normal 0.904014 0.427502 0
    outer loop
      vertex 40.648 14.2601 25
      vertex 40.5599 14.4464 22
      vertex 40.5599 14.4464 25
    endloop
  endfacet
  facet normal 0.904014 0.427502 0
    outer loop
      vertex 40.5599 14.4464 22
      vertex 40.648 14.2601 25
      vertex 40.648 14.2601 22
    endloop
  endfacet
  facet normal 0.803076 0.595877 0
    outer loop
      vertex 40.8767 13.9178 25
      vertex 40.7539 14.0833 22
      vertex 40.7539 14.0833 25
    endloop
  endfacet
  facet normal 0.803076 0.595877 0
    outer loop
      vertex 40.7539 14.0833 22
      vertex 40.8767 13.9178 25
      vertex 40.8767 13.9178 22
    endloop
  endfacet
  facet normal 0.671561 0.740949 -0
    outer loop
      vertex 41.1678 13.6267 22
      vertex 41.0151 13.7651 25
      vertex 41.1678 13.6267 25
    endloop
  endfacet
  facet normal 0.671561 0.740949 0
    outer loop
      vertex 41.0151 13.7651 25
      vertex 41.1678 13.6267 22
      vertex 41.0151 13.7651 22
    endloop
  endfacet
  facet normal -0.941412 0.337258 0
    outer loop
      vertex 44.4401 14.4464 22
      vertex 44.5096 14.6404 25
      vertex 44.5096 14.6404 22
    endloop
  endfacet
  facet normal -0.941412 0.337258 0
    outer loop
      vertex 44.5096 14.6404 25
      vertex 44.4401 14.4464 22
      vertex 44.4401 14.4464 25
    endloop
  endfacet
  facet normal -1 0 0
    outer loop
      vertex -8 0 22
      vertex -8 30.5 25
      vertex -8 30.5 22
    endloop
  endfacet
  facet normal -1 -0 0
    outer loop
      vertex -8 30.5 25
      vertex -8 0 22
      vertex -8 0 25
    endloop
  endfacet
  facet normal -0 0 1
    outer loop
      vertex -8 30.5 25
      vertex 15.25 27.5 25
      vertex 15.25 30.5 25
    endloop
  endfacet
  facet normal 0 0 1
    outer loop
      vertex 15.25 27.5 25
      vertex -1.91011 15.4558 25
      vertex -1.9 15.25 25
    endloop
  endfacet
  facet normal 0 0 1
    outer loop
      vertex 15.25 27.5 25
      vertex -1.94035 15.6597 25
      vertex -1.91011 15.4558 25
    endloop
  endfacet
  facet normal 0 0 1
    outer loop
      vertex 15.25 27.5 25
      vertex -1.99043 15.8596 25
      vertex -1.94035 15.6597 25
    endloop
  endfacet
  facet normal 0 0 1
    outer loop
      vertex 15.25 27.5 25
      vertex -2.05985 16.0536 25
      vertex -1.99043 15.8596 25
    endloop
  endfacet
  facet normal 0 0 1
    outer loop
      vertex 15.25 27.5 25
      vertex -2.14796 16.2399 25
      vertex -2.05985 16.0536 25
    endloop
  endfacet
  facet normal 0 0 1
    outer loop
      vertex 15.25 27.5 25
      vertex -2.25391 16.4167 25
      vertex -2.14796 16.2399 25
    endloop
  endfacet
  facet normal 0 0 1
    outer loop
      vertex 15.25 27.5 25
      vertex -2.37668 16.5822 25
      vertex -2.25391 16.4167 25
    endloop
  endfacet
  facet normal 0 0 1
    outer loop
      vertex 15.25 27.5 25
      vertex -2.51508 16.7349 25
      vertex -2.37668 16.5822 25
    endloop
  endfacet
  facet normal 0 0 1
    outer loop
      vertex 15.25 27.5 25
      vertex -2.66777 16.8733 25
      vertex -2.51508 16.7349 25
    endloop
  endfacet
  facet normal 0 0 1
    outer loop
      vertex 15.25 27.5 25
      vertex -2.8333 16.9961 25
      vertex -2.66777 16.8733 25
    endloop
  endfacet
  facet normal 0 0 1
    outer loop
      vertex 15.25 27.5 25
      vertex -8 30.5 25
      vertex -2.8333 16.9961 25
    endloop
  endfacet
  facet normal 0 0 1
    outer loop
      vertex -2.8333 16.9961 25
      vertex -8 30.5 25
      vertex -3.01007 17.102 25
    endloop
  endfacet
  facet normal 0 0 1
    outer loop
      vertex -3.01007 17.102 25
      vertex -8 30.5 25
      vertex -3.19636 17.1901 25
    endloop
  endfacet
  facet normal 0 0 1
    outer loop
      vertex -3.19636 17.1901 25
      vertex -8 30.5 25
      vertex -3.3904 17.2596 25
    endloop
  endfacet
  facet normal 0 0 1
    outer loop
      vertex -3.3904 17.2596 25
      vertex -8 30.5 25
      vertex -3.59031 17.3096 25
    endloop
  endfacet
  facet normal 0 0 1
    outer loop
      vertex -3.59031 17.3096 25
      vertex -8 30.5 25
      vertex -3.79416 17.3399 25
    endloop
  endfacet
  facet normal 0 0 1
    outer loop
      vertex -3.79416 17.3399 25
      vertex -8 30.5 25
      vertex -4 17.35 25
    endloop
  endfacet
  facet normal 0 0 1
    outer loop
      vertex -4 17.35 25
      vertex -8 30.5 25
      vertex -4.20584 17.3399 25
    endloop
  endfacet
  facet normal 0 0 1
    outer loop
      vertex -4.20584 17.3399 25
      vertex -8 30.5 25
      vertex -4.40969 17.3096 25
    endloop
  endfacet
  facet normal 0 0 1
    outer loop
      vertex -4.40969 17.3096 25
      vertex -8 30.5 25
      vertex -4.6096 17.2596 25
    endloop
  endfacet
  facet normal 0 0 1
    outer loop
      vertex -4.6096 17.2596 25
      vertex -8 30.5 25
      vertex -4.80363 17.1901 25
    endloop
  endfacet
  facet normal 0 0 1
    outer loop
      vertex -4.80363 17.1901 25
      vertex -8 30.5 25
      vertex -4.98993 17.102 25
    endloop
  endfacet
  facet normal 0 0 1
    outer loop
      vertex -6.08989 15.4558 25
      vertex -8 30.5 25
      vertex -6.1 15.25 25
    endloop
  endfacet
  facet normal 0 0 1
    outer loop
      vertex -6.05965 15.6597 25
      vertex -8 30.5 25
      vertex -6.08989 15.4558 25
    endloop
  endfacet
  facet normal 0 0 1
    outer loop
      vertex -6.00957 15.8596 25
      vertex -8 30.5 25
      vertex -6.05965 15.6597 25
    endloop
  endfacet
  facet normal 0 0 1
    outer loop
      vertex -5.94015 16.0536 25
      vertex -8 30.5 25
      vertex -6.00957 15.8596 25
    endloop
  endfacet
  facet normal 0 0 1
    outer loop
      vertex -5.85203 16.2399 25
      vertex -8 30.5 25
      vertex -5.94015 16.0536 25
    endloop
  endfacet
  facet normal 0 0 1
    outer loop
      vertex -5.74609 16.4167 25
      vertex -8 30.5 25
      vertex -5.85203 16.2399 25
    endloop
  endfacet
  facet normal 0 0 1
    outer loop
      vertex -5.62332 16.5822 25
      vertex -8 30.5 25
      vertex -5.74609 16.4167 25
    endloop
  endfacet
  facet normal 0 0 1
    outer loop
      vertex -5.48492 16.7349 25
      vertex -8 30.5 25
      vertex -5.62332 16.5822 25
    endloop
  endfacet
  facet normal 0 0 1
    outer loop
      vertex -5.33223 16.8733 25
      vertex -8 30.5 25
      vertex -5.48492 16.7349 25
    endloop
  endfacet
  facet normal 0 0 1
    outer loop
      vertex -5.1667 16.9961 25
      vertex -8 30.5 25
      vertex -5.33223 16.8733 25
    endloop
  endfacet
  facet normal 0 0 1
    outer loop
      vertex -4.98993 17.102 25
      vertex -8 30.5 25
      vertex -5.1667 16.9961 25
    endloop
  endfacet
  facet normal 0 0 1
    outer loop
      vertex 46.5 30.5 25
      vertex 44.6 15.25 25
      vertex 46.5 0 25
    endloop
  endfacet
  facet normal 0 0 1
    outer loop
      vertex 46.5 30.5 25
      vertex 44.5899 15.4558 25
      vertex 44.6 15.25 25
    endloop
  endfacet
  facet normal 0 0 1
    outer loop
      vertex 46.5 30.5 25
      vertex 44.5596 15.6597 25
      vertex 44.5899 15.4558 25
    endloop
  endfacet
  facet normal 0 0 1
    outer loop
      vertex 46.5 30.5 25
      vertex 44.5096 15.8596 25
      vertex 44.5596 15.6597 25
    endloop
  endfacet
  facet normal 0 0 1
    outer loop
      vertex 46.5 30.5 25
      vertex 44.4401 16.0536 25
      vertex 44.5096 15.8596 25
    endloop
  endfacet
  facet normal 0 0 1
    outer loop
      vertex 46.5 30.5 25
      vertex 44.352 16.2399 25
      vertex 44.4401 16.0536 25
    endloop
  endfacet
  facet normal 0 0 1
    outer loop
      vertex 46.5 30.5 25
      vertex 44.2461 16.4167 25
      vertex 44.352 16.2399 25
    endloop
  endfacet
  facet normal 0 0 1
    outer loop
      vertex 46.5 30.5 25
      vertex 44.1233 16.5822 25
      vertex 44.2461 16.4167 25
    endloop
  endfacet
  facet normal 0 0 1
    outer loop
      vertex 46.5 30.5 25
      vertex 43.9849 16.7349 25
      vertex 44.1233 16.5822 25
    endloop
  endfacet
  facet normal 0 0 1
    outer loop
      vertex 46.5 30.5 25
      vertex 43.8322 16.8733 25
      vertex 43.9849 16.7349 25
    endloop
  endfacet
  facet normal 0 0 1
    outer loop
      vertex 46.5 30.5 25
      vertex 43.6667 16.9961 25
      vertex 43.8322 16.8733 25
    endloop
  endfacet
  facet normal 0 0 1
    outer loop
      vertex 46.5 30.5 25
      vertex 43.4899 17.102 25
      vertex 43.6667 16.9961 25
    endloop
  endfacet
  facet normal 0 0 1
    outer loop
      vertex 46.5 30.5 25
      vertex 43.3036 17.1901 25
      vertex 43.4899 17.102 25
    endloop
  endfacet
  facet normal 0 0 1
    outer loop
      vertex 46.5 30.5 25
      vertex 43.1096 17.2596 25
      vertex 43.3036 17.1901 25
    endloop
  endfacet
  facet normal 0 0 1
    outer loop
      vertex 46.5 30.5 25
      vertex 42.9097 17.3096 25
      vertex 43.1096 17.2596 25
    endloop
  endfacet
  facet normal 0 0 1
    outer loop
      vertex 46.5 30.5 25
      vertex 42.7058 17.3399 25
      vertex 42.9097 17.3096 25
    endloop
  endfacet
  facet normal 0 0 1
    outer loop
      vertex 46.5 30.5 25
      vertex 42.5 17.35 25
      vertex 42.7058 17.3399 25
    endloop
  endfacet
  facet normal 0 0 1
    outer loop
      vertex 46.5 30.5 25
      vertex 42.2942 17.3399 25
      vertex 42.5 17.35 25
    endloop
  endfacet
  facet normal 0 0 1
    outer loop
      vertex 46.5 30.5 25
      vertex 42.0903 17.3096 25
      vertex 42.2942 17.3399 25
    endloop
  endfacet
  facet normal 0 0 1
    outer loop
      vertex 46.5 30.5 25
      vertex 41.8904 17.2596 25
      vertex 42.0903 17.3096 25
    endloop
  endfacet
  facet normal 0 0 1
    outer loop
      vertex 46.5 30.5 25
      vertex 41.6964 17.1901 25
      vertex 41.8904 17.2596 25
    endloop
  endfacet
  facet normal 0 0 1
    outer loop
      vertex 46.5 30.5 25
      vertex 41.5101 17.102 25
      vertex 41.6964 17.1901 25
    endloop
  endfacet
  facet normal 0 0 1
    outer loop
      vertex 46.5 30.5 25
      vertex 41.3333 16.9961 25
      vertex 41.5101 17.102 25
    endloop
  endfacet
  facet normal -0 0 1
    outer loop
      vertex 23.25 27.5 25
      vertex 41.3333 16.9961 25
      vertex 46.5 30.5 25
    endloop
  endfacet
  facet normal 0 0 1
    outer loop
      vertex 41.3333 16.9961 25
      vertex 23.25 27.5 25
      vertex 41.1678 16.8733 25
    endloop
  endfacet
  facet normal 0 0 1
    outer loop
      vertex 41.1678 16.8733 25
      vertex 23.25 27.5 25
      vertex 41.0151 16.7349 25
    endloop
  endfacet
  facet normal 0 0 1
    outer loop
      vertex 41.0151 16.7349 25
      vertex 23.25 27.5 25
      vertex 40.8767 16.5822 25
    endloop
  endfacet
  facet normal 0 0 1
    outer loop
      vertex 40.8767 16.5822 25
      vertex 23.25 27.5 25
      vertex 40.7539 16.4167 25
    endloop
  endfacet
  facet normal 0 0 1
    outer loop
      vertex 40.7539 16.4167 25
      vertex 23.25 27.5 25
      vertex 40.648 16.2399 25
    endloop
  endfacet
  facet normal 0 0 1
    outer loop
      vertex 40.4403 15.6597 25
      vertex 23.25 27.5 25
      vertex 40.4101 15.4558 25
    endloop
  endfacet
  facet normal 0 0 1
    outer loop
      vertex 40.4904 15.8596 25
      vertex 23.25 27.5 25
      vertex 40.4403 15.6597 25
    endloop
  endfacet
  facet normal 0 0 1
    outer loop
      vertex 40.5599 16.0536 25
      vertex 23.25 27.5 25
      vertex 40.4904 15.8596 25
    endloop
  endfacet
  facet normal 0 0 1
    outer loop
      vertex 40.648 16.2399 25
      vertex 23.25 27.5 25
      vertex 40.5599 16.0536 25
    endloop
  endfacet
  facet normal 0 0 1
    outer loop
      vertex 23.25 27.5 25
      vertex 46.5 30.5 25
      vertex 23.25 30.5 25
    endloop
  endfacet
  facet normal -0 0 1
    outer loop
      vertex 44.5899 15.0442 25
      vertex 46.5 0 25
      vertex 44.6 15.25 25
    endloop
  endfacet
  facet normal -0 0 1
    outer loop
      vertex 44.5596 14.8403 25
      vertex 46.5 0 25
      vertex 44.5899 15.0442 25
    endloop
  endfacet
  facet normal -0 0 1
    outer loop
      vertex 44.5096 14.6404 25
      vertex 46.5 0 25
      vertex 44.5596 14.8403 25
    endloop
  endfacet
  facet normal -0 0 1
    outer loop
      vertex 44.4401 14.4464 25
      vertex 46.5 0 25
      vertex 44.5096 14.6404 25
    endloop
  endfacet
  facet normal -0 0 1
    outer loop
      vertex 44.352 14.2601 25
      vertex 46.5 0 25
      vertex 44.4401 14.4464 25
    endloop
  endfacet
  facet normal -0 0 1
    outer loop
      vertex 44.2461 14.0833 25
      vertex 46.5 0 25
      vertex 44.352 14.2601 25
    endloop
  endfacet
  facet normal -0 0 1
    outer loop
      vertex 44.1233 13.9178 25
      vertex 46.5 0 25
      vertex 44.2461 14.0833 25
    endloop
  endfacet
  facet normal -0 0 1
    outer loop
      vertex 43.9849 13.7651 25
      vertex 46.5 0 25
      vertex 44.1233 13.9178 25
    endloop
  endfacet
  facet normal -0 0 1
    outer loop
      vertex 43.8322 13.6267 25
      vertex 46.5 0 25
      vertex 43.9849 13.7651 25
    endloop
  endfacet
  facet normal -0 0 1
    outer loop
      vertex 43.6667 13.5039 25
      vertex 46.5 0 25
      vertex 43.8322 13.6267 25
    endloop
  endfacet
  facet normal -0 0 1
    outer loop
      vertex 43.4899 13.398 25
      vertex 46.5 0 25
      vertex 43.6667 13.5039 25
    endloop
  endfacet
  facet normal -0 0 1
    outer loop
      vertex 43.3036 13.3099 25
      vertex 46.5 0 25
      vertex 43.4899 13.398 25
    endloop
  endfacet
  facet normal -0 0 1
    outer loop
      vertex 43.1096 13.2404 25
      vertex 46.5 0 25
      vertex 43.3036 13.3099 25
    endloop
  endfacet
  facet normal -0 0 1
    outer loop
      vertex 42.9097 13.1904 25
      vertex 46.5 0 25
      vertex 43.1096 13.2404 25
    endloop
  endfacet
  facet normal -0 0 1
    outer loop
      vertex 42.7058 13.1601 25
      vertex 46.5 0 25
      vertex 42.9097 13.1904 25
    endloop
  endfacet
  facet normal -0 0 1
    outer loop
      vertex 42.5 13.15 25
      vertex 46.5 0 25
      vertex 42.7058 13.1601 25
    endloop
  endfacet
  facet normal 0 0 1
    outer loop
      vertex 42.2942 13.1601 25
      vertex 46.5 0 25
      vertex 42.5 13.15 25
    endloop
  endfacet
  facet normal 0 0 1
    outer loop
      vertex 42.0903 13.1904 25
      vertex 46.5 0 25
      vertex 42.2942 13.1601 25
    endloop
  endfacet
  facet normal 0 0 1
    outer loop
      vertex 41.8904 13.2404 25
      vertex 46.5 0 25
      vertex 42.0903 13.1904 25
    endloop
  endfacet
  facet normal 0 0 1
    outer loop
      vertex 41.6964 13.3099 25
      vertex 46.5 0 25
      vertex 41.8904 13.2404 25
    endloop
  endfacet
  facet normal 0 0 1
    outer loop
      vertex 41.5101 13.398 25
      vertex 46.5 0 25
      vertex 41.6964 13.3099 25
    endloop
  endfacet
  facet normal 0 0 1
    outer loop
      vertex 41.3333 13.5039 25
      vertex 46.5 0 25
      vertex 41.5101 13.398 25
    endloop
  endfacet
  facet normal 0 0 1
    outer loop
      vertex 41.1678 13.6267 25
      vertex 46.5 0 25
      vertex 41.3333 13.5039 25
    endloop
  endfacet
  facet normal 0 0 1
    outer loop
      vertex 41.0151 13.7651 25
      vertex 46.5 0 25
      vertex 41.1678 13.6267 25
    endloop
  endfacet
  facet normal 0 0 1
    outer loop
      vertex 40.8767 13.9178 25
      vertex 46.5 0 25
      vertex 41.0151 13.7651 25
    endloop
  endfacet
  facet normal 0 0 1
    outer loop
      vertex -2.37668 13.9178 25
      vertex 40.8767 13.9178 25
      vertex 40.7539 14.0833 25
    endloop
  endfacet
  facet normal 0 0 1
    outer loop
      vertex -2.25391 14.0833 25
      vertex 40.7539 14.0833 25
      vertex 40.648 14.2601 25
    endloop
  endfacet
  facet normal 0 0 1
    outer loop
      vertex -2.14796 14.2601 25
      vertex 40.648 14.2601 25
      vertex 40.5599 14.4464 25
    endloop
  endfacet
  facet normal 0 0 1
    outer loop
      vertex 40.4101 15.4558 25
      vertex 23.25 27.5 25
      vertex 40.4 15.25 25
    endloop
  endfacet
  facet normal 0 0 1
    outer loop
      vertex 40.4 15.25 25
      vertex 23.25 27.5 25
      vertex 40.4101 15.0442 25
    endloop
  endfacet
  facet normal 0 0 1
    outer loop
      vertex 40.4101 15.0442 25
      vertex 23.25 27.5 25
      vertex 40.4403 14.8403 25
    endloop
  endfacet
  facet normal 0 0 1
    outer loop
      vertex 40.4403 14.8403 25
      vertex 23.25 27.5 25
      vertex 40.4904 14.6404 25
    endloop
  endfacet
  facet normal 0 0 1
    outer loop
      vertex 40.4904 14.6404 25
      vertex 23.25 27.5 25
      vertex 40.5599 14.4464 25
    endloop
  endfacet
  facet normal 0 0 1
    outer loop
      vertex -2.14796 14.2601 25
      vertex 40.5599 14.4464 25
      vertex 23.25 27.5 25
    endloop
  endfacet
  facet normal 0 0 1
    outer loop
      vertex -2.14796 14.2601 25
      vertex 23.25 27.5 25
      vertex 15.25 27.5 25
    endloop
  endfacet
  facet normal 0 0 1
    outer loop
      vertex -1.91011 15.0442 25
      vertex 15.25 27.5 25
      vertex -1.9 15.25 25
    endloop
  endfacet
  facet normal 0 0 1
    outer loop
      vertex -1.94035 14.8403 25
      vertex 15.25 27.5 25
      vertex -1.91011 15.0442 25
    endloop
  endfacet
  facet normal 0 0 1
    outer loop
      vertex -1.99043 14.6404 25
      vertex 15.25 27.5 25
      vertex -1.94035 14.8403 25
    endloop
  endfacet
  facet normal 0 0 1
    outer loop
      vertex -2.05985 14.4464 25
      vertex 15.25 27.5 25
      vertex -1.99043 14.6404 25
    endloop
  endfacet
  facet normal 0 0 1
    outer loop
      vertex -2.14796 14.2601 25
      vertex 15.25 27.5 25
      vertex -2.05985 14.4464 25
    endloop
  endfacet
  facet normal 0 0 1
    outer loop
      vertex 40.648 14.2601 25
      vertex -2.14796 14.2601 25
      vertex -2.25391 14.0833 25
    endloop
  endfacet
  facet normal 0 0 1
    outer loop
      vertex 40.7539 14.0833 25
      vertex -2.25391 14.0833 25
      vertex -2.37668 13.9178 25
    endloop
  endfacet
  facet normal 0 0 1
    outer loop
      vertex 40.8767 13.9178 25
      vertex -2.37668 13.9178 25
      vertex 46.5 0 25
    endloop
  endfacet
  facet normal 0 0 1
    outer loop
      vertex -8 0 25
      vertex -2.37668 13.9178 25
      vertex -2.51508 13.7651 25
    endloop
  endfacet
  facet normal 0 0 1
    outer loop
      vertex -8 0 25
      vertex -2.51508 13.7651 25
      vertex -2.66777 13.6267 25
    endloop
  endfacet
  facet normal 0 0 1
    outer loop
      vertex -8 0 25
      vertex -2.66777 13.6267 25
      vertex -2.8333 13.5039 25
    endloop
  endfacet
  facet normal 0 0 1
    outer loop
      vertex -8 0 25
      vertex -2.8333 13.5039 25
      vertex -3.01007 13.398 25
    endloop
  endfacet
  facet normal 0 0 1
    outer loop
      vertex -8 0 25
      vertex -3.01007 13.398 25
      vertex -3.19636 13.3099 25
    endloop
  endfacet
  facet normal 0 0 1
    outer loop
      vertex -8 0 25
      vertex -3.19636 13.3099 25
      vertex -3.3904 13.2404 25
    endloop
  endfacet
  facet normal 0 0 1
    outer loop
      vertex -8 0 25
      vertex -3.3904 13.2404 25
      vertex -3.59031 13.1904 25
    endloop
  endfacet
  facet normal 0 0 1
    outer loop
      vertex -8 0 25
      vertex -3.59031 13.1904 25
      vertex -3.79416 13.1601 25
    endloop
  endfacet
  facet normal 0 0 1
    outer loop
      vertex -8 0 25
      vertex -3.79416 13.1601 25
      vertex -4 13.15 25
    endloop
  endfacet
  facet normal 0 0 1
    outer loop
      vertex -8 0 25
      vertex -4 13.15 25
      vertex -4.20584 13.1601 25
    endloop
  endfacet
  facet normal 0 0 1
    outer loop
      vertex -8 0 25
      vertex -4.20584 13.1601 25
      vertex -4.40969 13.1904 25
    endloop
  endfacet
  facet normal 0 0 1
    outer loop
      vertex -8 0 25
      vertex -4.40969 13.1904 25
      vertex -4.6096 13.2404 25
    endloop
  endfacet
  facet normal 0 0 1
    outer loop
      vertex -8 0 25
      vertex -6.1 15.25 25
      vertex -8 30.5 25
    endloop
  endfacet
  facet normal 0 0 1
    outer loop
      vertex -2.37668 13.9178 25
      vertex -8 0 25
      vertex 46.5 0 25
    endloop
  endfacet
  facet normal 0 0 1
    outer loop
      vertex -4.80363 13.3099 25
      vertex -8 0 25
      vertex -4.6096 13.2404 25
    endloop
  endfacet
  facet normal 0 0 1
    outer loop
      vertex -4.98993 13.398 25
      vertex -8 0 25
      vertex -4.80363 13.3099 25
    endloop
  endfacet
  facet normal 0 0 1
    outer loop
      vertex -5.1667 13.5039 25
      vertex -8 0 25
      vertex -4.98993 13.398 25
    endloop
  endfacet
  facet normal 0 0 1
    outer loop
      vertex -5.33223 13.6267 25
      vertex -8 0 25
      vertex -5.1667 13.5039 25
    endloop
  endfacet
  facet normal 0 0 1
    outer loop
      vertex -5.48492 13.7651 25
      vertex -8 0 25
      vertex -5.33223 13.6267 25
    endloop
  endfacet
  facet normal 0 0 1
    outer loop
      vertex -5.62332 13.9178 25
      vertex -8 0 25
      vertex -5.48492 13.7651 25
    endloop
  endfacet
  facet normal 0 0 1
    outer loop
      vertex -5.74609 14.0833 25
      vertex -8 0 25
      vertex -5.62332 13.9178 25
    endloop
  endfacet
  facet normal 0 0 1
    outer loop
      vertex -5.85203 14.2601 25
      vertex -8 0 25
      vertex -5.74609 14.0833 25
    endloop
  endfacet
  facet normal 0 0 1
    outer loop
      vertex -5.94015 14.4464 25
      vertex -8 0 25
      vertex -5.85203 14.2601 25
    endloop
  endfacet
  facet normal 0 0 1
    outer loop
      vertex -6.00957 14.6404 25
      vertex -8 0 25
      vertex -5.94015 14.4464 25
    endloop
  endfacet
  facet normal 0 0 1
    outer loop
      vertex -6.05965 14.8403 25
      vertex -8 0 25
      vertex -6.00957 14.6404 25
    endloop
  endfacet
  facet normal 0 0 1
    outer loop
      vertex -6.08989 15.0442 25
      vertex -8 0 25
      vertex -6.05965 14.8403 25
    endloop
  endfacet
  facet normal 0 0 1
    outer loop
      vertex -6.1 15.25 25
      vertex -8 0 25
      vertex -6.08989 15.0442 25
    endloop
  endfacet
  facet normal 1 -0 0
    outer loop
      vertex 46.5 0 25
      vertex 46.5 30.5 22
      vertex 46.5 30.5 25
    endloop
  endfacet
  facet normal 1 0 0
    outer loop
      vertex 46.5 30.5 22
      vertex 46.5 0 25
      vertex 46.5 0 22
    endloop
  endfacet
  facet normal 0 1 -0
    outer loop
      vertex 23.25 27.5 22
      vertex 15.25 27.5 25
      vertex 23.25 27.5 25
    endloop
  endfacet
  facet normal 0 1 0
    outer loop
      vertex 15.25 27.5 25
      vertex 23.25 27.5 22
      vertex 15.25 27.5 22
    endloop
  endfacet
  facet normal 1 0 0
    outer loop
      vertex 41.5 41.3333 25.3766
      vertex 41.5 30.9501 -0.676188
      vertex 41.5 42.7834 24.7004
    endloop
  endfacet
  facet normal 1 0 -0
    outer loop
      vertex 41.5 30.9501 -0.676188
      vertex 41.5 41.3333 25.3766
      vertex 41.5 29.5 0
    endloop
  endfacet
  facet normal -0 0.422622 0.906306
    outer loop
      vertex -3 42.7834 24.7004
      vertex 41.5 41.3333 25.3766
      vertex 41.5 42.7834 24.7004
    endloop
  endfacet
  facet normal 0 0.422622 0.906306
    outer loop
      vertex 41.5 41.3333 25.3766
      vertex -3 42.7834 24.7004
      vertex -3 41.3333 25.3766
    endloop
  endfacet
  facet normal -1 0 0
    outer loop
      vertex -3 30.9501 -0.676188
      vertex -3 41.3333 25.3766
      vertex -3 42.7834 24.7004
    endloop
  endfacet
  facet normal -1 0 0
    outer loop
      vertex -3 41.3333 25.3766
      vertex -3 30.9501 -0.676188
      vertex -3 29.5 0
    endloop
  endfacet
  facet normal 0 0.906308 -0.422618
    outer loop
      vertex 41.5 30.9501 -0.676188
      vertex -3 42.7834 24.7004
      vertex 41.5 42.7834 24.7004
    endloop
  endfacet
  facet normal 0 0.906308 -0.422618
    outer loop
      vertex -3 42.7834 24.7004
      vertex 41.5 30.9501 -0.676188
      vertex -3 30.9501 -0.676188
    endloop
  endfacet
  facet normal 0 -0.422616 -0.906309
    outer loop
      vertex 38.5 29.5 0
      vertex 41.5 30.9501 -0.676188
      vertex 41.5 29.5 0
    endloop
  endfacet
  facet normal 0 -0.422616 -0.906309
    outer loop
      vertex 0 29.5 0
      vertex 41.5 30.9501 -0.676188
      vertex 38.5 29.5 0
    endloop
  endfacet
  facet normal 0 -0.422616 -0.906309
    outer loop
      vertex -3 30.9501 -0.676188
      vertex 0 29.5 0
      vertex -3 29.5 0
    endloop
  endfacet
  facet normal 0 -0.422616 -0.906309
    outer loop
      vertex 0 29.5 0
      vertex -3 30.9501 -0.676188
      vertex 41.5 30.9501 -0.676188
    endloop
  endfacet
  facet normal 0 -0.906308 0.422618
    outer loop
      vertex -3 41.3333 25.3766
      vertex 0 30.5 2.14451
      vertex 41.5 41.3333 25.3766
    endloop
  endfacet
  facet normal -3.59322e-07 -0.906308 0.422618
    outer loop
      vertex -3 29.5 0
      vertex 0 30.5 2.14451
      vertex -3 41.3333 25.3766
    endloop
  endfacet
  facet normal 0 -0.906308 0.422618
    outer loop
      vertex 0 30.5 2.14451
      vertex -3 29.5 0
      vertex 0 29.5 0
    endloop
  endfacet
  facet normal 0 -0.906308 0.422618
    outer loop
      vertex 38.5 30.5 2.14451
      vertex 41.5 41.3333 25.3766
      vertex 0 30.5 2.14451
    endloop
  endfacet
  facet normal 0 -0.906308 0.422618
    outer loop
      vertex 41.5 29.5 0
      vertex 38.5 30.5 2.14451
      vertex 38.5 29.5 0
    endloop
  endfacet
  facet normal 3.59322e-07 -0.906308 0.422618
    outer loop
      vertex 38.5 30.5 2.14451
      vertex 41.5 29.5 0
      vertex 41.5 41.3333 25.3766
    endloop
  endfacet
endsolid OpenSCAD_Model
