solid OpenSCAD_Model
  facet normal -0.999039 -0.0438279 0
    outer loop
      vertex 37.7 0 5.7
      vertex 37.6935 0.148165 7.3
      vertex 37.6935 0.148165 5.7
    endloop
  endfacet
  facet normal -0.999039 -0.0438279 0
    outer loop
      vertex 37.6935 0.148165 7.3
      vertex 37.7 0 5.7
      vertex 37.7 0 7.3
    endloop
  endfacet
  facet normal 0.999039 -0.0438279 0
    outer loop
      vertex 34.3 0 10
      vertex 34.3065 0.148165 8.4
      vertex 34.3065 0.148165 10
    endloop
  endfacet
  facet normal 0.999039 -0.0438279 0
    outer loop
      vertex 34.3065 0.148165 8.4
      vertex 34.3 0 10
      vertex 34.3 0 8.4
    endloop
  endfacet
  facet normal -0.0436157 -0.999048 0
    outer loop
      vertex 36 1.7 7.32578
      vertex 36.1482 1.69353 8.77789
      vertex 36 1.7 8.92578
    endloop
  endfacet
  facet normal -0.0436157 -0.999048 -0
    outer loop
      vertex 36.1482 1.69353 8.77789
      vertex 36 1.7 7.32578
      vertex 36.1482 1.69353 7.17789
    endloop
  endfacet
  facet normal -0.737249 -0.675621 -0
    outer loop
      vertex 37.3023 1.09274 7.65002
      vertex 37.2021 1.20208 6.14543
      vertex 37.3023 1.09274 6.05001
    endloop
  endfacet
  facet normal -0.737249 -0.675621 0
    outer loop
      vertex 37.2021 1.20208 6.14543
      vertex 37.3023 1.09274 7.65002
      vertex 37.2021 1.20208 7.74544
    endloop
  endfacet
  facet normal 0.675383 -0.737467 0
    outer loop
      vertex 34.7979 1.20208 8.4
      vertex 34.9073 1.30227 10
      vertex 34.7979 1.20208 10
    endloop
  endfacet
  facet normal 0.675383 -0.737467 0
    outer loop
      vertex 34.9073 1.30227 10
      vertex 34.7979 1.20208 8.4
      vertex 34.9073 1.30227 8.4
    endloop
  endfacet
  facet normal 0.382518 -0.923948 0
    outer loop
      vertex 35.2815 1.54072 8.05118
      vertex 35.4186 1.59748 9.51169
      vertex 35.2815 1.54072 9.65118
    endloop
  endfacet
  facet normal 0.382518 -0.923948 0
    outer loop
      vertex 35.4186 1.59748 9.51169
      vertex 35.2815 1.54072 8.05118
      vertex 35.4186 1.59748 7.91169
    endloop
  endfacet
  facet normal -0.923772 -0.382944 -0
    outer loop
      vertex 37.5975 0.581433 7.37714
      vertex 37.5407 0.718451 5.82791
      vertex 37.5975 0.581433 5.77714
    endloop
  endfacet
  facet normal -0.923772 -0.382944 0
    outer loop
      vertex 37.5407 0.718451 5.82791
      vertex 37.5975 0.581433 7.37714
      vertex 37.5407 0.718451 7.42791
    endloop
  endfacet
  facet normal -0.461884 -0.886941 0
    outer loop
      vertex 36.7185 1.54072 6.61428
      vertex 36.85 1.47224 8.08572
      vertex 36.7185 1.54072 8.21428
    endloop
  endfacet
  facet normal -0.461884 -0.886941 -0
    outer loop
      vertex 36.85 1.47224 8.08572
      vertex 36.7185 1.54072 6.61428
      vertex 36.85 1.47224 6.48572
    endloop
  endfacet
  facet normal -0.608984 -0.793183 0
    outer loop
      vertex 36.9751 1.39256 6.36412
      vertex 37.0927 1.30227 7.8504
      vertex 36.9751 1.39256 7.96412
    endloop
  endfacet
  facet normal -0.608984 -0.793183 -0
    outer loop
      vertex 37.0927 1.30227 7.8504
      vertex 36.9751 1.39256 6.36412
      vertex 37.0927 1.30227 6.2504
    endloop
  endfacet
  facet normal 0.886954 -0.461857 0
    outer loop
      vertex 34.4593 0.718451 10
      vertex 34.5278 0.849999 8.4
      vertex 34.5278 0.849999 10
    endloop
  endfacet
  facet normal 0.886954 -0.461857 0
    outer loop
      vertex 34.5278 0.849999 8.4
      vertex 34.4593 0.718451 10
      vertex 34.4593 0.718451 8.4
    endloop
  endfacet
  facet normal 0.216431 -0.976298 0
    outer loop
      vertex 35.56 1.64207 7.7683
      vertex 35.7048 1.67417 9.22211
      vertex 35.56 1.64207 9.3683
    endloop
  endfacet
  facet normal 0.216431 -0.976298 0
    outer loop
      vertex 35.7048 1.67417 9.22211
      vertex 35.56 1.64207 7.7683
      vertex 35.7048 1.67417 7.62211
    endloop
  endfacet
  facet normal -0.976295 0.216444 0
    outer loop
      vertex 37.6421 -0.439992 5.73872
      vertex 37.6742 -0.295201 7.31294
      vertex 37.6742 -0.295201 5.71294
    endloop
  endfacet
  facet normal -0.976295 0.216444 0
    outer loop
      vertex 37.6742 -0.295201 7.31294
      vertex 37.6421 -0.439992 5.73872
      vertex 37.6421 -0.439992 7.33872
    endloop
  endfacet
  facet normal -0.976295 -0.216444 -0
    outer loop
      vertex 37.6742 0.295201 7.31294
      vertex 37.6421 0.439992 5.73872
      vertex 37.6742 0.295201 5.71294
    endloop
  endfacet
  facet normal -0.976295 -0.216444 0
    outer loop
      vertex 37.6421 0.439992 5.73872
      vertex 37.6742 0.295201 7.31294
      vertex 37.6421 0.439992 7.33872
    endloop
  endfacet
  facet normal -0.991495 -0.130144 -0
    outer loop
      vertex 37.6935 0.148165 7.3
      vertex 37.6742 0.295201 5.71294
      vertex 37.6935 0.148165 5.7
    endloop
  endfacet
  facet normal -0.991495 -0.130144 0
    outer loop
      vertex 37.6742 0.295201 5.71294
      vertex 37.6935 0.148165 7.3
      vertex 37.6742 0.295201 7.31294
    endloop
  endfacet
  facet normal -0.95371 -0.300729 -0
    outer loop
      vertex 37.6421 0.439992 7.33872
      vertex 37.5975 0.581433 5.77714
      vertex 37.6421 0.439992 5.73872
    endloop
  endfacet
  facet normal -0.95371 -0.300729 0
    outer loop
      vertex 37.5975 0.581433 5.77714
      vertex 37.6421 0.439992 7.33872
      vertex 37.5975 0.581433 7.37714
    endloop
  endfacet
  facet normal -0.844436 -0.535656 0.000142005
    outer loop
      vertex 37.4722 0.849999 7.49065
      vertex 37.3926 0.97508 5.96487
      vertex 37.4029 0.95884 5.95523
    endloop
  endfacet
  facet normal -0.844474 -0.535596 0
    outer loop
      vertex 37.3926 0.97508 5.96487
      vertex 37.4029 0.95884 7.55523
      vertex 37.3926 0.97508 7.56487
    endloop
  endfacet
  facet normal -0.84353 -0.537083 -0
    outer loop
      vertex 37.4722 0.849999 7.49065
      vertex 37.4029 0.95884 5.95523
      vertex 37.4722 0.849999 5.89065
    endloop
  endfacet
  facet normal -0.843535 -0.537074 -2.11662e-05
    outer loop
      vertex 37.3926 0.97508 5.96487
      vertex 37.4722 0.849999 7.49065
      vertex 37.4029 0.95884 7.55523
    endloop
  endfacet
  facet normal -0.7933 -0.608831 -0
    outer loop
      vertex 37.3926 0.97508 7.56487
      vertex 37.3023 1.09274 6.05001
      vertex 37.3926 0.97508 5.96487
    endloop
  endfacet
  facet normal -0.7933 -0.608831 0
    outer loop
      vertex 37.3023 1.09274 6.05001
      vertex 37.3926 0.97508 7.56487
      vertex 37.3023 1.09274 7.65002
    endloop
  endfacet
  facet normal -0.886954 -0.461857 -0
    outer loop
      vertex 37.5407 0.718451 7.42791
      vertex 37.4722 0.849999 5.89065
      vertex 37.5407 0.718451 5.82791
    endloop
  endfacet
  facet normal -0.886954 -0.461857 0
    outer loop
      vertex 37.4722 0.849999 5.89065
      vertex 37.5407 0.718451 7.42791
      vertex 37.4722 0.849999 7.49065
    endloop
  endfacet
  facet normal -0.300747 -0.953704 0
    outer loop
      vertex 36.44 1.64207 6.88831
      vertex 36.5814 1.59748 8.34882
      vertex 36.44 1.64207 8.48831
    endloop
  endfacet
  facet normal -0.300747 -0.953704 -0
    outer loop
      vertex 36.5814 1.59748 8.34882
      vertex 36.44 1.64207 6.88831
      vertex 36.5814 1.59748 6.74882
    endloop
  endfacet
  facet normal -0.382518 -0.923948 0
    outer loop
      vertex 36.5814 1.59748 6.74882
      vertex 36.7185 1.54072 8.21428
      vertex 36.5814 1.59748 8.34882
    endloop
  endfacet
  facet normal -0.382518 -0.923948 -0
    outer loop
      vertex 36.7185 1.54072 8.21428
      vertex 36.5814 1.59748 6.74882
      vertex 36.7185 1.54072 6.61428
    endloop
  endfacet
  facet normal -0.216431 -0.976298 0
    outer loop
      vertex 36.2952 1.67417 7.0317
      vertex 36.44 1.64207 8.48831
      vertex 36.2952 1.67417 8.6317
    endloop
  endfacet
  facet normal -0.216431 -0.976298 -0
    outer loop
      vertex 36.44 1.64207 8.48831
      vertex 36.2952 1.67417 7.0317
      vertex 36.44 1.64207 6.88831
    endloop
  endfacet
  facet normal -0.537216 -0.843445 0
    outer loop
      vertex 36.85 1.47224 6.48572
      vertex 36.9751 1.39256 7.96412
      vertex 36.85 1.47224 8.08572
    endloop
  endfacet
  facet normal -0.537216 -0.843445 -0
    outer loop
      vertex 36.9751 1.39256 7.96412
      vertex 36.85 1.47224 6.48572
      vertex 36.9751 1.39256 6.36412
    endloop
  endfacet
  facet normal -0.675383 -0.737467 0
    outer loop
      vertex 37.0927 1.30227 6.2504
      vertex 37.2021 1.20208 7.74544
      vertex 37.0927 1.30227 7.8504
    endloop
  endfacet
  facet normal -0.675383 -0.737467 -0
    outer loop
      vertex 37.2021 1.20208 7.74544
      vertex 37.0927 1.30227 6.2504
      vertex 37.2021 1.20208 6.14543
    endloop
  endfacet
  facet normal 0.95371 -0.300729 0
    outer loop
      vertex 34.3579 0.439992 10
      vertex 34.4025 0.581433 8.4
      vertex 34.4025 0.581433 10
    endloop
  endfacet
  facet normal 0.95371 -0.300729 0
    outer loop
      vertex 34.4025 0.581433 8.4
      vertex 34.3579 0.439992 10
      vertex 34.3579 0.439992 8.4
    endloop
  endfacet
  facet normal 0.7933 -0.608831 0
    outer loop
      vertex 34.6074 0.97508 10
      vertex 34.6977 1.09274 8.4
      vertex 34.6977 1.09274 10
    endloop
  endfacet
  facet normal 0.7933 -0.608831 0
    outer loop
      vertex 34.6977 1.09274 8.4
      vertex 34.6074 0.97508 10
      vertex 34.6074 0.97508 8.4
    endloop
  endfacet
  facet normal 0.737249 -0.675621 0
    outer loop
      vertex 34.6977 1.09274 10
      vertex 34.7979 1.20208 8.4
      vertex 34.7979 1.20208 10
    endloop
  endfacet
  facet normal 0.737249 -0.675621 0
    outer loop
      vertex 34.7979 1.20208 8.4
      vertex 34.6977 1.09274 10
      vertex 34.6977 1.09274 8.4
    endloop
  endfacet
  facet normal 0.843652 -0.53689 0
    outer loop
      vertex 34.5278 0.849999 10
      vertex 34.6074 0.97508 8.4
      vertex 34.6074 0.97508 10
    endloop
  endfacet
  facet normal 0.843652 -0.53689 0
    outer loop
      vertex 34.6074 0.97508 8.4
      vertex 34.5278 0.849999 10
      vertex 34.5278 0.849999 8.4
    endloop
  endfacet
  facet normal 0.923772 -0.382944 0
    outer loop
      vertex 34.4025 0.581433 10
      vertex 34.4593 0.718451 8.4
      vertex 34.4593 0.718451 10
    endloop
  endfacet
  facet normal 0.923772 -0.382944 0
    outer loop
      vertex 34.4593 0.718451 8.4
      vertex 34.4025 0.581433 10
      vertex 34.4025 0.581433 8.4
    endloop
  endfacet
  facet normal 0.976295 -0.216444 0
    outer loop
      vertex 34.3258 0.295201 10
      vertex 34.3579 0.439992 8.4
      vertex 34.3579 0.439992 10
    endloop
  endfacet
  facet normal 0.976295 -0.216444 0
    outer loop
      vertex 34.3579 0.439992 8.4
      vertex 34.3258 0.295201 10
      vertex 34.3258 0.295201 8.4
    endloop
  endfacet
  facet normal 0.537216 -0.843445 0
    outer loop
      vertex 35.0249 1.39256 8.31428
      vertex 35.15 1.47224 9.78572
      vertex 35.0249 1.39256 9.91428
    endloop
  endfacet
  facet normal 0.537216 -0.843445 0
    outer loop
      vertex 35.15 1.47224 9.78572
      vertex 35.0249 1.39256 8.31428
      vertex 35.15 1.47224 8.18572
    endloop
  endfacet
  facet normal 0.461884 -0.886941 0
    outer loop
      vertex 35.15 1.47224 8.18572
      vertex 35.2815 1.54072 9.65118
      vertex 35.15 1.47224 9.78572
    endloop
  endfacet
  facet normal 0.461884 -0.886941 0
    outer loop
      vertex 35.2815 1.54072 9.65118
      vertex 35.15 1.47224 8.18572
      vertex 35.2815 1.54072 8.05118
    endloop
  endfacet
  facet normal 0.608959 -0.793201 -5.30671e-05
    outer loop
      vertex 34.9073 1.30227 10
      vertex 35.0249 1.39256 9.91428
      vertex 34.942 1.32891 10
    endloop
  endfacet
  facet normal 0.608984 -0.793183 0
    outer loop
      vertex 34.9073 1.30227 8.4
      vertex 35.0249 1.39256 9.91428
      vertex 34.9073 1.30227 10
    endloop
  endfacet
  facet normal 0.608959 -0.793201 3.00401e-06
    outer loop
      vertex 34.942 1.32891 8.4
      vertex 35.0249 1.39256 9.91428
      vertex 34.9073 1.30227 8.4
    endloop
  endfacet
  facet normal 0.608994 -0.793175 0
    outer loop
      vertex 35.0249 1.39256 9.91428
      vertex 34.942 1.32891 8.4
      vertex 35.0249 1.39256 8.31428
    endloop
  endfacet
  facet normal 0.300747 -0.953704 0
    outer loop
      vertex 35.4186 1.59748 7.91169
      vertex 35.56 1.64207 9.3683
      vertex 35.4186 1.59748 9.51169
    endloop
  endfacet
  facet normal 0.300747 -0.953704 0
    outer loop
      vertex 35.56 1.64207 9.3683
      vertex 35.4186 1.59748 7.91169
      vertex 35.56 1.64207 7.7683
    endloop
  endfacet
  facet normal 0.130573 -0.991439 0
    outer loop
      vertex 35.7048 1.67417 7.62211
      vertex 35.8518 1.69353 9.07422
      vertex 35.7048 1.67417 9.22211
    endloop
  endfacet
  facet normal 0.130573 -0.991439 0
    outer loop
      vertex 35.8518 1.69353 9.07422
      vertex 35.7048 1.67417 7.62211
      vertex 35.8518 1.69353 7.47422
    endloop
  endfacet
  facet normal -0.999039 0.0438279 0
    outer loop
      vertex 37.6935 -0.148165 5.7
      vertex 37.7 0 7.3
      vertex 37.7 0 5.7
    endloop
  endfacet
  facet normal -0.999039 0.0438279 0
    outer loop
      vertex 37.7 0 7.3
      vertex 37.6935 -0.148165 5.7
      vertex 37.6935 -0.148165 7.3
    endloop
  endfacet
  facet normal -0.300747 0.953704 0
    outer loop
      vertex 36.5814 -1.59748 8.34882
      vertex 36.44 -1.64207 6.88831
      vertex 36.44 -1.64207 8.48831
    endloop
  endfacet
  facet normal -0.300747 0.953704 0
    outer loop
      vertex 36.44 -1.64207 6.88831
      vertex 36.5814 -1.59748 8.34882
      vertex 36.5814 -1.59748 6.74882
    endloop
  endfacet
  facet normal -0.461884 0.886941 0
    outer loop
      vertex 36.85 -1.47224 8.08572
      vertex 36.7185 -1.54072 6.61428
      vertex 36.7185 -1.54072 8.21428
    endloop
  endfacet
  facet normal -0.461884 0.886941 0
    outer loop
      vertex 36.7185 -1.54072 6.61428
      vertex 36.85 -1.47224 8.08572
      vertex 36.85 -1.47224 6.48572
    endloop
  endfacet
  facet normal -0.7933 0.608831 0
    outer loop
      vertex 37.3023 -1.09274 6.05001
      vertex 37.3926 -0.97508 7.56487
      vertex 37.3926 -0.97508 5.96487
    endloop
  endfacet
  facet normal -0.7933 0.608831 0
    outer loop
      vertex 37.3926 -0.97508 7.56487
      vertex 37.3023 -1.09274 6.05001
      vertex 37.3023 -1.09274 7.65002
    endloop
  endfacet
  facet normal 0.675383 0.737467 -0
    outer loop
      vertex 34.9073 -1.30227 8.4
      vertex 34.7979 -1.20208 10
      vertex 34.9073 -1.30227 10
    endloop
  endfacet
  facet normal 0.675383 0.737467 0
    outer loop
      vertex 34.7979 -1.20208 10
      vertex 34.9073 -1.30227 8.4
      vertex 34.7979 -1.20208 8.4
    endloop
  endfacet
  facet normal 0.537216 0.843445 0
    outer loop
      vertex 35.15 -1.47224 9.78572
      vertex 35.0249 -1.39256 8.31428
      vertex 35.0249 -1.39256 9.91428
    endloop
  endfacet
  facet normal 0.537216 0.843445 0
    outer loop
      vertex 35.0249 -1.39256 8.31428
      vertex 35.15 -1.47224 9.78572
      vertex 35.15 -1.47224 8.18572
    endloop
  endfacet
  facet normal 0.382518 0.923948 0
    outer loop
      vertex 35.4186 -1.59748 9.51169
      vertex 35.2815 -1.54072 8.05118
      vertex 35.2815 -1.54072 9.65118
    endloop
  endfacet
  facet normal 0.382518 0.923948 0
    outer loop
      vertex 35.2815 -1.54072 8.05118
      vertex 35.4186 -1.59748 9.51169
      vertex 35.4186 -1.59748 7.91169
    endloop
  endfacet
  facet normal 0.216431 0.976298 0
    outer loop
      vertex 35.7048 -1.67417 9.22211
      vertex 35.56 -1.64207 7.7683
      vertex 35.56 -1.64207 9.3683
    endloop
  endfacet
  facet normal 0.216431 0.976298 0
    outer loop
      vertex 35.56 -1.64207 7.7683
      vertex 35.7048 -1.67417 9.22211
      vertex 35.7048 -1.67417 7.62211
    endloop
  endfacet
  facet normal 0.886954 0.461857 0
    outer loop
      vertex 34.5278 -0.849999 10
      vertex 34.4593 -0.718451 8.4
      vertex 34.4593 -0.718451 10
    endloop
  endfacet
  facet normal 0.886954 0.461857 0
    outer loop
      vertex 34.4593 -0.718451 8.4
      vertex 34.5278 -0.849999 10
      vertex 34.5278 -0.849999 8.4
    endloop
  endfacet
  facet normal 0.7933 0.608831 0
    outer loop
      vertex 34.6977 -1.09274 10
      vertex 34.6074 -0.97508 8.4
      vertex 34.6074 -0.97508 10
    endloop
  endfacet
  facet normal 0.7933 0.608831 0
    outer loop
      vertex 34.6074 -0.97508 8.4
      vertex 34.6977 -1.09274 10
      vertex 34.6977 -1.09274 8.4
    endloop
  endfacet
  facet normal 0.95371 0.300729 0
    outer loop
      vertex 34.4025 -0.581433 10
      vertex 34.3579 -0.439992 8.4
      vertex 34.3579 -0.439992 10
    endloop
  endfacet
  facet normal 0.95371 0.300729 0
    outer loop
      vertex 34.3579 -0.439992 8.4
      vertex 34.4025 -0.581433 10
      vertex 34.4025 -0.581433 8.4
    endloop
  endfacet
  facet normal -0.130573 -0.991439 0
    outer loop
      vertex 36.1482 1.69353 7.17789
      vertex 36.2952 1.67417 8.6317
      vertex 36.1482 1.69353 8.77789
    endloop
  endfacet
  facet normal -0.130573 -0.991439 -0
    outer loop
      vertex 36.2952 1.67417 8.6317
      vertex 36.1482 1.69353 7.17789
      vertex 36.2952 1.67417 7.0317
    endloop
  endfacet
  facet normal 0.991495 -0.130144 0
    outer loop
      vertex 34.3065 0.148165 10
      vertex 34.3258 0.295201 8.4
      vertex 34.3258 0.295201 10
    endloop
  endfacet
  facet normal 0.991495 -0.130144 0
    outer loop
      vertex 34.3258 0.295201 8.4
      vertex 34.3065 0.148165 10
      vertex 34.3065 0.148165 8.4
    endloop
  endfacet
  facet normal 0.0436157 -0.999048 0
    outer loop
      vertex 35.8518 1.69353 7.47422
      vertex 36 1.7 8.92578
      vertex 35.8518 1.69353 9.07422
    endloop
  endfacet
  facet normal 0.0436157 -0.999048 0
    outer loop
      vertex 36 1.7 8.92578
      vertex 35.8518 1.69353 7.47422
      vertex 36 1.7 7.32578
    endloop
  endfacet
  facet normal -0.0436157 0.999048 0
    outer loop
      vertex 36.1482 -1.69353 8.77789
      vertex 36 -1.7 7.32578
      vertex 36 -1.7 8.92578
    endloop
  endfacet
  facet normal -0.0436157 0.999048 0
    outer loop
      vertex 36 -1.7 7.32578
      vertex 36.1482 -1.69353 8.77789
      vertex 36.1482 -1.69353 7.17789
    endloop
  endfacet
  facet normal -0.216431 0.976298 0
    outer loop
      vertex 36.44 -1.64207 8.48831
      vertex 36.2952 -1.67417 7.0317
      vertex 36.2952 -1.67417 8.6317
    endloop
  endfacet
  facet normal -0.216431 0.976298 0
    outer loop
      vertex 36.2952 -1.67417 7.0317
      vertex 36.44 -1.64207 8.48831
      vertex 36.44 -1.64207 6.88831
    endloop
  endfacet
  facet normal -0.382518 0.923948 0
    outer loop
      vertex 36.7185 -1.54072 8.21428
      vertex 36.5814 -1.59748 6.74882
      vertex 36.5814 -1.59748 8.34882
    endloop
  endfacet
  facet normal -0.382518 0.923948 0
    outer loop
      vertex 36.5814 -1.59748 6.74882
      vertex 36.7185 -1.54072 8.21428
      vertex 36.7185 -1.54072 6.61428
    endloop
  endfacet
  facet normal -0.608984 0.793183 0
    outer loop
      vertex 37.0927 -1.30227 7.8504
      vertex 36.9751 -1.39256 6.36412
      vertex 36.9751 -1.39256 7.96412
    endloop
  endfacet
  facet normal -0.608984 0.793183 0
    outer loop
      vertex 36.9751 -1.39256 6.36412
      vertex 37.0927 -1.30227 7.8504
      vertex 37.0927 -1.30227 6.2504
    endloop
  endfacet
  facet normal -0.737249 0.675621 0
    outer loop
      vertex 37.2021 -1.20208 6.14543
      vertex 37.3023 -1.09274 7.65002
      vertex 37.3023 -1.09274 6.05001
    endloop
  endfacet
  facet normal -0.737249 0.675621 0
    outer loop
      vertex 37.3023 -1.09274 7.65002
      vertex 37.2021 -1.20208 6.14543
      vertex 37.2021 -1.20208 7.74544
    endloop
  endfacet
  facet normal -0.537216 0.843445 0
    outer loop
      vertex 36.9751 -1.39256 7.96412
      vertex 36.85 -1.47224 6.48572
      vertex 36.85 -1.47224 8.08572
    endloop
  endfacet
  facet normal -0.537216 0.843445 0
    outer loop
      vertex 36.85 -1.47224 6.48572
      vertex 36.9751 -1.39256 7.96412
      vertex 36.9751 -1.39256 6.36412
    endloop
  endfacet
  facet normal 0.608994 0.793175 0
    outer loop
      vertex 35.0249 -1.39256 9.91428
      vertex 35.0249 -1.39256 8.31428
      vertex 34.942 -1.32891 8.4
    endloop
  endfacet
  facet normal 0.608959 0.793201 -5.30671e-05
    outer loop
      vertex 35.0249 -1.39256 9.91428
      vertex 34.9073 -1.30227 10
      vertex 34.942 -1.32891 10
    endloop
  endfacet
  facet normal 0.608959 0.793201 3.00401e-06
    outer loop
      vertex 34.9073 -1.30227 8.4
      vertex 35.0249 -1.39256 9.91428
      vertex 34.942 -1.32891 8.4
    endloop
  endfacet
  facet normal 0.608984 0.793183 0
    outer loop
      vertex 35.0249 -1.39256 9.91428
      vertex 34.9073 -1.30227 8.4
      vertex 34.9073 -1.30227 10
    endloop
  endfacet
  facet normal 0.461884 0.886941 0
    outer loop
      vertex 35.2815 -1.54072 9.65118
      vertex 35.15 -1.47224 8.18572
      vertex 35.15 -1.47224 9.78572
    endloop
  endfacet
  facet normal 0.461884 0.886941 0
    outer loop
      vertex 35.15 -1.47224 8.18572
      vertex 35.2815 -1.54072 9.65118
      vertex 35.2815 -1.54072 8.05118
    endloop
  endfacet
  facet normal 0.300747 0.953704 0
    outer loop
      vertex 35.56 -1.64207 9.3683
      vertex 35.4186 -1.59748 7.91169
      vertex 35.4186 -1.59748 9.51169
    endloop
  endfacet
  facet normal 0.300747 0.953704 0
    outer loop
      vertex 35.4186 -1.59748 7.91169
      vertex 35.56 -1.64207 9.3683
      vertex 35.56 -1.64207 7.7683
    endloop
  endfacet
  facet normal 0.130573 0.991439 0
    outer loop
      vertex 35.8518 -1.69353 9.07422
      vertex 35.7048 -1.67417 7.62211
      vertex 35.7048 -1.67417 9.22211
    endloop
  endfacet
  facet normal 0.130573 0.991439 0
    outer loop
      vertex 35.7048 -1.67417 7.62211
      vertex 35.8518 -1.69353 9.07422
      vertex 35.8518 -1.69353 7.47422
    endloop
  endfacet
  facet normal 0.843652 0.53689 0
    outer loop
      vertex 34.6074 -0.97508 10
      vertex 34.5278 -0.849999 8.4
      vertex 34.5278 -0.849999 10
    endloop
  endfacet
  facet normal 0.843652 0.53689 0
    outer loop
      vertex 34.5278 -0.849999 8.4
      vertex 34.6074 -0.97508 10
      vertex 34.6074 -0.97508 8.4
    endloop
  endfacet
  facet normal 0.737249 0.675621 0
    outer loop
      vertex 34.7979 -1.20208 10
      vertex 34.6977 -1.09274 8.4
      vertex 34.6977 -1.09274 10
    endloop
  endfacet
  facet normal 0.737249 0.675621 0
    outer loop
      vertex 34.6977 -1.09274 8.4
      vertex 34.7979 -1.20208 10
      vertex 34.7979 -1.20208 8.4
    endloop
  endfacet
  facet normal 0.923772 0.382944 0
    outer loop
      vertex 34.4593 -0.718451 10
      vertex 34.4025 -0.581433 8.4
      vertex 34.4025 -0.581433 10
    endloop
  endfacet
  facet normal 0.923772 0.382944 0
    outer loop
      vertex 34.4025 -0.581433 8.4
      vertex 34.4593 -0.718451 10
      vertex 34.4593 -0.718451 8.4
    endloop
  endfacet
  facet normal 0.976295 0.216444 0
    outer loop
      vertex 34.3579 -0.439992 10
      vertex 34.3258 -0.295201 8.4
      vertex 34.3258 -0.295201 10
    endloop
  endfacet
  facet normal 0.976295 0.216444 0
    outer loop
      vertex 34.3258 -0.295201 8.4
      vertex 34.3579 -0.439992 10
      vertex 34.3579 -0.439992 8.4
    endloop
  endfacet
  facet normal 0.999039 0.0438279 0
    outer loop
      vertex 34.3065 -0.148165 10
      vertex 34.3 0 8.4
      vertex 34.3 0 10
    endloop
  endfacet
  facet normal 0.999039 0.0438279 0
    outer loop
      vertex 34.3 0 8.4
      vertex 34.3065 -0.148165 10
      vertex 34.3065 -0.148165 8.4
    endloop
  endfacet
  facet normal -0.84353 0.537083 0
    outer loop
      vertex 37.4029 -0.95884 5.95523
      vertex 37.4722 -0.849999 7.49065
      vertex 37.4722 -0.849999 5.89065
    endloop
  endfacet
  facet normal -0.844436 0.535656 0.000142005
    outer loop
      vertex 37.3926 -0.97508 5.96487
      vertex 37.4722 -0.849999 7.49065
      vertex 37.4029 -0.95884 5.95523
    endloop
  endfacet
  facet normal -0.843535 0.537074 -2.11662e-05
    outer loop
      vertex 37.4722 -0.849999 7.49065
      vertex 37.3926 -0.97508 5.96487
      vertex 37.4029 -0.95884 7.55523
    endloop
  endfacet
  facet normal -0.844474 0.535596 0
    outer loop
      vertex 37.4029 -0.95884 7.55523
      vertex 37.3926 -0.97508 5.96487
      vertex 37.3926 -0.97508 7.56487
    endloop
  endfacet
  facet normal -0.923772 0.382944 0
    outer loop
      vertex 37.5407 -0.718451 5.82791
      vertex 37.5975 -0.581433 7.37714
      vertex 37.5975 -0.581433 5.77714
    endloop
  endfacet
  facet normal -0.923772 0.382944 0
    outer loop
      vertex 37.5975 -0.581433 7.37714
      vertex 37.5407 -0.718451 5.82791
      vertex 37.5407 -0.718451 7.42791
    endloop
  endfacet
  facet normal -0.130573 0.991439 0
    outer loop
      vertex 36.2952 -1.67417 8.6317
      vertex 36.1482 -1.69353 7.17789
      vertex 36.1482 -1.69353 8.77789
    endloop
  endfacet
  facet normal -0.130573 0.991439 0
    outer loop
      vertex 36.1482 -1.69353 7.17789
      vertex 36.2952 -1.67417 8.6317
      vertex 36.2952 -1.67417 7.0317
    endloop
  endfacet
  facet normal -0.675383 0.737467 0
    outer loop
      vertex 37.2021 -1.20208 7.74544
      vertex 37.0927 -1.30227 6.2504
      vertex 37.0927 -1.30227 7.8504
    endloop
  endfacet
  facet normal -0.675383 0.737467 0
    outer loop
      vertex 37.0927 -1.30227 6.2504
      vertex 37.2021 -1.20208 7.74544
      vertex 37.2021 -1.20208 6.14543
    endloop
  endfacet
  facet normal 0.0436157 0.999048 0
    outer loop
      vertex 36 -1.7 8.92578
      vertex 35.8518 -1.69353 7.47422
      vertex 35.8518 -1.69353 9.07422
    endloop
  endfacet
  facet normal 0.0436157 0.999048 0
    outer loop
      vertex 35.8518 -1.69353 7.47422
      vertex 36 -1.7 8.92578
      vertex 36 -1.7 7.32578
    endloop
  endfacet
  facet normal 0.991495 0.130144 0
    outer loop
      vertex 34.3258 -0.295201 10
      vertex 34.3065 -0.148165 8.4
      vertex 34.3065 -0.148165 10
    endloop
  endfacet
  facet normal 0.991495 0.130144 0
    outer loop
      vertex 34.3065 -0.148165 8.4
      vertex 34.3258 -0.295201 10
      vertex 34.3258 -0.295201 8.4
    endloop
  endfacet
  facet normal -0.991495 0.130144 0
    outer loop
      vertex 37.6742 -0.295201 5.71294
      vertex 37.6935 -0.148165 7.3
      vertex 37.6935 -0.148165 5.7
    endloop
  endfacet
  facet normal -0.991495 0.130144 0
    outer loop
      vertex 37.6935 -0.148165 7.3
      vertex 37.6742 -0.295201 5.71294
      vertex 37.6742 -0.295201 7.31294
    endloop
  endfacet
  facet normal -0.886954 0.461857 0
    outer loop
      vertex 37.4722 -0.849999 5.89065
      vertex 37.5407 -0.718451 7.42791
      vertex 37.5407 -0.718451 5.82791
    endloop
  endfacet
  facet normal -0.886954 0.461857 0
    outer loop
      vertex 37.5407 -0.718451 7.42791
      vertex 37.4722 -0.849999 5.89065
      vertex 37.4722 -0.849999 7.49065
    endloop
  endfacet
  facet normal -0.95371 0.300729 0
    outer loop
      vertex 37.5975 -0.581433 5.77714
      vertex 37.6421 -0.439992 7.33872
      vertex 37.6421 -0.439992 5.73872
    endloop
  endfacet
  facet normal -0.95371 0.300729 0
    outer loop
      vertex 37.6421 -0.439992 7.33872
      vertex 37.5975 -0.581433 5.77714
      vertex 37.5975 -0.581433 7.37714
    endloop
  endfacet
  facet normal 0.991491 -0.130175 0
    outer loop
      vertex -19.6935 31.3251 6.36412
      vertex -19.6742 31.4721 7.8504
      vertex -19.6935 31.3251 7.96412
    endloop
  endfacet
  facet normal 0.991491 -0.130175 0
    outer loop
      vertex -19.6742 31.4721 7.8504
      vertex -19.6935 31.3251 6.36412
      vertex -19.6742 31.4721 6.2504
    endloop
  endfacet
  facet normal -0.382749 -0.923853 0
    outer loop
      vertex -17.4186 32.7744 7.8504
      vertex -17.2815 32.7176 6.36412
      vertex -17.2815 32.7176 7.96412
    endloop
  endfacet
  facet normal -0.382749 -0.923853 0
    outer loop
      vertex -17.2815 32.7176 6.36412
      vertex -17.4186 32.7744 7.8504
      vertex -17.4186 32.7744 6.2504
    endloop
  endfacet
  facet normal 0.130175 -0.991491 0
    outer loop
      vertex -18.2952 32.8511 7.37714
      vertex -18.1482 32.8704 5.82791
      vertex -18.1482 32.8704 7.42791
    endloop
  endfacet
  facet normal 0.130175 -0.991491 0
    outer loop
      vertex -18.1482 32.8704 5.82791
      vertex -18.2952 32.8511 7.37714
      vertex -18.2952 32.8511 5.77714
    endloop
  endfacet
  facet normal -0.976298 -0.216431 0
    outer loop
      vertex -16.3258 31.4721 7.91169
      vertex -16.3579 31.6169 9.3683
      vertex -16.3579 31.6169 7.7683
    endloop
  endfacet
  facet normal -0.976298 -0.216431 0
    outer loop
      vertex -16.3579 31.6169 9.3683
      vertex -16.3258 31.4721 7.91169
      vertex -16.3258 31.4721 9.51169
    endloop
  endfacet
  facet normal 0.7934 -0.6087 0
    outer loop
      vertex -19.3926 32.152 5.82791
      vertex -19.3023 32.2697 7.37714
      vertex -19.3926 32.152 7.42791
    endloop
  endfacet
  facet normal 0.7934 -0.6087 0
    outer loop
      vertex -19.3023 32.2697 7.37714
      vertex -19.3926 32.152 5.82791
      vertex -19.3023 32.2697 5.77714
    endloop
  endfacet
  facet normal 0.843689 -0.536832 0
    outer loop
      vertex -19.4722 32.0269 5.89065
      vertex -19.3926 32.152 7.42791
      vertex -19.4722 32.0269 7.49065
    endloop
  endfacet
  facet normal 0.843689 -0.536832 0
    outer loop
      vertex -19.3926 32.152 7.42791
      vertex -19.4722 32.0269 5.89065
      vertex -19.3926 32.152 5.82791
    endloop
  endfacet
  facet normal 0.887029 0.461713 -0
    outer loop
      vertex -19.4722 30.3269 7.32578
      vertex -19.5407 30.4585 8.77789
      vertex -19.4722 30.3269 8.92578
    endloop
  endfacet
  facet normal 0.887029 0.461713 0
    outer loop
      vertex -19.5407 30.4585 8.77789
      vertex -19.4722 30.3269 7.32578
      vertex -19.5407 30.4585 7.17789
    endloop
  endfacet
  facet normal -0.46199 0.886885 0
    outer loop
      vertex -17.15 29.7047 8.4
      vertex -17.2815 29.6362 10
      vertex -17.15 29.7047 10
    endloop
  endfacet
  facet normal -0.46199 0.886885 0
    outer loop
      vertex -17.2815 29.6362 10
      vertex -17.15 29.7047 8.4
      vertex -17.2815 29.6362 8.4
    endloop
  endfacet
  facet normal 0.130175 0.991491 -0
    outer loop
      vertex -18.1482 29.4834 8.4
      vertex -18.2952 29.5027 10
      vertex -18.1482 29.4834 10
    endloop
  endfacet
  facet normal 0.130175 0.991491 0
    outer loop
      vertex -18.2952 29.5027 10
      vertex -18.1482 29.4834 8.4
      vertex -18.2952 29.5027 8.4
    endloop
  endfacet
  facet normal 0.737434 0.675419 -0
    outer loop
      vertex -19.2021 29.9748 7.7683
      vertex -19.3023 30.0842 9.22211
      vertex -19.2021 29.9748 9.3683
    endloop
  endfacet
  facet normal 0.737434 0.675419 0
    outer loop
      vertex -19.3023 30.0842 9.22211
      vertex -19.2021 29.9748 7.7683
      vertex -19.3023 30.0842 7.62211
    endloop
  endfacet
  facet normal -0.537312 -0.843384 0
    outer loop
      vertex -17.15 32.6492 8.08572
      vertex -17.0249 32.5695 6.61428
      vertex -17.0249 32.5695 8.21428
    endloop
  endfacet
  facet normal -0.537312 -0.843384 0
    outer loop
      vertex -17.0249 32.5695 6.61428
      vertex -17.15 32.6492 8.08572
      vertex -17.15 32.6492 6.48572
    endloop
  endfacet
  facet normal -0.130175 -0.991491 0
    outer loop
      vertex -17.8518 32.8704 7.56487
      vertex -17.7048 32.8511 6.05001
      vertex -17.7048 32.8511 7.65001
    endloop
  endfacet
  facet normal -0.130175 -0.991491 0
    outer loop
      vertex -17.7048 32.8511 6.05001
      vertex -17.8518 32.8704 7.56487
      vertex -17.8518 32.8704 5.96487
    endloop
  endfacet
  facet normal -0.886885 -0.46199 0
    outer loop
      vertex -16.4593 31.8954 7.47422
      vertex -16.5278 32.0269 8.92578
      vertex -16.5278 32.0269 7.32578
    endloop
  endfacet
  facet normal -0.886885 -0.46199 0
    outer loop
      vertex -16.5278 32.0269 8.92578
      vertex -16.4593 31.8954 7.47422
      vertex -16.4593 31.8954 9.07422
    endloop
  endfacet
  facet normal -0.991493 0.130157 0
    outer loop
      vertex -16.3201 30.9251 8.4
      vertex -16.3065 31.0287 9.91428
      vertex -16.3065 31.0287 8.31428
    endloop
  endfacet
  facet normal -0.991485 0.130218 -4.22424e-06
    outer loop
      vertex -16.3258 30.8817 8.4
      vertex -16.3065 31.0287 9.91428
      vertex -16.3201 30.9251 8.4
    endloop
  endfacet
  facet normal -0.991491 0.130175 0
    outer loop
      vertex -16.3258 30.8817 10
      vertex -16.3065 31.0287 9.91428
      vertex -16.3258 30.8817 8.4
    endloop
  endfacet
  facet normal -0.991485 0.130218 7.4623e-05
    outer loop
      vertex -16.3065 31.0287 9.91428
      vertex -16.3258 30.8817 10
      vertex -16.3201 30.9251 10
    endloop
  endfacet
  facet normal -0.79315 0.609026 0
    outer loop
      vertex -16.6977 30.0842 8.4
      vertex -16.6074 30.2018 10
      vertex -16.6074 30.2018 8.4
    endloop
  endfacet
  facet normal -0.79315 0.609026 0
    outer loop
      vertex -16.6074 30.2018 10
      vertex -16.6977 30.0842 8.4
      vertex -16.6977 30.0842 10
    endloop
  endfacet
  facet normal 0.609026 -0.79315 0
    outer loop
      vertex -19.0927 32.4792 5.71294
      vertex -18.9751 32.5695 7.3
      vertex -19.0927 32.4792 7.31294
    endloop
  endfacet
  facet normal 0.609026 -0.79315 0
    outer loop
      vertex -18.9751 32.5695 7.3
      vertex -19.0927 32.4792 5.71294
      vertex -18.9751 32.5695 5.7
    endloop
  endfacet
  facet normal 0.675419 -0.737434 0
    outer loop
      vertex -19.2021 32.379 5.73872
      vertex -19.0927 32.4792 7.31294
      vertex -19.2021 32.379 7.33872
    endloop
  endfacet
  facet normal 0.675419 -0.737434 0
    outer loop
      vertex -19.0927 32.4792 7.31294
      vertex -19.2021 32.379 5.73872
      vertex -19.0927 32.4792 5.71294
    endloop
  endfacet
  facet normal 0.737126 -0.675755 0
    outer loop
      vertex -19.3023 32.2697 5.77714
      vertex -19.2021 32.379 7.33872
      vertex -19.3023 32.2697 7.37714
    endloop
  endfacet
  facet normal 0.737126 -0.675755 0
    outer loop
      vertex -19.2021 32.379 7.33872
      vertex -19.3023 32.2697 5.77714
      vertex -19.2021 32.379 5.73872
    endloop
  endfacet
  facet normal 0.953685 -0.300809 0
    outer loop
      vertex -19.6421 31.6169 6.14543
      vertex -19.5975 31.7583 7.65001
      vertex -19.6421 31.6169 7.74543
    endloop
  endfacet
  facet normal 0.953685 -0.300809 0
    outer loop
      vertex -19.5975 31.7583 7.65001
      vertex -19.6421 31.6169 6.14543
      vertex -19.5975 31.7583 6.05001
    endloop
  endfacet
  facet normal 0.923853 -0.382749 0
    outer loop
      vertex -19.5975 31.7583 6.05001
      vertex -19.5407 31.8954 7.56487
      vertex -19.5975 31.7583 7.65001
    endloop
  endfacet
  facet normal 0.923853 -0.382749 0
    outer loop
      vertex -19.5407 31.8954 7.56487
      vertex -19.5975 31.7583 6.05001
      vertex -19.5407 31.8954 5.96487
    endloop
  endfacet
  facet normal 0.976298 -0.216431 0
    outer loop
      vertex -19.6742 31.4721 6.2504
      vertex -19.6421 31.6169 7.74543
      vertex -19.6742 31.4721 7.8504
    endloop
  endfacet
  facet normal 0.976298 -0.216431 0
    outer loop
      vertex -19.6421 31.6169 7.74543
      vertex -19.6742 31.4721 6.2504
      vertex -19.6421 31.6169 6.14543
    endloop
  endfacet
  facet normal 0.99904 -0.0438175 0
    outer loop
      vertex -19.7 31.1769 6.48572
      vertex -19.6935 31.3251 7.96412
      vertex -19.7 31.1769 8.08572
    endloop
  endfacet
  facet normal 0.99904 -0.0438175 0
    outer loop
      vertex -19.6935 31.3251 7.96412
      vertex -19.7 31.1769 6.48572
      vertex -19.6935 31.3251 6.36412
    endloop
  endfacet
  facet normal 0.843689 0.536832 -0
    outer loop
      vertex -19.3926 30.2018 7.47422
      vertex -19.4722 30.3269 8.92578
      vertex -19.3926 30.2018 9.07422
    endloop
  endfacet
  facet normal 0.843689 0.536832 0
    outer loop
      vertex -19.4722 30.3269 8.92578
      vertex -19.3926 30.2018 7.47422
      vertex -19.4722 30.3269 7.32578
    endloop
  endfacet
  facet normal 0.953685 0.300809 -0
    outer loop
      vertex -19.5975 30.5955 7.0317
      vertex -19.6421 30.7369 8.48831
      vertex -19.5975 30.5955 8.6317
    endloop
  endfacet
  facet normal 0.953685 0.300809 0
    outer loop
      vertex -19.6421 30.7369 8.48831
      vertex -19.5975 30.5955 7.0317
      vertex -19.6421 30.7369 6.88831
    endloop
  endfacet
  facet normal -0.537312 0.843384 0
    outer loop
      vertex -17.0249 29.7844 8.4
      vertex -17.15 29.7047 10
      vertex -17.0249 29.7844 10
    endloop
  endfacet
  facet normal -0.537312 0.843384 0
    outer loop
      vertex -17.15 29.7047 10
      vertex -17.0249 29.7844 8.4
      vertex -17.15 29.7047 8.4
    endloop
  endfacet
  facet normal -0.0438175 0.99904 0
    outer loop
      vertex -17.8518 29.4834 8.4
      vertex -18 29.4769 10
      vertex -17.8518 29.4834 10
    endloop
  endfacet
  facet normal -0.0438175 0.99904 0
    outer loop
      vertex -18 29.4769 10
      vertex -17.8518 29.4834 8.4
      vertex -18 29.4769 8.4
    endloop
  endfacet
  facet normal 0.675419 0.737434 -0
    outer loop
      vertex -19.0927 29.8746 7.91169
      vertex -19.2021 29.9748 9.3683
      vertex -19.0927 29.8746 9.51169
    endloop
  endfacet
  facet normal 0.675419 0.737434 0
    outer loop
      vertex -19.2021 29.9748 9.3683
      vertex -19.0927 29.8746 7.91169
      vertex -19.2021 29.9748 7.7683
    endloop
  endfacet
  facet normal 0.79315 0.609026 -0
    outer loop
      vertex -19.3023 30.0842 7.62211
      vertex -19.3926 30.2018 9.07422
      vertex -19.3023 30.0842 9.22211
    endloop
  endfacet
  facet normal 0.79315 0.609026 0
    outer loop
      vertex -19.3926 30.2018 9.07422
      vertex -19.3023 30.0842 7.62211
      vertex -19.3926 30.2018 7.47422
    endloop
  endfacet
  facet normal 0.383157 0.923683 -0.000766264
    outer loop
      vertex -18.5814 29.5794 10
      vertex -18.7185 29.6362 9.91428
      vertex -18.6219 29.5962 10
    endloop
  endfacet
  facet normal 0.382749 0.923853 -0
    outer loop
      vertex -18.5814 29.5794 8.4
      vertex -18.7185 29.6362 9.91428
      vertex -18.5814 29.5794 10
    endloop
  endfacet
  facet normal 0.383157 0.923683 4.33765e-05
    outer loop
      vertex -18.6219 29.5962 8.4
      vertex -18.7185 29.6362 9.91428
      vertex -18.5814 29.5794 8.4
    endloop
  endfacet
  facet normal 0.382577 0.923924 0
    outer loop
      vertex -18.7185 29.6362 9.91428
      vertex -18.6219 29.5962 8.4
      vertex -18.7185 29.6362 8.31428
    endloop
  endfacet
  facet normal 0.537312 0.843384 -0
    outer loop
      vertex -18.85 29.7047 8.18572
      vertex -18.9751 29.7844 9.65118
      vertex -18.85 29.7047 9.78572
    endloop
  endfacet
  facet normal 0.537312 0.843384 0
    outer loop
      vertex -18.9751 29.7844 9.65118
      vertex -18.85 29.7047 8.18572
      vertex -18.9751 29.7844 8.05118
    endloop
  endfacet
  facet normal 0.537312 -0.843384 0
    outer loop
      vertex -18.9751 32.5695 5.7
      vertex -18.85 32.6492 7.3
      vertex -18.9751 32.5695 7.3
    endloop
  endfacet
  facet normal 0.537312 -0.843384 0
    outer loop
      vertex -18.85 32.6492 5.7
      vertex -18.85 32.6492 7.3
      vertex -18.9751 32.5695 5.7
    endloop
  endfacet
  facet normal 0.461459 -0.887162 0
    outer loop
      vertex -18.85 32.6492 7.3
      vertex -18.7185 32.7176 5.7
      vertex -18.7185 32.7176 7.3
    endloop
  endfacet
  facet normal 0.461459 -0.887162 0
    outer loop
      vertex -18.7185 32.7176 5.7
      vertex -18.85 32.6492 7.3
      vertex -18.85 32.6492 5.7
    endloop
  endfacet
  facet normal -0.737126 -0.675755 0
    outer loop
      vertex -16.6977 32.2697 7.0317
      vertex -16.7979 32.379 8.48831
      vertex -16.7979 32.379 6.88831
    endloop
  endfacet
  facet normal -0.737126 -0.675755 0
    outer loop
      vertex -16.7979 32.379 8.48831
      vertex -16.6977 32.2697 7.0317
      vertex -16.6977 32.2697 8.6317
    endloop
  endfacet
  facet normal -0.675419 -0.737434 0
    outer loop
      vertex -16.9073 32.4792 8.34882
      vertex -16.7979 32.379 6.88831
      vertex -16.7979 32.379 8.48831
    endloop
  endfacet
  facet normal -0.675419 -0.737434 0
    outer loop
      vertex -16.7979 32.379 6.88831
      vertex -16.9073 32.4792 8.34882
      vertex -16.9073 32.4792 6.74882
    endloop
  endfacet
  facet normal -0.216431 -0.976298 0
    outer loop
      vertex -17.7048 32.8511 7.65001
      vertex -17.56 32.819 6.14543
      vertex -17.56 32.819 7.74543
    endloop
  endfacet
  facet normal -0.216431 -0.976298 0
    outer loop
      vertex -17.56 32.819 6.14543
      vertex -17.7048 32.8511 7.65001
      vertex -17.7048 32.8511 6.05001
    endloop
  endfacet
  facet normal -0.300809 -0.953685 0
    outer loop
      vertex -17.56 32.819 7.74543
      vertex -17.4186 32.7744 6.2504
      vertex -17.4186 32.7744 7.8504
    endloop
  endfacet
  facet normal -0.300809 -0.953685 0
    outer loop
      vertex -17.4186 32.7744 6.2504
      vertex -17.56 32.819 7.74543
      vertex -17.56 32.819 6.14543
    endloop
  endfacet
  facet normal -0.461459 -0.887162 0
    outer loop
      vertex -17.2815 32.7176 7.96412
      vertex -17.15 32.6492 6.48572
      vertex -17.15 32.6492 8.08572
    endloop
  endfacet
  facet normal -0.461459 -0.887162 0
    outer loop
      vertex -17.15 32.6492 6.48572
      vertex -17.2815 32.7176 7.96412
      vertex -17.2815 32.7176 6.36412
    endloop
  endfacet
  facet normal 0.0438175 -0.99904 0
    outer loop
      vertex -18.1482 32.8704 7.42791
      vertex -18 32.8769 5.89064
      vertex -18 32.8769 7.49064
    endloop
  endfacet
  facet normal 0.0438175 -0.99904 0
    outer loop
      vertex -18 32.8769 5.89064
      vertex -18.1482 32.8704 7.42791
      vertex -18.1482 32.8704 5.82791
    endloop
  endfacet
  facet normal -0.0438175 -0.99904 0
    outer loop
      vertex -18 32.8769 7.49064
      vertex -17.8518 32.8704 5.96487
      vertex -17.8518 32.8704 7.56487
    endloop
  endfacet
  facet normal -0.0438175 -0.99904 0
    outer loop
      vertex -17.8518 32.8704 5.96487
      vertex -18 32.8769 7.49064
      vertex -18 32.8769 5.89064
    endloop
  endfacet
  facet normal -0.843689 -0.536832 0
    outer loop
      vertex -16.5278 32.0269 7.32578
      vertex -16.6074 32.152 8.77789
      vertex -16.6074 32.152 7.17789
    endloop
  endfacet
  facet normal -0.843689 -0.536832 0
    outer loop
      vertex -16.6074 32.152 8.77789
      vertex -16.5278 32.0269 7.32578
      vertex -16.5278 32.0269 8.92578
    endloop
  endfacet
  facet normal -0.953685 -0.300809 0
    outer loop
      vertex -16.3579 31.6169 7.7683
      vertex -16.4025 31.7583 9.22211
      vertex -16.4025 31.7583 7.62211
    endloop
  endfacet
  facet normal -0.953685 -0.300809 0
    outer loop
      vertex -16.4025 31.7583 9.22211
      vertex -16.3579 31.6169 7.7683
      vertex -16.3579 31.6169 9.3683
    endloop
  endfacet
  facet normal -0.923853 -0.382749 0
    outer loop
      vertex -16.4025 31.7583 7.62211
      vertex -16.4593 31.8954 9.07422
      vertex -16.4593 31.8954 7.47422
    endloop
  endfacet
  facet normal -0.923853 -0.382749 0
    outer loop
      vertex -16.4593 31.8954 9.07422
      vertex -16.4025 31.7583 7.62211
      vertex -16.4025 31.7583 9.22211
    endloop
  endfacet
  facet normal -0.991491 -0.130175 0
    outer loop
      vertex -16.3065 31.3251 8.05118
      vertex -16.3258 31.4721 9.51169
      vertex -16.3258 31.4721 7.91169
    endloop
  endfacet
  facet normal -0.991491 -0.130175 0
    outer loop
      vertex -16.3258 31.4721 9.51169
      vertex -16.3065 31.3251 8.05118
      vertex -16.3065 31.3251 9.65118
    endloop
  endfacet
  facet normal -0.608602 0.793476 0
    outer loop
      vertex -16.9073 29.8746 8.4
      vertex -17.0249 29.7844 10
      vertex -16.9073 29.8746 10
    endloop
  endfacet
  facet normal -0.608602 0.793476 0
    outer loop
      vertex -17.0249 29.7844 10
      vertex -16.9073 29.8746 8.4
      vertex -17.0249 29.7844 8.4
    endloop
  endfacet
  facet normal -0.737434 0.675419 0
    outer loop
      vertex -16.7979 29.9748 8.4
      vertex -16.6977 30.0842 10
      vertex -16.6977 30.0842 8.4
    endloop
  endfacet
  facet normal -0.737434 0.675419 0
    outer loop
      vertex -16.6977 30.0842 10
      vertex -16.7979 29.9748 8.4
      vertex -16.7979 29.9748 10
    endloop
  endfacet
  facet normal -0.675419 0.737434 0
    outer loop
      vertex -16.7979 29.9748 8.4
      vertex -16.9073 29.8746 10
      vertex -16.7979 29.9748 10
    endloop
  endfacet
  facet normal -0.675419 0.737434 0
    outer loop
      vertex -16.9073 29.8746 10
      vertex -16.7979 29.9748 8.4
      vertex -16.9073 29.8746 8.4
    endloop
  endfacet
  facet normal -0.923754 0.382987 0
    outer loop
      vertex -16.4593 30.4585 8.4
      vertex -16.4025 30.5955 10
      vertex -16.4025 30.5955 8.4
    endloop
  endfacet
  facet normal -0.923754 0.382987 0
    outer loop
      vertex -16.4025 30.5955 10
      vertex -16.4593 30.4585 8.4
      vertex -16.4593 30.4585 10
    endloop
  endfacet
  facet normal -0.843689 0.536832 0
    outer loop
      vertex -16.6074 30.2018 8.4
      vertex -16.5278 30.3269 10
      vertex -16.5278 30.3269 8.4
    endloop
  endfacet
  facet normal -0.843689 0.536832 0
    outer loop
      vertex -16.5278 30.3269 10
      vertex -16.6074 30.2018 8.4
      vertex -16.6074 30.2018 10
    endloop
  endfacet
  facet normal -0.976298 0.216431 0
    outer loop
      vertex -16.3579 30.7369 8.4
      vertex -16.3258 30.8817 10
      vertex -16.3258 30.8817 8.4
    endloop
  endfacet
  facet normal -0.976298 0.216431 0
    outer loop
      vertex -16.3258 30.8817 10
      vertex -16.3579 30.7369 8.4
      vertex -16.3579 30.7369 10
    endloop
  endfacet
  facet normal 0.886885 -0.46199 0
    outer loop
      vertex -19.5407 31.8954 5.96487
      vertex -19.4722 32.0269 7.49065
      vertex -19.5407 31.8954 7.56487
    endloop
  endfacet
  facet normal 0.886885 -0.46199 0
    outer loop
      vertex -19.4722 32.0269 7.49065
      vertex -19.5407 31.8954 5.96487
      vertex -19.4722 32.0269 5.89065
    endloop
  endfacet
  facet normal 0.991491 0.130175 -0
    outer loop
      vertex -19.6742 30.8817 6.74882
      vertex -19.6935 31.0287 8.21428
      vertex -19.6742 30.8817 8.34882
    endloop
  endfacet
  facet normal 0.991491 0.130175 0
    outer loop
      vertex -19.6935 31.0287 8.21428
      vertex -19.6742 30.8817 6.74882
      vertex -19.6935 31.0287 6.61428
    endloop
  endfacet
  facet normal 0.976298 0.216431 -0
    outer loop
      vertex -19.6421 30.7369 6.88831
      vertex -19.6742 30.8817 8.34882
      vertex -19.6421 30.7369 8.48831
    endloop
  endfacet
  facet normal 0.976298 0.216431 0
    outer loop
      vertex -19.6742 30.8817 8.34882
      vertex -19.6421 30.7369 6.88831
      vertex -19.6742 30.8817 6.74882
    endloop
  endfacet
  facet normal 0.99904 0.0438175 -0
    outer loop
      vertex -19.6935 31.0287 6.61428
      vertex -19.7 31.1769 8.08572
      vertex -19.6935 31.0287 8.21428
    endloop
  endfacet
  facet normal 0.99904 0.0438175 0
    outer loop
      vertex -19.7 31.1769 8.08572
      vertex -19.6935 31.0287 6.61428
      vertex -19.7 31.1769 6.48572
    endloop
  endfacet
  facet normal 0.923754 0.382987 -0
    outer loop
      vertex -19.5407 30.4585 7.17789
      vertex -19.5975 30.5955 8.6317
      vertex -19.5407 30.4585 8.77789
    endloop
  endfacet
  facet normal 0.923754 0.382987 0
    outer loop
      vertex -19.5975 30.5955 8.6317
      vertex -19.5407 30.4585 7.17789
      vertex -19.5975 30.5955 7.0317
    endloop
  endfacet
  facet normal -0.216431 0.976298 0
    outer loop
      vertex -17.56 29.5348 8.4
      vertex -17.7048 29.5027 10
      vertex -17.56 29.5348 10
    endloop
  endfacet
  facet normal -0.216431 0.976298 0
    outer loop
      vertex -17.7048 29.5027 10
      vertex -17.56 29.5348 8.4
      vertex -17.7048 29.5027 8.4
    endloop
  endfacet
  facet normal -0.382749 0.923853 0
    outer loop
      vertex -17.2815 29.6362 8.4
      vertex -17.4186 29.5794 10
      vertex -17.2815 29.6362 10
    endloop
  endfacet
  facet normal -0.382749 0.923853 0
    outer loop
      vertex -17.4186 29.5794 10
      vertex -17.2815 29.6362 8.4
      vertex -17.4186 29.5794 8.4
    endloop
  endfacet
  facet normal -0.130175 0.991491 0
    outer loop
      vertex -17.7048 29.5027 8.4
      vertex -17.8518 29.4834 10
      vertex -17.7048 29.5027 10
    endloop
  endfacet
  facet normal -0.130175 0.991491 0
    outer loop
      vertex -17.8518 29.4834 10
      vertex -17.7048 29.5027 8.4
      vertex -17.8518 29.4834 8.4
    endloop
  endfacet
  facet normal 0.0438175 0.99904 -0
    outer loop
      vertex -18 29.4769 8.4
      vertex -18.1482 29.4834 10
      vertex -18 29.4769 10
    endloop
  endfacet
  facet normal 0.0438175 0.99904 0
    outer loop
      vertex -18.1482 29.4834 10
      vertex -18 29.4769 8.4
      vertex -18.1482 29.4834 8.4
    endloop
  endfacet
  facet normal 0.608602 0.793476 -0
    outer loop
      vertex -18.9751 29.7844 8.05118
      vertex -19.0927 29.8746 9.51169
      vertex -18.9751 29.7844 9.65118
    endloop
  endfacet
  facet normal 0.608602 0.793476 0
    outer loop
      vertex -19.0927 29.8746 9.51169
      vertex -18.9751 29.7844 8.05118
      vertex -19.0927 29.8746 7.91169
    endloop
  endfacet
  facet normal 0.46199 0.886885 -0
    outer loop
      vertex -18.7185 29.6362 8.31428
      vertex -18.85 29.7047 9.78572
      vertex -18.7185 29.6362 9.91428
    endloop
  endfacet
  facet normal 0.46199 0.886885 0
    outer loop
      vertex -18.85 29.7047 9.78572
      vertex -18.7185 29.6362 8.31428
      vertex -18.85 29.7047 8.18572
    endloop
  endfacet
  facet normal 0.300809 0.953685 -0
    outer loop
      vertex -18.44 29.5348 8.4
      vertex -18.5814 29.5794 10
      vertex -18.44 29.5348 10
    endloop
  endfacet
  facet normal 0.300809 0.953685 0
    outer loop
      vertex -18.5814 29.5794 10
      vertex -18.44 29.5348 8.4
      vertex -18.5814 29.5794 8.4
    endloop
  endfacet
  facet normal 0.216431 0.976298 -0
    outer loop
      vertex -18.2952 29.5027 8.4
      vertex -18.44 29.5348 10
      vertex -18.2952 29.5027 10
    endloop
  endfacet
  facet normal 0.216431 0.976298 0
    outer loop
      vertex -18.44 29.5348 10
      vertex -18.2952 29.5027 8.4
      vertex -18.44 29.5348 8.4
    endloop
  endfacet
  facet normal 0.382749 -0.923853 0
    outer loop
      vertex -18.7185 32.7176 7.3
      vertex -18.5814 32.7744 5.71294
      vertex -18.5814 32.7744 7.31294
    endloop
  endfacet
  facet normal 0.382749 -0.923853 0
    outer loop
      vertex -18.5814 32.7744 5.71294
      vertex -18.7185 32.7176 7.3
      vertex -18.7185 32.7176 5.7
    endloop
  endfacet
  facet normal 0.216431 -0.976298 0
    outer loop
      vertex -18.44 32.819 7.33872
      vertex -18.2952 32.8511 5.77714
      vertex -18.2952 32.8511 7.37714
    endloop
  endfacet
  facet normal 0.216431 -0.976298 0
    outer loop
      vertex -18.2952 32.8511 5.77714
      vertex -18.44 32.819 7.33872
      vertex -18.44 32.819 5.73872
    endloop
  endfacet
  facet normal -0.7934 -0.6087 0
    outer loop
      vertex -16.6074 32.152 7.17789
      vertex -16.6977 32.2697 8.6317
      vertex -16.6977 32.2697 7.0317
    endloop
  endfacet
  facet normal -0.7934 -0.6087 0
    outer loop
      vertex -16.6977 32.2697 8.6317
      vertex -16.6074 32.152 7.17789
      vertex -16.6074 32.152 8.77789
    endloop
  endfacet
  facet normal -0.609026 -0.79315 0
    outer loop
      vertex -17.0249 32.5695 8.21428
      vertex -16.9073 32.4792 6.74882
      vertex -16.9073 32.4792 8.34882
    endloop
  endfacet
  facet normal -0.609026 -0.79315 0
    outer loop
      vertex -16.9073 32.4792 6.74882
      vertex -17.0249 32.5695 8.21428
      vertex -17.0249 32.5695 6.61428
    endloop
  endfacet
  facet normal -0.99904 0.0438175 0
    outer loop
      vertex -16.3065 31.0287 8.31428
      vertex -16.3 31.1769 9.78572
      vertex -16.3 31.1769 8.18572
    endloop
  endfacet
  facet normal -0.99904 0.0438175 0
    outer loop
      vertex -16.3 31.1769 9.78572
      vertex -16.3065 31.0287 8.31428
      vertex -16.3065 31.0287 9.91428
    endloop
  endfacet
  facet normal -0.887029 0.461713 0
    outer loop
      vertex -16.5278 30.3269 8.4
      vertex -16.4593 30.4585 10
      vertex -16.4593 30.4585 8.4
    endloop
  endfacet
  facet normal -0.887029 0.461713 0
    outer loop
      vertex -16.4593 30.4585 10
      vertex -16.5278 30.3269 8.4
      vertex -16.5278 30.3269 10
    endloop
  endfacet
  facet normal -0.300809 0.953685 0
    outer loop
      vertex -17.4186 29.5794 8.4
      vertex -17.56 29.5348 10
      vertex -17.4186 29.5794 10
    endloop
  endfacet
  facet normal -0.300809 0.953685 0
    outer loop
      vertex -17.56 29.5348 10
      vertex -17.4186 29.5794 8.4
      vertex -17.56 29.5348 8.4
    endloop
  endfacet
  facet normal 0.300809 -0.953685 0
    outer loop
      vertex -18.5814 32.7744 7.31294
      vertex -18.44 32.819 5.73872
      vertex -18.44 32.819 7.33872
    endloop
  endfacet
  facet normal 0.300809 -0.953685 0
    outer loop
      vertex -18.44 32.819 5.73872
      vertex -18.5814 32.7744 7.31294
      vertex -18.5814 32.7744 5.71294
    endloop
  endfacet
  facet normal -0.99904 -0.0438175 0
    outer loop
      vertex -16.3 31.1769 8.18572
      vertex -16.3065 31.3251 9.65118
      vertex -16.3065 31.3251 8.05118
    endloop
  endfacet
  facet normal -0.99904 -0.0438175 0
    outer loop
      vertex -16.3065 31.3251 9.65118
      vertex -16.3 31.1769 8.18572
      vertex -16.3 31.1769 9.78572
    endloop
  endfacet
  facet normal -0.953685 0.300809 0
    outer loop
      vertex -16.4025 30.5955 8.4
      vertex -16.3579 30.7369 10
      vertex -16.3579 30.7369 8.4
    endloop
  endfacet
  facet normal -0.953685 0.300809 0
    outer loop
      vertex -16.3579 30.7369 10
      vertex -16.4025 30.5955 8.4
      vertex -16.4025 30.5955 10
    endloop
  endfacet
  facet normal 0.461459 0.887162 -0
    outer loop
      vertex -18.7185 -32.7176 5.7
      vertex -18.85 -32.6492 7.3
      vertex -18.7185 -32.7176 7.3
    endloop
  endfacet
  facet normal 0.461459 0.887162 0
    outer loop
      vertex -18.85 -32.6492 7.3
      vertex -18.7185 -32.7176 5.7
      vertex -18.85 -32.6492 5.7
    endloop
  endfacet
  facet normal -0.46199 -0.886885 0
    outer loop
      vertex -17.2815 -29.6362 8.4
      vertex -17.15 -29.7047 10
      vertex -17.2815 -29.6362 10
    endloop
  endfacet
  facet normal -0.46199 -0.886885 -0
    outer loop
      vertex -17.15 -29.7047 10
      vertex -17.2815 -29.6362 8.4
      vertex -17.15 -29.7047 8.4
    endloop
  endfacet
  facet normal 0.887029 -0.461713 0
    outer loop
      vertex -19.5407 -30.4585 8.77789
      vertex -19.4722 -30.3269 7.32578
      vertex -19.4722 -30.3269 8.92578
    endloop
  endfacet
  facet normal 0.887029 -0.461713 0
    outer loop
      vertex -19.4722 -30.3269 7.32578
      vertex -19.5407 -30.4585 8.77789
      vertex -19.5407 -30.4585 7.17789
    endloop
  endfacet
  facet normal -0.953685 -0.300809 0
    outer loop
      vertex -16.3579 -30.7369 8.4
      vertex -16.4025 -30.5955 10
      vertex -16.4025 -30.5955 8.4
    endloop
  endfacet
  facet normal -0.953685 -0.300809 0
    outer loop
      vertex -16.4025 -30.5955 10
      vertex -16.3579 -30.7369 8.4
      vertex -16.3579 -30.7369 10
    endloop
  endfacet
  facet normal 0.953685 -0.300809 0
    outer loop
      vertex -19.6421 -30.7369 8.48831
      vertex -19.5975 -30.5955 7.0317
      vertex -19.5975 -30.5955 8.6317
    endloop
  endfacet
  facet normal 0.953685 -0.300809 0
    outer loop
      vertex -19.5975 -30.5955 7.0317
      vertex -19.6421 -30.7369 8.48831
      vertex -19.6421 -30.7369 6.88831
    endloop
  endfacet
  facet normal 0.130175 -0.991491 0
    outer loop
      vertex -18.2952 -29.5027 8.4
      vertex -18.1482 -29.4834 10
      vertex -18.2952 -29.5027 10
    endloop
  endfacet
  facet normal 0.130175 -0.991491 0
    outer loop
      vertex -18.1482 -29.4834 10
      vertex -18.2952 -29.5027 8.4
      vertex -18.1482 -29.4834 8.4
    endloop
  endfacet
  facet normal 0.216431 0.976298 -0
    outer loop
      vertex -18.2952 -32.8511 5.77714
      vertex -18.44 -32.819 7.33872
      vertex -18.2952 -32.8511 7.37714
    endloop
  endfacet
  facet normal 0.216431 0.976298 0
    outer loop
      vertex -18.44 -32.819 7.33872
      vertex -18.2952 -32.8511 5.77714
      vertex -18.44 -32.819 5.73872
    endloop
  endfacet
  facet normal -0.300809 0.953685 0
    outer loop
      vertex -17.4186 -32.7744 6.2504
      vertex -17.56 -32.819 7.74543
      vertex -17.4186 -32.7744 7.8504
    endloop
  endfacet
  facet normal -0.300809 0.953685 0
    outer loop
      vertex -17.56 -32.819 7.74543
      vertex -17.4186 -32.7744 6.2504
      vertex -17.56 -32.819 6.14543
    endloop
  endfacet
  facet normal -0.886885 0.46199 0
    outer loop
      vertex -16.5278 -32.0269 8.92578
      vertex -16.4593 -31.8954 7.47422
      vertex -16.5278 -32.0269 7.32578
    endloop
  endfacet
  facet normal -0.886885 0.46199 0
    outer loop
      vertex -16.4593 -31.8954 7.47422
      vertex -16.5278 -32.0269 8.92578
      vertex -16.4593 -31.8954 9.07422
    endloop
  endfacet
  facet normal -0.609026 0.79315 0
    outer loop
      vertex -16.9073 -32.4792 6.74882
      vertex -17.0249 -32.5695 8.21428
      vertex -16.9073 -32.4792 8.34882
    endloop
  endfacet
  facet normal -0.609026 0.79315 0
    outer loop
      vertex -17.0249 -32.5695 8.21428
      vertex -16.9073 -32.4792 6.74882
      vertex -17.0249 -32.5695 6.61428
    endloop
  endfacet
  facet normal -0.843689 -0.536832 0
    outer loop
      vertex -16.5278 -30.3269 8.4
      vertex -16.6074 -30.2018 10
      vertex -16.6074 -30.2018 8.4
    endloop
  endfacet
  facet normal -0.843689 -0.536832 0
    outer loop
      vertex -16.6074 -30.2018 10
      vertex -16.5278 -30.3269 8.4
      vertex -16.5278 -30.3269 10
    endloop
  endfacet
  facet normal -0.887029 -0.461713 0
    outer loop
      vertex -16.4593 -30.4585 8.4
      vertex -16.5278 -30.3269 10
      vertex -16.5278 -30.3269 8.4
    endloop
  endfacet
  facet normal -0.887029 -0.461713 0
    outer loop
      vertex -16.5278 -30.3269 10
      vertex -16.4593 -30.4585 8.4
      vertex -16.4593 -30.4585 10
    endloop
  endfacet
  facet normal -0.991491 0.130175 0
    outer loop
      vertex -16.3258 -31.4721 9.51169
      vertex -16.3065 -31.3251 8.05118
      vertex -16.3258 -31.4721 7.91169
    endloop
  endfacet
  facet normal -0.991491 0.130175 0
    outer loop
      vertex -16.3065 -31.3251 8.05118
      vertex -16.3258 -31.4721 9.51169
      vertex -16.3065 -31.3251 9.65118
    endloop
  endfacet
  facet normal 0.7934 0.6087 0
    outer loop
      vertex -19.3023 -32.2697 7.37714
      vertex -19.3926 -32.152 5.82791
      vertex -19.3926 -32.152 7.42791
    endloop
  endfacet
  facet normal 0.7934 0.6087 0
    outer loop
      vertex -19.3926 -32.152 5.82791
      vertex -19.3023 -32.2697 7.37714
      vertex -19.3023 -32.2697 5.77714
    endloop
  endfacet
  facet normal 0.976298 -0.216431 0
    outer loop
      vertex -19.6742 -30.8817 8.34882
      vertex -19.6421 -30.7369 6.88831
      vertex -19.6421 -30.7369 8.48831
    endloop
  endfacet
  facet normal 0.976298 -0.216431 0
    outer loop
      vertex -19.6421 -30.7369 6.88831
      vertex -19.6742 -30.8817 8.34882
      vertex -19.6742 -30.8817 6.74882
    endloop
  endfacet
  facet normal 0.953685 0.300809 0
    outer loop
      vertex -19.5975 -31.7583 7.65001
      vertex -19.6421 -31.6169 6.14543
      vertex -19.6421 -31.6169 7.74543
    endloop
  endfacet
  facet normal 0.953685 0.300809 0
    outer loop
      vertex -19.6421 -31.6169 6.14543
      vertex -19.5975 -31.7583 7.65001
      vertex -19.5975 -31.7583 6.05001
    endloop
  endfacet
  facet normal 0.675419 0.737434 0
    outer loop
      vertex -19.0927 -32.4792 7.31294
      vertex -19.2021 -32.379 5.73872
      vertex -19.2021 -32.379 7.33872
    endloop
  endfacet
  facet normal 0.675419 0.737434 0
    outer loop
      vertex -19.2021 -32.379 5.73872
      vertex -19.0927 -32.4792 7.31294
      vertex -19.0927 -32.4792 5.71294
    endloop
  endfacet
  facet normal 0.675419 -0.737434 0
    outer loop
      vertex -19.2021 -29.9748 9.3683
      vertex -19.0927 -29.8746 7.91169
      vertex -19.0927 -29.8746 9.51169
    endloop
  endfacet
  facet normal 0.675419 -0.737434 0
    outer loop
      vertex -19.0927 -29.8746 7.91169
      vertex -19.2021 -29.9748 9.3683
      vertex -19.2021 -29.9748 7.7683
    endloop
  endfacet
  facet normal 0.537312 -0.843384 0
    outer loop
      vertex -18.9751 -29.7844 9.65118
      vertex -18.85 -29.7047 8.18572
      vertex -18.85 -29.7047 9.78572
    endloop
  endfacet
  facet normal 0.537312 -0.843384 0
    outer loop
      vertex -18.85 -29.7047 8.18572
      vertex -18.9751 -29.7844 9.65118
      vertex -18.9751 -29.7844 8.05118
    endloop
  endfacet
  facet normal -0.300809 -0.953685 0
    outer loop
      vertex -17.56 -29.5348 8.4
      vertex -17.4186 -29.5794 10
      vertex -17.56 -29.5348 10
    endloop
  endfacet
  facet normal -0.300809 -0.953685 -0
    outer loop
      vertex -17.4186 -29.5794 10
      vertex -17.56 -29.5348 8.4
      vertex -17.4186 -29.5794 8.4
    endloop
  endfacet
  facet normal 0.0438175 -0.99904 0
    outer loop
      vertex -18.1482 -29.4834 8.4
      vertex -18 -29.4769 10
      vertex -18.1482 -29.4834 10
    endloop
  endfacet
  facet normal 0.0438175 -0.99904 0
    outer loop
      vertex -18 -29.4769 10
      vertex -18.1482 -29.4834 8.4
      vertex -18 -29.4769 8.4
    endloop
  endfacet
  facet normal 0.382749 0.923853 -0
    outer loop
      vertex -18.5814 -32.7744 5.71294
      vertex -18.7185 -32.7176 7.3
      vertex -18.5814 -32.7744 7.31294
    endloop
  endfacet
  facet normal 0.382749 0.923853 0
    outer loop
      vertex -18.7185 -32.7176 7.3
      vertex -18.5814 -32.7744 5.71294
      vertex -18.7185 -32.7176 5.7
    endloop
  endfacet
  facet normal 0.300809 0.953685 -0
    outer loop
      vertex -18.44 -32.819 5.73872
      vertex -18.5814 -32.7744 7.31294
      vertex -18.44 -32.819 7.33872
    endloop
  endfacet
  facet normal 0.300809 0.953685 0
    outer loop
      vertex -18.5814 -32.7744 7.31294
      vertex -18.44 -32.819 5.73872
      vertex -18.5814 -32.7744 5.71294
    endloop
  endfacet
  facet normal -0.216431 0.976298 0
    outer loop
      vertex -17.56 -32.819 6.14543
      vertex -17.7048 -32.8511 7.65001
      vertex -17.56 -32.819 7.74543
    endloop
  endfacet
  facet normal -0.216431 0.976298 0
    outer loop
      vertex -17.7048 -32.8511 7.65001
      vertex -17.56 -32.819 6.14543
      vertex -17.7048 -32.8511 6.05001
    endloop
  endfacet
  facet normal -0.7934 0.6087 0
    outer loop
      vertex -16.6977 -32.2697 8.6317
      vertex -16.6074 -32.152 7.17789
      vertex -16.6977 -32.2697 7.0317
    endloop
  endfacet
  facet normal -0.7934 0.6087 0
    outer loop
      vertex -16.6074 -32.152 7.17789
      vertex -16.6977 -32.2697 8.6317
      vertex -16.6074 -32.152 8.77789
    endloop
  endfacet
  facet normal -0.675419 0.737434 0
    outer loop
      vertex -16.7979 -32.379 6.88831
      vertex -16.9073 -32.4792 8.34882
      vertex -16.7979 -32.379 8.48831
    endloop
  endfacet
  facet normal -0.675419 0.737434 0
    outer loop
      vertex -16.9073 -32.4792 8.34882
      vertex -16.7979 -32.379 6.88831
      vertex -16.9073 -32.4792 6.74882
    endloop
  endfacet
  facet normal -0.843689 0.536832 0
    outer loop
      vertex -16.6074 -32.152 8.77789
      vertex -16.5278 -32.0269 7.32578
      vertex -16.6074 -32.152 7.17789
    endloop
  endfacet
  facet normal -0.843689 0.536832 0
    outer loop
      vertex -16.5278 -32.0269 7.32578
      vertex -16.6074 -32.152 8.77789
      vertex -16.5278 -32.0269 8.92578
    endloop
  endfacet
  facet normal -0.382749 0.923853 0
    outer loop
      vertex -17.2815 -32.7176 6.36412
      vertex -17.4186 -32.7744 7.8504
      vertex -17.2815 -32.7176 7.96412
    endloop
  endfacet
  facet normal -0.382749 0.923853 0
    outer loop
      vertex -17.4186 -32.7744 7.8504
      vertex -17.2815 -32.7176 6.36412
      vertex -17.4186 -32.7744 6.2504
    endloop
  endfacet
  facet normal -0.537312 0.843384 0
    outer loop
      vertex -17.0249 -32.5695 6.61428
      vertex -17.15 -32.6492 8.08572
      vertex -17.0249 -32.5695 8.21428
    endloop
  endfacet
  facet normal -0.537312 0.843384 0
    outer loop
      vertex -17.15 -32.6492 8.08572
      vertex -17.0249 -32.5695 6.61428
      vertex -17.15 -32.6492 6.48572
    endloop
  endfacet
  facet normal -0.608602 -0.793476 0
    outer loop
      vertex -17.0249 -29.7844 8.4
      vertex -16.9073 -29.8746 10
      vertex -17.0249 -29.7844 10
    endloop
  endfacet
  facet normal -0.608602 -0.793476 -0
    outer loop
      vertex -16.9073 -29.8746 10
      vertex -17.0249 -29.7844 8.4
      vertex -16.9073 -29.8746 8.4
    endloop
  endfacet
  facet normal -0.79315 -0.609026 0
    outer loop
      vertex -16.6074 -30.2018 8.4
      vertex -16.6977 -30.0842 10
      vertex -16.6977 -30.0842 8.4
    endloop
  endfacet
  facet normal -0.79315 -0.609026 0
    outer loop
      vertex -16.6977 -30.0842 10
      vertex -16.6074 -30.2018 8.4
      vertex -16.6074 -30.2018 10
    endloop
  endfacet
  facet normal -0.737434 -0.675419 0
    outer loop
      vertex -16.6977 -30.0842 8.4
      vertex -16.7979 -29.9748 10
      vertex -16.7979 -29.9748 8.4
    endloop
  endfacet
  facet normal -0.737434 -0.675419 0
    outer loop
      vertex -16.7979 -29.9748 10
      vertex -16.6977 -30.0842 8.4
      vertex -16.6977 -30.0842 10
    endloop
  endfacet
  facet normal -0.991485 -0.130218 -4.22424e-06
    outer loop
      vertex -16.3065 -31.0287 9.91428
      vertex -16.3258 -30.8817 8.4
      vertex -16.3201 -30.9251 8.4
    endloop
  endfacet
  facet normal -0.991491 -0.130175 0
    outer loop
      vertex -16.3258 -30.8817 8.4
      vertex -16.3065 -31.0287 9.91428
      vertex -16.3258 -30.8817 10
    endloop
  endfacet
  facet normal -0.991493 -0.130157 -0
    outer loop
      vertex -16.3065 -31.0287 9.91428
      vertex -16.3201 -30.9251 8.4
      vertex -16.3065 -31.0287 8.31428
    endloop
  endfacet
  facet normal -0.991485 -0.130218 7.4623e-05
    outer loop
      vertex -16.3258 -30.8817 10
      vertex -16.3065 -31.0287 9.91428
      vertex -16.3201 -30.9251 10
    endloop
  endfacet
  facet normal -0.923853 0.382749 0
    outer loop
      vertex -16.4593 -31.8954 9.07422
      vertex -16.4025 -31.7583 7.62211
      vertex -16.4593 -31.8954 7.47422
    endloop
  endfacet
  facet normal -0.923853 0.382749 0
    outer loop
      vertex -16.4025 -31.7583 7.62211
      vertex -16.4593 -31.8954 9.07422
      vertex -16.4025 -31.7583 9.22211
    endloop
  endfacet
  facet normal -0.976298 0.216431 0
    outer loop
      vertex -16.3579 -31.6169 9.3683
      vertex -16.3258 -31.4721 7.91169
      vertex -16.3579 -31.6169 7.7683
    endloop
  endfacet
  facet normal -0.976298 0.216431 0
    outer loop
      vertex -16.3258 -31.4721 7.91169
      vertex -16.3579 -31.6169 9.3683
      vertex -16.3258 -31.4721 9.51169
    endloop
  endfacet
  facet normal -0.953685 0.300809 0
    outer loop
      vertex -16.4025 -31.7583 9.22211
      vertex -16.3579 -31.6169 7.7683
      vertex -16.4025 -31.7583 7.62211
    endloop
  endfacet
  facet normal -0.953685 0.300809 0
    outer loop
      vertex -16.3579 -31.6169 7.7683
      vertex -16.4025 -31.7583 9.22211
      vertex -16.3579 -31.6169 9.3683
    endloop
  endfacet
  facet normal 0.99904 0.0438175 0
    outer loop
      vertex -19.6935 -31.3251 7.96412
      vertex -19.7 -31.1769 6.48572
      vertex -19.7 -31.1769 8.08572
    endloop
  endfacet
  facet normal 0.99904 0.0438175 0
    outer loop
      vertex -19.7 -31.1769 6.48572
      vertex -19.6935 -31.3251 7.96412
      vertex -19.6935 -31.3251 6.36412
    endloop
  endfacet
  facet normal 0.976298 0.216431 0
    outer loop
      vertex -19.6421 -31.6169 7.74543
      vertex -19.6742 -31.4721 6.2504
      vertex -19.6742 -31.4721 7.8504
    endloop
  endfacet
  facet normal 0.976298 0.216431 0
    outer loop
      vertex -19.6742 -31.4721 6.2504
      vertex -19.6421 -31.6169 7.74543
      vertex -19.6421 -31.6169 6.14543
    endloop
  endfacet
  facet normal 0.991491 0.130175 0
    outer loop
      vertex -19.6742 -31.4721 7.8504
      vertex -19.6935 -31.3251 6.36412
      vertex -19.6935 -31.3251 7.96412
    endloop
  endfacet
  facet normal 0.991491 0.130175 0
    outer loop
      vertex -19.6935 -31.3251 6.36412
      vertex -19.6742 -31.4721 7.8504
      vertex -19.6742 -31.4721 6.2504
    endloop
  endfacet
  facet normal 0.923853 0.382749 0
    outer loop
      vertex -19.5407 -31.8954 7.56487
      vertex -19.5975 -31.7583 6.05001
      vertex -19.5975 -31.7583 7.65001
    endloop
  endfacet
  facet normal 0.923853 0.382749 0
    outer loop
      vertex -19.5975 -31.7583 6.05001
      vertex -19.5407 -31.8954 7.56487
      vertex -19.5407 -31.8954 5.96487
    endloop
  endfacet
  facet normal 0.608602 -0.793476 0
    outer loop
      vertex -19.0927 -29.8746 9.51169
      vertex -18.9751 -29.7844 8.05118
      vertex -18.9751 -29.7844 9.65118
    endloop
  endfacet
  facet normal 0.608602 -0.793476 0
    outer loop
      vertex -18.9751 -29.7844 8.05118
      vertex -19.0927 -29.8746 9.51169
      vertex -19.0927 -29.8746 7.91169
    endloop
  endfacet
  facet normal 0.46199 -0.886885 0
    outer loop
      vertex -18.85 -29.7047 9.78572
      vertex -18.7185 -29.6362 8.31428
      vertex -18.7185 -29.6362 9.91428
    endloop
  endfacet
  facet normal 0.46199 -0.886885 0
    outer loop
      vertex -18.7185 -29.6362 8.31428
      vertex -18.85 -29.7047 9.78572
      vertex -18.85 -29.7047 8.18572
    endloop
  endfacet
  facet normal 0.300809 -0.953685 0
    outer loop
      vertex -18.5814 -29.5794 8.4
      vertex -18.44 -29.5348 10
      vertex -18.5814 -29.5794 10
    endloop
  endfacet
  facet normal 0.300809 -0.953685 0
    outer loop
      vertex -18.44 -29.5348 10
      vertex -18.5814 -29.5794 8.4
      vertex -18.44 -29.5348 8.4
    endloop
  endfacet
  facet normal -0.0438175 -0.99904 0
    outer loop
      vertex -18 -29.4769 8.4
      vertex -17.8518 -29.4834 10
      vertex -18 -29.4769 10
    endloop
  endfacet
  facet normal -0.0438175 -0.99904 -0
    outer loop
      vertex -17.8518 -29.4834 10
      vertex -18 -29.4769 8.4
      vertex -17.8518 -29.4834 8.4
    endloop
  endfacet
  facet normal -0.216431 -0.976298 0
    outer loop
      vertex -17.7048 -29.5027 8.4
      vertex -17.56 -29.5348 10
      vertex -17.7048 -29.5027 10
    endloop
  endfacet
  facet normal -0.216431 -0.976298 -0
    outer loop
      vertex -17.56 -29.5348 10
      vertex -17.7048 -29.5027 8.4
      vertex -17.56 -29.5348 8.4
    endloop
  endfacet
  facet normal -0.382749 -0.923853 0
    outer loop
      vertex -17.4186 -29.5794 8.4
      vertex -17.2815 -29.6362 10
      vertex -17.4186 -29.5794 10
    endloop
  endfacet
  facet normal -0.382749 -0.923853 -0
    outer loop
      vertex -17.2815 -29.6362 10
      vertex -17.4186 -29.5794 8.4
      vertex -17.2815 -29.6362 8.4
    endloop
  endfacet
  facet normal -0.130175 -0.991491 0
    outer loop
      vertex -17.8518 -29.4834 8.4
      vertex -17.7048 -29.5027 10
      vertex -17.8518 -29.4834 10
    endloop
  endfacet
  facet normal -0.130175 -0.991491 -0
    outer loop
      vertex -17.7048 -29.5027 10
      vertex -17.8518 -29.4834 8.4
      vertex -17.7048 -29.5027 8.4
    endloop
  endfacet
  facet normal 0.130175 0.991491 -0
    outer loop
      vertex -18.1482 -32.8704 5.82791
      vertex -18.2952 -32.8511 7.37714
      vertex -18.1482 -32.8704 7.42791
    endloop
  endfacet
  facet normal 0.130175 0.991491 0
    outer loop
      vertex -18.2952 -32.8511 7.37714
      vertex -18.1482 -32.8704 5.82791
      vertex -18.2952 -32.8511 5.77714
    endloop
  endfacet
  facet normal -0.130175 0.991491 0
    outer loop
      vertex -17.7048 -32.8511 6.05001
      vertex -17.8518 -32.8704 7.56487
      vertex -17.7048 -32.8511 7.65001
    endloop
  endfacet
  facet normal -0.130175 0.991491 0
    outer loop
      vertex -17.8518 -32.8704 7.56487
      vertex -17.7048 -32.8511 6.05001
      vertex -17.8518 -32.8704 5.96487
    endloop
  endfacet
  facet normal 0.0438175 0.99904 -0
    outer loop
      vertex -18 -32.8769 5.89064
      vertex -18.1482 -32.8704 7.42791
      vertex -18 -32.8769 7.49064
    endloop
  endfacet
  facet normal 0.0438175 0.99904 0
    outer loop
      vertex -18.1482 -32.8704 7.42791
      vertex -18 -32.8769 5.89064
      vertex -18.1482 -32.8704 5.82791
    endloop
  endfacet
  facet normal -0.737126 0.675755 0
    outer loop
      vertex -16.7979 -32.379 8.48831
      vertex -16.6977 -32.2697 7.0317
      vertex -16.7979 -32.379 6.88831
    endloop
  endfacet
  facet normal -0.737126 0.675755 0
    outer loop
      vertex -16.6977 -32.2697 7.0317
      vertex -16.7979 -32.379 8.48831
      vertex -16.6977 -32.2697 8.6317
    endloop
  endfacet
  facet normal -0.461459 0.887162 0
    outer loop
      vertex -17.15 -32.6492 6.48572
      vertex -17.2815 -32.7176 7.96412
      vertex -17.15 -32.6492 8.08572
    endloop
  endfacet
  facet normal -0.461459 0.887162 0
    outer loop
      vertex -17.2815 -32.7176 7.96412
      vertex -17.15 -32.6492 6.48572
      vertex -17.2815 -32.7176 6.36412
    endloop
  endfacet
  facet normal -0.923754 -0.382987 0
    outer loop
      vertex -16.4025 -30.5955 8.4
      vertex -16.4593 -30.4585 10
      vertex -16.4593 -30.4585 8.4
    endloop
  endfacet
  facet normal -0.923754 -0.382987 0
    outer loop
      vertex -16.4593 -30.4585 10
      vertex -16.4025 -30.5955 8.4
      vertex -16.4025 -30.5955 10
    endloop
  endfacet
  facet normal -0.537312 -0.843384 0
    outer loop
      vertex -17.15 -29.7047 8.4
      vertex -17.0249 -29.7844 10
      vertex -17.15 -29.7047 10
    endloop
  endfacet
  facet normal -0.537312 -0.843384 -0
    outer loop
      vertex -17.0249 -29.7844 10
      vertex -17.15 -29.7047 8.4
      vertex -17.0249 -29.7844 8.4
    endloop
  endfacet
  facet normal -0.675419 -0.737434 0
    outer loop
      vertex -16.9073 -29.8746 8.4
      vertex -16.7979 -29.9748 10
      vertex -16.9073 -29.8746 10
    endloop
  endfacet
  facet normal -0.675419 -0.737434 -0
    outer loop
      vertex -16.7979 -29.9748 10
      vertex -16.9073 -29.8746 8.4
      vertex -16.7979 -29.9748 8.4
    endloop
  endfacet
  facet normal -0.976298 -0.216431 0
    outer loop
      vertex -16.3258 -30.8817 8.4
      vertex -16.3579 -30.7369 10
      vertex -16.3579 -30.7369 8.4
    endloop
  endfacet
  facet normal -0.976298 -0.216431 0
    outer loop
      vertex -16.3579 -30.7369 10
      vertex -16.3258 -30.8817 8.4
      vertex -16.3258 -30.8817 10
    endloop
  endfacet
  facet normal -0.99904 -0.0438175 -0
    outer loop
      vertex -16.3 -31.1769 9.78572
      vertex -16.3065 -31.0287 8.31428
      vertex -16.3 -31.1769 8.18572
    endloop
  endfacet
  facet normal -0.99904 -0.0438175 0
    outer loop
      vertex -16.3065 -31.0287 8.31428
      vertex -16.3 -31.1769 9.78572
      vertex -16.3065 -31.0287 9.91428
    endloop
  endfacet
  facet normal -0.99904 0.0438175 0
    outer loop
      vertex -16.3065 -31.3251 9.65118
      vertex -16.3 -31.1769 8.18572
      vertex -16.3065 -31.3251 8.05118
    endloop
  endfacet
  facet normal -0.99904 0.0438175 0
    outer loop
      vertex -16.3 -31.1769 8.18572
      vertex -16.3065 -31.3251 9.65118
      vertex -16.3 -31.1769 9.78572
    endloop
  endfacet
  facet normal 0.923754 -0.382987 0
    outer loop
      vertex -19.5975 -30.5955 8.6317
      vertex -19.5407 -30.4585 7.17789
      vertex -19.5407 -30.4585 8.77789
    endloop
  endfacet
  facet normal 0.923754 -0.382987 0
    outer loop
      vertex -19.5407 -30.4585 7.17789
      vertex -19.5975 -30.5955 8.6317
      vertex -19.5975 -30.5955 7.0317
    endloop
  endfacet
  facet normal 0.99904 -0.0438175 0
    outer loop
      vertex -19.7 -31.1769 8.08572
      vertex -19.6935 -31.0287 6.61428
      vertex -19.6935 -31.0287 8.21428
    endloop
  endfacet
  facet normal 0.99904 -0.0438175 0
    outer loop
      vertex -19.6935 -31.0287 6.61428
      vertex -19.7 -31.1769 8.08572
      vertex -19.7 -31.1769 6.48572
    endloop
  endfacet
  facet normal 0.991491 -0.130175 0
    outer loop
      vertex -19.6935 -31.0287 8.21428
      vertex -19.6742 -30.8817 6.74882
      vertex -19.6742 -30.8817 8.34882
    endloop
  endfacet
  facet normal 0.991491 -0.130175 0
    outer loop
      vertex -19.6742 -30.8817 6.74882
      vertex -19.6935 -31.0287 8.21428
      vertex -19.6935 -31.0287 6.61428
    endloop
  endfacet
  facet normal 0.886885 0.46199 0
    outer loop
      vertex -19.4722 -32.0269 7.49065
      vertex -19.5407 -31.8954 5.96487
      vertex -19.5407 -31.8954 7.56487
    endloop
  endfacet
  facet normal 0.886885 0.46199 0
    outer loop
      vertex -19.5407 -31.8954 5.96487
      vertex -19.4722 -32.0269 7.49065
      vertex -19.4722 -32.0269 5.89065
    endloop
  endfacet
  facet normal 0.737126 0.675755 0
    outer loop
      vertex -19.2021 -32.379 7.33872
      vertex -19.3023 -32.2697 5.77714
      vertex -19.3023 -32.2697 7.37714
    endloop
  endfacet
  facet normal 0.737126 0.675755 0
    outer loop
      vertex -19.3023 -32.2697 5.77714
      vertex -19.2021 -32.379 7.33872
      vertex -19.2021 -32.379 5.73872
    endloop
  endfacet
  facet normal 0.609026 0.79315 0
    outer loop
      vertex -18.9751 -32.5695 7.3
      vertex -19.0927 -32.4792 5.71294
      vertex -19.0927 -32.4792 7.31294
    endloop
  endfacet
  facet normal 0.609026 0.79315 0
    outer loop
      vertex -19.0927 -32.4792 5.71294
      vertex -18.9751 -32.5695 7.3
      vertex -18.9751 -32.5695 5.7
    endloop
  endfacet
  facet normal 0.537312 0.843384 0
    outer loop
      vertex -18.85 -32.6492 7.3
      vertex -18.85 -32.6492 5.7
      vertex -18.9751 -32.5695 5.7
    endloop
  endfacet
  facet normal 0.537312 0.843384 0
    outer loop
      vertex -18.9751 -32.5695 7.3
      vertex -18.85 -32.6492 7.3
      vertex -18.9751 -32.5695 5.7
    endloop
  endfacet
  facet normal 0.79315 -0.609026 0
    outer loop
      vertex -19.3926 -30.2018 9.07422
      vertex -19.3023 -30.0842 7.62211
      vertex -19.3023 -30.0842 9.22211
    endloop
  endfacet
  facet normal 0.79315 -0.609026 0
    outer loop
      vertex -19.3023 -30.0842 7.62211
      vertex -19.3926 -30.2018 9.07422
      vertex -19.3926 -30.2018 7.47422
    endloop
  endfacet
  facet normal 0.737434 -0.675419 0
    outer loop
      vertex -19.3023 -30.0842 9.22211
      vertex -19.2021 -29.9748 7.7683
      vertex -19.2021 -29.9748 9.3683
    endloop
  endfacet
  facet normal 0.737434 -0.675419 0
    outer loop
      vertex -19.2021 -29.9748 7.7683
      vertex -19.3023 -30.0842 9.22211
      vertex -19.3023 -30.0842 7.62211
    endloop
  endfacet
  facet normal 0.843689 -0.536832 0
    outer loop
      vertex -19.4722 -30.3269 8.92578
      vertex -19.3926 -30.2018 7.47422
      vertex -19.3926 -30.2018 9.07422
    endloop
  endfacet
  facet normal 0.843689 -0.536832 0
    outer loop
      vertex -19.3926 -30.2018 7.47422
      vertex -19.4722 -30.3269 8.92578
      vertex -19.4722 -30.3269 7.32578
    endloop
  endfacet
  facet normal 0.382577 -0.923924 0
    outer loop
      vertex -18.7185 -29.6362 9.91428
      vertex -18.7185 -29.6362 8.31428
      vertex -18.6219 -29.5962 8.4
    endloop
  endfacet
  facet normal 0.383157 -0.923683 -0.000766264
    outer loop
      vertex -18.7185 -29.6362 9.91428
      vertex -18.5814 -29.5794 10
      vertex -18.6219 -29.5962 10
    endloop
  endfacet
  facet normal 0.383157 -0.923683 4.33765e-05
    outer loop
      vertex -18.5814 -29.5794 8.4
      vertex -18.7185 -29.6362 9.91428
      vertex -18.6219 -29.5962 8.4
    endloop
  endfacet
  facet normal 0.382749 -0.923853 0
    outer loop
      vertex -18.7185 -29.6362 9.91428
      vertex -18.5814 -29.5794 8.4
      vertex -18.5814 -29.5794 10
    endloop
  endfacet
  facet normal 0.216431 -0.976298 0
    outer loop
      vertex -18.44 -29.5348 8.4
      vertex -18.2952 -29.5027 10
      vertex -18.44 -29.5348 10
    endloop
  endfacet
  facet normal 0.216431 -0.976298 0
    outer loop
      vertex -18.2952 -29.5027 10
      vertex -18.44 -29.5348 8.4
      vertex -18.2952 -29.5027 8.4
    endloop
  endfacet
  facet normal -0.0438175 0.99904 0
    outer loop
      vertex -17.8518 -32.8704 5.96487
      vertex -18 -32.8769 7.49064
      vertex -17.8518 -32.8704 7.56487
    endloop
  endfacet
  facet normal -0.0438175 0.99904 0
    outer loop
      vertex -18 -32.8769 7.49064
      vertex -17.8518 -32.8704 5.96487
      vertex -18 -32.8769 5.89064
    endloop
  endfacet
  facet normal 0.843689 0.536832 0
    outer loop
      vertex -19.3926 -32.152 7.42791
      vertex -19.4722 -32.0269 5.89065
      vertex -19.4722 -32.0269 7.49065
    endloop
  endfacet
  facet normal 0.843689 0.536832 0
    outer loop
      vertex -19.4722 -32.0269 5.89065
      vertex -19.3926 -32.152 7.42791
      vertex -19.3926 -32.152 5.82791
    endloop
  endfacet
  facet normal 0.706805 0.0306887 0.706742
    outer loop
      vertex 37.4722 0.849999 7.49065
      vertex 44.8288 3.92201 0
      vertex 37.4029 0.95884 7.55523
    endloop
  endfacet
  facet normal 0.70675 0.0309286 0.706787
    outer loop
      vertex 37.5407 0.718451 7.42791
      vertex 44.8288 3.92201 0
      vertex 37.4722 0.849999 7.49065
    endloop
  endfacet
  facet normal 0.706717 0.0310661 0.706814
    outer loop
      vertex 37.5975 0.581433 7.37714
      vertex 44.8288 3.92201 0
      vertex 37.5407 0.718451 7.42791
    endloop
  endfacet
  facet normal 0.706772 0.0308823 0.706767
    outer loop
      vertex 45 0 0
      vertex 37.5975 0.581433 7.37714
      vertex 37.6421 0.439992 7.33872
    endloop
  endfacet
  facet normal 0.706771 0.0308504 0.706769
    outer loop
      vertex 45 0 0
      vertex 37.6421 0.439992 7.33872
      vertex 37.6742 0.295201 7.31294
    endloop
  endfacet
  facet normal 0.706772 0.0305704 0.706781
    outer loop
      vertex 45 0 0
      vertex 37.6742 0.295201 7.31294
      vertex 37.6935 0.148165 7.3
    endloop
  endfacet
  facet normal 0.706767 0.0310059 0.706767
    outer loop
      vertex 45 0 0
      vertex 37.6935 0.148165 7.3
      vertex 37.7 0 7.3
    endloop
  endfacet
  facet normal 0.706771 0.0308513 0.706769
    outer loop
      vertex 37.5975 0.581433 7.37714
      vertex 45 0 0
      vertex 44.8288 3.92201 0
    endloop
  endfacet
  facet normal -0.70677 -0.0308513 0.70677
    outer loop
      vertex -35 0 10
      vertex -45 0 0
      vertex -44.8288 -3.92201 0
    endloop
  endfacet
  facet normal 0.690671 0.153126 0.706772
    outer loop
      vertex 43.4667 11.6469 0
      vertex 33.8074 9.05867 10
      vertex 34.4683 6.07769 10
    endloop
  endfacet
  facet normal 0.653591 0.270724 0.706772
    outer loop
      vertex 40.7839 19.0178 0
      vertex 32.8892 11.9707 10
      vertex 42.2862 15.3909 0
    endloop
  endfacet
  facet normal 0.561262 0.430655 0.706768
    outer loop
      vertex 36.8618 25.8109 0
      vertex 26.8116 22.4976 10
      vertex 28.6703 20.0752 10
    endloop
  endfacet
  facet normal 0.270724 0.653591 0.706772
    outer loop
      vertex 15.3909 42.2862 0
      vertex 11.9707 32.8892 10
      vertex 19.0178 40.7839 0
    endloop
  endfacet
  facet normal 0.270724 -0.653591 0.706772
    outer loop
      vertex 19.0178 -40.7839 0
      vertex 11.9707 -32.8892 10
      vertex 15.3909 -42.2862 0
    endloop
  endfacet
  facet normal 0.701391 -0.0923557 0.706768
    outer loop
      vertex 44.8288 -3.92201 0
      vertex 34.4683 -6.07769 10
      vertex 44.3163 -7.81417 0
    endloop
  endfacet
  facet normal 0.521587 0.477941 0.706767
    outer loop
      vertex 31.8198 31.8198 0
      vertex 26.8116 22.4976 10
      vertex 34.472 28.9254 0
    endloop
  endfacet
  facet normal 0.0308615 0.706768 0.706772
    outer loop
      vertex 3.92201 44.8288 0
      vertex 0 35 10
      vertex 3.05045 34.8668 10
    endloop
  endfacet
  facet normal -0.153126 0.690671 0.706772
    outer loop
      vertex -6.07769 34.4683 10
      vertex -11.6469 43.4667 0
      vertex -9.05867 33.8074 10
    endloop
  endfacet
  facet normal -0.674698 0.212735 0.706772
    outer loop
      vertex -42.2862 15.3909 0
      vertex -43.4667 11.6469 0
      vertex -33.8074 9.05867 10
    endloop
  endfacet
  facet normal -0.521563 -0.477959 0.706772
    outer loop
      vertex -26.8116 -22.4976 10
      vertex -31.8198 -31.8198 0
      vertex -24.7487 -24.7487 10
    endloop
  endfacet
  facet normal -0.627503 0.326672 0.706771
    outer loop
      vertex -38.9711 22.5 0
      vertex -40.7839 19.0178 0
      vertex -31.7208 14.7916 10
    endloop
  endfacet
  facet normal -0.653591 0.270724 0.706772
    outer loop
      vertex -40.7839 19.0178 0
      vertex -42.2862 15.3909 0
      vertex -32.8892 11.9707 10
    endloop
  endfacet
  facet normal -0.212735 -0.674698 0.706772
    outer loop
      vertex -9.05867 -33.8074 10
      vertex -15.3909 -42.2862 0
      vertex -11.6469 -43.4667 0
    endloop
  endfacet
  facet normal 0.0923557 -0.701391 0.706768
    outer loop
      vertex 6.07769 -34.4683 10
      vertex 3.92201 -44.8288 0
      vertex 7.81417 -44.3163 0
    endloop
  endfacet
  facet normal 0.326672 -0.627503 0.706771
    outer loop
      vertex 22.5 -38.9711 0
      vertex 14.7916 -31.7208 10
      vertex 19.0178 -40.7839 0
    endloop
  endfacet
  facet normal 0.627512 -0.326661 0.706768
    outer loop
      vertex 31.7208 -14.7916 10
      vertex 30.3109 -17.5 10
      vertex 38.9711 -22.5 0
    endloop
  endfacet
  facet normal 0.706767 -0.0310059 0.706767
    outer loop
      vertex 37.6935 -0.148165 7.3
      vertex 45 0 0
      vertex 37.7 0 7.3
    endloop
  endfacet
  facet normal 0.706772 -0.0305704 0.706781
    outer loop
      vertex 37.6742 -0.295201 7.31294
      vertex 45 0 0
      vertex 37.6935 -0.148165 7.3
    endloop
  endfacet
  facet normal 0.706771 -0.0308504 0.706769
    outer loop
      vertex 37.6421 -0.439992 7.33872
      vertex 45 0 0
      vertex 37.6742 -0.295201 7.31294
    endloop
  endfacet
  facet normal 0.706772 -0.0308823 0.706767
    outer loop
      vertex 37.5975 -0.581433 7.37714
      vertex 45 0 0
      vertex 37.6421 -0.439992 7.33872
    endloop
  endfacet
  facet normal 0.706717 -0.0310661 0.706814
    outer loop
      vertex 44.8288 -3.92201 0
      vertex 37.5975 -0.581433 7.37714
      vertex 37.5407 -0.718451 7.42791
    endloop
  endfacet
  facet normal 0.70675 -0.0309286 0.706787
    outer loop
      vertex 44.8288 -3.92201 0
      vertex 37.5407 -0.718451 7.42791
      vertex 37.4722 -0.849999 7.49065
    endloop
  endfacet
  facet normal 0.706805 -0.0306887 0.706742
    outer loop
      vertex 44.8288 -3.92201 0
      vertex 37.4722 -0.849999 7.49065
      vertex 37.4029 -0.95884 7.55523
    endloop
  endfacet
  facet normal 0.706771 -0.0308513 0.706769
    outer loop
      vertex 37.5975 -0.581433 7.37714
      vertex 44.8288 -3.92201 0
      vertex 45 0 0
    endloop
  endfacet
  facet normal 0.707144 -0.02914 0.706468
    outer loop
      vertex 37.3926 -0.97508 7.56487
      vertex 44.8288 -3.92201 0
      vertex 37.4029 -0.95884 7.55523
    endloop
  endfacet
  facet normal 0.706757 -0.0309181 0.70678
    outer loop
      vertex 37.3023 -1.09274 7.65002
      vertex 44.8288 -3.92201 0
      vertex 37.3926 -0.97508 7.56487
    endloop
  endfacet
  facet normal 0.706764 -0.0308873 0.706775
    outer loop
      vertex 37.2021 -1.20208 7.74544
      vertex 44.8288 -3.92201 0
      vertex 37.3023 -1.09274 7.65002
    endloop
  endfacet
  facet normal 0.706703 -0.0311926 0.706823
    outer loop
      vertex 37.0927 -1.30227 7.8504
      vertex 44.8288 -3.92201 0
      vertex 37.2021 -1.20208 7.74544
    endloop
  endfacet
  facet normal 0.706832 -0.030512 0.706723
    outer loop
      vertex 36.9751 -1.39256 7.96412
      vertex 44.8288 -3.92201 0
      vertex 37.0927 -1.30227 7.8504
    endloop
  endfacet
  facet normal 0.706747 -0.0309816 0.706788
    outer loop
      vertex 36.85 -1.47224 8.08572
      vertex 44.8288 -3.92201 0
      vertex 36.9751 -1.39256 7.96412
    endloop
  endfacet
  facet normal 0.706826 -0.0305283 0.706729
    outer loop
      vertex 36.7185 -1.54072 8.21428
      vertex 44.8288 -3.92201 0
      vertex 36.85 -1.47224 8.08572
    endloop
  endfacet
  facet normal 0.706375 -0.0298865 0.707207
    outer loop
      vertex 34.8668 -3.05045 10
      vertex 36.7185 -1.54072 8.21428
      vertex 36.5814 -1.59748 8.34882
    endloop
  endfacet
  facet normal 0.706907 -0.0311837 0.706618
    outer loop
      vertex 34.8668 -3.05045 10
      vertex 36.5814 -1.59748 8.34882
      vertex 36.44 -1.64207 8.48831
    endloop
  endfacet
  facet normal 0.706745 -0.0308105 0.706797
    outer loop
      vertex 34.8668 -3.05045 10
      vertex 36.44 -1.64207 8.48831
      vertex 36.2952 -1.67417 8.6317
    endloop
  endfacet
  facet normal 0.706864 -0.0310637 0.706667
    outer loop
      vertex 34.8668 -3.05045 10
      vertex 36.2952 -1.67417 8.6317
      vertex 36.1482 -1.69353 8.77789
    endloop
  endfacet
  facet normal 0.706704 -0.0307568 0.70684
    outer loop
      vertex 34.8668 -3.05045 10
      vertex 36.1482 -1.69353 8.77789
      vertex 36 -1.7 8.92578
    endloop
  endfacet
  facet normal 0.706675 -0.0307078 0.706871
    outer loop
      vertex 34.8668 -3.05045 10
      vertex 36 -1.7 8.92578
      vertex 35.8518 -1.69353 9.07422
    endloop
  endfacet
  facet normal 0.706866 -0.0309847 0.706668
    outer loop
      vertex 34.8668 -3.05045 10
      vertex 35.8518 -1.69353 9.07422
      vertex 35.7048 -1.67417 9.22211
    endloop
  endfacet
  facet normal 0.706745 -0.0308384 0.706796
    outer loop
      vertex 34.8668 -3.05045 10
      vertex 35.7048 -1.67417 9.22211
      vertex 35.56 -1.64207 9.3683
    endloop
  endfacet
  facet normal 0.706767 -0.0308811 0.706772
    outer loop
      vertex 36.7185 -1.54072 8.21428
      vertex 34.8668 -3.05045 10
      vertex 44.8288 -3.92201 0
    endloop
  endfacet
  facet normal 0.706861 -0.0309498 0.706675
    outer loop
      vertex 35.4186 -1.59748 9.51169
      vertex 34.8668 -3.05045 10
      vertex 35.56 -1.64207 9.3683
    endloop
  endfacet
  facet normal 0.706572 -0.0307397 0.706974
    outer loop
      vertex 35.2815 -1.54072 9.65118
      vertex 34.8668 -3.05045 10
      vertex 35.4186 -1.59748 9.51169
    endloop
  endfacet
  facet normal 0.706891 -0.0309028 0.706647
    outer loop
      vertex 35.15 -1.47224 9.78572
      vertex 34.8668 -3.05045 10
      vertex 35.2815 -1.54072 9.65118
    endloop
  endfacet
  facet normal 0.706721 -0.0308488 0.70682
    outer loop
      vertex 35.0249 -1.39256 9.91428
      vertex 34.8668 -3.05045 10
      vertex 35.15 -1.47224 9.78572
    endloop
  endfacet
  facet normal 0.706933 -0.0308801 0.706606
    outer loop
      vertex 34.8668 -3.05045 10
      vertex 35.0249 -1.39256 9.91428
      vertex 34.942 -1.32891 10
    endloop
  endfacet
  facet normal 0.596651 0.380113 0.706768
    outer loop
      vertex 36.8618 25.8109 0
      vertex 28.6703 20.0752 10
      vertex 38.9711 22.5 0
    endloop
  endfacet
  facet normal 0.561258 0.430662 0.706767
    outer loop
      vertex 34.472 28.9254 0
      vertex 26.8116 22.4976 10
      vertex 36.8618 25.8109 0
    endloop
  endfacet
  facet normal 0.477959 0.521563 0.706772
    outer loop
      vertex 31.8198 31.8198 0
      vertex 22.4976 26.8116 10
      vertex 24.7487 24.7487 10
    endloop
  endfacet
  facet normal 0.477941 0.521587 0.706767
    outer loop
      vertex 28.9254 34.472 0
      vertex 22.4976 26.8116 10
      vertex 31.8198 31.8198 0
    endloop
  endfacet
  facet normal 0.153126 0.690671 0.706772
    outer loop
      vertex 11.6469 43.4667 0
      vertex 6.07769 34.4683 10
      vertex 9.05867 33.8074 10
    endloop
  endfacet
  facet normal -0.153103 0.69068 0.706768
    outer loop
      vertex -7.81417 44.3163 0
      vertex -11.6469 43.4667 0
      vertex -6.07769 34.4683 10
    endloop
  endfacet
  facet normal 0.212735 0.674698 0.706772
    outer loop
      vertex 11.6469 43.4667 0
      vertex 9.05867 33.8074 10
      vertex 15.3909 42.2862 0
    endloop
  endfacet
  facet normal 0.153103 0.69068 0.706768
    outer loop
      vertex 7.81417 44.3163 0
      vertex 6.07769 34.4683 10
      vertex 11.6469 43.4667 0
    endloop
  endfacet
  facet normal 0.0923297 0.70139 0.706772
    outer loop
      vertex 3.92201 44.8288 0
      vertex 3.05045 34.8668 10
      vertex 6.07769 34.4683 10
    endloop
  endfacet
  facet normal 0.0923557 0.701391 0.706768
    outer loop
      vertex 7.81417 44.3163 0
      vertex 3.92201 44.8288 0
      vertex 6.07769 34.4683 10
    endloop
  endfacet
  facet normal 0.0308513 0.70677 0.70677
    outer loop
      vertex 0 45 0
      vertex 0 35 10
      vertex 3.92201 44.8288 0
    endloop
  endfacet
  facet normal -0.0308513 0.70677 0.70677
    outer loop
      vertex 0 45 0
      vertex -3.92201 44.8288 0
      vertex 0 35 10
    endloop
  endfacet
  facet normal -0.561262 0.430655 0.706768
    outer loop
      vertex -26.8116 22.4976 10
      vertex -36.8618 25.8109 0
      vertex -28.6703 20.0752 10
    endloop
  endfacet
  facet normal -0.70677 0.0308513 0.70677
    outer loop
      vertex -44.8288 3.92201 0
      vertex -45 0 0
      vertex -35 0 10
    endloop
  endfacet
  facet normal -0.706768 -0.0308615 0.706772
    outer loop
      vertex -35 0 10
      vertex -44.8288 -3.92201 0
      vertex -34.8668 -3.05045 10
    endloop
  endfacet
  facet normal -0.674695 -0.21274 0.706773
    outer loop
      vertex -33.8074 -9.05867 10
      vertex -42.2862 -15.3909 0
      vertex -32.8892 -11.9707 10
    endloop
  endfacet
  facet normal -0.596651 -0.380113 0.706768
    outer loop
      vertex -30.3109 -17.5 10
      vertex -38.9711 -22.5 0
      vertex -28.6703 -20.0752 10
    endloop
  endfacet
  facet normal -0.69068 0.153103 0.706768
    outer loop
      vertex -43.4667 11.6469 0
      vertex -44.3163 7.81417 0
      vertex -34.4683 6.07769 10
    endloop
  endfacet
  facet normal -0.690671 0.153126 0.706772
    outer loop
      vertex -33.8074 9.05867 10
      vertex -43.4667 11.6469 0
      vertex -34.4683 6.07769 10
    endloop
  endfacet
  facet normal -0.596651 0.380113 0.706768
    outer loop
      vertex -28.6703 20.0752 10
      vertex -38.9711 22.5 0
      vertex -30.3109 17.5 10
    endloop
  endfacet
  facet normal -0.653596 0.270716 0.706771
    outer loop
      vertex -31.7208 14.7916 10
      vertex -40.7839 19.0178 0
      vertex -32.8892 11.9707 10
    endloop
  endfacet
  facet normal -0.0923297 -0.70139 0.706772
    outer loop
      vertex -3.05045 -34.8668 10
      vertex -6.07769 -34.4683 10
      vertex -3.92201 -44.8288 0
    endloop
  endfacet
  facet normal 0.69068 0.153103 0.706768
    outer loop
      vertex 43.4667 11.6469 0
      vertex 34.4683 6.07769 10
      vertex 44.3163 7.81417 0
    endloop
  endfacet
  facet normal 0.674695 0.21274 0.706773
    outer loop
      vertex 42.2862 15.3909 0
      vertex 32.8892 11.9707 10
      vertex 33.8074 9.05867 10
    endloop
  endfacet
  facet normal 0.674698 0.212735 0.706772
    outer loop
      vertex 42.2862 15.3909 0
      vertex 33.8074 9.05867 10
      vertex 43.4667 11.6469 0
    endloop
  endfacet
  facet normal 0.627503 0.326672 0.706771
    outer loop
      vertex 38.9711 22.5 0
      vertex 31.7208 14.7916 10
      vertex 40.7839 19.0178 0
    endloop
  endfacet
  facet normal -0.0308513 -0.70677 0.70677
    outer loop
      vertex 0 -35 10
      vertex -3.92201 -44.8288 0
      vertex 0 -45 0
    endloop
  endfacet
  facet normal 0.153126 -0.690671 0.706772
    outer loop
      vertex 9.05867 -33.8074 10
      vertex 6.07769 -34.4683 10
      vertex 11.6469 -43.4667 0
    endloop
  endfacet
  facet normal 0.270716 -0.653596 0.706771
    outer loop
      vertex 14.7916 -31.7208 10
      vertex 11.9707 -32.8892 10
      vertex 19.0178 -40.7839 0
    endloop
  endfacet
  facet normal 0.674695 -0.21274 0.706773
    outer loop
      vertex 33.8074 -9.05867 10
      vertex 32.8892 -11.9707 10
      vertex 42.2862 -15.3909 0
    endloop
  endfacet
  facet normal 0.627503 -0.326672 0.706771
    outer loop
      vertex 40.7839 -19.0178 0
      vertex 31.7208 -14.7916 10
      vertex 38.9711 -22.5 0
    endloop
  endfacet
  facet normal 0.521563 0.477959 0.706772
    outer loop
      vertex 31.8198 31.8198 0
      vertex 24.7487 24.7487 10
      vertex 26.8116 22.4976 10
    endloop
  endfacet
  facet normal 0.326672 0.627503 0.706771
    outer loop
      vertex 19.0178 40.7839 0
      vertex 14.7916 31.7208 10
      vertex 22.5 38.9711 0
    endloop
  endfacet
  facet normal 0.270716 0.653596 0.706771
    outer loop
      vertex 19.0178 40.7839 0
      vertex 11.9707 32.8892 10
      vertex 14.7916 31.7208 10
    endloop
  endfacet
  facet normal 0.430655 0.561262 0.706768
    outer loop
      vertex 25.8109 36.8618 0
      vertex 20.0752 28.6703 10
      vertex 22.4976 26.8116 10
    endloop
  endfacet
  facet normal 0.380113 0.596651 0.706768
    outer loop
      vertex 22.5 38.9711 0
      vertex 20.0752 28.6703 10
      vertex 25.8109 36.8618 0
    endloop
  endfacet
  facet normal -0.0923557 0.701391 0.706768
    outer loop
      vertex -3.92201 44.8288 0
      vertex -7.81417 44.3163 0
      vertex -6.07769 34.4683 10
    endloop
  endfacet
  facet normal -0.212735 0.674698 0.706772
    outer loop
      vertex -11.6469 43.4667 0
      vertex -15.3909 42.2862 0
      vertex -9.05867 33.8074 10
    endloop
  endfacet
  facet normal -0.430655 0.561262 0.706768
    outer loop
      vertex -20.0752 28.6703 10
      vertex -25.8109 36.8618 0
      vertex -22.4976 26.8116 10
    endloop
  endfacet
  facet normal -0.477959 0.521563 0.706772
    outer loop
      vertex -22.4976 26.8116 10
      vertex -31.8198 31.8198 0
      vertex -24.7487 24.7487 10
    endloop
  endfacet
  facet normal 0.21274 0.674695 0.706773
    outer loop
      vertex 15.3909 42.2862 0
      vertex 9.05867 33.8074 10
      vertex 11.9707 32.8892 10
    endloop
  endfacet
  facet normal -0.521563 0.477959 0.706772
    outer loop
      vertex -24.7487 24.7487 10
      vertex -31.8198 31.8198 0
      vertex -26.8116 22.4976 10
    endloop
  endfacet
  facet normal -0.701391 0.0923557 0.706768
    outer loop
      vertex -44.3163 7.81417 0
      vertex -44.8288 3.92201 0
      vertex -34.4683 6.07769 10
    endloop
  endfacet
  facet normal 0 0 1
    outer loop
      vertex 34.8668 3.05045 10
      vertex 34.9073 1.30227 10
      vertex 34.942 1.32891 10
    endloop
  endfacet
  facet normal 0 0 1
    outer loop
      vertex 34.8668 3.05045 10
      vertex 34.7979 1.20208 10
      vertex 34.9073 1.30227 10
    endloop
  endfacet
  facet normal 0 0 1
    outer loop
      vertex 34.8668 3.05045 10
      vertex 34.6977 1.09274 10
      vertex 34.7979 1.20208 10
    endloop
  endfacet
  facet normal 0 0 1
    outer loop
      vertex 34.8668 3.05045 10
      vertex 34.6074 0.97508 10
      vertex 34.6977 1.09274 10
    endloop
  endfacet
  facet normal 0 0 1
    outer loop
      vertex 34.8668 3.05045 10
      vertex 34.5278 0.849999 10
      vertex 34.6074 0.97508 10
    endloop
  endfacet
  facet normal 0 0 1
    outer loop
      vertex 34.4025 0.581433 10
      vertex 34.8668 3.05045 10
      vertex 34.4683 6.07769 10
    endloop
  endfacet
  facet normal 0 0 1
    outer loop
      vertex 34.8668 3.05045 10
      vertex 34.4593 0.718451 10
      vertex 34.5278 0.849999 10
    endloop
  endfacet
  facet normal 0 0 1
    outer loop
      vertex 34.8668 3.05045 10
      vertex 34.4025 0.581433 10
      vertex 34.4593 0.718451 10
    endloop
  endfacet
  facet normal 0 0 1
    outer loop
      vertex 34.4683 6.07769 10
      vertex 34.3579 0.439992 10
      vertex 34.4025 0.581433 10
    endloop
  endfacet
  facet normal 0 0 1
    outer loop
      vertex 34.4683 6.07769 10
      vertex 34.3258 0.295201 10
      vertex 34.3579 0.439992 10
    endloop
  endfacet
  facet normal 0 0 1
    outer loop
      vertex 33.8074 9.05867 10
      vertex 34.3258 0.295201 10
      vertex 34.4683 6.07769 10
    endloop
  endfacet
  facet normal 0 0 1
    outer loop
      vertex 34.3258 0.295201 10
      vertex 33.8074 9.05867 10
      vertex 34.3065 0.148165 10
    endloop
  endfacet
  facet normal 0 0 1
    outer loop
      vertex 32.8892 11.9707 10
      vertex 34.3065 0.148165 10
      vertex 33.8074 9.05867 10
    endloop
  endfacet
  facet normal 0 0 1
    outer loop
      vertex 34.9073 -1.30227 10
      vertex 34.8668 -3.05045 10
      vertex 34.942 -1.32891 10
    endloop
  endfacet
  facet normal 0 0 1
    outer loop
      vertex 34.7979 -1.20208 10
      vertex 34.8668 -3.05045 10
      vertex 34.9073 -1.30227 10
    endloop
  endfacet
  facet normal 0 0 1
    outer loop
      vertex 34.6977 -1.09274 10
      vertex 34.8668 -3.05045 10
      vertex 34.7979 -1.20208 10
    endloop
  endfacet
  facet normal 0 0 1
    outer loop
      vertex 34.6074 -0.97508 10
      vertex 34.8668 -3.05045 10
      vertex 34.6977 -1.09274 10
    endloop
  endfacet
  facet normal 0 0 1
    outer loop
      vertex 34.5278 -0.849999 10
      vertex 34.8668 -3.05045 10
      vertex 34.6074 -0.97508 10
    endloop
  endfacet
  facet normal 0 0 1
    outer loop
      vertex 34.4593 -0.718451 10
      vertex 34.8668 -3.05045 10
      vertex 34.5278 -0.849999 10
    endloop
  endfacet
  facet normal 0 0 1
    outer loop
      vertex 34.4025 -0.581433 10
      vertex 34.8668 -3.05045 10
      vertex 34.4593 -0.718451 10
    endloop
  endfacet
  facet normal 0 0 1
    outer loop
      vertex 34.8668 -3.05045 10
      vertex 34.4025 -0.581433 10
      vertex 34.4683 -6.07769 10
    endloop
  endfacet
  facet normal 0 0 1
    outer loop
      vertex 34.3579 -0.439992 10
      vertex 34.4683 -6.07769 10
      vertex 34.4025 -0.581433 10
    endloop
  endfacet
  facet normal 0 0 1
    outer loop
      vertex 34.3258 -0.295201 10
      vertex 34.4683 -6.07769 10
      vertex 34.3579 -0.439992 10
    endloop
  endfacet
  facet normal 0 0 1
    outer loop
      vertex 33.8074 -9.05867 10
      vertex 34.3258 -0.295201 10
      vertex 34.3065 -0.148165 10
    endloop
  endfacet
  facet normal 0 0 1
    outer loop
      vertex 26.8116 -22.4976 10
      vertex 34.3065 -0.148165 10
      vertex 34.3 0 10
    endloop
  endfacet
  facet normal 0 0 1
    outer loop
      vertex 31.7208 14.7916 10
      vertex 34.3065 0.148165 10
      vertex 32.8892 11.9707 10
    endloop
  endfacet
  facet normal 0 0 1
    outer loop
      vertex 34.3258 -0.295201 10
      vertex 33.8074 -9.05867 10
      vertex 34.4683 -6.07769 10
    endloop
  endfacet
  facet normal 0 0 1
    outer loop
      vertex 30.3109 17.5 10
      vertex 34.3065 0.148165 10
      vertex 31.7208 14.7916 10
    endloop
  endfacet
  facet normal 0 0 1
    outer loop
      vertex 34.3065 -0.148165 10
      vertex 32.8892 -11.9707 10
      vertex 33.8074 -9.05867 10
    endloop
  endfacet
  facet normal 0 0 1
    outer loop
      vertex 28.6703 20.0752 10
      vertex 34.3065 0.148165 10
      vertex 30.3109 17.5 10
    endloop
  endfacet
  facet normal 0 0 1
    outer loop
      vertex 34.3065 -0.148165 10
      vertex 31.7208 -14.7916 10
      vertex 32.8892 -11.9707 10
    endloop
  endfacet
  facet normal 0 0 1
    outer loop
      vertex 26.8116 22.4976 10
      vertex 34.3065 0.148165 10
      vertex 28.6703 20.0752 10
    endloop
  endfacet
  facet normal 0 0 1
    outer loop
      vertex 34.3065 -0.148165 10
      vertex 30.3109 -17.5 10
      vertex 31.7208 -14.7916 10
    endloop
  endfacet
  facet normal 0 0 1
    outer loop
      vertex 34.3065 0.148165 10
      vertex 26.8116 22.4976 10
      vertex 34.3 0 10
    endloop
  endfacet
  facet normal 0 0 1
    outer loop
      vertex 34.3065 -0.148165 10
      vertex 28.6703 -20.0752 10
      vertex 30.3109 -17.5 10
    endloop
  endfacet
  facet normal 0 0 1
    outer loop
      vertex 24.7487 24.7487 10
      vertex 34.3 0 10
      vertex 26.8116 22.4976 10
    endloop
  endfacet
  facet normal 0 0 1
    outer loop
      vertex -17.15 -29.7047 10
      vertex 34.3 0 10
      vertex -17.15 29.7047 10
    endloop
  endfacet
  facet normal 0 0 1
    outer loop
      vertex 34.3 0 10
      vertex 24.7487 24.7487 10
      vertex -17.15 29.7047 10
    endloop
  endfacet
  facet normal 0 0 1
    outer loop
      vertex 34.3065 -0.148165 10
      vertex 26.8116 -22.4976 10
      vertex 28.6703 -20.0752 10
    endloop
  endfacet
  facet normal 0 0 1
    outer loop
      vertex -17.15 29.7047 10
      vertex 24.7487 24.7487 10
      vertex 22.4976 26.8116 10
    endloop
  endfacet
  facet normal 0 -0 1
    outer loop
      vertex 24.7487 -24.7487 10
      vertex 34.3 0 10
      vertex -17.15 -29.7047 10
    endloop
  endfacet
  facet normal 0 0 1
    outer loop
      vertex -17.15 29.7047 10
      vertex 22.4976 26.8116 10
      vertex 20.0752 28.6703 10
    endloop
  endfacet
  facet normal 0 0 1
    outer loop
      vertex 34.3 0 10
      vertex 24.7487 -24.7487 10
      vertex 26.8116 -22.4976 10
    endloop
  endfacet
  facet normal -0 0 1
    outer loop
      vertex -17.15 29.7047 10
      vertex 20.0752 28.6703 10
      vertex 17.5 30.3109 10
    endloop
  endfacet
  facet normal 0 0 1
    outer loop
      vertex 24.7487 -24.7487 10
      vertex -17.15 -29.7047 10
      vertex 22.4976 -26.8116 10
    endloop
  endfacet
  facet normal 0 0 1
    outer loop
      vertex -17.15 29.7047 10
      vertex 17.5 30.3109 10
      vertex 14.7916 31.7208 10
    endloop
  endfacet
  facet normal 0 0 1
    outer loop
      vertex 22.4976 -26.8116 10
      vertex -17.15 -29.7047 10
      vertex 20.0752 -28.6703 10
    endloop
  endfacet
  facet normal 0 0 1
    outer loop
      vertex -17.15 29.7047 10
      vertex 14.7916 31.7208 10
      vertex 11.9707 32.8892 10
    endloop
  endfacet
  facet normal 0 0 1
    outer loop
      vertex 20.0752 -28.6703 10
      vertex -17.15 -29.7047 10
      vertex 17.5 -30.3109 10
    endloop
  endfacet
  facet normal 0 0 1
    outer loop
      vertex -17.15 29.7047 10
      vertex 11.9707 32.8892 10
      vertex 9.05867 33.8074 10
    endloop
  endfacet
  facet normal 0 0 1
    outer loop
      vertex 17.5 -30.3109 10
      vertex -17.15 -29.7047 10
      vertex 14.7916 -31.7208 10
    endloop
  endfacet
  facet normal 0 0 1
    outer loop
      vertex -17.15 29.7047 10
      vertex 9.05867 33.8074 10
      vertex 6.07769 34.4683 10
    endloop
  endfacet
  facet normal 0 0 1
    outer loop
      vertex 14.7916 -31.7208 10
      vertex -17.15 -29.7047 10
      vertex 11.9707 -32.8892 10
    endloop
  endfacet
  facet normal 0 0 1
    outer loop
      vertex -17.0249 29.7844 10
      vertex 6.07769 34.4683 10
      vertex 3.05045 34.8668 10
    endloop
  endfacet
  facet normal 0 0 1
    outer loop
      vertex 11.9707 -32.8892 10
      vertex -17.15 -29.7047 10
      vertex 9.05867 -33.8074 10
    endloop
  endfacet
  facet normal 0 0 1
    outer loop
      vertex -17.0249 29.7844 10
      vertex 3.05045 34.8668 10
      vertex 0 35 10
    endloop
  endfacet
  facet normal 0 0 1
    outer loop
      vertex 9.05867 -33.8074 10
      vertex -17.15 -29.7047 10
      vertex 6.07769 -34.4683 10
    endloop
  endfacet
  facet normal 0 0 1
    outer loop
      vertex -17.0249 29.7844 10
      vertex 0 35 10
      vertex -3.05045 34.8668 10
    endloop
  endfacet
  facet normal 0 0 1
    outer loop
      vertex 6.07769 34.4683 10
      vertex -17.0249 29.7844 10
      vertex -17.15 29.7047 10
    endloop
  endfacet
  facet normal 0 0 1
    outer loop
      vertex -17.0249 29.7844 10
      vertex -3.05045 34.8668 10
      vertex -6.07769 34.4683 10
    endloop
  endfacet
  facet normal -0 -0 1
    outer loop
      vertex -17.0249 -29.7844 10
      vertex 6.07769 -34.4683 10
      vertex -17.15 -29.7047 10
    endloop
  endfacet
  facet normal 0 0 1
    outer loop
      vertex -17.0249 29.7844 10
      vertex -6.07769 34.4683 10
      vertex -9.05867 33.8074 10
    endloop
  endfacet
  facet normal 0 0 1
    outer loop
      vertex 0 -35 10
      vertex -17.0249 -29.7844 10
      vertex -3.05045 -34.8668 10
    endloop
  endfacet
  facet normal 0 0 1
    outer loop
      vertex -16.9073 29.8746 10
      vertex -9.05867 33.8074 10
      vertex -11.9707 32.8892 10
    endloop
  endfacet
  facet normal 0 0 1
    outer loop
      vertex -3.05045 -34.8668 10
      vertex -17.0249 -29.7844 10
      vertex -6.07769 -34.4683 10
    endloop
  endfacet
  facet normal 0 0 1
    outer loop
      vertex -16.6977 30.0842 10
      vertex -11.9707 32.8892 10
      vertex -14.7916 31.7208 10
    endloop
  endfacet
  facet normal 0 0 1
    outer loop
      vertex -16.9073 29.8746 10
      vertex -11.9707 32.8892 10
      vertex -16.7979 29.9748 10
    endloop
  endfacet
  facet normal 0 0 1
    outer loop
      vertex -16.3258 30.8817 10
      vertex -14.7916 31.7208 10
      vertex -16.3201 30.9251 10
    endloop
  endfacet
  facet normal 0 0 1
    outer loop
      vertex -16.3579 30.7369 10
      vertex -14.7916 31.7208 10
      vertex -16.3258 30.8817 10
    endloop
  endfacet
  facet normal 0 0 1
    outer loop
      vertex -16.4025 30.5955 10
      vertex -14.7916 31.7208 10
      vertex -16.3579 30.7369 10
    endloop
  endfacet
  facet normal 0 0 1
    outer loop
      vertex -14.7916 -31.7208 10
      vertex -16.3258 -30.8817 10
      vertex -16.3201 -30.9251 10
    endloop
  endfacet
  facet normal 0 0 1
    outer loop
      vertex -16.4593 30.4585 10
      vertex -14.7916 31.7208 10
      vertex -16.4025 30.5955 10
    endloop
  endfacet
  facet normal 0 0 1
    outer loop
      vertex -14.7916 -31.7208 10
      vertex -16.3579 -30.7369 10
      vertex -16.3258 -30.8817 10
    endloop
  endfacet
  facet normal 0 0 1
    outer loop
      vertex -16.5278 30.3269 10
      vertex -14.7916 31.7208 10
      vertex -16.4593 30.4585 10
    endloop
  endfacet
  facet normal 0 0 1
    outer loop
      vertex -14.7916 -31.7208 10
      vertex -16.4025 -30.5955 10
      vertex -16.3579 -30.7369 10
    endloop
  endfacet
  facet normal 0 0 1
    outer loop
      vertex -16.6074 30.2018 10
      vertex -14.7916 31.7208 10
      vertex -16.5278 30.3269 10
    endloop
  endfacet
  facet normal 0 0 1
    outer loop
      vertex -14.7916 -31.7208 10
      vertex -16.4593 -30.4585 10
      vertex -16.4025 -30.5955 10
    endloop
  endfacet
  facet normal 0 0 1
    outer loop
      vertex -16.6977 30.0842 10
      vertex -14.7916 31.7208 10
      vertex -16.6074 30.2018 10
    endloop
  endfacet
  facet normal 0 0 1
    outer loop
      vertex -14.7916 -31.7208 10
      vertex -16.5278 -30.3269 10
      vertex -16.4593 -30.4585 10
    endloop
  endfacet
  facet normal 0 0 1
    outer loop
      vertex -11.9707 32.8892 10
      vertex -16.6977 30.0842 10
      vertex -16.7979 29.9748 10
    endloop
  endfacet
  facet normal 0 0 1
    outer loop
      vertex -14.7916 -31.7208 10
      vertex -16.6074 -30.2018 10
      vertex -16.5278 -30.3269 10
    endloop
  endfacet
  facet normal 0 0 1
    outer loop
      vertex -9.05867 33.8074 10
      vertex -16.9073 29.8746 10
      vertex -17.0249 29.7844 10
    endloop
  endfacet
  facet normal 0 0 1
    outer loop
      vertex -14.7916 -31.7208 10
      vertex -16.6977 -30.0842 10
      vertex -16.6074 -30.2018 10
    endloop
  endfacet
  facet normal -0 -0 1
    outer loop
      vertex -16.6977 -30.0842 10
      vertex -11.9707 -32.8892 10
      vertex -16.7979 -29.9748 10
    endloop
  endfacet
  facet normal 0 0 1
    outer loop
      vertex -11.9707 -32.8892 10
      vertex -16.6977 -30.0842 10
      vertex -14.7916 -31.7208 10
    endloop
  endfacet
  facet normal 0 0 1
    outer loop
      vertex -6.07769 -34.4683 10
      vertex -17.0249 -29.7844 10
      vertex -9.05867 -33.8074 10
    endloop
  endfacet
  facet normal 0 0 1
    outer loop
      vertex -11.9707 -32.8892 10
      vertex -16.9073 -29.8746 10
      vertex -16.7979 -29.9748 10
    endloop
  endfacet
  facet normal -0 -0 1
    outer loop
      vertex -16.9073 -29.8746 10
      vertex -9.05867 -33.8074 10
      vertex -17.0249 -29.7844 10
    endloop
  endfacet
  facet normal 0 0 1
    outer loop
      vertex -9.05867 -33.8074 10
      vertex -16.9073 -29.8746 10
      vertex -11.9707 -32.8892 10
    endloop
  endfacet
  facet normal 0 0 1
    outer loop
      vertex 6.07769 -34.4683 10
      vertex -17.0249 -29.7844 10
      vertex 3.05045 -34.8668 10
    endloop
  endfacet
  facet normal 0 0 1
    outer loop
      vertex 3.05045 -34.8668 10
      vertex -17.0249 -29.7844 10
      vertex 0 -35 10
    endloop
  endfacet
  facet normal -0 0 1
    outer loop
      vertex -17.2815 29.6362 10
      vertex -17.15 -29.7047 10
      vertex -17.15 29.7047 10
    endloop
  endfacet
  facet normal 0 0 1
    outer loop
      vertex -17.2815 29.6362 10
      vertex -17.2815 -29.6362 10
      vertex -17.15 -29.7047 10
    endloop
  endfacet
  facet normal 0 0 1
    outer loop
      vertex -26.8116 22.4976 10
      vertex -17.2815 29.6362 10
      vertex -17.4186 29.5794 10
    endloop
  endfacet
  facet normal 0 0 1
    outer loop
      vertex -17.2815 29.6362 10
      vertex -33.8074 9.05867 10
      vertex -17.2815 -29.6362 10
    endloop
  endfacet
  facet normal 0 0 1
    outer loop
      vertex -22.4976 26.8116 10
      vertex -17.4186 29.5794 10
      vertex -17.56 29.5348 10
    endloop
  endfacet
  facet normal -0 0 1
    outer loop
      vertex -34.4683 6.07769 10
      vertex -17.2815 -29.6362 10
      vertex -33.8074 9.05867 10
    endloop
  endfacet
  facet normal 0 0 1
    outer loop
      vertex -22.4976 26.8116 10
      vertex -17.56 29.5348 10
      vertex -17.7048 29.5027 10
    endloop
  endfacet
  facet normal -0 -0 1
    outer loop
      vertex -33.8074 -9.05867 10
      vertex -17.2815 -29.6362 10
      vertex -34.4683 6.07769 10
    endloop
  endfacet
  facet normal 0 0 1
    outer loop
      vertex -20.0752 28.6703 10
      vertex -17.7048 29.5027 10
      vertex -17.8518 29.4834 10
    endloop
  endfacet
  facet normal -0 -0 1
    outer loop
      vertex -32.8892 -11.9707 10
      vertex -17.2815 -29.6362 10
      vertex -33.8074 -9.05867 10
    endloop
  endfacet
  facet normal 0 0 1
    outer loop
      vertex -20.0752 28.6703 10
      vertex -17.8518 29.4834 10
      vertex -18 29.4769 10
    endloop
  endfacet
  facet normal -0 -0 1
    outer loop
      vertex -30.3109 -17.5 10
      vertex -17.2815 -29.6362 10
      vertex -31.7208 -14.7916 10
    endloop
  endfacet
  facet normal 0 0 1
    outer loop
      vertex -20.0752 28.6703 10
      vertex -18 29.4769 10
      vertex -18.1482 29.4834 10
    endloop
  endfacet
  facet normal 0 0 1
    outer loop
      vertex -17.2815 29.6362 10
      vertex -32.8892 11.9707 10
      vertex -33.8074 9.05867 10
    endloop
  endfacet
  facet normal 0 0 1
    outer loop
      vertex -20.0752 28.6703 10
      vertex -18.1482 29.4834 10
      vertex -18.2952 29.5027 10
    endloop
  endfacet
  facet normal 0 0 1
    outer loop
      vertex -17.2815 29.6362 10
      vertex -31.7208 14.7916 10
      vertex -32.8892 11.9707 10
    endloop
  endfacet
  facet normal 0 0 1
    outer loop
      vertex -20.0752 28.6703 10
      vertex -18.2952 29.5027 10
      vertex -18.44 29.5348 10
    endloop
  endfacet
  facet normal 0 0 1
    outer loop
      vertex -17.2815 29.6362 10
      vertex -30.3109 17.5 10
      vertex -31.7208 14.7916 10
    endloop
  endfacet
  facet normal 0 0 1
    outer loop
      vertex -20.0752 28.6703 10
      vertex -18.44 29.5348 10
      vertex -18.5814 29.5794 10
    endloop
  endfacet
  facet normal 0 0 1
    outer loop
      vertex -17.4186 29.5794 10
      vertex -24.7487 24.7487 10
      vertex -26.8116 22.4976 10
    endloop
  endfacet
  facet normal 0 0 1
    outer loop
      vertex -20.0752 28.6703 10
      vertex -18.5814 29.5794 10
      vertex -18.6219 29.5962 10
    endloop
  endfacet
  facet normal 0 0 1
    outer loop
      vertex -17.4186 29.5794 10
      vertex -22.4976 26.8116 10
      vertex -24.7487 24.7487 10
    endloop
  endfacet
  facet normal 0 0 1
    outer loop
      vertex -17.7048 29.5027 10
      vertex -20.0752 28.6703 10
      vertex -22.4976 26.8116 10
    endloop
  endfacet
  facet normal 0 0 1
    outer loop
      vertex -17.2815 29.6362 10
      vertex -26.8116 22.4976 10
      vertex -28.6703 20.0752 10
    endloop
  endfacet
  facet normal 0 0 1
    outer loop
      vertex -18.44 -29.5348 10
      vertex -20.0752 -28.6703 10
      vertex -18.5814 -29.5794 10
    endloop
  endfacet
  facet normal 0 0 1
    outer loop
      vertex -18.5814 -29.5794 10
      vertex -20.0752 -28.6703 10
      vertex -18.6219 -29.5962 10
    endloop
  endfacet
  facet normal 0 0 1
    outer loop
      vertex -18.1482 -29.4834 10
      vertex -20.0752 -28.6703 10
      vertex -18.2952 -29.5027 10
    endloop
  endfacet
  facet normal 0 0 1
    outer loop
      vertex -18.2952 -29.5027 10
      vertex -20.0752 -28.6703 10
      vertex -18.44 -29.5348 10
    endloop
  endfacet
  facet normal 0 0 1
    outer loop
      vertex -17.2815 29.6362 10
      vertex -28.6703 20.0752 10
      vertex -30.3109 17.5 10
    endloop
  endfacet
  facet normal 0 0 1
    outer loop
      vertex -18 -29.4769 10
      vertex -20.0752 -28.6703 10
      vertex -18.1482 -29.4834 10
    endloop
  endfacet
  facet normal -0 -0 1
    outer loop
      vertex -28.6703 -20.0752 10
      vertex -17.2815 -29.6362 10
      vertex -30.3109 -17.5 10
    endloop
  endfacet
  facet normal 0 0 1
    outer loop
      vertex -17.8518 -29.4834 10
      vertex -20.0752 -28.6703 10
      vertex -18 -29.4769 10
    endloop
  endfacet
  facet normal -0 -0 1
    outer loop
      vertex -20.0752 -28.6703 10
      vertex -17.7048 -29.5027 10
      vertex -22.4976 -26.8116 10
    endloop
  endfacet
  facet normal 0 0 1
    outer loop
      vertex -17.7048 -29.5027 10
      vertex -20.0752 -28.6703 10
      vertex -17.8518 -29.4834 10
    endloop
  endfacet
  facet normal 0 0 1
    outer loop
      vertex -17.4186 -29.5794 10
      vertex -22.4976 -26.8116 10
      vertex -17.56 -29.5348 10
    endloop
  endfacet
  facet normal 0 0 1
    outer loop
      vertex -17.56 -29.5348 10
      vertex -22.4976 -26.8116 10
      vertex -17.7048 -29.5027 10
    endloop
  endfacet
  facet normal -0 -0 1
    outer loop
      vertex -24.7487 -24.7487 10
      vertex -17.4186 -29.5794 10
      vertex -26.8116 -22.4976 10
    endloop
  endfacet
  facet normal -0 -0 1
    outer loop
      vertex -22.4976 -26.8116 10
      vertex -17.4186 -29.5794 10
      vertex -24.7487 -24.7487 10
    endloop
  endfacet
  facet normal -0 -0 1
    outer loop
      vertex -26.8116 -22.4976 10
      vertex -17.2815 -29.6362 10
      vertex -28.6703 -20.0752 10
    endloop
  endfacet
  facet normal 0 0 1
    outer loop
      vertex -17.2815 -29.6362 10
      vertex -26.8116 -22.4976 10
      vertex -17.4186 -29.5794 10
    endloop
  endfacet
  facet normal -0 -0 1
    outer loop
      vertex -31.7208 -14.7916 10
      vertex -17.2815 -29.6362 10
      vertex -32.8892 -11.9707 10
    endloop
  endfacet
  facet normal 0 0 1
    outer loop
      vertex -34.4683 6.07769 10
      vertex -34.4683 -6.07769 10
      vertex -33.8074 -9.05867 10
    endloop
  endfacet
  facet normal -0 0 1
    outer loop
      vertex -34.8668 3.05045 10
      vertex -34.4683 -6.07769 10
      vertex -34.4683 6.07769 10
    endloop
  endfacet
  facet normal 0 0 1
    outer loop
      vertex -34.8668 3.05045 10
      vertex -34.8668 -3.05045 10
      vertex -34.4683 -6.07769 10
    endloop
  endfacet
  facet normal 0 -0 1
    outer loop
      vertex -34.8668 -3.05045 10
      vertex -34.8668 3.05045 10
      vertex -35 0 10
    endloop
  endfacet
  facet normal 0 0 -1
    outer loop
      vertex 43.2562 -3.29449 0
      vertex 45 0 0
      vertex 44.8288 -3.92201 0
    endloop
  endfacet
  facet normal 0 0 -1
    outer loop
      vertex 43.1711 -4.26692 0
      vertex 44.8288 -3.92201 0
      vertex 44.3163 -7.81417 0
    endloop
  endfacet
  facet normal -0 0 -1
    outer loop
      vertex 45 0 0
      vertex 43.2562 -3.29449 0
      vertex 43.4 0 0
    endloop
  endfacet
  facet normal 0 0 -1
    outer loop
      vertex 42.0269 -10.7558 0
      vertex 44.3163 -7.81417 0
      vertex 43.4667 -11.6469 0
    endloop
  endfacet
  facet normal 0 0 -1
    outer loop
      vertex 45 0 0
      vertex 43.2562 3.29449 0
      vertex 44.8288 3.92201 0
    endloop
  endfacet
  facet normal 0 0 -1
    outer loop
      vertex 43.2348 3.78256 0
      vertex 44.8288 3.92201 0
      vertex 43.2562 3.29449 0
    endloop
  endfacet
  facet normal 0 0 -1
    outer loop
      vertex 43.2562 3.29449 0
      vertex 45 0 0
      vertex 43.4 0 0
    endloop
  endfacet
  facet normal 0 0 -1
    outer loop
      vertex 44.8288 -3.92201 0
      vertex 43.2348 -3.78256 0
      vertex 43.2562 -3.29449 0
    endloop
  endfacet
  facet normal -0 0 -1
    outer loop
      vertex 44.8288 -3.92201 0
      vertex 43.1711 -4.26692 0
      vertex 43.2348 -3.78256 0
    endloop
  endfacet
  facet normal 0 0 -1
    outer loop
      vertex 44.3163 -7.81417 0
      vertex 42.7407 -7.53633 0
      vertex 43.1711 -4.26692 0
    endloop
  endfacet
  facet normal 0 0 -1
    outer loop
      vertex 40.9296 -14.3777 0
      vertex 43.4667 -11.6469 0
      vertex 42.2862 -15.3909 0
    endloop
  endfacet
  facet normal -0 0 -1
    outer loop
      vertex 44.3163 -7.81417 0
      vertex 42.0269 -10.7558 0
      vertex 42.7407 -7.53633 0
    endloop
  endfacet
  facet normal 0 0 -1
    outer loop
      vertex 43.4667 -11.6469 0
      vertex 41.9212 -11.2327 0
      vertex 42.0269 -10.7558 0
    endloop
  endfacet
  facet normal -0 0 -1
    outer loop
      vertex 43.4667 -11.6469 0
      vertex 40.9296 -14.3777 0
      vertex 41.9212 -11.2327 0
    endloop
  endfacet
  facet normal 0 0 -1
    outer loop
      vertex 39.5207 -17.8903 0
      vertex 42.2862 -15.3909 0
      vertex 40.7839 -19.0178 0
    endloop
  endfacet
  facet normal 0 0 -1
    outer loop
      vertex 42.2862 -15.3909 0
      vertex 40.7827 -14.8437 0
      vertex 40.9296 -14.3777 0
    endloop
  endfacet
  facet normal -0 0 -1
    outer loop
      vertex 42.2862 -15.3909 0
      vertex 39.5207 -17.8903 0
      vertex 40.7827 -14.8437 0
    endloop
  endfacet
  facet normal 0 0 -1
    outer loop
      vertex 40.7839 -19.0178 0
      vertex 39.3338 -18.3416 0
      vertex 39.5207 -17.8903 0
    endloop
  endfacet
  facet normal 0 0 -1
    outer loop
      vertex 37.8111 -21.2667 0
      vertex 40.7839 -19.0178 0
      vertex 38.9711 -22.5 0
    endloop
  endfacet
  facet normal -0 0 -1
    outer loop
      vertex 40.7839 -19.0178 0
      vertex 37.8111 -21.2667 0
      vertex 39.3338 -18.3416 0
    endloop
  endfacet
  facet normal 0 0 -1
    outer loop
      vertex 38.9711 -22.5 0
      vertex 37.5855 -21.7 0
      vertex 37.8111 -21.2667 0
    endloop
  endfacet
  facet normal 0 0 -1
    outer loop
      vertex 38.9711 -22.5 0
      vertex 37.323 -22.112 0
      vertex 37.5855 -21.7 0
    endloop
  endfacet
  facet normal 0 0 -1
    outer loop
      vertex 36.8618 -25.8109 0
      vertex 37.323 -22.112 0
      vertex 38.9711 -22.5 0
    endloop
  endfacet
  facet normal 0 0 -1
    outer loop
      vertex 36.8618 -25.8109 0
      vertex 35.5512 -24.8932 0
      vertex 37.323 -22.112 0
    endloop
  endfacet
  facet normal 0 0 -1
    outer loop
      vertex 36.8618 -25.8109 0
      vertex 35.2538 -25.2808 0
      vertex 35.5512 -24.8932 0
    endloop
  endfacet
  facet normal 0 0 -1
    outer loop
      vertex 34.472 -28.9254 0
      vertex 35.2538 -25.2808 0
      vertex 36.8618 -25.8109 0
    endloop
  endfacet
  facet normal 0 0 -1
    outer loop
      vertex 34.472 -28.9254 0
      vertex 33.2463 -27.897 0
      vertex 35.2538 -25.2808 0
    endloop
  endfacet
  facet normal 0 0 -1
    outer loop
      vertex 31.0185 -30.3282 0
      vertex 34.472 -28.9254 0
      vertex 31.8198 -31.8198 0
    endloop
  endfacet
  facet normal -0 0 -1
    outer loop
      vertex 34.472 -28.9254 0
      vertex 31.0185 -30.3282 0
      vertex 33.2463 -27.897 0
    endloop
  endfacet
  facet normal 0 0 -1
    outer loop
      vertex 31.8198 -31.8198 0
      vertex 30.6884 -30.6884 0
      vertex 31.0185 -30.3282 0
    endloop
  endfacet
  facet normal 0 0 -1
    outer loop
      vertex 31.8198 -31.8198 0
      vertex 30.3282 -31.0185 0
      vertex 30.6884 -30.6884 0
    endloop
  endfacet
  facet normal 0 0 -1
    outer loop
      vertex 28.9254 -34.472 0
      vertex 30.3282 -31.0185 0
      vertex 31.8198 -31.8198 0
    endloop
  endfacet
  facet normal 0 0 -1
    outer loop
      vertex 28.9254 -34.472 0
      vertex 27.897 -33.2463 0
      vertex 30.3282 -31.0185 0
    endloop
  endfacet
  facet normal 0 0 -1
    outer loop
      vertex 25.2808 -35.2538 0
      vertex 28.9254 -34.472 0
      vertex 25.8109 -36.8618 0
    endloop
  endfacet
  facet normal -0 0 -1
    outer loop
      vertex 28.9254 -34.472 0
      vertex 25.2808 -35.2538 0
      vertex 27.897 -33.2463 0
    endloop
  endfacet
  facet normal 0 0 -1
    outer loop
      vertex 25.8109 -36.8618 0
      vertex 24.8932 -35.5512 0
      vertex 25.2808 -35.2538 0
    endloop
  endfacet
  facet normal 0 0 -1
    outer loop
      vertex 22.112 -37.323 0
      vertex 25.8109 -36.8618 0
      vertex 22.5 -38.9711 0
    endloop
  endfacet
  facet normal -0 0 -1
    outer loop
      vertex 25.8109 -36.8618 0
      vertex 22.112 -37.323 0
      vertex 24.8932 -35.5512 0
    endloop
  endfacet
  facet normal 0 0 -1
    outer loop
      vertex 22.5 -38.9711 0
      vertex 21.7 -37.5855 0
      vertex 22.112 -37.323 0
    endloop
  endfacet
  facet normal 0 0 -1
    outer loop
      vertex 22.5 -38.9711 0
      vertex 21.2667 -37.8111 0
      vertex 21.7 -37.5855 0
    endloop
  endfacet
  facet normal 0 0 -1
    outer loop
      vertex 19.0178 -40.7839 0
      vertex 21.2667 -37.8111 0
      vertex 22.5 -38.9711 0
    endloop
  endfacet
  facet normal 0 0 -1
    outer loop
      vertex 19.0178 -40.7839 0
      vertex 18.3416 -39.3338 0
      vertex 21.2667 -37.8111 0
    endloop
  endfacet
  facet normal 0 0 -1
    outer loop
      vertex 19.0178 -40.7839 0
      vertex 17.8903 -39.5207 0
      vertex 18.3416 -39.3338 0
    endloop
  endfacet
  facet normal 0 0 -1
    outer loop
      vertex 15.3909 -42.2862 0
      vertex 17.8903 -39.5207 0
      vertex 19.0178 -40.7839 0
    endloop
  endfacet
  facet normal 0 0 -1
    outer loop
      vertex 15.3909 -42.2862 0
      vertex 14.8437 -40.7827 0
      vertex 17.8903 -39.5207 0
    endloop
  endfacet
  facet normal 0 0 -1
    outer loop
      vertex 15.3909 -42.2862 0
      vertex 14.3777 -40.9296 0
      vertex 14.8437 -40.7827 0
    endloop
  endfacet
  facet normal 0 0 -1
    outer loop
      vertex 11.6469 -43.4667 0
      vertex 14.3777 -40.9296 0
      vertex 15.3909 -42.2862 0
    endloop
  endfacet
  facet normal 0 0 -1
    outer loop
      vertex 11.6469 -43.4667 0
      vertex 11.2327 -41.9212 0
      vertex 14.3777 -40.9296 0
    endloop
  endfacet
  facet normal 0 0 -1
    outer loop
      vertex 11.6469 -43.4667 0
      vertex 10.7558 -42.0269 0
      vertex 11.2327 -41.9212 0
    endloop
  endfacet
  facet normal 0 0 -1
    outer loop
      vertex 7.81417 -44.3163 0
      vertex 10.7558 -42.0269 0
      vertex 11.6469 -43.4667 0
    endloop
  endfacet
  facet normal 0 0 -1
    outer loop
      vertex 7.81417 -44.3163 0
      vertex 7.53633 -42.7407 0
      vertex 10.7558 -42.0269 0
    endloop
  endfacet
  facet normal 0 0 -1
    outer loop
      vertex 7.81417 -44.3163 0
      vertex 4.26692 -43.1711 0
      vertex 7.53633 -42.7407 0
    endloop
  endfacet
  facet normal 0 0 -1
    outer loop
      vertex 3.92201 -44.8288 0
      vertex 4.26692 -43.1711 0
      vertex 7.81417 -44.3163 0
    endloop
  endfacet
  facet normal 0 0 -1
    outer loop
      vertex 3.92201 -44.8288 0
      vertex 3.78256 -43.2348 0
      vertex 4.26692 -43.1711 0
    endloop
  endfacet
  facet normal 0 0 -1
    outer loop
      vertex 3.92201 -44.8288 0
      vertex 3.29449 -43.2562 0
      vertex 3.78256 -43.2348 0
    endloop
  endfacet
  facet normal 0 0 -1
    outer loop
      vertex 0 -45 0
      vertex 3.29449 -43.2562 0
      vertex 3.92201 -44.8288 0
    endloop
  endfacet
  facet normal 0 0 -1
    outer loop
      vertex 0 -45 0
      vertex 0 -43.4 0
      vertex 3.29449 -43.2562 0
    endloop
  endfacet
  facet normal 0 0 -1
    outer loop
      vertex 0 -45 0
      vertex -3.29449 -43.2562 0
      vertex 0 -43.4 0
    endloop
  endfacet
  facet normal 0 0 -1
    outer loop
      vertex -3.92201 -44.8288 0
      vertex -3.29449 -43.2562 0
      vertex 0 -45 0
    endloop
  endfacet
  facet normal -0 0 -1
    outer loop
      vertex -3.29449 -43.2562 0
      vertex -3.92201 -44.8288 0
      vertex -3.78256 -43.2348 0
    endloop
  endfacet
  facet normal 0 0 -1
    outer loop
      vertex -3.92201 -44.8288 0
      vertex -4.26692 -43.1711 0
      vertex -3.78256 -43.2348 0
    endloop
  endfacet
  facet normal 0 0 -1
    outer loop
      vertex -7.81417 -44.3163 0
      vertex -4.26692 -43.1711 0
      vertex -3.92201 -44.8288 0
    endloop
  endfacet
  facet normal -0 0 -1
    outer loop
      vertex -4.26692 -43.1711 0
      vertex -7.81417 -44.3163 0
      vertex -7.53633 -42.7407 0
    endloop
  endfacet
  facet normal 0 0 -1
    outer loop
      vertex -7.81417 -44.3163 0
      vertex -10.7558 -42.0269 0
      vertex -7.53633 -42.7407 0
    endloop
  endfacet
  facet normal 0 0 -1
    outer loop
      vertex -11.6469 -43.4667 0
      vertex -10.7558 -42.0269 0
      vertex -7.81417 -44.3163 0
    endloop
  endfacet
  facet normal -0 0 -1
    outer loop
      vertex -10.7558 -42.0269 0
      vertex -11.6469 -43.4667 0
      vertex -11.2327 -41.9212 0
    endloop
  endfacet
  facet normal 0 0 -1
    outer loop
      vertex -11.6469 -43.4667 0
      vertex -14.3777 -40.9296 0
      vertex -11.2327 -41.9212 0
    endloop
  endfacet
  facet normal 0 0 -1
    outer loop
      vertex -15.3909 -42.2862 0
      vertex -14.3777 -40.9296 0
      vertex -11.6469 -43.4667 0
    endloop
  endfacet
  facet normal -0 0 -1
    outer loop
      vertex -14.3777 -40.9296 0
      vertex -15.3909 -42.2862 0
      vertex -14.8437 -40.7827 0
    endloop
  endfacet
  facet normal 0 0 -1
    outer loop
      vertex -15.3909 -42.2862 0
      vertex -17.8903 -39.5207 0
      vertex -14.8437 -40.7827 0
    endloop
  endfacet
  facet normal 0 0 -1
    outer loop
      vertex -19.0178 -40.7839 0
      vertex -17.8903 -39.5207 0
      vertex -15.3909 -42.2862 0
    endloop
  endfacet
  facet normal -0 0 -1
    outer loop
      vertex -17.8903 -39.5207 0
      vertex -19.0178 -40.7839 0
      vertex -18.3416 -39.3338 0
    endloop
  endfacet
  facet normal 0 0 -1
    outer loop
      vertex -19.0178 -40.7839 0
      vertex -21.2667 -37.8111 0
      vertex -18.3416 -39.3338 0
    endloop
  endfacet
  facet normal 0 0 -1
    outer loop
      vertex -22.5 -38.9711 0
      vertex -21.2667 -37.8111 0
      vertex -19.0178 -40.7839 0
    endloop
  endfacet
  facet normal -0 0 -1
    outer loop
      vertex -21.2667 -37.8111 0
      vertex -22.5 -38.9711 0
      vertex -21.7 -37.5855 0
    endloop
  endfacet
  facet normal -0 0 -1
    outer loop
      vertex -21.7 -37.5855 0
      vertex -22.5 -38.9711 0
      vertex -22.112 -37.323 0
    endloop
  endfacet
  facet normal 0 0 -1
    outer loop
      vertex -25.8109 -36.8618 0
      vertex -22.112 -37.323 0
      vertex -22.5 -38.9711 0
    endloop
  endfacet
  facet normal 0 0 -1
    outer loop
      vertex -22.112 -37.323 0
      vertex -25.8109 -36.8618 0
      vertex -24.8932 -35.5512 0
    endloop
  endfacet
  facet normal -0 0 -1
    outer loop
      vertex -24.8932 -35.5512 0
      vertex -25.8109 -36.8618 0
      vertex -25.2808 -35.2538 0
    endloop
  endfacet
  facet normal 0 0 -1
    outer loop
      vertex -28.9254 -34.472 0
      vertex -25.2808 -35.2538 0
      vertex -25.8109 -36.8618 0
    endloop
  endfacet
  facet normal 0 0 -1
    outer loop
      vertex -25.2808 -35.2538 0
      vertex -28.9254 -34.472 0
      vertex -27.897 -33.2463 0
    endloop
  endfacet
  facet normal 0 0 -1
    outer loop
      vertex -28.9254 -34.472 0
      vertex -30.3282 -31.0185 0
      vertex -27.897 -33.2463 0
    endloop
  endfacet
  facet normal 0 0 -1
    outer loop
      vertex -31.8198 -31.8198 0
      vertex -30.3282 -31.0185 0
      vertex -28.9254 -34.472 0
    endloop
  endfacet
  facet normal -0 0 -1
    outer loop
      vertex -30.3282 -31.0185 0
      vertex -31.8198 -31.8198 0
      vertex -30.6884 -30.6884 0
    endloop
  endfacet
  facet normal -0 0 -1
    outer loop
      vertex -30.6884 -30.6884 0
      vertex -31.8198 -31.8198 0
      vertex -31.0185 -30.3282 0
    endloop
  endfacet
  facet normal 0 0 -1
    outer loop
      vertex -34.472 -28.9254 0
      vertex -31.0185 -30.3282 0
      vertex -31.8198 -31.8198 0
    endloop
  endfacet
  facet normal 0 0 -1
    outer loop
      vertex -31.0185 -30.3282 0
      vertex -34.472 -28.9254 0
      vertex -33.2463 -27.897 0
    endloop
  endfacet
  facet normal 0 0 -1
    outer loop
      vertex -34.472 -28.9254 0
      vertex -35.2538 -25.2808 0
      vertex -33.2463 -27.897 0
    endloop
  endfacet
  facet normal 0 0 -1
    outer loop
      vertex -36.8618 -25.8109 0
      vertex -35.2538 -25.2808 0
      vertex -34.472 -28.9254 0
    endloop
  endfacet
  facet normal -0 0 -1
    outer loop
      vertex -35.2538 -25.2808 0
      vertex -36.8618 -25.8109 0
      vertex -35.5512 -24.8932 0
    endloop
  endfacet
  facet normal 0 0 -1
    outer loop
      vertex -36.8618 -25.8109 0
      vertex -37.323 -22.112 0
      vertex -35.5512 -24.8932 0
    endloop
  endfacet
  facet normal 0 0 -1
    outer loop
      vertex -38.9711 -22.5 0
      vertex -37.323 -22.112 0
      vertex -36.8618 -25.8109 0
    endloop
  endfacet
  facet normal -0 0 -1
    outer loop
      vertex -37.323 -22.112 0
      vertex -38.9711 -22.5 0
      vertex -37.5855 -21.7 0
    endloop
  endfacet
  facet normal -0 0 -1
    outer loop
      vertex -37.5855 -21.7 0
      vertex -38.9711 -22.5 0
      vertex -37.8111 -21.2667 0
    endloop
  endfacet
  facet normal 0 0 -1
    outer loop
      vertex -40.7839 -19.0178 0
      vertex -37.8111 -21.2667 0
      vertex -38.9711 -22.5 0
    endloop
  endfacet
  facet normal 0 0 -1
    outer loop
      vertex -37.8111 -21.2667 0
      vertex -40.7839 -19.0178 0
      vertex -39.3338 -18.3416 0
    endloop
  endfacet
  facet normal -0 0 -1
    outer loop
      vertex -39.3338 -18.3416 0
      vertex -40.7839 -19.0178 0
      vertex -39.5207 -17.8903 0
    endloop
  endfacet
  facet normal 0 0 -1
    outer loop
      vertex -42.2862 -15.3909 0
      vertex -39.5207 -17.8903 0
      vertex -40.7839 -19.0178 0
    endloop
  endfacet
  facet normal 0 0 -1
    outer loop
      vertex -39.5207 -17.8903 0
      vertex -42.2862 -15.3909 0
      vertex -40.7827 -14.8437 0
    endloop
  endfacet
  facet normal -0 0 -1
    outer loop
      vertex -40.7827 -14.8437 0
      vertex -42.2862 -15.3909 0
      vertex -40.9296 -14.3777 0
    endloop
  endfacet
  facet normal 0 0 -1
    outer loop
      vertex -43.4667 -11.6469 0
      vertex -40.9296 -14.3777 0
      vertex -42.2862 -15.3909 0
    endloop
  endfacet
  facet normal 0 0 -1
    outer loop
      vertex -40.9296 -14.3777 0
      vertex -43.4667 -11.6469 0
      vertex -41.9212 -11.2327 0
    endloop
  endfacet
  facet normal -0 0 -1
    outer loop
      vertex -41.9212 -11.2327 0
      vertex -43.4667 -11.6469 0
      vertex -42.0269 -10.7558 0
    endloop
  endfacet
  facet normal 0 0 -1
    outer loop
      vertex -44.3163 -7.81417 0
      vertex -42.0269 -10.7558 0
      vertex -43.4667 -11.6469 0
    endloop
  endfacet
  facet normal 0 0 -1
    outer loop
      vertex -42.0269 -10.7558 0
      vertex -44.3163 -7.81417 0
      vertex -42.7407 -7.53633 0
    endloop
  endfacet
  facet normal 0 0 -1
    outer loop
      vertex -43.1711 -4.26692 0
      vertex -44.8288 -3.92201 0
      vertex -43.2348 -3.78256 0
    endloop
  endfacet
  facet normal 0 0 -1
    outer loop
      vertex -44.8288 -3.92201 0
      vertex -43.1711 -4.26692 0
      vertex -44.3163 -7.81417 0
    endloop
  endfacet
  facet normal -0 0 -1
    outer loop
      vertex -42.7407 -7.53633 0
      vertex -44.3163 -7.81417 0
      vertex -43.1711 -4.26692 0
    endloop
  endfacet
  facet normal 0 0 -1
    outer loop
      vertex 43.1711 4.26692 0
      vertex 44.8288 3.92201 0
      vertex 43.2348 3.78256 0
    endloop
  endfacet
  facet normal 0 0 -1
    outer loop
      vertex 44.8288 3.92201 0
      vertex 43.1711 4.26692 0
      vertex 44.3163 7.81417 0
    endloop
  endfacet
  facet normal 0 0 -1
    outer loop
      vertex 42.7407 7.53633 0
      vertex 44.3163 7.81417 0
      vertex 43.1711 4.26692 0
    endloop
  endfacet
  facet normal 0 0 -1
    outer loop
      vertex 42.0269 10.7558 0
      vertex 44.3163 7.81417 0
      vertex 42.7407 7.53633 0
    endloop
  endfacet
  facet normal 0 0 -1
    outer loop
      vertex 44.3163 7.81417 0
      vertex 42.0269 10.7558 0
      vertex 43.4667 11.6469 0
    endloop
  endfacet
  facet normal 0 0 -1
    outer loop
      vertex 41.9212 11.2327 0
      vertex 43.4667 11.6469 0
      vertex 42.0269 10.7558 0
    endloop
  endfacet
  facet normal 0 0 -1
    outer loop
      vertex 40.9296 14.3777 0
      vertex 43.4667 11.6469 0
      vertex 41.9212 11.2327 0
    endloop
  endfacet
  facet normal 0 0 -1
    outer loop
      vertex 43.4667 11.6469 0
      vertex 40.9296 14.3777 0
      vertex 42.2862 15.3909 0
    endloop
  endfacet
  facet normal 0 0 -1
    outer loop
      vertex 40.7827 14.8437 0
      vertex 42.2862 15.3909 0
      vertex 40.9296 14.3777 0
    endloop
  endfacet
  facet normal 0 0 -1
    outer loop
      vertex 39.5207 17.8903 0
      vertex 42.2862 15.3909 0
      vertex 40.7827 14.8437 0
    endloop
  endfacet
  facet normal 0 0 -1
    outer loop
      vertex 42.2862 15.3909 0
      vertex 39.5207 17.8903 0
      vertex 40.7839 19.0178 0
    endloop
  endfacet
  facet normal 0 0 -1
    outer loop
      vertex 39.3338 18.3416 0
      vertex 40.7839 19.0178 0
      vertex 39.5207 17.8903 0
    endloop
  endfacet
  facet normal 0 0 -1
    outer loop
      vertex 37.8111 21.2667 0
      vertex 40.7839 19.0178 0
      vertex 39.3338 18.3416 0
    endloop
  endfacet
  facet normal 0 0 -1
    outer loop
      vertex 40.7839 19.0178 0
      vertex 37.8111 21.2667 0
      vertex 38.9711 22.5 0
    endloop
  endfacet
  facet normal 0 0 -1
    outer loop
      vertex 37.5855 21.7 0
      vertex 38.9711 22.5 0
      vertex 37.8111 21.2667 0
    endloop
  endfacet
  facet normal 0 0 -1
    outer loop
      vertex 37.323 22.112 0
      vertex 38.9711 22.5 0
      vertex 37.5855 21.7 0
    endloop
  endfacet
  facet normal 0 0 -1
    outer loop
      vertex 37.323 22.112 0
      vertex 36.8618 25.8109 0
      vertex 38.9711 22.5 0
    endloop
  endfacet
  facet normal 0 0 -1
    outer loop
      vertex 35.5512 24.8932 0
      vertex 36.8618 25.8109 0
      vertex 37.323 22.112 0
    endloop
  endfacet
  facet normal 0 0 -1
    outer loop
      vertex 35.2538 25.2808 0
      vertex 36.8618 25.8109 0
      vertex 35.5512 24.8932 0
    endloop
  endfacet
  facet normal 0 0 -1
    outer loop
      vertex 35.2538 25.2808 0
      vertex 34.472 28.9254 0
      vertex 36.8618 25.8109 0
    endloop
  endfacet
  facet normal 0 0 -1
    outer loop
      vertex 33.2463 27.897 0
      vertex 34.472 28.9254 0
      vertex 35.2538 25.2808 0
    endloop
  endfacet
  facet normal 0 0 -1
    outer loop
      vertex 31.0185 30.3282 0
      vertex 34.472 28.9254 0
      vertex 33.2463 27.897 0
    endloop
  endfacet
  facet normal 0 0 -1
    outer loop
      vertex 34.472 28.9254 0
      vertex 31.0185 30.3282 0
      vertex 31.8198 31.8198 0
    endloop
  endfacet
  facet normal 0 0 -1
    outer loop
      vertex 30.6884 30.6884 0
      vertex 31.8198 31.8198 0
      vertex 31.0185 30.3282 0
    endloop
  endfacet
  facet normal 0 0 -1
    outer loop
      vertex 30.3282 31.0185 0
      vertex 31.8198 31.8198 0
      vertex 30.6884 30.6884 0
    endloop
  endfacet
  facet normal 0 0 -1
    outer loop
      vertex 30.3282 31.0185 0
      vertex 28.9254 34.472 0
      vertex 31.8198 31.8198 0
    endloop
  endfacet
  facet normal 0 0 -1
    outer loop
      vertex 27.897 33.2463 0
      vertex 28.9254 34.472 0
      vertex 30.3282 31.0185 0
    endloop
  endfacet
  facet normal 0 0 -1
    outer loop
      vertex 25.2808 35.2538 0
      vertex 28.9254 34.472 0
      vertex 27.897 33.2463 0
    endloop
  endfacet
  facet normal 0 0 -1
    outer loop
      vertex 28.9254 34.472 0
      vertex 25.2808 35.2538 0
      vertex 25.8109 36.8618 0
    endloop
  endfacet
  facet normal 0 0 -1
    outer loop
      vertex 24.8932 35.5512 0
      vertex 25.8109 36.8618 0
      vertex 25.2808 35.2538 0
    endloop
  endfacet
  facet normal 0 0 -1
    outer loop
      vertex 22.112 37.323 0
      vertex 25.8109 36.8618 0
      vertex 24.8932 35.5512 0
    endloop
  endfacet
  facet normal 0 0 -1
    outer loop
      vertex 25.8109 36.8618 0
      vertex 22.112 37.323 0
      vertex 22.5 38.9711 0
    endloop
  endfacet
  facet normal 0 0 -1
    outer loop
      vertex 21.7 37.5855 0
      vertex 22.5 38.9711 0
      vertex 22.112 37.323 0
    endloop
  endfacet
  facet normal 0 0 -1
    outer loop
      vertex 21.2667 37.8111 0
      vertex 22.5 38.9711 0
      vertex 21.7 37.5855 0
    endloop
  endfacet
  facet normal 0 0 -1
    outer loop
      vertex 21.2667 37.8111 0
      vertex 19.0178 40.7839 0
      vertex 22.5 38.9711 0
    endloop
  endfacet
  facet normal 0 0 -1
    outer loop
      vertex 18.3416 39.3338 0
      vertex 19.0178 40.7839 0
      vertex 21.2667 37.8111 0
    endloop
  endfacet
  facet normal 0 0 -1
    outer loop
      vertex 17.8903 39.5207 0
      vertex 19.0178 40.7839 0
      vertex 18.3416 39.3338 0
    endloop
  endfacet
  facet normal 0 0 -1
    outer loop
      vertex 17.8903 39.5207 0
      vertex 15.3909 42.2862 0
      vertex 19.0178 40.7839 0
    endloop
  endfacet
  facet normal 0 0 -1
    outer loop
      vertex 14.8437 40.7827 0
      vertex 15.3909 42.2862 0
      vertex 17.8903 39.5207 0
    endloop
  endfacet
  facet normal 0 0 -1
    outer loop
      vertex 14.3777 40.9296 0
      vertex 15.3909 42.2862 0
      vertex 14.8437 40.7827 0
    endloop
  endfacet
  facet normal 0 0 -1
    outer loop
      vertex 14.3777 40.9296 0
      vertex 11.6469 43.4667 0
      vertex 15.3909 42.2862 0
    endloop
  endfacet
  facet normal 0 0 -1
    outer loop
      vertex 11.2327 41.9212 0
      vertex 11.6469 43.4667 0
      vertex 14.3777 40.9296 0
    endloop
  endfacet
  facet normal 0 0 -1
    outer loop
      vertex 10.7558 42.0269 0
      vertex 11.6469 43.4667 0
      vertex 11.2327 41.9212 0
    endloop
  endfacet
  facet normal 0 0 -1
    outer loop
      vertex 10.7558 42.0269 0
      vertex 7.81417 44.3163 0
      vertex 11.6469 43.4667 0
    endloop
  endfacet
  facet normal 0 0 -1
    outer loop
      vertex 7.53633 42.7407 0
      vertex 7.81417 44.3163 0
      vertex 10.7558 42.0269 0
    endloop
  endfacet
  facet normal 0 0 -1
    outer loop
      vertex 4.26692 43.1711 0
      vertex 7.81417 44.3163 0
      vertex 7.53633 42.7407 0
    endloop
  endfacet
  facet normal 0 0 -1
    outer loop
      vertex 4.26692 43.1711 0
      vertex 3.92201 44.8288 0
      vertex 7.81417 44.3163 0
    endloop
  endfacet
  facet normal 0 0 -1
    outer loop
      vertex 3.78256 43.2348 0
      vertex 3.92201 44.8288 0
      vertex 4.26692 43.1711 0
    endloop
  endfacet
  facet normal 0 0 -1
    outer loop
      vertex 3.29449 43.2562 0
      vertex 3.92201 44.8288 0
      vertex 3.78256 43.2348 0
    endloop
  endfacet
  facet normal 0 0 -1
    outer loop
      vertex 0 45 0
      vertex 3.29449 43.2562 0
      vertex 0 43.4 0
    endloop
  endfacet
  facet normal 0 0 -1
    outer loop
      vertex 3.29449 43.2562 0
      vertex 0 45 0
      vertex 3.92201 44.8288 0
    endloop
  endfacet
  facet normal 0 0 -1
    outer loop
      vertex -3.29449 43.2562 0
      vertex 0 45 0
      vertex 0 43.4 0
    endloop
  endfacet
  facet normal 0 0 -1
    outer loop
      vertex -3.92201 44.8288 0
      vertex -3.29449 43.2562 0
      vertex -3.78256 43.2348 0
    endloop
  endfacet
  facet normal 0 0 -1
    outer loop
      vertex -3.29449 43.2562 0
      vertex -3.92201 44.8288 0
      vertex 0 45 0
    endloop
  endfacet
  facet normal 0 0 -1
    outer loop
      vertex -4.26692 43.1711 0
      vertex -3.92201 44.8288 0
      vertex -3.78256 43.2348 0
    endloop
  endfacet
  facet normal 0 0 -1
    outer loop
      vertex -7.81417 44.3163 0
      vertex -4.26692 43.1711 0
      vertex -7.53633 42.7407 0
    endloop
  endfacet
  facet normal 0 0 -1
    outer loop
      vertex -4.26692 43.1711 0
      vertex -7.81417 44.3163 0
      vertex -3.92201 44.8288 0
    endloop
  endfacet
  facet normal 0 0 -1
    outer loop
      vertex -10.7558 42.0269 0
      vertex -7.81417 44.3163 0
      vertex -7.53633 42.7407 0
    endloop
  endfacet
  facet normal 0 0 -1
    outer loop
      vertex -11.6469 43.4667 0
      vertex -10.7558 42.0269 0
      vertex -11.2327 41.9212 0
    endloop
  endfacet
  facet normal 0 0 -1
    outer loop
      vertex -10.7558 42.0269 0
      vertex -11.6469 43.4667 0
      vertex -7.81417 44.3163 0
    endloop
  endfacet
  facet normal 0 0 -1
    outer loop
      vertex -14.3777 40.9296 0
      vertex -11.6469 43.4667 0
      vertex -11.2327 41.9212 0
    endloop
  endfacet
  facet normal 0 0 -1
    outer loop
      vertex -15.3909 42.2862 0
      vertex -14.3777 40.9296 0
      vertex -14.8437 40.7827 0
    endloop
  endfacet
  facet normal 0 0 -1
    outer loop
      vertex -14.3777 40.9296 0
      vertex -15.3909 42.2862 0
      vertex -11.6469 43.4667 0
    endloop
  endfacet
  facet normal 0 0 -1
    outer loop
      vertex -17.8903 39.5207 0
      vertex -15.3909 42.2862 0
      vertex -14.8437 40.7827 0
    endloop
  endfacet
  facet normal 0 0 -1
    outer loop
      vertex -19.0178 40.7839 0
      vertex -17.8903 39.5207 0
      vertex -18.3416 39.3338 0
    endloop
  endfacet
  facet normal 0 0 -1
    outer loop
      vertex -17.8903 39.5207 0
      vertex -19.0178 40.7839 0
      vertex -15.3909 42.2862 0
    endloop
  endfacet
  facet normal 0 0 -1
    outer loop
      vertex -21.2667 37.8111 0
      vertex -19.0178 40.7839 0
      vertex -18.3416 39.3338 0
    endloop
  endfacet
  facet normal 0 0 -1
    outer loop
      vertex -22.5 38.9711 0
      vertex -21.2667 37.8111 0
      vertex -21.7 37.5855 0
    endloop
  endfacet
  facet normal 0 0 -1
    outer loop
      vertex -22.5 38.9711 0
      vertex -21.7 37.5855 0
      vertex -22.112 37.323 0
    endloop
  endfacet
  facet normal 0 0 -1
    outer loop
      vertex -21.2667 37.8111 0
      vertex -22.5 38.9711 0
      vertex -19.0178 40.7839 0
    endloop
  endfacet
  facet normal 0 0 -1
    outer loop
      vertex -25.8109 36.8618 0
      vertex -22.112 37.323 0
      vertex -24.8932 35.5512 0
    endloop
  endfacet
  facet normal 0 0 -1
    outer loop
      vertex -25.8109 36.8618 0
      vertex -24.8932 35.5512 0
      vertex -25.2808 35.2538 0
    endloop
  endfacet
  facet normal -0 0 -1
    outer loop
      vertex -22.112 37.323 0
      vertex -25.8109 36.8618 0
      vertex -22.5 38.9711 0
    endloop
  endfacet
  facet normal 0 0 -1
    outer loop
      vertex -28.9254 34.472 0
      vertex -25.2808 35.2538 0
      vertex -27.897 33.2463 0
    endloop
  endfacet
  facet normal -0 0 -1
    outer loop
      vertex -25.2808 35.2538 0
      vertex -28.9254 34.472 0
      vertex -25.8109 36.8618 0
    endloop
  endfacet
  facet normal 0 0 -1
    outer loop
      vertex -30.3282 31.0185 0
      vertex -28.9254 34.472 0
      vertex -27.897 33.2463 0
    endloop
  endfacet
  facet normal 0 0 -1
    outer loop
      vertex -31.8198 31.8198 0
      vertex -30.3282 31.0185 0
      vertex -30.6884 30.6884 0
    endloop
  endfacet
  facet normal 0 0 -1
    outer loop
      vertex -31.8198 31.8198 0
      vertex -30.6884 30.6884 0
      vertex -31.0185 30.3282 0
    endloop
  endfacet
  facet normal 0 0 -1
    outer loop
      vertex -30.3282 31.0185 0
      vertex -31.8198 31.8198 0
      vertex -28.9254 34.472 0
    endloop
  endfacet
  facet normal 0 0 -1
    outer loop
      vertex -34.472 28.9254 0
      vertex -31.0185 30.3282 0
      vertex -33.2463 27.897 0
    endloop
  endfacet
  facet normal -0 0 -1
    outer loop
      vertex -31.0185 30.3282 0
      vertex -34.472 28.9254 0
      vertex -31.8198 31.8198 0
    endloop
  endfacet
  facet normal 0 0 -1
    outer loop
      vertex -35.2538 25.2808 0
      vertex -34.472 28.9254 0
      vertex -33.2463 27.897 0
    endloop
  endfacet
  facet normal 0 0 -1
    outer loop
      vertex -36.8618 25.8109 0
      vertex -35.2538 25.2808 0
      vertex -35.5512 24.8932 0
    endloop
  endfacet
  facet normal 0 0 -1
    outer loop
      vertex -35.2538 25.2808 0
      vertex -36.8618 25.8109 0
      vertex -34.472 28.9254 0
    endloop
  endfacet
  facet normal 0 0 -1
    outer loop
      vertex -37.323 22.112 0
      vertex -36.8618 25.8109 0
      vertex -35.5512 24.8932 0
    endloop
  endfacet
  facet normal 0 0 -1
    outer loop
      vertex -38.9711 22.5 0
      vertex -37.323 22.112 0
      vertex -37.5855 21.7 0
    endloop
  endfacet
  facet normal 0 0 -1
    outer loop
      vertex -38.9711 22.5 0
      vertex -37.5855 21.7 0
      vertex -37.8111 21.2667 0
    endloop
  endfacet
  facet normal 0 0 -1
    outer loop
      vertex -37.323 22.112 0
      vertex -38.9711 22.5 0
      vertex -36.8618 25.8109 0
    endloop
  endfacet
  facet normal 0 0 -1
    outer loop
      vertex -40.7839 19.0178 0
      vertex -37.8111 21.2667 0
      vertex -39.3338 18.3416 0
    endloop
  endfacet
  facet normal 0 0 -1
    outer loop
      vertex -40.7839 19.0178 0
      vertex -39.3338 18.3416 0
      vertex -39.5207 17.8903 0
    endloop
  endfacet
  facet normal 0 0 -1
    outer loop
      vertex -42.2862 15.3909 0
      vertex -39.5207 17.8903 0
      vertex -40.7827 14.8437 0
    endloop
  endfacet
  facet normal -0 0 -1
    outer loop
      vertex -37.8111 21.2667 0
      vertex -40.7839 19.0178 0
      vertex -38.9711 22.5 0
    endloop
  endfacet
  facet normal 0 0 -1
    outer loop
      vertex -42.2862 15.3909 0
      vertex -40.7827 14.8437 0
      vertex -40.9296 14.3777 0
    endloop
  endfacet
  facet normal 0 0 -1
    outer loop
      vertex -43.4667 11.6469 0
      vertex -40.9296 14.3777 0
      vertex -41.9212 11.2327 0
    endloop
  endfacet
  facet normal 0 0 -1
    outer loop
      vertex -43.4667 11.6469 0
      vertex -41.9212 11.2327 0
      vertex -42.0269 10.7558 0
    endloop
  endfacet
  facet normal -0 0 -1
    outer loop
      vertex -39.5207 17.8903 0
      vertex -42.2862 15.3909 0
      vertex -40.7839 19.0178 0
    endloop
  endfacet
  facet normal 0 0 -1
    outer loop
      vertex -44.3163 7.81417 0
      vertex -42.0269 10.7558 0
      vertex -42.7407 7.53633 0
    endloop
  endfacet
  facet normal 0 0 -1
    outer loop
      vertex -44.3163 7.81417 0
      vertex -42.7407 7.53633 0
      vertex -43.1711 4.26692 0
    endloop
  endfacet
  facet normal 0 0 -1
    outer loop
      vertex -44.8288 3.92201 0
      vertex -43.1711 4.26692 0
      vertex -43.2348 3.78256 0
    endloop
  endfacet
  facet normal -0 0 -1
    outer loop
      vertex -40.9296 14.3777 0
      vertex -43.4667 11.6469 0
      vertex -42.2862 15.3909 0
    endloop
  endfacet
  facet normal 0 0 -1
    outer loop
      vertex -44.8288 3.92201 0
      vertex -43.2348 3.78256 0
      vertex -43.2562 3.29449 0
    endloop
  endfacet
  facet normal 0 0 -1
    outer loop
      vertex -45 0 0
      vertex -43.2562 3.29449 0
      vertex -43.4 0 0
    endloop
  endfacet
  facet normal -0 0 -1
    outer loop
      vertex -43.2348 -3.78256 0
      vertex -44.8288 -3.92201 0
      vertex -43.2562 -3.29449 0
    endloop
  endfacet
  facet normal 0 0 -1
    outer loop
      vertex -45 0 0
      vertex -43.2562 -3.29449 0
      vertex -44.8288 -3.92201 0
    endloop
  endfacet
  facet normal -0 0 -1
    outer loop
      vertex -42.0269 10.7558 0
      vertex -44.3163 7.81417 0
      vertex -43.4667 11.6469 0
    endloop
  endfacet
  facet normal 0 0 -1
    outer loop
      vertex -43.2562 -3.29449 0
      vertex -45 0 0
      vertex -43.4 0 0
    endloop
  endfacet
  facet normal -0 0 -1
    outer loop
      vertex -43.1711 4.26692 0
      vertex -44.8288 3.92201 0
      vertex -44.3163 7.81417 0
    endloop
  endfacet
  facet normal -0 0 -1
    outer loop
      vertex -43.2562 3.29449 0
      vertex -45 0 0
      vertex -44.8288 3.92201 0
    endloop
  endfacet
  facet normal -0.701391 -0.0923557 0.706768
    outer loop
      vertex -34.4683 -6.07769 10
      vertex -44.8288 -3.92201 0
      vertex -44.3163 -7.81417 0
    endloop
  endfacet
  facet normal -0.596651 0.380113 0.706768
    outer loop
      vertex -36.8618 25.8109 0
      vertex -38.9711 22.5 0
      vertex -28.6703 20.0752 10
    endloop
  endfacet
  facet normal -0.627512 0.326661 0.706768
    outer loop
      vertex -30.3109 17.5 10
      vertex -38.9711 22.5 0
      vertex -31.7208 14.7916 10
    endloop
  endfacet
  facet normal -0.0923557 -0.701391 0.706768
    outer loop
      vertex -6.07769 -34.4683 10
      vertex -7.81417 -44.3163 0
      vertex -3.92201 -44.8288 0
    endloop
  endfacet
  facet normal -0.380113 -0.596651 0.706768
    outer loop
      vertex -20.0752 -28.6703 10
      vertex -25.8109 -36.8618 0
      vertex -22.5 -38.9711 0
    endloop
  endfacet
  facet normal -0.32666 -0.627467 0.706809
    outer loop
      vertex -14.7916 -31.7208 10
      vertex -16.3065 -31.0287 9.91428
      vertex -16.3 -31.1769 9.78572
    endloop
  endfacet
  facet normal -0.326712 -0.627597 0.70667
    outer loop
      vertex -16.3065 -31.0287 9.91428
      vertex -14.7916 -31.7208 10
      vertex -16.3201 -30.9251 10
    endloop
  endfacet
  facet normal -0.326645 -0.627397 0.706878
    outer loop
      vertex -16.3065 -31.3251 9.65118
      vertex -14.7916 -31.7208 10
      vertex -16.3 -31.1769 9.78572
    endloop
  endfacet
  facet normal -0.326658 -0.627654 0.706643
    outer loop
      vertex -16.3258 -31.4721 9.51169
      vertex -14.7916 -31.7208 10
      vertex -16.3065 -31.3251 9.65118
    endloop
  endfacet
  facet normal -0.326676 -0.627484 0.706786
    outer loop
      vertex -16.3579 -31.6169 9.3683
      vertex -14.7916 -31.7208 10
      vertex -16.3258 -31.4721 9.51169
    endloop
  endfacet
  facet normal -0.326647 -0.627603 0.706694
    outer loop
      vertex -16.4025 -31.7583 9.22211
      vertex -14.7916 -31.7208 10
      vertex -16.3579 -31.6169 9.3683
    endloop
  endfacet
  facet normal -0.326788 -0.627221 0.706968
    outer loop
      vertex -16.4593 -31.8954 9.07422
      vertex -14.7916 -31.7208 10
      vertex -16.4025 -31.7583 9.22211
    endloop
  endfacet
  facet normal -0.326601 -0.627614 0.706706
    outer loop
      vertex -16.5278 -32.0269 8.92578
      vertex -14.7916 -31.7208 10
      vertex -16.4593 -31.8954 9.07422
    endloop
  endfacet
  facet normal -0.326592 -0.62763 0.706696
    outer loop
      vertex -16.6074 -32.152 8.77789
      vertex -14.7916 -31.7208 10
      vertex -16.5278 -32.0269 8.92578
    endloop
  endfacet
  facet normal -0.326815 -0.62728 0.706903
    outer loop
      vertex -16.6977 -32.2697 8.6317
      vertex -14.7916 -31.7208 10
      vertex -16.6074 -32.152 8.77789
    endloop
  endfacet
  facet normal -0.326503 -0.627729 0.706649
    outer loop
      vertex -16.7979 -32.379 8.48831
      vertex -14.7916 -31.7208 10
      vertex -16.6977 -32.2697 8.6317
    endloop
  endfacet
  facet normal -0.32687 -0.627232 0.70692
    outer loop
      vertex -16.9073 -32.4792 8.34882
      vertex -14.7916 -31.7208 10
      vertex -16.7979 -32.379 8.48831
    endloop
  endfacet
  facet normal -0.326543 -0.627656 0.706695
    outer loop
      vertex -17.0249 -32.5695 8.21428
      vertex -14.7916 -31.7208 10
      vertex -16.9073 -32.4792 8.34882
    endloop
  endfacet
  facet normal -0.326915 -0.627189 0.706938
    outer loop
      vertex -17.15 -32.6492 8.08572
      vertex -14.7916 -31.7208 10
      vertex -17.0249 -32.5695 8.21428
    endloop
  endfacet
  facet normal -0.327602 -0.62688 0.706894
    outer loop
      vertex -22.5 -38.9711 0
      vertex -17.15 -32.6492 8.08572
      vertex -17.2815 -32.7176 7.96412
    endloop
  endfacet
  facet normal -0.326023 -0.627935 0.706687
    outer loop
      vertex -22.5 -38.9711 0
      vertex -17.2815 -32.7176 7.96412
      vertex -17.4186 -32.7744 7.8504
    endloop
  endfacet
  facet normal -0.326639 -0.627529 0.706764
    outer loop
      vertex -17.15 -32.6492 8.08572
      vertex -22.5 -38.9711 0
      vertex -14.7916 -31.7208 10
    endloop
  endfacet
  facet normal -0.326787 -0.62743 0.706783
    outer loop
      vertex -17.56 -32.819 7.74543
      vertex -22.5 -38.9711 0
      vertex -17.4186 -32.7744 7.8504
    endloop
  endfacet
  facet normal -0.326627 -0.627534 0.706764
    outer loop
      vertex -17.7048 -32.8511 7.65001
      vertex -22.5 -38.9711 0
      vertex -17.56 -32.819 7.74543
    endloop
  endfacet
  facet normal -0.327013 -0.627285 0.706807
    outer loop
      vertex -17.8518 -32.8704 7.56487
      vertex -22.5 -38.9711 0
      vertex -17.7048 -32.8511 7.65001
    endloop
  endfacet
  facet normal -0.326468 -0.627632 0.706751
    outer loop
      vertex -18 -32.8769 7.49064
      vertex -22.5 -38.9711 0
      vertex -17.8518 -32.8704 7.56487
    endloop
  endfacet
  facet normal -0.326683 -0.627497 0.706771
    outer loop
      vertex -18.1482 -32.8704 7.42791
      vertex -22.5 -38.9711 0
      vertex -18 -32.8769 7.49064
    endloop
  endfacet
  facet normal -0.326496 -0.627612 0.706756
    outer loop
      vertex -18.2952 -32.8511 7.37714
      vertex -22.5 -38.9711 0
      vertex -18.1482 -32.8704 7.42791
    endloop
  endfacet
  facet normal -0.32664 -0.627525 0.706766
    outer loop
      vertex -18.44 -32.819 7.33872
      vertex -22.5 -38.9711 0
      vertex -18.2952 -32.8511 7.37714
    endloop
  endfacet
  facet normal -0.326767 -0.62745 0.706774
    outer loop
      vertex -18.5814 -32.7744 7.31294
      vertex -22.5 -38.9711 0
      vertex -18.44 -32.819 7.33872
    endloop
  endfacet
  facet normal -0.326679 -0.627501 0.706769
    outer loop
      vertex -18.7185 -32.7176 7.3
      vertex -22.5 -38.9711 0
      vertex -18.5814 -32.7744 7.31294
    endloop
  endfacet
  facet normal -0.32646 -0.627624 0.706761
    outer loop
      vertex -22.5 -38.9711 0
      vertex -18.7185 -32.7176 7.3
      vertex -18.85 -32.6492 7.3
    endloop
  endfacet
  facet normal 0.707144 0.02914 0.706468
    outer loop
      vertex 44.8288 3.92201 0
      vertex 37.3926 0.97508 7.56487
      vertex 37.4029 0.95884 7.55523
    endloop
  endfacet
  facet normal 0.706757 0.0309181 0.70678
    outer loop
      vertex 44.8288 3.92201 0
      vertex 37.3023 1.09274 7.65002
      vertex 37.3926 0.97508 7.56487
    endloop
  endfacet
  facet normal 0.706764 0.0308873 0.706775
    outer loop
      vertex 44.8288 3.92201 0
      vertex 37.2021 1.20208 7.74544
      vertex 37.3023 1.09274 7.65002
    endloop
  endfacet
  facet normal 0.706703 0.0311926 0.706823
    outer loop
      vertex 44.8288 3.92201 0
      vertex 37.0927 1.30227 7.8504
      vertex 37.2021 1.20208 7.74544
    endloop
  endfacet
  facet normal 0.706832 0.030512 0.706723
    outer loop
      vertex 44.8288 3.92201 0
      vertex 36.9751 1.39256 7.96412
      vertex 37.0927 1.30227 7.8504
    endloop
  endfacet
  facet normal 0.706747 0.0309816 0.706788
    outer loop
      vertex 44.8288 3.92201 0
      vertex 36.85 1.47224 8.08572
      vertex 36.9751 1.39256 7.96412
    endloop
  endfacet
  facet normal 0.706826 0.0305283 0.706729
    outer loop
      vertex 44.8288 3.92201 0
      vertex 36.7185 1.54072 8.21428
      vertex 36.85 1.47224 8.08572
    endloop
  endfacet
  facet normal 0.706767 0.0308811 0.706772
    outer loop
      vertex 34.8668 3.05045 10
      vertex 36.7185 1.54072 8.21428
      vertex 44.8288 3.92201 0
    endloop
  endfacet
  facet normal 0.706375 0.0298865 0.707207
    outer loop
      vertex 36.7185 1.54072 8.21428
      vertex 34.8668 3.05045 10
      vertex 36.5814 1.59748 8.34882
    endloop
  endfacet
  facet normal 0.706907 0.0311837 0.706618
    outer loop
      vertex 36.5814 1.59748 8.34882
      vertex 34.8668 3.05045 10
      vertex 36.44 1.64207 8.48831
    endloop
  endfacet
  facet normal 0.706745 0.0308105 0.706797
    outer loop
      vertex 36.44 1.64207 8.48831
      vertex 34.8668 3.05045 10
      vertex 36.2952 1.67417 8.6317
    endloop
  endfacet
  facet normal 0.706864 0.0310637 0.706667
    outer loop
      vertex 36.2952 1.67417 8.6317
      vertex 34.8668 3.05045 10
      vertex 36.1482 1.69353 8.77789
    endloop
  endfacet
  facet normal 0.706704 0.0307568 0.70684
    outer loop
      vertex 36.1482 1.69353 8.77789
      vertex 34.8668 3.05045 10
      vertex 36 1.7 8.92578
    endloop
  endfacet
  facet normal 0.706675 0.0307078 0.706871
    outer loop
      vertex 36 1.7 8.92578
      vertex 34.8668 3.05045 10
      vertex 35.8518 1.69353 9.07422
    endloop
  endfacet
  facet normal 0.706866 0.0309847 0.706668
    outer loop
      vertex 35.8518 1.69353 9.07422
      vertex 34.8668 3.05045 10
      vertex 35.7048 1.67417 9.22211
    endloop
  endfacet
  facet normal 0.706933 0.0308801 0.706606
    outer loop
      vertex 35.0249 1.39256 9.91428
      vertex 34.8668 3.05045 10
      vertex 34.942 1.32891 10
    endloop
  endfacet
  facet normal 0.706721 0.0308488 0.70682
    outer loop
      vertex 35.15 1.47224 9.78572
      vertex 34.8668 3.05045 10
      vertex 35.0249 1.39256 9.91428
    endloop
  endfacet
  facet normal 0.706891 0.0309028 0.706647
    outer loop
      vertex 35.2815 1.54072 9.65118
      vertex 34.8668 3.05045 10
      vertex 35.15 1.47224 9.78572
    endloop
  endfacet
  facet normal 0.706572 0.0307397 0.706974
    outer loop
      vertex 35.4186 1.59748 9.51169
      vertex 34.8668 3.05045 10
      vertex 35.2815 1.54072 9.65118
    endloop
  endfacet
  facet normal 0.706861 0.0309498 0.706675
    outer loop
      vertex 35.56 1.64207 9.3683
      vertex 34.8668 3.05045 10
      vertex 35.4186 1.59748 9.51169
    endloop
  endfacet
  facet normal 0.706745 0.0308384 0.706796
    outer loop
      vertex 35.7048 1.67417 9.22211
      vertex 34.8668 3.05045 10
      vertex 35.56 1.64207 9.3683
    endloop
  endfacet
  facet normal 0.70139 0.0923297 0.706772
    outer loop
      vertex 44.8288 3.92201 0
      vertex 34.4683 6.07769 10
      vertex 34.8668 3.05045 10
    endloop
  endfacet
  facet normal 0.701391 0.0923557 0.706768
    outer loop
      vertex 44.3163 7.81417 0
      vertex 34.4683 6.07769 10
      vertex 44.8288 3.92201 0
    endloop
  endfacet
  facet normal 0.653596 0.270716 0.706771
    outer loop
      vertex 40.7839 19.0178 0
      vertex 31.7208 14.7916 10
      vertex 32.8892 11.9707 10
    endloop
  endfacet
  facet normal 0.627512 0.326661 0.706768
    outer loop
      vertex 38.9711 22.5 0
      vertex 30.3109 17.5 10
      vertex 31.7208 14.7916 10
    endloop
  endfacet
  facet normal 0.596651 0.380113 0.706768
    outer loop
      vertex 38.9711 22.5 0
      vertex 28.6703 20.0752 10
      vertex 30.3109 17.5 10
    endloop
  endfacet
  facet normal 0.0923297 -0.70139 0.706772
    outer loop
      vertex 6.07769 -34.4683 10
      vertex 3.05045 -34.8668 10
      vertex 3.92201 -44.8288 0
    endloop
  endfacet
  facet normal 0.380113 -0.596651 0.706768
    outer loop
      vertex 25.8109 -36.8618 0
      vertex 20.0752 -28.6703 10
      vertex 22.5 -38.9711 0
    endloop
  endfacet
  facet normal 0.430662 -0.561258 0.706767
    outer loop
      vertex 28.9254 -34.472 0
      vertex 22.4976 -26.8116 10
      vertex 25.8109 -36.8618 0
    endloop
  endfacet
  facet normal 0.430655 -0.561262 0.706768
    outer loop
      vertex 22.4976 -26.8116 10
      vertex 20.0752 -28.6703 10
      vertex 25.8109 -36.8618 0
    endloop
  endfacet
  facet normal 0.477959 -0.521563 0.706772
    outer loop
      vertex 24.7487 -24.7487 10
      vertex 22.4976 -26.8116 10
      vertex 31.8198 -31.8198 0
    endloop
  endfacet
  facet normal 0.596651 -0.380113 0.706768
    outer loop
      vertex 30.3109 -17.5 10
      vertex 28.6703 -20.0752 10
      vertex 38.9711 -22.5 0
    endloop
  endfacet
  facet normal 0.674698 -0.212735 0.706772
    outer loop
      vertex 43.4667 -11.6469 0
      vertex 33.8074 -9.05867 10
      vertex 42.2862 -15.3909 0
    endloop
  endfacet
  facet normal 0.690671 -0.153126 0.706772
    outer loop
      vertex 34.4683 -6.07769 10
      vertex 33.8074 -9.05867 10
      vertex 43.4667 -11.6469 0
    endloop
  endfacet
  facet normal 0.69068 -0.153103 0.706768
    outer loop
      vertex 44.3163 -7.81417 0
      vertex 34.4683 -6.07769 10
      vertex 43.4667 -11.6469 0
    endloop
  endfacet
  facet normal 0.653596 -0.270716 0.706771
    outer loop
      vertex 32.8892 -11.9707 10
      vertex 31.7208 -14.7916 10
      vertex 40.7839 -19.0178 0
    endloop
  endfacet
  facet normal 0.653591 -0.270724 0.706772
    outer loop
      vertex 42.2862 -15.3909 0
      vertex 32.8892 -11.9707 10
      vertex 40.7839 -19.0178 0
    endloop
  endfacet
  facet normal 0.326661 0.627512 0.706768
    outer loop
      vertex 22.5 38.9711 0
      vertex 14.7916 31.7208 10
      vertex 17.5 30.3109 10
    endloop
  endfacet
  facet normal 0.430662 0.561258 0.706767
    outer loop
      vertex 25.8109 36.8618 0
      vertex 22.4976 26.8116 10
      vertex 28.9254 34.472 0
    endloop
  endfacet
  facet normal 0.380113 0.596651 0.706768
    outer loop
      vertex 22.5 38.9711 0
      vertex 17.5 30.3109 10
      vertex 20.0752 28.6703 10
    endloop
  endfacet
  facet normal -0.0308615 0.706768 0.706772
    outer loop
      vertex 0 35 10
      vertex -3.92201 44.8288 0
      vertex -3.05045 34.8668 10
    endloop
  endfacet
  facet normal -0.0923297 0.70139 0.706772
    outer loop
      vertex -3.92201 44.8288 0
      vertex -6.07769 34.4683 10
      vertex -3.05045 34.8668 10
    endloop
  endfacet
  facet normal -0.270724 0.653591 0.706772
    outer loop
      vertex -15.3909 42.2862 0
      vertex -19.0178 40.7839 0
      vertex -11.9707 32.8892 10
    endloop
  endfacet
  facet normal -0.326672 0.627503 0.706771
    outer loop
      vertex -19.0178 40.7839 0
      vertex -22.5 38.9711 0
      vertex -14.7916 31.7208 10
    endloop
  endfacet
  facet normal -0.270716 0.653596 0.706771
    outer loop
      vertex -11.9707 32.8892 10
      vertex -19.0178 40.7839 0
      vertex -14.7916 31.7208 10
    endloop
  endfacet
  facet normal -0.430662 0.561258 0.706767
    outer loop
      vertex -25.8109 36.8618 0
      vertex -28.9254 34.472 0
      vertex -22.4976 26.8116 10
    endloop
  endfacet
  facet normal -0.477941 0.521587 0.706767
    outer loop
      vertex -28.9254 34.472 0
      vertex -31.8198 31.8198 0
      vertex -22.4976 26.8116 10
    endloop
  endfacet
  facet normal -0.326645 0.627397 0.706878
    outer loop
      vertex -14.7916 31.7208 10
      vertex -16.3065 31.3251 9.65118
      vertex -16.3 31.1769 9.78572
    endloop
  endfacet
  facet normal -0.326658 0.627654 0.706643
    outer loop
      vertex -14.7916 31.7208 10
      vertex -16.3258 31.4721 9.51169
      vertex -16.3065 31.3251 9.65118
    endloop
  endfacet
  facet normal -0.326676 0.627484 0.706786
    outer loop
      vertex -14.7916 31.7208 10
      vertex -16.3579 31.6169 9.3683
      vertex -16.3258 31.4721 9.51169
    endloop
  endfacet
  facet normal -0.326647 0.627603 0.706694
    outer loop
      vertex -14.7916 31.7208 10
      vertex -16.4025 31.7583 9.22211
      vertex -16.3579 31.6169 9.3683
    endloop
  endfacet
  facet normal -0.326788 0.627221 0.706968
    outer loop
      vertex -14.7916 31.7208 10
      vertex -16.4593 31.8954 9.07422
      vertex -16.4025 31.7583 9.22211
    endloop
  endfacet
  facet normal -0.326601 0.627614 0.706706
    outer loop
      vertex -14.7916 31.7208 10
      vertex -16.5278 32.0269 8.92578
      vertex -16.4593 31.8954 9.07422
    endloop
  endfacet
  facet normal -0.326592 0.62763 0.706696
    outer loop
      vertex -14.7916 31.7208 10
      vertex -16.6074 32.152 8.77789
      vertex -16.5278 32.0269 8.92578
    endloop
  endfacet
  facet normal -0.326815 0.62728 0.706903
    outer loop
      vertex -14.7916 31.7208 10
      vertex -16.6977 32.2697 8.6317
      vertex -16.6074 32.152 8.77789
    endloop
  endfacet
  facet normal -0.326503 0.627729 0.706649
    outer loop
      vertex -14.7916 31.7208 10
      vertex -16.7979 32.379 8.48831
      vertex -16.6977 32.2697 8.6317
    endloop
  endfacet
  facet normal -0.32687 0.627232 0.70692
    outer loop
      vertex -14.7916 31.7208 10
      vertex -16.9073 32.4792 8.34882
      vertex -16.7979 32.379 8.48831
    endloop
  endfacet
  facet normal -0.326543 0.627656 0.706695
    outer loop
      vertex -14.7916 31.7208 10
      vertex -17.0249 32.5695 8.21428
      vertex -16.9073 32.4792 8.34882
    endloop
  endfacet
  facet normal -0.326915 0.627189 0.706938
    outer loop
      vertex -14.7916 31.7208 10
      vertex -17.15 32.6492 8.08572
      vertex -17.0249 32.5695 8.21428
    endloop
  endfacet
  facet normal -0.326639 0.627529 0.706764
    outer loop
      vertex -22.5 38.9711 0
      vertex -17.15 32.6492 8.08572
      vertex -14.7916 31.7208 10
    endloop
  endfacet
  facet normal -0.327602 0.62688 0.706894
    outer loop
      vertex -17.15 32.6492 8.08572
      vertex -22.5 38.9711 0
      vertex -17.2815 32.7176 7.96412
    endloop
  endfacet
  facet normal -0.32646 0.627624 0.706761
    outer loop
      vertex -18.7185 32.7176 7.3
      vertex -22.5 38.9711 0
      vertex -18.85 32.6492 7.3
    endloop
  endfacet
  facet normal -0.326679 0.627501 0.706769
    outer loop
      vertex -18.5814 32.7744 7.31294
      vertex -22.5 38.9711 0
      vertex -18.7185 32.7176 7.3
    endloop
  endfacet
  facet normal -0.326767 0.62745 0.706774
    outer loop
      vertex -18.44 32.819 7.33872
      vertex -22.5 38.9711 0
      vertex -18.5814 32.7744 7.31294
    endloop
  endfacet
  facet normal -0.32664 0.627525 0.706766
    outer loop
      vertex -18.2952 32.8511 7.37714
      vertex -22.5 38.9711 0
      vertex -18.44 32.819 7.33872
    endloop
  endfacet
  facet normal -0.326496 0.627612 0.706756
    outer loop
      vertex -18.1482 32.8704 7.42791
      vertex -22.5 38.9711 0
      vertex -18.2952 32.8511 7.37714
    endloop
  endfacet
  facet normal -0.326683 0.627497 0.706771
    outer loop
      vertex -18 32.8769 7.49064
      vertex -22.5 38.9711 0
      vertex -18.1482 32.8704 7.42791
    endloop
  endfacet
  facet normal -0.326468 0.627632 0.706751
    outer loop
      vertex -17.8518 32.8704 7.56487
      vertex -22.5 38.9711 0
      vertex -18 32.8769 7.49064
    endloop
  endfacet
  facet normal -0.327013 0.627285 0.706807
    outer loop
      vertex -17.7048 32.8511 7.65001
      vertex -22.5 38.9711 0
      vertex -17.8518 32.8704 7.56487
    endloop
  endfacet
  facet normal -0.326627 0.627534 0.706764
    outer loop
      vertex -17.56 32.819 7.74543
      vertex -22.5 38.9711 0
      vertex -17.7048 32.8511 7.65001
    endloop
  endfacet
  facet normal -0.326787 0.62743 0.706783
    outer loop
      vertex -17.4186 32.7744 7.8504
      vertex -22.5 38.9711 0
      vertex -17.56 32.819 7.74543
    endloop
  endfacet
  facet normal -0.326023 0.627935 0.706687
    outer loop
      vertex -17.2815 32.7176 7.96412
      vertex -22.5 38.9711 0
      vertex -17.4186 32.7744 7.8504
    endloop
  endfacet
  facet normal -0.32666 0.627467 0.706809
    outer loop
      vertex -16.3065 31.0287 9.91428
      vertex -14.7916 31.7208 10
      vertex -16.3 31.1769 9.78572
    endloop
  endfacet
  facet normal -0.326712 0.627597 0.70667
    outer loop
      vertex -14.7916 31.7208 10
      vertex -16.3065 31.0287 9.91428
      vertex -16.3201 30.9251 10
    endloop
  endfacet
  facet normal -0.674695 0.21274 0.706773
    outer loop
      vertex -32.8892 11.9707 10
      vertex -42.2862 15.3909 0
      vertex -33.8074 9.05867 10
    endloop
  endfacet
  facet normal -0.70139 0.0923297 0.706772
    outer loop
      vertex -34.4683 6.07769 10
      vertex -44.8288 3.92201 0
      vertex -34.8668 3.05045 10
    endloop
  endfacet
  facet normal -0.706768 0.0308615 0.706772
    outer loop
      vertex -34.8668 3.05045 10
      vertex -44.8288 3.92201 0
      vertex -35 0 10
    endloop
  endfacet
  facet normal -0.674698 -0.212735 0.706772
    outer loop
      vertex -33.8074 -9.05867 10
      vertex -43.4667 -11.6469 0
      vertex -42.2862 -15.3909 0
    endloop
  endfacet
  facet normal -0.627503 -0.326672 0.706771
    outer loop
      vertex -31.7208 -14.7916 10
      vertex -40.7839 -19.0178 0
      vertex -38.9711 -22.5 0
    endloop
  endfacet
  facet normal -0.653596 -0.270716 0.706771
    outer loop
      vertex -32.8892 -11.9707 10
      vertex -40.7839 -19.0178 0
      vertex -31.7208 -14.7916 10
    endloop
  endfacet
  facet normal -0.521587 0.477941 0.706767
    outer loop
      vertex -31.8198 31.8198 0
      vertex -34.472 28.9254 0
      vertex -26.8116 22.4976 10
    endloop
  endfacet
  facet normal -0.561258 0.430662 0.706767
    outer loop
      vertex -34.472 28.9254 0
      vertex -36.8618 25.8109 0
      vertex -26.8116 22.4976 10
    endloop
  endfacet
  facet normal 0.0308513 -0.70677 0.70677
    outer loop
      vertex 0 -35 10
      vertex 0 -45 0
      vertex 3.92201 -44.8288 0
    endloop
  endfacet
  facet normal -0.153103 -0.69068 0.706768
    outer loop
      vertex -6.07769 -34.4683 10
      vertex -11.6469 -43.4667 0
      vertex -7.81417 -44.3163 0
    endloop
  endfacet
  facet normal -0.153126 -0.690671 0.706772
    outer loop
      vertex -9.05867 -33.8074 10
      vertex -11.6469 -43.4667 0
      vertex -6.07769 -34.4683 10
    endloop
  endfacet
  facet normal -0.21274 -0.674695 0.706773
    outer loop
      vertex -11.9707 -32.8892 10
      vertex -15.3909 -42.2862 0
      vertex -9.05867 -33.8074 10
    endloop
  endfacet
  facet normal -0.326672 -0.627503 0.706771
    outer loop
      vertex -14.7916 -31.7208 10
      vertex -22.5 -38.9711 0
      vertex -19.0178 -40.7839 0
    endloop
  endfacet
  facet normal -0.477941 -0.521587 0.706767
    outer loop
      vertex -22.4976 -26.8116 10
      vertex -31.8198 -31.8198 0
      vertex -28.9254 -34.472 0
    endloop
  endfacet
  facet normal 0.0308615 -0.706768 0.706772
    outer loop
      vertex 3.05045 -34.8668 10
      vertex 0 -35 10
      vertex 3.92201 -44.8288 0
    endloop
  endfacet
  facet normal 0.153103 -0.69068 0.706768
    outer loop
      vertex 11.6469 -43.4667 0
      vertex 6.07769 -34.4683 10
      vertex 7.81417 -44.3163 0
    endloop
  endfacet
  facet normal 0.326661 -0.627512 0.706768
    outer loop
      vertex 17.5 -30.3109 10
      vertex 14.7916 -31.7208 10
      vertex 22.5 -38.9711 0
    endloop
  endfacet
  facet normal 0.477941 -0.521587 0.706767
    outer loop
      vertex 31.8198 -31.8198 0
      vertex 22.4976 -26.8116 10
      vertex 28.9254 -34.472 0
    endloop
  endfacet
  facet normal 0.521563 -0.477959 0.706772
    outer loop
      vertex 26.8116 -22.4976 10
      vertex 24.7487 -24.7487 10
      vertex 31.8198 -31.8198 0
    endloop
  endfacet
  facet normal 0.70139 -0.0923297 0.706772
    outer loop
      vertex 34.8668 -3.05045 10
      vertex 34.4683 -6.07769 10
      vertex 44.8288 -3.92201 0
    endloop
  endfacet
  facet normal -0.21274 0.674695 0.706773
    outer loop
      vertex -9.05867 33.8074 10
      vertex -15.3909 42.2862 0
      vertex -11.9707 32.8892 10
    endloop
  endfacet
  facet normal -0.380113 0.596651 0.706768
    outer loop
      vertex -22.5 38.9711 0
      vertex -25.8109 36.8618 0
      vertex -20.0752 28.6703 10
    endloop
  endfacet
  facet normal -0.70139 -0.0923297 0.706772
    outer loop
      vertex -34.8668 -3.05045 10
      vertex -44.8288 -3.92201 0
      vertex -34.4683 -6.07769 10
    endloop
  endfacet
  facet normal -0.561258 -0.430662 0.706767
    outer loop
      vertex -26.8116 -22.4976 10
      vertex -36.8618 -25.8109 0
      vertex -34.472 -28.9254 0
    endloop
  endfacet
  facet normal -0.521587 -0.477941 0.706767
    outer loop
      vertex -26.8116 -22.4976 10
      vertex -34.472 -28.9254 0
      vertex -31.8198 -31.8198 0
    endloop
  endfacet
  facet normal -0.653591 -0.270724 0.706772
    outer loop
      vertex -32.8892 -11.9707 10
      vertex -42.2862 -15.3909 0
      vertex -40.7839 -19.0178 0
    endloop
  endfacet
  facet normal -0.596651 -0.380113 0.706768
    outer loop
      vertex -28.6703 -20.0752 10
      vertex -38.9711 -22.5 0
      vertex -36.8618 -25.8109 0
    endloop
  endfacet
  facet normal -0.627512 -0.326661 0.706768
    outer loop
      vertex -31.7208 -14.7916 10
      vertex -38.9711 -22.5 0
      vertex -30.3109 -17.5 10
    endloop
  endfacet
  facet normal -0.270716 -0.653596 0.706771
    outer loop
      vertex -14.7916 -31.7208 10
      vertex -19.0178 -40.7839 0
      vertex -11.9707 -32.8892 10
    endloop
  endfacet
  facet normal -0.270724 -0.653591 0.706772
    outer loop
      vertex -11.9707 -32.8892 10
      vertex -19.0178 -40.7839 0
      vertex -15.3909 -42.2862 0
    endloop
  endfacet
  facet normal -0.430662 -0.561258 0.706767
    outer loop
      vertex -22.4976 -26.8116 10
      vertex -28.9254 -34.472 0
      vertex -25.8109 -36.8618 0
    endloop
  endfacet
  facet normal -0.430655 -0.561262 0.706768
    outer loop
      vertex -22.4976 -26.8116 10
      vertex -25.8109 -36.8618 0
      vertex -20.0752 -28.6703 10
    endloop
  endfacet
  facet normal -0.379178 -0.5968 0.707144
    outer loop
      vertex -19.6935 -31.0287 8.21428
      vertex -20.0752 -28.6703 10
      vertex -19.7 -31.1769 8.08572
    endloop
  endfacet
  facet normal -0.380914 -0.596541 0.70643
    outer loop
      vertex -19.6742 -30.8817 8.34882
      vertex -20.0752 -28.6703 10
      vertex -19.6935 -31.0287 8.21428
    endloop
  endfacet
  facet normal -0.379986 -0.596666 0.706824
    outer loop
      vertex -19.6421 -30.7369 8.48831
      vertex -20.0752 -28.6703 10
      vertex -19.6742 -30.8817 8.34882
    endloop
  endfacet
  facet normal -0.380372 -0.596622 0.706653
    outer loop
      vertex -19.5975 -30.5955 8.6317
      vertex -20.0752 -28.6703 10
      vertex -19.6421 -30.7369 8.48831
    endloop
  endfacet
  facet normal -0.380048 -0.59665 0.706804
    outer loop
      vertex -19.5407 -30.4585 8.77789
      vertex -20.0752 -28.6703 10
      vertex -19.5975 -30.5955 8.6317
    endloop
  endfacet
  facet normal -0.37988 -0.596657 0.706889
    outer loop
      vertex -19.4722 -30.3269 8.92578
      vertex -20.0752 -28.6703 10
      vertex -19.5407 -30.4585 8.77789
    endloop
  endfacet
  facet normal -0.380191 -0.59666 0.706719
    outer loop
      vertex -19.3926 -30.2018 9.07422
      vertex -20.0752 -28.6703 10
      vertex -19.4722 -30.3269 8.92578
    endloop
  endfacet
  facet normal -0.380287 -0.596668 0.706661
    outer loop
      vertex -19.3023 -30.0842 9.22211
      vertex -20.0752 -28.6703 10
      vertex -19.3926 -30.2018 9.07422
    endloop
  endfacet
  facet normal -0.379951 -0.59661 0.70689
    outer loop
      vertex -19.2021 -29.9748 9.3683
      vertex -20.0752 -28.6703 10
      vertex -19.3023 -30.0842 9.22211
    endloop
  endfacet
  facet normal -0.380007 -0.596626 0.706846
    outer loop
      vertex -19.0927 -29.8746 9.51169
      vertex -20.0752 -28.6703 10
      vertex -19.2021 -29.9748 9.3683
    endloop
  endfacet
  facet normal -0.380335 -0.596772 0.706547
    outer loop
      vertex -18.9751 -29.7844 9.65118
      vertex -20.0752 -28.6703 10
      vertex -19.0927 -29.8746 9.51169
    endloop
  endfacet
  facet normal -0.380075 -0.596604 0.706829
    outer loop
      vertex -18.85 -29.7047 9.78572
      vertex -20.0752 -28.6703 10
      vertex -18.9751 -29.7844 9.65118
    endloop
  endfacet
  facet normal -0.380138 -0.596661 0.706747
    outer loop
      vertex -18.7185 -29.6362 9.91428
      vertex -20.0752 -28.6703 10
      vertex -18.85 -29.7047 9.78572
    endloop
  endfacet
  facet normal -0.380119 -0.596637 0.706777
    outer loop
      vertex -20.0752 -28.6703 10
      vertex -18.7185 -29.6362 9.91428
      vertex -18.6219 -29.5962 10
    endloop
  endfacet
  facet normal -0.380108 -0.596653 0.706769
    outer loop
      vertex -22.5 -38.9711 0
      vertex -19.7 -31.1769 8.08572
      vertex -20.0752 -28.6703 10
    endloop
  endfacet
  facet normal -0.380268 -0.596575 0.706749
    outer loop
      vertex -19.7 -31.1769 8.08572
      vertex -22.5 -38.9711 0
      vertex -19.6935 -31.3251 7.96412
    endloop
  endfacet
  facet normal -0.38012 -0.596649 0.706766
    outer loop
      vertex -18.9751 -32.5695 7.3
      vertex -22.5 -38.9711 0
      vertex -18.85 -32.6492 7.3
    endloop
  endfacet
  facet normal -0.380294 -0.596546 0.70676
    outer loop
      vertex -19.0927 -32.4792 7.31294
      vertex -22.5 -38.9711 0
      vertex -18.9751 -32.5695 7.3
    endloop
  endfacet
  facet normal -0.37999 -0.596722 0.706775
    outer loop
      vertex -19.2021 -32.379 7.33872
      vertex -22.5 -38.9711 0
      vertex -19.0927 -32.4792 7.31294
    endloop
  endfacet
  facet normal -0.379943 -0.596749 0.706777
    outer loop
      vertex -19.3023 -32.2697 7.37714
      vertex -22.5 -38.9711 0
      vertex -19.2021 -32.379 7.33872
    endloop
  endfacet
  facet normal -0.380242 -0.596583 0.706756
    outer loop
      vertex -19.3926 -32.152 7.42791
      vertex -22.5 -38.9711 0
      vertex -19.3023 -32.2697 7.37714
    endloop
  endfacet
  facet normal -0.380406 -0.596494 0.706743
    outer loop
      vertex -19.4722 -32.0269 7.49065
      vertex -22.5 -38.9711 0
      vertex -19.3926 -32.152 7.42791
    endloop
  endfacet
  facet normal -0.37985 -0.59679 0.706793
    outer loop
      vertex -19.5407 -31.8954 7.56487
      vertex -22.5 -38.9711 0
      vertex -19.4722 -32.0269 7.49065
    endloop
  endfacet
  facet normal -0.380417 -0.596494 0.706738
    outer loop
      vertex -19.5975 -31.7583 7.65001
      vertex -22.5 -38.9711 0
      vertex -19.5407 -31.8954 7.56487
    endloop
  endfacet
  facet normal -0.379864 -0.596778 0.706796
    outer loop
      vertex -19.6421 -31.6169 7.74543
      vertex -22.5 -38.9711 0
      vertex -19.5975 -31.7583 7.65001
    endloop
  endfacet
  facet normal -0.380157 -0.596629 0.706763
    outer loop
      vertex -19.6742 -31.4721 7.8504
      vertex -22.5 -38.9711 0
      vertex -19.6421 -31.6169 7.74543
    endloop
  endfacet
  facet normal -0.380087 -0.596665 0.706771
    outer loop
      vertex -19.6935 -31.3251 7.96412
      vertex -22.5 -38.9711 0
      vertex -19.6742 -31.4721 7.8504
    endloop
  endfacet
  facet normal -0.0308615 -0.706768 0.706772
    outer loop
      vertex -3.05045 -34.8668 10
      vertex -3.92201 -44.8288 0
      vertex 0 -35 10
    endloop
  endfacet
  facet normal 0.212735 -0.674698 0.706772
    outer loop
      vertex 15.3909 -42.2862 0
      vertex 9.05867 -33.8074 10
      vertex 11.6469 -43.4667 0
    endloop
  endfacet
  facet normal 0.21274 -0.674695 0.706773
    outer loop
      vertex 11.9707 -32.8892 10
      vertex 9.05867 -33.8074 10
      vertex 15.3909 -42.2862 0
    endloop
  endfacet
  facet normal 0.380113 -0.596651 0.706768
    outer loop
      vertex 20.0752 -28.6703 10
      vertex 17.5 -30.3109 10
      vertex 22.5 -38.9711 0
    endloop
  endfacet
  facet normal 0.561262 -0.430655 0.706768
    outer loop
      vertex 28.6703 -20.0752 10
      vertex 26.8116 -22.4976 10
      vertex 36.8618 -25.8109 0
    endloop
  endfacet
  facet normal 0.596651 -0.380113 0.706768
    outer loop
      vertex 38.9711 -22.5 0
      vertex 28.6703 -20.0752 10
      vertex 36.8618 -25.8109 0
    endloop
  endfacet
  facet normal 0.561258 -0.430662 0.706767
    outer loop
      vertex 36.8618 -25.8109 0
      vertex 26.8116 -22.4976 10
      vertex 34.472 -28.9254 0
    endloop
  endfacet
  facet normal 0.521587 -0.477941 0.706767
    outer loop
      vertex 34.472 -28.9254 0
      vertex 26.8116 -22.4976 10
      vertex 31.8198 -31.8198 0
    endloop
  endfacet
  facet normal -0.380268 0.596575 0.706749
    outer loop
      vertex -22.5 38.9711 0
      vertex -19.7 31.1769 8.08572
      vertex -19.6935 31.3251 7.96412
    endloop
  endfacet
  facet normal -0.380087 0.596665 0.706771
    outer loop
      vertex -22.5 38.9711 0
      vertex -19.6935 31.3251 7.96412
      vertex -19.6742 31.4721 7.8504
    endloop
  endfacet
  facet normal -0.380108 0.596653 0.706769
    outer loop
      vertex -19.7 31.1769 8.08572
      vertex -22.5 38.9711 0
      vertex -20.0752 28.6703 10
    endloop
  endfacet
  facet normal -0.380157 0.596629 0.706763
    outer loop
      vertex -19.6421 31.6169 7.74543
      vertex -22.5 38.9711 0
      vertex -19.6742 31.4721 7.8504
    endloop
  endfacet
  facet normal -0.379864 0.596778 0.706796
    outer loop
      vertex -19.5975 31.7583 7.65001
      vertex -22.5 38.9711 0
      vertex -19.6421 31.6169 7.74543
    endloop
  endfacet
  facet normal -0.380417 0.596494 0.706738
    outer loop
      vertex -19.5407 31.8954 7.56487
      vertex -22.5 38.9711 0
      vertex -19.5975 31.7583 7.65001
    endloop
  endfacet
  facet normal -0.37985 0.59679 0.706793
    outer loop
      vertex -19.4722 32.0269 7.49065
      vertex -22.5 38.9711 0
      vertex -19.5407 31.8954 7.56487
    endloop
  endfacet
  facet normal -0.380406 0.596494 0.706743
    outer loop
      vertex -19.3926 32.152 7.42791
      vertex -22.5 38.9711 0
      vertex -19.4722 32.0269 7.49065
    endloop
  endfacet
  facet normal -0.380242 0.596583 0.706756
    outer loop
      vertex -19.3023 32.2697 7.37714
      vertex -22.5 38.9711 0
      vertex -19.3926 32.152 7.42791
    endloop
  endfacet
  facet normal -0.379943 0.596749 0.706777
    outer loop
      vertex -19.2021 32.379 7.33872
      vertex -22.5 38.9711 0
      vertex -19.3023 32.2697 7.37714
    endloop
  endfacet
  facet normal -0.37999 0.596722 0.706775
    outer loop
      vertex -19.0927 32.4792 7.31294
      vertex -22.5 38.9711 0
      vertex -19.2021 32.379 7.33872
    endloop
  endfacet
  facet normal -0.380294 0.596546 0.70676
    outer loop
      vertex -18.9751 32.5695 7.3
      vertex -22.5 38.9711 0
      vertex -19.0927 32.4792 7.31294
    endloop
  endfacet
  facet normal -0.38012 0.596649 0.706766
    outer loop
      vertex -22.5 38.9711 0
      vertex -18.9751 32.5695 7.3
      vertex -18.85 32.6492 7.3
    endloop
  endfacet
  facet normal -0.380119 0.596637 0.706777
    outer loop
      vertex -18.7185 29.6362 9.91428
      vertex -20.0752 28.6703 10
      vertex -18.6219 29.5962 10
    endloop
  endfacet
  facet normal -0.380138 0.596661 0.706747
    outer loop
      vertex -18.85 29.7047 9.78572
      vertex -20.0752 28.6703 10
      vertex -18.7185 29.6362 9.91428
    endloop
  endfacet
  facet normal -0.380075 0.596604 0.706829
    outer loop
      vertex -18.9751 29.7844 9.65118
      vertex -20.0752 28.6703 10
      vertex -18.85 29.7047 9.78572
    endloop
  endfacet
  facet normal -0.380335 0.596772 0.706547
    outer loop
      vertex -19.0927 29.8746 9.51169
      vertex -20.0752 28.6703 10
      vertex -18.9751 29.7844 9.65118
    endloop
  endfacet
  facet normal -0.380007 0.596626 0.706846
    outer loop
      vertex -19.2021 29.9748 9.3683
      vertex -20.0752 28.6703 10
      vertex -19.0927 29.8746 9.51169
    endloop
  endfacet
  facet normal -0.379951 0.59661 0.70689
    outer loop
      vertex -19.3023 30.0842 9.22211
      vertex -20.0752 28.6703 10
      vertex -19.2021 29.9748 9.3683
    endloop
  endfacet
  facet normal -0.380287 0.596668 0.706661
    outer loop
      vertex -19.3926 30.2018 9.07422
      vertex -20.0752 28.6703 10
      vertex -19.3023 30.0842 9.22211
    endloop
  endfacet
  facet normal -0.380191 0.59666 0.706719
    outer loop
      vertex -19.4722 30.3269 8.92578
      vertex -20.0752 28.6703 10
      vertex -19.3926 30.2018 9.07422
    endloop
  endfacet
  facet normal -0.37988 0.596657 0.706889
    outer loop
      vertex -19.5407 30.4585 8.77789
      vertex -20.0752 28.6703 10
      vertex -19.4722 30.3269 8.92578
    endloop
  endfacet
  facet normal -0.380048 0.59665 0.706804
    outer loop
      vertex -19.5975 30.5955 8.6317
      vertex -20.0752 28.6703 10
      vertex -19.5407 30.4585 8.77789
    endloop
  endfacet
  facet normal -0.380372 0.596622 0.706653
    outer loop
      vertex -19.6421 30.7369 8.48831
      vertex -20.0752 28.6703 10
      vertex -19.5975 30.5955 8.6317
    endloop
  endfacet
  facet normal -0.379986 0.596666 0.706824
    outer loop
      vertex -19.6742 30.8817 8.34882
      vertex -20.0752 28.6703 10
      vertex -19.6421 30.7369 8.48831
    endloop
  endfacet
  facet normal -0.380914 0.596541 0.70643
    outer loop
      vertex -19.6935 31.0287 8.21428
      vertex -20.0752 28.6703 10
      vertex -19.6742 30.8817 8.34882
    endloop
  endfacet
  facet normal -0.379178 0.5968 0.707144
    outer loop
      vertex -20.0752 28.6703 10
      vertex -19.6935 31.0287 8.21428
      vertex -19.7 31.1769 8.08572
    endloop
  endfacet
  facet normal -0.561262 -0.430655 0.706768
    outer loop
      vertex -28.6703 -20.0752 10
      vertex -36.8618 -25.8109 0
      vertex -26.8116 -22.4976 10
    endloop
  endfacet
  facet normal -0.690671 -0.153126 0.706772
    outer loop
      vertex -34.4683 -6.07769 10
      vertex -43.4667 -11.6469 0
      vertex -33.8074 -9.05867 10
    endloop
  endfacet
  facet normal -0.69068 -0.153103 0.706768
    outer loop
      vertex -34.4683 -6.07769 10
      vertex -44.3163 -7.81417 0
      vertex -43.4667 -11.6469 0
    endloop
  endfacet
  facet normal -0.477959 -0.521563 0.706772
    outer loop
      vertex -24.7487 -24.7487 10
      vertex -31.8198 -31.8198 0
      vertex -22.4976 -26.8116 10
    endloop
  endfacet
  facet normal -0.706767 -0.0310059 -0.706767
    outer loop
      vertex 37.6935 0.148165 5.7
      vertex 43.4 0 0
      vertex 37.7 0 5.7
    endloop
  endfacet
  facet normal -0.706771 -0.0305702 -0.706782
    outer loop
      vertex 37.6742 0.295201 5.71294
      vertex 43.4 0 0
      vertex 37.6935 0.148165 5.7
    endloop
  endfacet
  facet normal -0.706772 -0.0308505 -0.706769
    outer loop
      vertex 37.6421 0.439992 5.73872
      vertex 43.4 0 0
      vertex 37.6742 0.295201 5.71294
    endloop
  endfacet
  facet normal -0.706772 -0.0308826 -0.706767
    outer loop
      vertex 37.5975 0.581433 5.77714
      vertex 43.4 0 0
      vertex 37.6421 0.439992 5.73872
    endloop
  endfacet
  facet normal -0.706771 -0.0308496 -0.706769
    outer loop
      vertex 43.4 0 0
      vertex 37.5975 0.581433 5.77714
      vertex 43.2562 3.29449 0
    endloop
  endfacet
  facet normal -0.706716 -0.0310647 -0.706815
    outer loop
      vertex 37.5407 0.718451 5.82791
      vertex 43.2562 3.29449 0
      vertex 37.5975 0.581433 5.77714
    endloop
  endfacet
  facet normal -0.706749 -0.0309275 -0.706788
    outer loop
      vertex 37.4722 0.849999 5.89065
      vertex 43.2562 3.29449 0
      vertex 37.5407 0.718451 5.82791
    endloop
  endfacet
  facet normal -0.706805 -0.030688 -0.706743
    outer loop
      vertex 43.2562 3.29449 0
      vertex 37.4722 0.849999 5.89065
      vertex 37.4029 0.95884 5.95523
    endloop
  endfacet
  facet normal 0.70677 0.0308496 -0.70677
    outer loop
      vertex -35 0 8.4
      vertex -43.2562 -3.29449 0
      vertex -43.4 0 0
    endloop
  endfacet
  facet normal -0.690673 -0.153126 -0.706769
    outer loop
      vertex 33.8074 9.05867 8.4
      vertex 42.0269 10.7558 0
      vertex 34.4683 6.07769 8.4
    endloop
  endfacet
  facet normal -0.690682 -0.153083 -0.70677
    outer loop
      vertex 42.0269 10.7558 0
      vertex 33.8074 9.05867 8.4
      vertex 41.9212 11.2327 0
    endloop
  endfacet
  facet normal -0.653585 -0.270736 -0.706773
    outer loop
      vertex 39.5207 17.8903 0
      vertex 40.7827 14.8437 0
      vertex 32.8892 11.9707 8.4
    endloop
  endfacet
  facet normal -0.561264 -0.43065 -0.70677
    outer loop
      vertex 28.6703 20.0752 8.4
      vertex 35.2538 25.2808 0
      vertex 35.5512 24.8932 0
    endloop
  endfacet
  facet normal -0.561261 -0.430654 -0.70677
    outer loop
      vertex 35.2538 25.2808 0
      vertex 28.6703 20.0752 8.4
      vertex 26.8116 22.4976 8.4
    endloop
  endfacet
  facet normal -0.270736 -0.653585 -0.706773
    outer loop
      vertex 14.8437 40.7827 0
      vertex 17.8903 39.5207 0
      vertex 11.9707 32.8892 8.4
    endloop
  endfacet
  facet normal -0.270736 0.653585 -0.706773
    outer loop
      vertex 17.8903 -39.5207 0
      vertex 14.8437 -40.7827 0
      vertex 11.9707 -32.8892 8.4
    endloop
  endfacet
  facet normal -0.690671 0.153131 -0.70677
    outer loop
      vertex 42.7407 -7.53633 0
      vertex 42.0269 -10.7558 0
      vertex 34.4683 -6.07769 8.4
    endloop
  endfacet
  facet normal -0.521582 -0.477946 -0.706767
    outer loop
      vertex 31.0185 30.3282 0
      vertex 33.2463 27.897 0
      vertex 26.8116 22.4976 8.4
    endloop
  endfacet
  facet normal -0.0308615 -0.706768 -0.706772
    outer loop
      vertex 3.29449 43.2562 0
      vertex 3.05045 34.8668 8.4
      vertex 0 35 8.4
    endloop
  endfacet
  facet normal -0.0309888 -0.706763 -0.706771
    outer loop
      vertex 3.05045 34.8668 8.4
      vertex 3.29449 43.2562 0
      vertex 3.78256 43.2348 0
    endloop
  endfacet
  facet normal 0.153126 -0.690673 -0.706769
    outer loop
      vertex -9.05867 33.8074 8.4
      vertex -10.7558 42.0269 0
      vertex -6.07769 34.4683 8.4
    endloop
  endfacet
  facet normal 0.153083 -0.690682 -0.70677
    outer loop
      vertex -10.7558 42.0269 0
      vertex -9.05867 33.8074 8.4
      vertex -11.2327 41.9212 0
    endloop
  endfacet
  facet normal 0.674701 -0.212729 -0.70677
    outer loop
      vertex -40.9296 14.3777 0
      vertex -33.8074 9.05867 8.4
      vertex -41.9212 11.2327 0
    endloop
  endfacet
  facet normal 0.521582 0.477946 -0.706767
    outer loop
      vertex -26.8116 -22.4976 8.4
      vertex -31.0185 -30.3282 0
      vertex -33.2463 -27.897 0
    endloop
  endfacet
  facet normal 0.62751 -0.326659 -0.706771
    outer loop
      vertex -37.8111 21.2667 0
      vertex -31.7208 14.7916 8.4
      vertex -39.3338 18.3416 0
    endloop
  endfacet
  facet normal 0.653585 -0.270736 -0.706773
    outer loop
      vertex -39.5207 17.8903 0
      vertex -32.8892 11.9707 8.4
      vertex -40.7827 14.8437 0
    endloop
  endfacet
  facet normal 0.153126 0.690673 -0.706769
    outer loop
      vertex -10.7558 -42.0269 0
      vertex -9.05867 -33.8074 8.4
      vertex -6.07769 -34.4683 8.4
    endloop
  endfacet
  facet normal 0.153083 0.690682 -0.70677
    outer loop
      vertex -9.05867 -33.8074 8.4
      vertex -10.7558 -42.0269 0
      vertex -11.2327 -41.9212 0
    endloop
  endfacet
  facet normal -0.153131 0.690671 -0.70677
    outer loop
      vertex 10.7558 -42.0269 0
      vertex 7.53633 -42.7407 0
      vertex 6.07769 -34.4683 8.4
    endloop
  endfacet
  facet normal -0.326659 0.62751 -0.706771
    outer loop
      vertex 21.2667 -37.8111 0
      vertex 18.3416 -39.3338 0
      vertex 14.7916 -31.7208 8.4
    endloop
  endfacet
  facet normal -0.706771 0.0308496 -0.706769
    outer loop
      vertex 37.5975 -0.581433 5.77714
      vertex 43.4 0 0
      vertex 43.2562 -3.29449 0
    endloop
  endfacet
  facet normal -0.706767 0.0310059 -0.706767
    outer loop
      vertex 43.4 0 0
      vertex 37.6935 -0.148165 5.7
      vertex 37.7 0 5.7
    endloop
  endfacet
  facet normal -0.706771 0.0305702 -0.706782
    outer loop
      vertex 43.4 0 0
      vertex 37.6742 -0.295201 5.71294
      vertex 37.6935 -0.148165 5.7
    endloop
  endfacet
  facet normal -0.706772 0.0308505 -0.706769
    outer loop
      vertex 43.4 0 0
      vertex 37.6421 -0.439992 5.73872
      vertex 37.6742 -0.295201 5.71294
    endloop
  endfacet
  facet normal -0.706772 0.0308826 -0.706767
    outer loop
      vertex 43.4 0 0
      vertex 37.5975 -0.581433 5.77714
      vertex 37.6421 -0.439992 5.73872
    endloop
  endfacet
  facet normal -0.706716 0.0310647 -0.706815
    outer loop
      vertex 43.2562 -3.29449 0
      vertex 37.5407 -0.718451 5.82791
      vertex 37.5975 -0.581433 5.77714
    endloop
  endfacet
  facet normal -0.706749 0.0309275 -0.706788
    outer loop
      vertex 43.2562 -3.29449 0
      vertex 37.4722 -0.849999 5.89065
      vertex 37.5407 -0.718451 5.82791
    endloop
  endfacet
  facet normal -0.706805 0.030688 -0.706743
    outer loop
      vertex 37.4722 -0.849999 5.89065
      vertex 43.2562 -3.29449 0
      vertex 37.4029 -0.95884 5.95523
    endloop
  endfacet
  facet normal -0.701391 0.0923343 -0.706771
    outer loop
      vertex 43.1711 -4.26692 0
      vertex 42.7407 -7.53633 0
      vertex 34.4683 -6.07769 8.4
    endloop
  endfacet
  facet normal -0.596654 -0.380106 -0.70677
    outer loop
      vertex 35.5512 24.8932 0
      vertex 37.323 22.112 0
      vertex 28.6703 20.0752 8.4
    endloop
  endfacet
  facet normal -0.561253 -0.430669 -0.706767
    outer loop
      vertex 33.2463 27.897 0
      vertex 35.2538 25.2808 0
      vertex 26.8116 22.4976 8.4
    endloop
  endfacet
  facet normal -0.477971 -0.521554 -0.706771
    outer loop
      vertex 24.7487 24.7487 8.4
      vertex 30.3282 31.0185 0
      vertex 30.6884 30.6884 0
    endloop
  endfacet
  facet normal -0.47796 -0.521564 -0.706771
    outer loop
      vertex 30.3282 31.0185 0
      vertex 24.7487 24.7487 8.4
      vertex 22.4976 26.8116 8.4
    endloop
  endfacet
  facet normal -0.477946 -0.521582 -0.706767
    outer loop
      vertex 27.897 33.2463 0
      vertex 30.3282 31.0185 0
      vertex 22.4976 26.8116 8.4
    endloop
  endfacet
  facet normal -0.153083 -0.690682 -0.70677
    outer loop
      vertex 9.05867 33.8074 8.4
      vertex 10.7558 42.0269 0
      vertex 11.2327 41.9212 0
    endloop
  endfacet
  facet normal -0.153126 -0.690673 -0.706769
    outer loop
      vertex 10.7558 42.0269 0
      vertex 9.05867 33.8074 8.4
      vertex 6.07769 34.4683 8.4
    endloop
  endfacet
  facet normal 0.153131 -0.690671 -0.70677
    outer loop
      vertex -7.53633 42.7407 0
      vertex -6.07769 34.4683 8.4
      vertex -10.7558 42.0269 0
    endloop
  endfacet
  facet normal -0.212729 -0.674701 -0.70677
    outer loop
      vertex 11.2327 41.9212 0
      vertex 14.3777 40.9296 0
      vertex 9.05867 33.8074 8.4
    endloop
  endfacet
  facet normal -0.153131 -0.690671 -0.70677
    outer loop
      vertex 7.53633 42.7407 0
      vertex 10.7558 42.0269 0
      vertex 6.07769 34.4683 8.4
    endloop
  endfacet
  facet normal -0.0923298 -0.701391 -0.706771
    outer loop
      vertex 3.05045 34.8668 8.4
      vertex 4.26692 43.1711 0
      vertex 6.07769 34.4683 8.4
    endloop
  endfacet
  facet normal -0.0922441 -0.701403 -0.706771
    outer loop
      vertex 4.26692 43.1711 0
      vertex 3.05045 34.8668 8.4
      vertex 3.78256 43.2348 0
    endloop
  endfacet
  facet normal -0.0923343 -0.701391 -0.706771
    outer loop
      vertex 7.53633 42.7407 0
      vertex 6.07769 34.4683 8.4
      vertex 4.26692 43.1711 0
    endloop
  endfacet
  facet normal -0.0308496 -0.70677 -0.70677
    outer loop
      vertex 0 43.4 0
      vertex 3.29449 43.2562 0
      vertex 0 35 8.4
    endloop
  endfacet
  facet normal 0.0308496 -0.70677 -0.70677
    outer loop
      vertex 0 43.4 0
      vertex 0 35 8.4
      vertex -3.29449 43.2562 0
    endloop
  endfacet
  facet normal 0.561253 -0.430669 -0.706767
    outer loop
      vertex -33.2463 27.897 0
      vertex -26.8116 22.4976 8.4
      vertex -35.2538 25.2808 0
    endloop
  endfacet
  facet normal 0.70677 -0.0308496 -0.70677
    outer loop
      vertex -43.2562 3.29449 0
      vertex -35 0 8.4
      vertex -43.4 0 0
    endloop
  endfacet
  facet normal 0.653585 0.270736 -0.706773
    outer loop
      vertex -32.8892 -11.9707 8.4
      vertex -39.5207 -17.8903 0
      vertex -40.7827 -14.8437 0
    endloop
  endfacet
  facet normal 0.690671 -0.153131 -0.70677
    outer loop
      vertex -42.0269 10.7558 0
      vertex -34.4683 6.07769 8.4
      vertex -42.7407 7.53633 0
    endloop
  endfacet
  facet normal 0.690673 -0.153126 -0.706769
    outer loop
      vertex -42.0269 10.7558 0
      vertex -33.8074 9.05867 8.4
      vertex -34.4683 6.07769 8.4
    endloop
  endfacet
  facet normal 0.690682 -0.153083 -0.70677
    outer loop
      vertex -33.8074 9.05867 8.4
      vertex -42.0269 10.7558 0
      vertex -41.9212 11.2327 0
    endloop
  endfacet
  facet normal 0.596651 -0.380113 -0.706769
    outer loop
      vertex -30.3109 17.5 8.4
      vertex -37.323 22.112 0
      vertex -28.6703 20.0752 8.4
    endloop
  endfacet
  facet normal 0.596635 -0.380138 -0.706769
    outer loop
      vertex -37.323 22.112 0
      vertex -30.3109 17.5 8.4
      vertex -37.5855 21.7 0
    endloop
  endfacet
  facet normal 0.653597 -0.270716 -0.706769
    outer loop
      vertex -39.5207 17.8903 0
      vertex -31.7208 14.7916 8.4
      vertex -32.8892 11.9707 8.4
    endloop
  endfacet
  facet normal 0.65361 -0.270684 -0.70677
    outer loop
      vertex -31.7208 14.7916 8.4
      vertex -39.5207 17.8903 0
      vertex -39.3338 18.3416 0
    endloop
  endfacet
  facet normal -0.701403 -0.0922441 -0.706771
    outer loop
      vertex 34.8668 3.05045 8.4
      vertex 43.1711 4.26692 0
      vertex 43.2348 3.78256 0
    endloop
  endfacet
  facet normal -0.701391 -0.0923298 -0.706771
    outer loop
      vertex 43.1711 4.26692 0
      vertex 34.8668 3.05045 8.4
      vertex 34.4683 6.07769 8.4
    endloop
  endfacet
  facet normal -0.690671 -0.153131 -0.70677
    outer loop
      vertex 42.0269 10.7558 0
      vertex 42.7407 7.53633 0
      vertex 34.4683 6.07769 8.4
    endloop
  endfacet
  facet normal -0.674696 -0.21274 -0.706772
    outer loop
      vertex 32.8892 11.9707 8.4
      vertex 40.9296 14.3777 0
      vertex 33.8074 9.05867 8.4
    endloop
  endfacet
  facet normal -0.67471 -0.212693 -0.706773
    outer loop
      vertex 40.9296 14.3777 0
      vertex 32.8892 11.9707 8.4
      vertex 40.7827 14.8437 0
    endloop
  endfacet
  facet normal -0.674701 -0.212729 -0.70677
    outer loop
      vertex 40.9296 14.3777 0
      vertex 41.9212 11.2327 0
      vertex 33.8074 9.05867 8.4
    endloop
  endfacet
  facet normal -0.62751 -0.326659 -0.706771
    outer loop
      vertex 37.8111 21.2667 0
      vertex 39.3338 18.3416 0
      vertex 31.7208 14.7916 8.4
    endloop
  endfacet
  facet normal 0.0308615 0.706768 -0.706772
    outer loop
      vertex -3.29449 -43.2562 0
      vertex -3.05045 -34.8668 8.4
      vertex 0 -35 8.4
    endloop
  endfacet
  facet normal 0.0309888 0.706763 -0.706771
    outer loop
      vertex -3.05045 -34.8668 8.4
      vertex -3.29449 -43.2562 0
      vertex -3.78256 -43.2348 0
    endloop
  endfacet
  facet normal -0.212729 0.674701 -0.70677
    outer loop
      vertex 14.3777 -40.9296 0
      vertex 11.2327 -41.9212 0
      vertex 9.05867 -33.8074 8.4
    endloop
  endfacet
  facet normal -0.270684 0.65361 -0.70677
    outer loop
      vertex 17.8903 -39.5207 0
      vertex 14.7916 -31.7208 8.4
      vertex 18.3416 -39.3338 0
    endloop
  endfacet
  facet normal -0.270716 0.653597 -0.706769
    outer loop
      vertex 14.7916 -31.7208 8.4
      vertex 17.8903 -39.5207 0
      vertex 11.9707 -32.8892 8.4
    endloop
  endfacet
  facet normal -0.67471 0.212693 -0.706773
    outer loop
      vertex 32.8892 -11.9707 8.4
      vertex 40.9296 -14.3777 0
      vertex 40.7827 -14.8437 0
    endloop
  endfacet
  facet normal -0.674696 0.21274 -0.706772
    outer loop
      vertex 40.9296 -14.3777 0
      vertex 32.8892 -11.9707 8.4
      vertex 33.8074 -9.05867 8.4
    endloop
  endfacet
  facet normal -0.62751 0.326659 -0.706771
    outer loop
      vertex 39.3338 -18.3416 0
      vertex 37.8111 -21.2667 0
      vertex 31.7208 -14.7916 8.4
    endloop
  endfacet
  facet normal -0.521564 -0.47796 -0.706771
    outer loop
      vertex 24.7487 24.7487 8.4
      vertex 31.0185 30.3282 0
      vertex 26.8116 22.4976 8.4
    endloop
  endfacet
  facet normal -0.521554 -0.477971 -0.706771
    outer loop
      vertex 31.0185 30.3282 0
      vertex 24.7487 24.7487 8.4
      vertex 30.6884 30.6884 0
    endloop
  endfacet
  facet normal -0.326659 -0.62751 -0.706771
    outer loop
      vertex 18.3416 39.3338 0
      vertex 21.2667 37.8111 0
      vertex 14.7916 31.7208 8.4
    endloop
  endfacet
  facet normal -0.270684 -0.65361 -0.70677
    outer loop
      vertex 14.7916 31.7208 8.4
      vertex 17.8903 39.5207 0
      vertex 18.3416 39.3338 0
    endloop
  endfacet
  facet normal -0.270716 -0.653597 -0.706769
    outer loop
      vertex 17.8903 39.5207 0
      vertex 14.7916 31.7208 8.4
      vertex 11.9707 32.8892 8.4
    endloop
  endfacet
  facet normal -0.430654 -0.561261 -0.70677
    outer loop
      vertex 20.0752 28.6703 8.4
      vertex 25.2808 35.2538 0
      vertex 22.4976 26.8116 8.4
    endloop
  endfacet
  facet normal -0.43065 -0.561264 -0.70677
    outer loop
      vertex 25.2808 35.2538 0
      vertex 20.0752 28.6703 8.4
      vertex 24.8932 35.5512 0
    endloop
  endfacet
  facet normal -0.380106 -0.596654 -0.70677
    outer loop
      vertex 22.112 37.323 0
      vertex 24.8932 35.5512 0
      vertex 20.0752 28.6703 8.4
    endloop
  endfacet
  facet normal 0.0923343 -0.701391 -0.706771
    outer loop
      vertex -4.26692 43.1711 0
      vertex -6.07769 34.4683 8.4
      vertex -7.53633 42.7407 0
    endloop
  endfacet
  facet normal 0.212729 -0.674701 -0.70677
    outer loop
      vertex -11.2327 41.9212 0
      vertex -9.05867 33.8074 8.4
      vertex -14.3777 40.9296 0
    endloop
  endfacet
  facet normal 0.380106 -0.596654 -0.70677
    outer loop
      vertex -22.112 37.323 0
      vertex -20.0752 28.6703 8.4
      vertex -24.8932 35.5512 0
    endloop
  endfacet
  facet normal -0.212693 -0.67471 -0.706773
    outer loop
      vertex 11.9707 32.8892 8.4
      vertex 14.3777 40.9296 0
      vertex 14.8437 40.7827 0
    endloop
  endfacet
  facet normal -0.21274 -0.674696 -0.706772
    outer loop
      vertex 14.3777 40.9296 0
      vertex 11.9707 32.8892 8.4
      vertex 9.05867 33.8074 8.4
    endloop
  endfacet
  facet normal 0.521564 -0.47796 -0.706771
    outer loop
      vertex -31.0185 30.3282 0
      vertex -24.7487 24.7487 8.4
      vertex -26.8116 22.4976 8.4
    endloop
  endfacet
  facet normal 0.521554 -0.477971 -0.706771
    outer loop
      vertex -24.7487 24.7487 8.4
      vertex -31.0185 30.3282 0
      vertex -30.6884 30.6884 0
    endloop
  endfacet
  facet normal 0.701391 -0.0923343 -0.706771
    outer loop
      vertex -42.7407 7.53633 0
      vertex -34.4683 6.07769 8.4
      vertex -43.1711 4.26692 0
    endloop
  endfacet
  facet normal 0 0 -1
    outer loop
      vertex 34.8668 -3.05045 8.4
      vertex 34.9073 -1.30227 8.4
      vertex 34.942 -1.32891 8.4
    endloop
  endfacet
  facet normal 0 0 -1
    outer loop
      vertex 34.8668 -3.05045 8.4
      vertex 34.7979 -1.20208 8.4
      vertex 34.9073 -1.30227 8.4
    endloop
  endfacet
  facet normal 0 0 -1
    outer loop
      vertex 34.8668 -3.05045 8.4
      vertex 34.6977 -1.09274 8.4
      vertex 34.7979 -1.20208 8.4
    endloop
  endfacet
  facet normal 0 0 -1
    outer loop
      vertex 34.8668 -3.05045 8.4
      vertex 34.6074 -0.97508 8.4
      vertex 34.6977 -1.09274 8.4
    endloop
  endfacet
  facet normal 0 0 -1
    outer loop
      vertex 34.8668 -3.05045 8.4
      vertex 34.5278 -0.849999 8.4
      vertex 34.6074 -0.97508 8.4
    endloop
  endfacet
  facet normal 0 0 -1
    outer loop
      vertex 34.4025 -0.581433 8.4
      vertex 34.8668 -3.05045 8.4
      vertex 34.4683 -6.07769 8.4
    endloop
  endfacet
  facet normal 0 0 -1
    outer loop
      vertex 34.8668 -3.05045 8.4
      vertex 34.4593 -0.718451 8.4
      vertex 34.5278 -0.849999 8.4
    endloop
  endfacet
  facet normal 0 0 -1
    outer loop
      vertex 34.8668 -3.05045 8.4
      vertex 34.4025 -0.581433 8.4
      vertex 34.4593 -0.718451 8.4
    endloop
  endfacet
  facet normal 0 0 -1
    outer loop
      vertex 34.4683 -6.07769 8.4
      vertex 34.3579 -0.439992 8.4
      vertex 34.4025 -0.581433 8.4
    endloop
  endfacet
  facet normal 0 0 -1
    outer loop
      vertex 34.4683 -6.07769 8.4
      vertex 34.3258 -0.295201 8.4
      vertex 34.3579 -0.439992 8.4
    endloop
  endfacet
  facet normal 0 0 -1
    outer loop
      vertex 33.8074 -9.05867 8.4
      vertex 34.3258 -0.295201 8.4
      vertex 34.4683 -6.07769 8.4
    endloop
  endfacet
  facet normal -0 0 -1
    outer loop
      vertex 34.3258 -0.295201 8.4
      vertex 33.8074 -9.05867 8.4
      vertex 34.3065 -0.148165 8.4
    endloop
  endfacet
  facet normal 0 0 -1
    outer loop
      vertex 32.8892 -11.9707 8.4
      vertex 34.3065 -0.148165 8.4
      vertex 33.8074 -9.05867 8.4
    endloop
  endfacet
  facet normal 0 0 -1
    outer loop
      vertex 34.9073 1.30227 8.4
      vertex 34.8668 3.05045 8.4
      vertex 34.942 1.32891 8.4
    endloop
  endfacet
  facet normal 0 0 -1
    outer loop
      vertex 34.7979 1.20208 8.4
      vertex 34.8668 3.05045 8.4
      vertex 34.9073 1.30227 8.4
    endloop
  endfacet
  facet normal 0 0 -1
    outer loop
      vertex 34.6977 1.09274 8.4
      vertex 34.8668 3.05045 8.4
      vertex 34.7979 1.20208 8.4
    endloop
  endfacet
  facet normal 0 0 -1
    outer loop
      vertex 34.6074 0.97508 8.4
      vertex 34.8668 3.05045 8.4
      vertex 34.6977 1.09274 8.4
    endloop
  endfacet
  facet normal 0 0 -1
    outer loop
      vertex 34.5278 0.849999 8.4
      vertex 34.8668 3.05045 8.4
      vertex 34.6074 0.97508 8.4
    endloop
  endfacet
  facet normal 0 0 -1
    outer loop
      vertex 34.4593 0.718451 8.4
      vertex 34.8668 3.05045 8.4
      vertex 34.5278 0.849999 8.4
    endloop
  endfacet
  facet normal 0 0 -1
    outer loop
      vertex 34.4025 0.581433 8.4
      vertex 34.8668 3.05045 8.4
      vertex 34.4593 0.718451 8.4
    endloop
  endfacet
  facet normal -0 0 -1
    outer loop
      vertex 34.8668 3.05045 8.4
      vertex 34.4025 0.581433 8.4
      vertex 34.4683 6.07769 8.4
    endloop
  endfacet
  facet normal 0 0 -1
    outer loop
      vertex 34.3579 0.439992 8.4
      vertex 34.4683 6.07769 8.4
      vertex 34.4025 0.581433 8.4
    endloop
  endfacet
  facet normal 0 0 -1
    outer loop
      vertex 34.3258 0.295201 8.4
      vertex 34.4683 6.07769 8.4
      vertex 34.3579 0.439992 8.4
    endloop
  endfacet
  facet normal 0 0 -1
    outer loop
      vertex 33.8074 9.05867 8.4
      vertex 34.3258 0.295201 8.4
      vertex 34.3065 0.148165 8.4
    endloop
  endfacet
  facet normal 0 0 -1
    outer loop
      vertex 26.8116 22.4976 8.4
      vertex 34.3065 0.148165 8.4
      vertex 34.3 0 8.4
    endloop
  endfacet
  facet normal 0 0 -1
    outer loop
      vertex 31.7208 -14.7916 8.4
      vertex 34.3065 -0.148165 8.4
      vertex 32.8892 -11.9707 8.4
    endloop
  endfacet
  facet normal 0 0 -1
    outer loop
      vertex 34.3258 0.295201 8.4
      vertex 33.8074 9.05867 8.4
      vertex 34.4683 6.07769 8.4
    endloop
  endfacet
  facet normal 0 0 -1
    outer loop
      vertex 30.3109 -17.5 8.4
      vertex 34.3065 -0.148165 8.4
      vertex 31.7208 -14.7916 8.4
    endloop
  endfacet
  facet normal 0 0 -1
    outer loop
      vertex 34.3065 0.148165 8.4
      vertex 32.8892 11.9707 8.4
      vertex 33.8074 9.05867 8.4
    endloop
  endfacet
  facet normal 0 0 -1
    outer loop
      vertex 28.6703 -20.0752 8.4
      vertex 34.3065 -0.148165 8.4
      vertex 30.3109 -17.5 8.4
    endloop
  endfacet
  facet normal 0 0 -1
    outer loop
      vertex 34.3065 0.148165 8.4
      vertex 31.7208 14.7916 8.4
      vertex 32.8892 11.9707 8.4
    endloop
  endfacet
  facet normal 0 0 -1
    outer loop
      vertex 26.8116 -22.4976 8.4
      vertex 34.3065 -0.148165 8.4
      vertex 28.6703 -20.0752 8.4
    endloop
  endfacet
  facet normal 0 0 -1
    outer loop
      vertex 34.3065 0.148165 8.4
      vertex 30.3109 17.5 8.4
      vertex 31.7208 14.7916 8.4
    endloop
  endfacet
  facet normal -0 0 -1
    outer loop
      vertex 34.3065 -0.148165 8.4
      vertex 26.8116 -22.4976 8.4
      vertex 34.3 0 8.4
    endloop
  endfacet
  facet normal 0 0 -1
    outer loop
      vertex 34.3065 0.148165 8.4
      vertex 28.6703 20.0752 8.4
      vertex 30.3109 17.5 8.4
    endloop
  endfacet
  facet normal 0 0 -1
    outer loop
      vertex 24.7487 -24.7487 8.4
      vertex 34.3 0 8.4
      vertex 26.8116 -22.4976 8.4
    endloop
  endfacet
  facet normal 0 0 -1
    outer loop
      vertex -17.15 29.7047 8.4
      vertex 34.3 0 8.4
      vertex -17.15 -29.7047 8.4
    endloop
  endfacet
  facet normal 0 0 -1
    outer loop
      vertex 34.3 0 8.4
      vertex 24.7487 -24.7487 8.4
      vertex -17.15 -29.7047 8.4
    endloop
  endfacet
  facet normal 0 0 -1
    outer loop
      vertex 34.3065 0.148165 8.4
      vertex 26.8116 22.4976 8.4
      vertex 28.6703 20.0752 8.4
    endloop
  endfacet
  facet normal 0 0 -1
    outer loop
      vertex -17.15 -29.7047 8.4
      vertex 24.7487 -24.7487 8.4
      vertex 22.4976 -26.8116 8.4
    endloop
  endfacet
  facet normal -0 -0 -1
    outer loop
      vertex 24.7487 24.7487 8.4
      vertex 34.3 0 8.4
      vertex -17.15 29.7047 8.4
    endloop
  endfacet
  facet normal 0 0 -1
    outer loop
      vertex -17.15 -29.7047 8.4
      vertex 22.4976 -26.8116 8.4
      vertex 20.0752 -28.6703 8.4
    endloop
  endfacet
  facet normal 0 0 -1
    outer loop
      vertex 34.3 0 8.4
      vertex 24.7487 24.7487 8.4
      vertex 26.8116 22.4976 8.4
    endloop
  endfacet
  facet normal 0 0 -1
    outer loop
      vertex -17.15 -29.7047 8.4
      vertex 20.0752 -28.6703 8.4
      vertex 17.5 -30.3109 8.4
    endloop
  endfacet
  facet normal 0 0 -1
    outer loop
      vertex 24.7487 24.7487 8.4
      vertex -17.15 29.7047 8.4
      vertex 22.4976 26.8116 8.4
    endloop
  endfacet
  facet normal 0 0 -1
    outer loop
      vertex -17.15 -29.7047 8.4
      vertex 17.5 -30.3109 8.4
      vertex 14.7916 -31.7208 8.4
    endloop
  endfacet
  facet normal 0 0 -1
    outer loop
      vertex 22.4976 26.8116 8.4
      vertex -17.15 29.7047 8.4
      vertex 20.0752 28.6703 8.4
    endloop
  endfacet
  facet normal 0 0 -1
    outer loop
      vertex -17.15 -29.7047 8.4
      vertex 14.7916 -31.7208 8.4
      vertex 11.9707 -32.8892 8.4
    endloop
  endfacet
  facet normal 0 0 -1
    outer loop
      vertex 20.0752 28.6703 8.4
      vertex -17.15 29.7047 8.4
      vertex 17.5 30.3109 8.4
    endloop
  endfacet
  facet normal 0 0 -1
    outer loop
      vertex -17.15 -29.7047 8.4
      vertex 11.9707 -32.8892 8.4
      vertex 9.05867 -33.8074 8.4
    endloop
  endfacet
  facet normal -0 0 -1
    outer loop
      vertex 17.5 30.3109 8.4
      vertex -17.15 29.7047 8.4
      vertex 14.7916 31.7208 8.4
    endloop
  endfacet
  facet normal 0 0 -1
    outer loop
      vertex -17.15 -29.7047 8.4
      vertex 9.05867 -33.8074 8.4
      vertex 6.07769 -34.4683 8.4
    endloop
  endfacet
  facet normal -0 0 -1
    outer loop
      vertex 14.7916 31.7208 8.4
      vertex -17.15 29.7047 8.4
      vertex 11.9707 32.8892 8.4
    endloop
  endfacet
  facet normal 0 0 -1
    outer loop
      vertex -17.0249 -29.7844 8.4
      vertex 6.07769 -34.4683 8.4
      vertex 3.05045 -34.8668 8.4
    endloop
  endfacet
  facet normal -0 0 -1
    outer loop
      vertex 11.9707 32.8892 8.4
      vertex -17.15 29.7047 8.4
      vertex 9.05867 33.8074 8.4
    endloop
  endfacet
  facet normal 0 0 -1
    outer loop
      vertex -17.0249 -29.7844 8.4
      vertex 3.05045 -34.8668 8.4
      vertex 0 -35 8.4
    endloop
  endfacet
  facet normal -0 0 -1
    outer loop
      vertex 9.05867 33.8074 8.4
      vertex -17.15 29.7047 8.4
      vertex 6.07769 34.4683 8.4
    endloop
  endfacet
  facet normal 0 0 -1
    outer loop
      vertex -17.0249 -29.7844 8.4
      vertex 0 -35 8.4
      vertex -3.05045 -34.8668 8.4
    endloop
  endfacet
  facet normal 0 0 -1
    outer loop
      vertex 6.07769 -34.4683 8.4
      vertex -17.0249 -29.7844 8.4
      vertex -17.15 -29.7047 8.4
    endloop
  endfacet
  facet normal 0 0 -1
    outer loop
      vertex -17.0249 -29.7844 8.4
      vertex -3.05045 -34.8668 8.4
      vertex -6.07769 -34.4683 8.4
    endloop
  endfacet
  facet normal 0 -0 -1
    outer loop
      vertex -17.0249 29.7844 8.4
      vertex 6.07769 34.4683 8.4
      vertex -17.15 29.7047 8.4
    endloop
  endfacet
  facet normal 0 0 -1
    outer loop
      vertex -17.0249 -29.7844 8.4
      vertex -6.07769 -34.4683 8.4
      vertex -9.05867 -33.8074 8.4
    endloop
  endfacet
  facet normal 0 0 -1
    outer loop
      vertex 0 35 8.4
      vertex -17.0249 29.7844 8.4
      vertex -3.05045 34.8668 8.4
    endloop
  endfacet
  facet normal 0 0 -1
    outer loop
      vertex -16.9073 -29.8746 8.4
      vertex -9.05867 -33.8074 8.4
      vertex -11.9707 -32.8892 8.4
    endloop
  endfacet
  facet normal 0 0 -1
    outer loop
      vertex -3.05045 34.8668 8.4
      vertex -17.0249 29.7844 8.4
      vertex -6.07769 34.4683 8.4
    endloop
  endfacet
  facet normal 0 0 -1
    outer loop
      vertex -16.6977 -30.0842 8.4
      vertex -11.9707 -32.8892 8.4
      vertex -14.7916 -31.7208 8.4
    endloop
  endfacet
  facet normal 0 0 -1
    outer loop
      vertex -16.9073 -29.8746 8.4
      vertex -11.9707 -32.8892 8.4
      vertex -16.7979 -29.9748 8.4
    endloop
  endfacet
  facet normal 0 0 -1
    outer loop
      vertex -16.3258 -30.8817 8.4
      vertex -14.7916 -31.7208 8.4
      vertex -16.3201 -30.9251 8.4
    endloop
  endfacet
  facet normal 0 0 -1
    outer loop
      vertex -16.3579 -30.7369 8.4
      vertex -14.7916 -31.7208 8.4
      vertex -16.3258 -30.8817 8.4
    endloop
  endfacet
  facet normal 0 0 -1
    outer loop
      vertex -16.4025 -30.5955 8.4
      vertex -14.7916 -31.7208 8.4
      vertex -16.3579 -30.7369 8.4
    endloop
  endfacet
  facet normal 0 0 -1
    outer loop
      vertex -14.7916 31.7208 8.4
      vertex -16.3258 30.8817 8.4
      vertex -16.3201 30.9251 8.4
    endloop
  endfacet
  facet normal 0 0 -1
    outer loop
      vertex -16.4593 -30.4585 8.4
      vertex -14.7916 -31.7208 8.4
      vertex -16.4025 -30.5955 8.4
    endloop
  endfacet
  facet normal 0 0 -1
    outer loop
      vertex -14.7916 31.7208 8.4
      vertex -16.3579 30.7369 8.4
      vertex -16.3258 30.8817 8.4
    endloop
  endfacet
  facet normal 0 0 -1
    outer loop
      vertex -16.5278 -30.3269 8.4
      vertex -14.7916 -31.7208 8.4
      vertex -16.4593 -30.4585 8.4
    endloop
  endfacet
  facet normal 0 0 -1
    outer loop
      vertex -14.7916 31.7208 8.4
      vertex -16.4025 30.5955 8.4
      vertex -16.3579 30.7369 8.4
    endloop
  endfacet
  facet normal 0 0 -1
    outer loop
      vertex -16.6074 -30.2018 8.4
      vertex -14.7916 -31.7208 8.4
      vertex -16.5278 -30.3269 8.4
    endloop
  endfacet
  facet normal 0 0 -1
    outer loop
      vertex -14.7916 31.7208 8.4
      vertex -16.4593 30.4585 8.4
      vertex -16.4025 30.5955 8.4
    endloop
  endfacet
  facet normal 0 0 -1
    outer loop
      vertex -16.6977 -30.0842 8.4
      vertex -14.7916 -31.7208 8.4
      vertex -16.6074 -30.2018 8.4
    endloop
  endfacet
  facet normal 0 0 -1
    outer loop
      vertex -14.7916 31.7208 8.4
      vertex -16.5278 30.3269 8.4
      vertex -16.4593 30.4585 8.4
    endloop
  endfacet
  facet normal 0 0 -1
    outer loop
      vertex -11.9707 -32.8892 8.4
      vertex -16.6977 -30.0842 8.4
      vertex -16.7979 -29.9748 8.4
    endloop
  endfacet
  facet normal 0 0 -1
    outer loop
      vertex -14.7916 31.7208 8.4
      vertex -16.6074 30.2018 8.4
      vertex -16.5278 30.3269 8.4
    endloop
  endfacet
  facet normal 0 0 -1
    outer loop
      vertex -9.05867 -33.8074 8.4
      vertex -16.9073 -29.8746 8.4
      vertex -17.0249 -29.7844 8.4
    endloop
  endfacet
  facet normal 0 0 -1
    outer loop
      vertex -14.7916 31.7208 8.4
      vertex -16.6977 30.0842 8.4
      vertex -16.6074 30.2018 8.4
    endloop
  endfacet
  facet normal 0 -0 -1
    outer loop
      vertex -16.6977 30.0842 8.4
      vertex -11.9707 32.8892 8.4
      vertex -16.7979 29.9748 8.4
    endloop
  endfacet
  facet normal 0 0 -1
    outer loop
      vertex -11.9707 32.8892 8.4
      vertex -16.6977 30.0842 8.4
      vertex -14.7916 31.7208 8.4
    endloop
  endfacet
  facet normal 0 0 -1
    outer loop
      vertex -6.07769 34.4683 8.4
      vertex -17.0249 29.7844 8.4
      vertex -9.05867 33.8074 8.4
    endloop
  endfacet
  facet normal 0 0 -1
    outer loop
      vertex -11.9707 32.8892 8.4
      vertex -16.9073 29.8746 8.4
      vertex -16.7979 29.9748 8.4
    endloop
  endfacet
  facet normal 0 -0 -1
    outer loop
      vertex -16.9073 29.8746 8.4
      vertex -9.05867 33.8074 8.4
      vertex -17.0249 29.7844 8.4
    endloop
  endfacet
  facet normal 0 0 -1
    outer loop
      vertex -9.05867 33.8074 8.4
      vertex -16.9073 29.8746 8.4
      vertex -11.9707 32.8892 8.4
    endloop
  endfacet
  facet normal -0 0 -1
    outer loop
      vertex 6.07769 34.4683 8.4
      vertex -17.0249 29.7844 8.4
      vertex 3.05045 34.8668 8.4
    endloop
  endfacet
  facet normal -0 0 -1
    outer loop
      vertex 3.05045 34.8668 8.4
      vertex -17.0249 29.7844 8.4
      vertex 0 35 8.4
    endloop
  endfacet
  facet normal 0 0 -1
    outer loop
      vertex -17.2815 -29.6362 8.4
      vertex -17.15 29.7047 8.4
      vertex -17.15 -29.7047 8.4
    endloop
  endfacet
  facet normal 0 0 -1
    outer loop
      vertex -17.2815 -29.6362 8.4
      vertex -17.2815 29.6362 8.4
      vertex -17.15 29.7047 8.4
    endloop
  endfacet
  facet normal 0 0 -1
    outer loop
      vertex -26.8116 -22.4976 8.4
      vertex -17.2815 -29.6362 8.4
      vertex -17.4186 -29.5794 8.4
    endloop
  endfacet
  facet normal 0 0 -1
    outer loop
      vertex -17.2815 -29.6362 8.4
      vertex -33.8074 -9.05867 8.4
      vertex -17.2815 29.6362 8.4
    endloop
  endfacet
  facet normal 0 0 -1
    outer loop
      vertex -22.4976 -26.8116 8.4
      vertex -17.4186 -29.5794 8.4
      vertex -17.56 -29.5348 8.4
    endloop
  endfacet
  facet normal 0 0 -1
    outer loop
      vertex -34.4683 -6.07769 8.4
      vertex -17.2815 29.6362 8.4
      vertex -33.8074 -9.05867 8.4
    endloop
  endfacet
  facet normal 0 0 -1
    outer loop
      vertex -22.4976 -26.8116 8.4
      vertex -17.56 -29.5348 8.4
      vertex -17.7048 -29.5027 8.4
    endloop
  endfacet
  facet normal 0 -0 -1
    outer loop
      vertex -33.8074 9.05867 8.4
      vertex -17.2815 29.6362 8.4
      vertex -34.4683 -6.07769 8.4
    endloop
  endfacet
  facet normal 0 0 -1
    outer loop
      vertex -20.0752 -28.6703 8.4
      vertex -17.7048 -29.5027 8.4
      vertex -17.8518 -29.4834 8.4
    endloop
  endfacet
  facet normal 0 -0 -1
    outer loop
      vertex -32.8892 11.9707 8.4
      vertex -17.2815 29.6362 8.4
      vertex -33.8074 9.05867 8.4
    endloop
  endfacet
  facet normal 0 0 -1
    outer loop
      vertex -20.0752 -28.6703 8.4
      vertex -17.8518 -29.4834 8.4
      vertex -18 -29.4769 8.4
    endloop
  endfacet
  facet normal 0 -0 -1
    outer loop
      vertex -30.3109 17.5 8.4
      vertex -17.2815 29.6362 8.4
      vertex -31.7208 14.7916 8.4
    endloop
  endfacet
  facet normal 0 0 -1
    outer loop
      vertex -20.0752 -28.6703 8.4
      vertex -18 -29.4769 8.4
      vertex -18.1482 -29.4834 8.4
    endloop
  endfacet
  facet normal 0 0 -1
    outer loop
      vertex -17.2815 -29.6362 8.4
      vertex -32.8892 -11.9707 8.4
      vertex -33.8074 -9.05867 8.4
    endloop
  endfacet
  facet normal 0 0 -1
    outer loop
      vertex -20.0752 -28.6703 8.4
      vertex -18.1482 -29.4834 8.4
      vertex -18.2952 -29.5027 8.4
    endloop
  endfacet
  facet normal 0 0 -1
    outer loop
      vertex -17.2815 -29.6362 8.4
      vertex -31.7208 -14.7916 8.4
      vertex -32.8892 -11.9707 8.4
    endloop
  endfacet
  facet normal 0 0 -1
    outer loop
      vertex -20.0752 -28.6703 8.4
      vertex -18.2952 -29.5027 8.4
      vertex -18.44 -29.5348 8.4
    endloop
  endfacet
  facet normal 0 0 -1
    outer loop
      vertex -17.2815 -29.6362 8.4
      vertex -30.3109 -17.5 8.4
      vertex -31.7208 -14.7916 8.4
    endloop
  endfacet
  facet normal 0 0 -1
    outer loop
      vertex -20.0752 -28.6703 8.4
      vertex -18.44 -29.5348 8.4
      vertex -18.5814 -29.5794 8.4
    endloop
  endfacet
  facet normal 0 0 -1
    outer loop
      vertex -17.4186 -29.5794 8.4
      vertex -24.7487 -24.7487 8.4
      vertex -26.8116 -22.4976 8.4
    endloop
  endfacet
  facet normal 0 0 -1
    outer loop
      vertex -20.0752 -28.6703 8.4
      vertex -18.5814 -29.5794 8.4
      vertex -18.6219 -29.5962 8.4
    endloop
  endfacet
  facet normal 0 0 -1
    outer loop
      vertex -17.4186 -29.5794 8.4
      vertex -22.4976 -26.8116 8.4
      vertex -24.7487 -24.7487 8.4
    endloop
  endfacet
  facet normal 0 0 -1
    outer loop
      vertex -17.7048 -29.5027 8.4
      vertex -20.0752 -28.6703 8.4
      vertex -22.4976 -26.8116 8.4
    endloop
  endfacet
  facet normal 0 0 -1
    outer loop
      vertex -17.2815 -29.6362 8.4
      vertex -26.8116 -22.4976 8.4
      vertex -28.6703 -20.0752 8.4
    endloop
  endfacet
  facet normal -0 0 -1
    outer loop
      vertex -18.44 29.5348 8.4
      vertex -20.0752 28.6703 8.4
      vertex -18.5814 29.5794 8.4
    endloop
  endfacet
  facet normal -0 0 -1
    outer loop
      vertex -18.5814 29.5794 8.4
      vertex -20.0752 28.6703 8.4
      vertex -18.6219 29.5962 8.4
    endloop
  endfacet
  facet normal -0 0 -1
    outer loop
      vertex -18.1482 29.4834 8.4
      vertex -20.0752 28.6703 8.4
      vertex -18.2952 29.5027 8.4
    endloop
  endfacet
  facet normal -0 0 -1
    outer loop
      vertex -18.2952 29.5027 8.4
      vertex -20.0752 28.6703 8.4
      vertex -18.44 29.5348 8.4
    endloop
  endfacet
  facet normal 0 0 -1
    outer loop
      vertex -17.2815 -29.6362 8.4
      vertex -28.6703 -20.0752 8.4
      vertex -30.3109 -17.5 8.4
    endloop
  endfacet
  facet normal -0 0 -1
    outer loop
      vertex -18 29.4769 8.4
      vertex -20.0752 28.6703 8.4
      vertex -18.1482 29.4834 8.4
    endloop
  endfacet
  facet normal 0 -0 -1
    outer loop
      vertex -28.6703 20.0752 8.4
      vertex -17.2815 29.6362 8.4
      vertex -30.3109 17.5 8.4
    endloop
  endfacet
  facet normal 0 0 -1
    outer loop
      vertex -17.8518 29.4834 8.4
      vertex -20.0752 28.6703 8.4
      vertex -18 29.4769 8.4
    endloop
  endfacet
  facet normal 0 -0 -1
    outer loop
      vertex -20.0752 28.6703 8.4
      vertex -17.7048 29.5027 8.4
      vertex -22.4976 26.8116 8.4
    endloop
  endfacet
  facet normal 0 0 -1
    outer loop
      vertex -17.7048 29.5027 8.4
      vertex -20.0752 28.6703 8.4
      vertex -17.8518 29.4834 8.4
    endloop
  endfacet
  facet normal 0 0 -1
    outer loop
      vertex -17.4186 29.5794 8.4
      vertex -22.4976 26.8116 8.4
      vertex -17.56 29.5348 8.4
    endloop
  endfacet
  facet normal 0 0 -1
    outer loop
      vertex -17.56 29.5348 8.4
      vertex -22.4976 26.8116 8.4
      vertex -17.7048 29.5027 8.4
    endloop
  endfacet
  facet normal 0 -0 -1
    outer loop
      vertex -24.7487 24.7487 8.4
      vertex -17.4186 29.5794 8.4
      vertex -26.8116 22.4976 8.4
    endloop
  endfacet
  facet normal 0 -0 -1
    outer loop
      vertex -22.4976 26.8116 8.4
      vertex -17.4186 29.5794 8.4
      vertex -24.7487 24.7487 8.4
    endloop
  endfacet
  facet normal 0 -0 -1
    outer loop
      vertex -26.8116 22.4976 8.4
      vertex -17.2815 29.6362 8.4
      vertex -28.6703 20.0752 8.4
    endloop
  endfacet
  facet normal 0 0 -1
    outer loop
      vertex -17.2815 29.6362 8.4
      vertex -26.8116 22.4976 8.4
      vertex -17.4186 29.5794 8.4
    endloop
  endfacet
  facet normal 0 -0 -1
    outer loop
      vertex -31.7208 14.7916 8.4
      vertex -17.2815 29.6362 8.4
      vertex -32.8892 11.9707 8.4
    endloop
  endfacet
  facet normal 0 0 -1
    outer loop
      vertex -34.4683 -6.07769 8.4
      vertex -34.4683 6.07769 8.4
      vertex -33.8074 9.05867 8.4
    endloop
  endfacet
  facet normal 0 0 -1
    outer loop
      vertex -34.8668 -3.05045 8.4
      vertex -34.4683 6.07769 8.4
      vertex -34.4683 -6.07769 8.4
    endloop
  endfacet
  facet normal 0 0 -1
    outer loop
      vertex -34.8668 -3.05045 8.4
      vertex -34.8668 3.05045 8.4
      vertex -34.4683 6.07769 8.4
    endloop
  endfacet
  facet normal 0 -0 -1
    outer loop
      vertex -34.8668 3.05045 8.4
      vertex -34.8668 -3.05045 8.4
      vertex -35 0 8.4
    endloop
  endfacet
  facet normal 0.701391 0.0923343 -0.706771
    outer loop
      vertex -34.4683 -6.07769 8.4
      vertex -42.7407 -7.53633 0
      vertex -43.1711 -4.26692 0
    endloop
  endfacet
  facet normal 0.67471 0.212693 -0.706773
    outer loop
      vertex -40.9296 -14.3777 0
      vertex -32.8892 -11.9707 8.4
      vertex -40.7827 -14.8437 0
    endloop
  endfacet
  facet normal 0.674696 0.21274 -0.706772
    outer loop
      vertex -32.8892 -11.9707 8.4
      vertex -40.9296 -14.3777 0
      vertex -33.8074 -9.05867 8.4
    endloop
  endfacet
  facet normal 0.521582 -0.477946 -0.706767
    outer loop
      vertex -31.0185 30.3282 0
      vertex -26.8116 22.4976 8.4
      vertex -33.2463 27.897 0
    endloop
  endfacet
  facet normal 0.596654 -0.380106 -0.70677
    outer loop
      vertex -35.5512 24.8932 0
      vertex -28.6703 20.0752 8.4
      vertex -37.323 22.112 0
    endloop
  endfacet
  facet normal 0.627509 -0.32666 -0.706771
    outer loop
      vertex -37.8111 21.2667 0
      vertex -30.3109 17.5 8.4
      vertex -31.7208 14.7916 8.4
    endloop
  endfacet
  facet normal 0.627487 -0.326704 -0.706771
    outer loop
      vertex -30.3109 17.5 8.4
      vertex -37.8111 21.2667 0
      vertex -37.5855 21.7 0
    endloop
  endfacet
  facet normal 0.0308496 0.70677 -0.70677
    outer loop
      vertex 0 -35 8.4
      vertex 0 -43.4 0
      vertex -3.29449 -43.2562 0
    endloop
  endfacet
  facet normal 0.270716 0.653597 -0.706769
    outer loop
      vertex -17.8903 -39.5207 0
      vertex -14.7916 -31.7208 8.4
      vertex -11.9707 -32.8892 8.4
    endloop
  endfacet
  facet normal 0.270684 0.65361 -0.70677
    outer loop
      vertex -14.7916 -31.7208 8.4
      vertex -17.8903 -39.5207 0
      vertex -18.3416 -39.3338 0
    endloop
  endfacet
  facet normal 0.380106 0.596654 -0.70677
    outer loop
      vertex -20.0752 -28.6703 8.4
      vertex -22.112 -37.323 0
      vertex -24.8932 -35.5512 0
    endloop
  endfacet
  facet normal 0.380255 0.596578 -0.706753
    outer loop
      vertex -22.112 -37.323 0
      vertex -19.7 -31.1769 6.48572
      vertex -19.6935 -31.3251 6.36412
    endloop
  endfacet
  facet normal 0.380087 0.596664 -0.706771
    outer loop
      vertex -22.112 -37.323 0
      vertex -19.6935 -31.3251 6.36412
      vertex -19.6742 -31.4721 6.2504
    endloop
  endfacet
  facet normal 0.380139 0.596637 -0.706767
    outer loop
      vertex -22.112 -37.323 0
      vertex -18.85 -32.6492 5.7
      vertex -21.7 -37.5855 0
    endloop
  endfacet
  facet normal 0.380119 0.596649 -0.706766
    outer loop
      vertex -18.85 -32.6492 5.7
      vertex -22.112 -37.323 0
      vertex -18.9751 -32.5695 5.7
    endloop
  endfacet
  facet normal 0.380289 0.59654 -0.706768
    outer loop
      vertex -18.9751 -32.5695 5.7
      vertex -22.112 -37.323 0
      vertex -19.0927 -32.4792 5.71294
    endloop
  endfacet
  facet normal 0.379994 0.596725 -0.70677
    outer loop
      vertex -19.0927 -32.4792 5.71294
      vertex -22.112 -37.323 0
      vertex -19.2021 -32.379 5.73872
    endloop
  endfacet
  facet normal 0.379949 0.596753 -0.706771
    outer loop
      vertex -19.2021 -32.379 5.73872
      vertex -22.112 -37.323 0
      vertex -19.3023 -32.2697 5.77714
    endloop
  endfacet
  facet normal 0.380237 0.596581 -0.706761
    outer loop
      vertex -19.3023 -32.2697 5.77714
      vertex -22.112 -37.323 0
      vertex -19.3926 -32.152 5.82791
    endloop
  endfacet
  facet normal 0.380393 0.596491 -0.706753
    outer loop
      vertex -19.3926 -32.152 5.82791
      vertex -22.112 -37.323 0
      vertex -19.4722 -32.0269 5.89065
    endloop
  endfacet
  facet normal 0.379861 0.596792 -0.706785
    outer loop
      vertex -19.4722 -32.0269 5.89065
      vertex -22.112 -37.323 0
      vertex -19.5407 -31.8954 5.96487
    endloop
  endfacet
  facet normal 0.380401 0.596493 -0.706747
    outer loop
      vertex -19.5407 -31.8954 5.96487
      vertex -22.112 -37.323 0
      vertex -19.5975 -31.7583 6.05001
    endloop
  endfacet
  facet normal 0.379876 0.596777 -0.70679
    outer loop
      vertex -19.5975 -31.7583 6.05001
      vertex -22.112 -37.323 0
      vertex -19.6421 -31.6169 6.14543
    endloop
  endfacet
  facet normal 0.380154 0.59663 -0.706764
    outer loop
      vertex -19.6421 -31.6169 6.14543
      vertex -22.112 -37.323 0
      vertex -19.6742 -31.4721 6.2504
    endloop
  endfacet
  facet normal 0.380107 0.596653 -0.70677
    outer loop
      vertex -19.7 -31.1769 6.48572
      vertex -22.112 -37.323 0
      vertex -20.0752 -28.6703 8.4
    endloop
  endfacet
  facet normal 0.380119 0.596637 -0.706777
    outer loop
      vertex -18.7185 -29.6362 8.31428
      vertex -20.0752 -28.6703 8.4
      vertex -18.6219 -29.5962 8.4
    endloop
  endfacet
  facet normal 0.380138 0.596661 -0.706747
    outer loop
      vertex -18.85 -29.7047 8.18572
      vertex -20.0752 -28.6703 8.4
      vertex -18.7185 -29.6362 8.31428
    endloop
  endfacet
  facet normal 0.380075 0.596604 -0.706829
    outer loop
      vertex -18.9751 -29.7844 8.05118
      vertex -20.0752 -28.6703 8.4
      vertex -18.85 -29.7047 8.18572
    endloop
  endfacet
  facet normal 0.380335 0.596772 -0.706547
    outer loop
      vertex -19.0927 -29.8746 7.91169
      vertex -20.0752 -28.6703 8.4
      vertex -18.9751 -29.7844 8.05118
    endloop
  endfacet
  facet normal 0.380007 0.596626 -0.706846
    outer loop
      vertex -19.2021 -29.9748 7.7683
      vertex -20.0752 -28.6703 8.4
      vertex -19.0927 -29.8746 7.91169
    endloop
  endfacet
  facet normal 0.379951 0.59661 -0.70689
    outer loop
      vertex -19.3023 -30.0842 7.62211
      vertex -20.0752 -28.6703 8.4
      vertex -19.2021 -29.9748 7.7683
    endloop
  endfacet
  facet normal 0.380287 0.596668 -0.706661
    outer loop
      vertex -19.3926 -30.2018 7.47422
      vertex -20.0752 -28.6703 8.4
      vertex -19.3023 -30.0842 7.62211
    endloop
  endfacet
  facet normal 0.380191 0.59666 -0.706719
    outer loop
      vertex -19.4722 -30.3269 7.32578
      vertex -20.0752 -28.6703 8.4
      vertex -19.3926 -30.2018 7.47422
    endloop
  endfacet
  facet normal 0.37988 0.596657 -0.706889
    outer loop
      vertex -19.5407 -30.4585 7.17789
      vertex -20.0752 -28.6703 8.4
      vertex -19.4722 -30.3269 7.32578
    endloop
  endfacet
  facet normal 0.380048 0.59665 -0.706804
    outer loop
      vertex -19.5975 -30.5955 7.0317
      vertex -20.0752 -28.6703 8.4
      vertex -19.5407 -30.4585 7.17789
    endloop
  endfacet
  facet normal 0.380372 0.596622 -0.706653
    outer loop
      vertex -19.6421 -30.7369 6.88831
      vertex -20.0752 -28.6703 8.4
      vertex -19.5975 -30.5955 7.0317
    endloop
  endfacet
  facet normal 0.379986 0.596666 -0.706824
    outer loop
      vertex -19.6742 -30.8817 6.74882
      vertex -20.0752 -28.6703 8.4
      vertex -19.6421 -30.7369 6.88831
    endloop
  endfacet
  facet normal 0.380914 0.596541 -0.70643
    outer loop
      vertex -19.6935 -31.0287 6.61428
      vertex -20.0752 -28.6703 8.4
      vertex -19.6742 -30.8817 6.74882
    endloop
  endfacet
  facet normal 0.379178 0.5968 -0.707144
    outer loop
      vertex -20.0752 -28.6703 8.4
      vertex -19.6935 -31.0287 6.61428
      vertex -19.7 -31.1769 6.48572
    endloop
  endfacet
  facet normal -0.707144 -0.0291393 -0.706469
    outer loop
      vertex 37.3926 0.97508 5.96487
      vertex 43.2562 3.29449 0
      vertex 37.4029 0.95884 5.95523
    endloop
  endfacet
  facet normal -0.706747 -0.0309645 -0.706788
    outer loop
      vertex 37.3023 1.09274 6.05001
      vertex 43.2562 3.29449 0
      vertex 37.3926 0.97508 5.96487
    endloop
  endfacet
  facet normal -0.706742 -0.0309879 -0.706792
    outer loop
      vertex 43.2562 3.29449 0
      vertex 37.3023 1.09274 6.05001
      vertex 43.2348 3.78256 0
    endloop
  endfacet
  facet normal -0.706766 -0.0308917 -0.706773
    outer loop
      vertex 37.2021 1.20208 6.14543
      vertex 43.2348 3.78256 0
      vertex 37.3023 1.09274 6.05001
    endloop
  endfacet
  facet normal -0.706709 -0.0311333 -0.706819
    outer loop
      vertex 37.0927 1.30227 6.2504
      vertex 43.2348 3.78256 0
      vertex 37.2021 1.20208 6.14543
    endloop
  endfacet
  facet normal -0.706842 -0.0305378 -0.706712
    outer loop
      vertex 36.9751 1.39256 6.36412
      vertex 43.2348 3.78256 0
      vertex 37.0927 1.30227 6.2504
    endloop
  endfacet
  facet normal -0.706747 -0.0309838 -0.706787
    outer loop
      vertex 36.85 1.47224 6.48572
      vertex 43.2348 3.78256 0
      vertex 36.9751 1.39256 6.36412
    endloop
  endfacet
  facet normal -0.706833 -0.0305584 -0.70672
    outer loop
      vertex 36.7185 1.54072 6.61428
      vertex 43.2348 3.78256 0
      vertex 36.85 1.47224 6.48572
    endloop
  endfacet
  facet normal -0.706375 -0.0298865 -0.707207
    outer loop
      vertex 34.8668 3.05045 8.4
      vertex 36.7185 1.54072 6.61428
      vertex 36.5814 1.59748 6.74882
    endloop
  endfacet
  facet normal -0.706907 -0.0311837 -0.706618
    outer loop
      vertex 34.8668 3.05045 8.4
      vertex 36.5814 1.59748 6.74882
      vertex 36.44 1.64207 6.88831
    endloop
  endfacet
  facet normal -0.706745 -0.0308105 -0.706797
    outer loop
      vertex 34.8668 3.05045 8.4
      vertex 36.44 1.64207 6.88831
      vertex 36.2952 1.67417 7.0317
    endloop
  endfacet
  facet normal -0.706864 -0.0310637 -0.706667
    outer loop
      vertex 34.8668 3.05045 8.4
      vertex 36.2952 1.67417 7.0317
      vertex 36.1482 1.69353 7.17789
    endloop
  endfacet
  facet normal -0.706704 -0.0307568 -0.70684
    outer loop
      vertex 34.8668 3.05045 8.4
      vertex 36.1482 1.69353 7.17789
      vertex 36 1.7 7.32578
    endloop
  endfacet
  facet normal -0.706675 -0.0307078 -0.706871
    outer loop
      vertex 34.8668 3.05045 8.4
      vertex 36 1.7 7.32578
      vertex 35.8518 1.69353 7.47422
    endloop
  endfacet
  facet normal -0.706866 -0.0309847 -0.706668
    outer loop
      vertex 34.8668 3.05045 8.4
      vertex 35.8518 1.69353 7.47422
      vertex 35.7048 1.67417 7.62211
    endloop
  endfacet
  facet normal -0.706745 -0.0308384 -0.706796
    outer loop
      vertex 34.8668 3.05045 8.4
      vertex 35.7048 1.67417 7.62211
      vertex 35.56 1.64207 7.7683
    endloop
  endfacet
  facet normal -0.70677 -0.0308885 -0.706769
    outer loop
      vertex 36.7185 1.54072 6.61428
      vertex 34.8668 3.05045 8.4
      vertex 43.2348 3.78256 0
    endloop
  endfacet
  facet normal -0.706861 -0.0309498 -0.706675
    outer loop
      vertex 35.4186 1.59748 7.91169
      vertex 34.8668 3.05045 8.4
      vertex 35.56 1.64207 7.7683
    endloop
  endfacet
  facet normal -0.706572 -0.0307397 -0.706974
    outer loop
      vertex 35.2815 1.54072 8.05118
      vertex 34.8668 3.05045 8.4
      vertex 35.4186 1.59748 7.91169
    endloop
  endfacet
  facet normal -0.706891 -0.0309028 -0.706647
    outer loop
      vertex 35.15 1.47224 8.18572
      vertex 34.8668 3.05045 8.4
      vertex 35.2815 1.54072 8.05118
    endloop
  endfacet
  facet normal -0.706721 -0.0308488 -0.70682
    outer loop
      vertex 35.0249 1.39256 8.31428
      vertex 34.8668 3.05045 8.4
      vertex 35.15 1.47224 8.18572
    endloop
  endfacet
  facet normal -0.706933 -0.0308801 -0.706606
    outer loop
      vertex 34.8668 3.05045 8.4
      vertex 35.0249 1.39256 8.31428
      vertex 34.942 1.32891 8.4
    endloop
  endfacet
  facet normal -0.701391 -0.0923343 -0.706771
    outer loop
      vertex 42.7407 7.53633 0
      vertex 43.1711 4.26692 0
      vertex 34.4683 6.07769 8.4
    endloop
  endfacet
  facet normal -0.653597 -0.270716 -0.706769
    outer loop
      vertex 31.7208 14.7916 8.4
      vertex 39.5207 17.8903 0
      vertex 32.8892 11.9707 8.4
    endloop
  endfacet
  facet normal -0.65361 -0.270684 -0.70677
    outer loop
      vertex 39.5207 17.8903 0
      vertex 31.7208 14.7916 8.4
      vertex 39.3338 18.3416 0
    endloop
  endfacet
  facet normal -0.627509 -0.32666 -0.706771
    outer loop
      vertex 30.3109 17.5 8.4
      vertex 37.8111 21.2667 0
      vertex 31.7208 14.7916 8.4
    endloop
  endfacet
  facet normal -0.627487 -0.326704 -0.706771
    outer loop
      vertex 37.8111 21.2667 0
      vertex 30.3109 17.5 8.4
      vertex 37.5855 21.7 0
    endloop
  endfacet
  facet normal -0.596635 -0.380138 -0.706769
    outer loop
      vertex 30.3109 17.5 8.4
      vertex 37.323 22.112 0
      vertex 37.5855 21.7 0
    endloop
  endfacet
  facet normal -0.596651 -0.380113 -0.706769
    outer loop
      vertex 37.323 22.112 0
      vertex 30.3109 17.5 8.4
      vertex 28.6703 20.0752 8.4
    endloop
  endfacet
  facet normal -0.0922441 0.701403 -0.706771
    outer loop
      vertex 3.05045 -34.8668 8.4
      vertex 4.26692 -43.1711 0
      vertex 3.78256 -43.2348 0
    endloop
  endfacet
  facet normal -0.0923298 0.701391 -0.706771
    outer loop
      vertex 4.26692 -43.1711 0
      vertex 3.05045 -34.8668 8.4
      vertex 6.07769 -34.4683 8.4
    endloop
  endfacet
  facet normal -0.0923343 0.701391 -0.706771
    outer loop
      vertex 6.07769 -34.4683 8.4
      vertex 7.53633 -42.7407 0
      vertex 4.26692 -43.1711 0
    endloop
  endfacet
  facet normal -0.326704 0.627487 -0.706771
    outer loop
      vertex 21.2667 -37.8111 0
      vertex 17.5 -30.3109 8.4
      vertex 21.7 -37.5855 0
    endloop
  endfacet
  facet normal -0.32666 0.627509 -0.706771
    outer loop
      vertex 17.5 -30.3109 8.4
      vertex 21.2667 -37.8111 0
      vertex 14.7916 -31.7208 8.4
    endloop
  endfacet
  facet normal -0.43065 0.561264 -0.70677
    outer loop
      vertex 20.0752 -28.6703 8.4
      vertex 25.2808 -35.2538 0
      vertex 24.8932 -35.5512 0
    endloop
  endfacet
  facet normal -0.430654 0.561261 -0.70677
    outer loop
      vertex 25.2808 -35.2538 0
      vertex 20.0752 -28.6703 8.4
      vertex 22.4976 -26.8116 8.4
    endloop
  endfacet
  facet normal -0.521582 0.477946 -0.706767
    outer loop
      vertex 33.2463 -27.897 0
      vertex 31.0185 -30.3282 0
      vertex 26.8116 -22.4976 8.4
    endloop
  endfacet
  facet normal -0.701403 0.0922441 -0.706771
    outer loop
      vertex 43.1711 -4.26692 0
      vertex 34.8668 -3.05045 8.4
      vertex 43.2348 -3.78256 0
    endloop
  endfacet
  facet normal -0.701391 0.0923298 -0.706771
    outer loop
      vertex 34.8668 -3.05045 8.4
      vertex 43.1711 -4.26692 0
      vertex 34.4683 -6.07769 8.4
    endloop
  endfacet
  facet normal -0.674701 0.212729 -0.70677
    outer loop
      vertex 41.9212 -11.2327 0
      vertex 40.9296 -14.3777 0
      vertex 33.8074 -9.05867 8.4
    endloop
  endfacet
  facet normal -0.690682 0.153083 -0.70677
    outer loop
      vertex 33.8074 -9.05867 8.4
      vertex 42.0269 -10.7558 0
      vertex 41.9212 -11.2327 0
    endloop
  endfacet
  facet normal -0.690673 0.153126 -0.706769
    outer loop
      vertex 42.0269 -10.7558 0
      vertex 33.8074 -9.05867 8.4
      vertex 34.4683 -6.07769 8.4
    endloop
  endfacet
  facet normal -0.65361 0.270684 -0.70677
    outer loop
      vertex 31.7208 -14.7916 8.4
      vertex 39.5207 -17.8903 0
      vertex 39.3338 -18.3416 0
    endloop
  endfacet
  facet normal -0.653597 0.270716 -0.706769
    outer loop
      vertex 39.5207 -17.8903 0
      vertex 31.7208 -14.7916 8.4
      vertex 32.8892 -11.9707 8.4
    endloop
  endfacet
  facet normal -0.653585 0.270736 -0.706773
    outer loop
      vertex 40.7827 -14.8437 0
      vertex 39.5207 -17.8903 0
      vertex 32.8892 -11.9707 8.4
    endloop
  endfacet
  facet normal -0.326704 -0.627487 -0.706771
    outer loop
      vertex 17.5 30.3109 8.4
      vertex 21.2667 37.8111 0
      vertex 21.7 37.5855 0
    endloop
  endfacet
  facet normal -0.32666 -0.627509 -0.706771
    outer loop
      vertex 21.2667 37.8111 0
      vertex 17.5 30.3109 8.4
      vertex 14.7916 31.7208 8.4
    endloop
  endfacet
  facet normal -0.430669 -0.561253 -0.706767
    outer loop
      vertex 25.2808 35.2538 0
      vertex 27.897 33.2463 0
      vertex 22.4976 26.8116 8.4
    endloop
  endfacet
  facet normal -0.380113 -0.596651 -0.706769
    outer loop
      vertex 17.5 30.3109 8.4
      vertex 22.112 37.323 0
      vertex 20.0752 28.6703 8.4
    endloop
  endfacet
  facet normal -0.380138 -0.596635 -0.706769
    outer loop
      vertex 22.112 37.323 0
      vertex 17.5 30.3109 8.4
      vertex 21.7 37.5855 0
    endloop
  endfacet
  facet normal 0.0309888 -0.706763 -0.706771
    outer loop
      vertex -3.29449 43.2562 0
      vertex -3.05045 34.8668 8.4
      vertex -3.78256 43.2348 0
    endloop
  endfacet
  facet normal 0.0308615 -0.706768 -0.706772
    outer loop
      vertex -3.05045 34.8668 8.4
      vertex -3.29449 43.2562 0
      vertex 0 35 8.4
    endloop
  endfacet
  facet normal 0.0922441 -0.701403 -0.706771
    outer loop
      vertex -3.05045 34.8668 8.4
      vertex -4.26692 43.1711 0
      vertex -3.78256 43.2348 0
    endloop
  endfacet
  facet normal 0.0923298 -0.701391 -0.706771
    outer loop
      vertex -4.26692 43.1711 0
      vertex -3.05045 34.8668 8.4
      vertex -6.07769 34.4683 8.4
    endloop
  endfacet
  facet normal 0.21274 -0.674696 -0.706772
    outer loop
      vertex -11.9707 32.8892 8.4
      vertex -14.3777 40.9296 0
      vertex -9.05867 33.8074 8.4
    endloop
  endfacet
  facet normal 0.212693 -0.67471 -0.706773
    outer loop
      vertex -14.3777 40.9296 0
      vertex -11.9707 32.8892 8.4
      vertex -14.8437 40.7827 0
    endloop
  endfacet
  facet normal 0.326659 -0.62751 -0.706771
    outer loop
      vertex -18.3416 39.3338 0
      vertex -14.7916 31.7208 8.4
      vertex -21.2667 37.8111 0
    endloop
  endfacet
  facet normal 0.270736 -0.653585 -0.706773
    outer loop
      vertex -14.8437 40.7827 0
      vertex -11.9707 32.8892 8.4
      vertex -17.8903 39.5207 0
    endloop
  endfacet
  facet normal 0.430654 -0.561261 -0.70677
    outer loop
      vertex -25.2808 35.2538 0
      vertex -20.0752 28.6703 8.4
      vertex -22.4976 26.8116 8.4
    endloop
  endfacet
  facet normal 0.43065 -0.561264 -0.70677
    outer loop
      vertex -20.0752 28.6703 8.4
      vertex -25.2808 35.2538 0
      vertex -24.8932 35.5512 0
    endloop
  endfacet
  facet normal 0.674696 -0.21274 -0.706772
    outer loop
      vertex -40.9296 14.3777 0
      vertex -32.8892 11.9707 8.4
      vertex -33.8074 9.05867 8.4
    endloop
  endfacet
  facet normal 0.67471 -0.212693 -0.706773
    outer loop
      vertex -32.8892 11.9707 8.4
      vertex -40.9296 14.3777 0
      vertex -40.7827 14.8437 0
    endloop
  endfacet
  facet normal 0.701391 -0.0923298 -0.706771
    outer loop
      vertex -34.8668 3.05045 8.4
      vertex -43.1711 4.26692 0
      vertex -34.4683 6.07769 8.4
    endloop
  endfacet
  facet normal 0.701403 -0.0922441 -0.706771
    outer loop
      vertex -43.1711 4.26692 0
      vertex -34.8668 3.05045 8.4
      vertex -43.2348 3.78256 0
    endloop
  endfacet
  facet normal 0.706768 -0.0308615 -0.706772
    outer loop
      vertex -43.2562 3.29449 0
      vertex -34.8668 3.05045 8.4
      vertex -35 0 8.4
    endloop
  endfacet
  facet normal 0.706763 -0.0309888 -0.706771
    outer loop
      vertex -34.8668 3.05045 8.4
      vertex -43.2562 3.29449 0
      vertex -43.2348 3.78256 0
    endloop
  endfacet
  facet normal 0.521554 0.477971 -0.706771
    outer loop
      vertex -31.0185 -30.3282 0
      vertex -24.7487 -24.7487 8.4
      vertex -30.6884 -30.6884 0
    endloop
  endfacet
  facet normal 0.521564 0.47796 -0.706771
    outer loop
      vertex -24.7487 -24.7487 8.4
      vertex -31.0185 -30.3282 0
      vertex -26.8116 -22.4976 8.4
    endloop
  endfacet
  facet normal 0.62751 0.326659 -0.706771
    outer loop
      vertex -31.7208 -14.7916 8.4
      vertex -37.8111 -21.2667 0
      vertex -39.3338 -18.3416 0
    endloop
  endfacet
  facet normal 0.561261 -0.430654 -0.70677
    outer loop
      vertex -28.6703 20.0752 8.4
      vertex -35.2538 25.2808 0
      vertex -26.8116 22.4976 8.4
    endloop
  endfacet
  facet normal 0.561264 -0.43065 -0.70677
    outer loop
      vertex -35.2538 25.2808 0
      vertex -28.6703 20.0752 8.4
      vertex -35.5512 24.8932 0
    endloop
  endfacet
  facet normal 0.0923343 0.701391 -0.706771
    outer loop
      vertex -6.07769 -34.4683 8.4
      vertex -4.26692 -43.1711 0
      vertex -7.53633 -42.7407 0
    endloop
  endfacet
  facet normal 0.153131 0.690671 -0.70677
    outer loop
      vertex -6.07769 -34.4683 8.4
      vertex -7.53633 -42.7407 0
      vertex -10.7558 -42.0269 0
    endloop
  endfacet
  facet normal 0.212729 0.674701 -0.70677
    outer loop
      vertex -9.05867 -33.8074 8.4
      vertex -11.2327 -41.9212 0
      vertex -14.3777 -40.9296 0
    endloop
  endfacet
  facet normal 0.326659 0.62751 -0.706771
    outer loop
      vertex -14.7916 -31.7208 8.4
      vertex -18.3416 -39.3338 0
      vertex -21.2667 -37.8111 0
    endloop
  endfacet
  facet normal 0.47796 0.521564 -0.706771
    outer loop
      vertex -30.3282 -31.0185 0
      vertex -24.7487 -24.7487 8.4
      vertex -22.4976 -26.8116 8.4
    endloop
  endfacet
  facet normal 0.477971 0.521554 -0.706771
    outer loop
      vertex -24.7487 -24.7487 8.4
      vertex -30.3282 -31.0185 0
      vertex -30.6884 -30.6884 0
    endloop
  endfacet
  facet normal -0.0308496 0.70677 -0.70677
    outer loop
      vertex 0 -35 8.4
      vertex 3.29449 -43.2562 0
      vertex 0 -43.4 0
    endloop
  endfacet
  facet normal -0.0309888 0.706763 -0.706771
    outer loop
      vertex 3.29449 -43.2562 0
      vertex 3.05045 -34.8668 8.4
      vertex 3.78256 -43.2348 0
    endloop
  endfacet
  facet normal -0.0308615 0.706768 -0.706772
    outer loop
      vertex 3.05045 -34.8668 8.4
      vertex 3.29449 -43.2562 0
      vertex 0 -35 8.4
    endloop
  endfacet
  facet normal -0.153083 0.690682 -0.70677
    outer loop
      vertex 10.7558 -42.0269 0
      vertex 9.05867 -33.8074 8.4
      vertex 11.2327 -41.9212 0
    endloop
  endfacet
  facet normal -0.153126 0.690673 -0.706769
    outer loop
      vertex 9.05867 -33.8074 8.4
      vertex 10.7558 -42.0269 0
      vertex 6.07769 -34.4683 8.4
    endloop
  endfacet
  facet normal -0.477946 0.521582 -0.706767
    outer loop
      vertex 30.3282 -31.0185 0
      vertex 27.897 -33.2463 0
      vertex 22.4976 -26.8116 8.4
    endloop
  endfacet
  facet normal -0.430669 0.561253 -0.706767
    outer loop
      vertex 27.897 -33.2463 0
      vertex 25.2808 -35.2538 0
      vertex 22.4976 -26.8116 8.4
    endloop
  endfacet
  facet normal -0.627487 0.326704 -0.706771
    outer loop
      vertex 30.3109 -17.5 8.4
      vertex 37.8111 -21.2667 0
      vertex 37.5855 -21.7 0
    endloop
  endfacet
  facet normal -0.627509 0.32666 -0.706771
    outer loop
      vertex 37.8111 -21.2667 0
      vertex 30.3109 -17.5 8.4
      vertex 31.7208 -14.7916 8.4
    endloop
  endfacet
  facet normal -0.477971 0.521554 -0.706771
    outer loop
      vertex 30.3282 -31.0185 0
      vertex 24.7487 -24.7487 8.4
      vertex 30.6884 -30.6884 0
    endloop
  endfacet
  facet normal -0.47796 0.521564 -0.706771
    outer loop
      vertex 24.7487 -24.7487 8.4
      vertex 30.3282 -31.0185 0
      vertex 22.4976 -26.8116 8.4
    endloop
  endfacet
  facet normal -0.521554 0.477971 -0.706771
    outer loop
      vertex 24.7487 -24.7487 8.4
      vertex 31.0185 -30.3282 0
      vertex 30.6884 -30.6884 0
    endloop
  endfacet
  facet normal -0.521564 0.47796 -0.706771
    outer loop
      vertex 31.0185 -30.3282 0
      vertex 24.7487 -24.7487 8.4
      vertex 26.8116 -22.4976 8.4
    endloop
  endfacet
  facet normal -0.561264 0.43065 -0.70677
    outer loop
      vertex 35.2538 -25.2808 0
      vertex 28.6703 -20.0752 8.4
      vertex 35.5512 -24.8932 0
    endloop
  endfacet
  facet normal -0.561261 0.430654 -0.70677
    outer loop
      vertex 28.6703 -20.0752 8.4
      vertex 35.2538 -25.2808 0
      vertex 26.8116 -22.4976 8.4
    endloop
  endfacet
  facet normal -0.596654 0.380106 -0.70677
    outer loop
      vertex 37.323 -22.112 0
      vertex 35.5512 -24.8932 0
      vertex 28.6703 -20.0752 8.4
    endloop
  endfacet
  facet normal -0.706742 0.0309879 -0.706792
    outer loop
      vertex 37.3023 -1.09274 6.05001
      vertex 43.2562 -3.29449 0
      vertex 43.2348 -3.78256 0
    endloop
  endfacet
  facet normal -0.707144 0.0291393 -0.706469
    outer loop
      vertex 43.2562 -3.29449 0
      vertex 37.3926 -0.97508 5.96487
      vertex 37.4029 -0.95884 5.95523
    endloop
  endfacet
  facet normal -0.706747 0.0309645 -0.706788
    outer loop
      vertex 43.2562 -3.29449 0
      vertex 37.3023 -1.09274 6.05001
      vertex 37.3926 -0.97508 5.96487
    endloop
  endfacet
  facet normal -0.706766 0.0308917 -0.706773
    outer loop
      vertex 43.2348 -3.78256 0
      vertex 37.2021 -1.20208 6.14543
      vertex 37.3023 -1.09274 6.05001
    endloop
  endfacet
  facet normal -0.706709 0.0311333 -0.706819
    outer loop
      vertex 43.2348 -3.78256 0
      vertex 37.0927 -1.30227 6.2504
      vertex 37.2021 -1.20208 6.14543
    endloop
  endfacet
  facet normal -0.706842 0.0305378 -0.706712
    outer loop
      vertex 43.2348 -3.78256 0
      vertex 36.9751 -1.39256 6.36412
      vertex 37.0927 -1.30227 6.2504
    endloop
  endfacet
  facet normal -0.706747 0.0309838 -0.706787
    outer loop
      vertex 43.2348 -3.78256 0
      vertex 36.85 -1.47224 6.48572
      vertex 36.9751 -1.39256 6.36412
    endloop
  endfacet
  facet normal -0.706833 0.0305584 -0.70672
    outer loop
      vertex 43.2348 -3.78256 0
      vertex 36.7185 -1.54072 6.61428
      vertex 36.85 -1.47224 6.48572
    endloop
  endfacet
  facet normal -0.70677 0.0308885 -0.706769
    outer loop
      vertex 34.8668 -3.05045 8.4
      vertex 36.7185 -1.54072 6.61428
      vertex 43.2348 -3.78256 0
    endloop
  endfacet
  facet normal -0.706375 0.0298865 -0.707207
    outer loop
      vertex 36.7185 -1.54072 6.61428
      vertex 34.8668 -3.05045 8.4
      vertex 36.5814 -1.59748 6.74882
    endloop
  endfacet
  facet normal -0.706907 0.0311837 -0.706618
    outer loop
      vertex 36.5814 -1.59748 6.74882
      vertex 34.8668 -3.05045 8.4
      vertex 36.44 -1.64207 6.88831
    endloop
  endfacet
  facet normal -0.706745 0.0308105 -0.706797
    outer loop
      vertex 36.44 -1.64207 6.88831
      vertex 34.8668 -3.05045 8.4
      vertex 36.2952 -1.67417 7.0317
    endloop
  endfacet
  facet normal -0.706864 0.0310637 -0.706667
    outer loop
      vertex 36.2952 -1.67417 7.0317
      vertex 34.8668 -3.05045 8.4
      vertex 36.1482 -1.69353 7.17789
    endloop
  endfacet
  facet normal -0.706704 0.0307568 -0.70684
    outer loop
      vertex 36.1482 -1.69353 7.17789
      vertex 34.8668 -3.05045 8.4
      vertex 36 -1.7 7.32578
    endloop
  endfacet
  facet normal -0.706675 0.0307078 -0.706871
    outer loop
      vertex 36 -1.7 7.32578
      vertex 34.8668 -3.05045 8.4
      vertex 35.8518 -1.69353 7.47422
    endloop
  endfacet
  facet normal -0.706866 0.0309847 -0.706668
    outer loop
      vertex 35.8518 -1.69353 7.47422
      vertex 34.8668 -3.05045 8.4
      vertex 35.7048 -1.67417 7.62211
    endloop
  endfacet
  facet normal -0.706933 0.0308801 -0.706606
    outer loop
      vertex 35.0249 -1.39256 8.31428
      vertex 34.8668 -3.05045 8.4
      vertex 34.942 -1.32891 8.4
    endloop
  endfacet
  facet normal -0.706721 0.0308488 -0.70682
    outer loop
      vertex 35.15 -1.47224 8.18572
      vertex 34.8668 -3.05045 8.4
      vertex 35.0249 -1.39256 8.31428
    endloop
  endfacet
  facet normal -0.706891 0.0309028 -0.706647
    outer loop
      vertex 35.2815 -1.54072 8.05118
      vertex 34.8668 -3.05045 8.4
      vertex 35.15 -1.47224 8.18572
    endloop
  endfacet
  facet normal -0.706572 0.0307397 -0.706974
    outer loop
      vertex 35.4186 -1.59748 7.91169
      vertex 34.8668 -3.05045 8.4
      vertex 35.2815 -1.54072 8.05118
    endloop
  endfacet
  facet normal -0.706861 0.0309498 -0.706675
    outer loop
      vertex 35.56 -1.64207 7.7683
      vertex 34.8668 -3.05045 8.4
      vertex 35.4186 -1.59748 7.91169
    endloop
  endfacet
  facet normal -0.706745 0.0308384 -0.706796
    outer loop
      vertex 35.7048 -1.67417 7.62211
      vertex 34.8668 -3.05045 8.4
      vertex 35.56 -1.64207 7.7683
    endloop
  endfacet
  facet normal 0.270716 -0.653597 -0.706769
    outer loop
      vertex -14.7916 31.7208 8.4
      vertex -17.8903 39.5207 0
      vertex -11.9707 32.8892 8.4
    endloop
  endfacet
  facet normal 0.270684 -0.65361 -0.70677
    outer loop
      vertex -17.8903 39.5207 0
      vertex -14.7916 31.7208 8.4
      vertex -18.3416 39.3338 0
    endloop
  endfacet
  facet normal 0.32666 -0.627467 -0.706809
    outer loop
      vertex -14.7916 31.7208 8.4
      vertex -16.3065 31.0287 8.31428
      vertex -16.3 31.1769 8.18572
    endloop
  endfacet
  facet normal 0.326712 -0.627597 -0.70667
    outer loop
      vertex -16.3065 31.0287 8.31428
      vertex -14.7916 31.7208 8.4
      vertex -16.3201 30.9251 8.4
    endloop
  endfacet
  facet normal 0.326645 -0.627397 -0.706878
    outer loop
      vertex -16.3065 31.3251 8.05118
      vertex -14.7916 31.7208 8.4
      vertex -16.3 31.1769 8.18572
    endloop
  endfacet
  facet normal 0.326658 -0.627654 -0.706643
    outer loop
      vertex -16.3258 31.4721 7.91169
      vertex -14.7916 31.7208 8.4
      vertex -16.3065 31.3251 8.05118
    endloop
  endfacet
  facet normal 0.326676 -0.627484 -0.706786
    outer loop
      vertex -16.3579 31.6169 7.7683
      vertex -14.7916 31.7208 8.4
      vertex -16.3258 31.4721 7.91169
    endloop
  endfacet
  facet normal 0.326647 -0.627603 -0.706694
    outer loop
      vertex -16.4025 31.7583 7.62211
      vertex -14.7916 31.7208 8.4
      vertex -16.3579 31.6169 7.7683
    endloop
  endfacet
  facet normal 0.326788 -0.627221 -0.706968
    outer loop
      vertex -16.4593 31.8954 7.47422
      vertex -14.7916 31.7208 8.4
      vertex -16.4025 31.7583 7.62211
    endloop
  endfacet
  facet normal 0.326601 -0.627614 -0.706706
    outer loop
      vertex -16.5278 32.0269 7.32578
      vertex -14.7916 31.7208 8.4
      vertex -16.4593 31.8954 7.47422
    endloop
  endfacet
  facet normal 0.326592 -0.62763 -0.706696
    outer loop
      vertex -16.6074 32.152 7.17789
      vertex -14.7916 31.7208 8.4
      vertex -16.5278 32.0269 7.32578
    endloop
  endfacet
  facet normal 0.326815 -0.62728 -0.706903
    outer loop
      vertex -16.6977 32.2697 7.0317
      vertex -14.7916 31.7208 8.4
      vertex -16.6074 32.152 7.17789
    endloop
  endfacet
  facet normal 0.326503 -0.627729 -0.706649
    outer loop
      vertex -16.7979 32.379 6.88831
      vertex -14.7916 31.7208 8.4
      vertex -16.6977 32.2697 7.0317
    endloop
  endfacet
  facet normal 0.32687 -0.627232 -0.70692
    outer loop
      vertex -16.9073 32.4792 6.74882
      vertex -14.7916 31.7208 8.4
      vertex -16.7979 32.379 6.88831
    endloop
  endfacet
  facet normal 0.326543 -0.627656 -0.706695
    outer loop
      vertex -17.0249 32.5695 6.61428
      vertex -14.7916 31.7208 8.4
      vertex -16.9073 32.4792 6.74882
    endloop
  endfacet
  facet normal 0.326915 -0.627189 -0.706938
    outer loop
      vertex -17.15 32.6492 6.48572
      vertex -14.7916 31.7208 8.4
      vertex -17.0249 32.5695 6.61428
    endloop
  endfacet
  facet normal 0.327562 -0.626923 -0.706874
    outer loop
      vertex -21.2667 37.8111 0
      vertex -17.15 32.6492 6.48572
      vertex -17.2815 32.7176 6.36412
    endloop
  endfacet
  facet normal 0.326058 -0.627892 -0.706709
    outer loop
      vertex -21.2667 37.8111 0
      vertex -17.2815 32.7176 6.36412
      vertex -17.4186 32.7744 6.2504
    endloop
  endfacet
  facet normal 0.326646 -0.62752 -0.706768
    outer loop
      vertex -17.15 32.6492 6.48572
      vertex -21.2667 37.8111 0
      vertex -14.7916 31.7208 8.4
    endloop
  endfacet
  facet normal 0.326788 -0.627429 -0.706784
    outer loop
      vertex -17.56 32.819 6.14543
      vertex -21.2667 37.8111 0
      vertex -17.4186 32.7744 6.2504
    endloop
  endfacet
  facet normal 0.326632 -0.627526 -0.706769
    outer loop
      vertex -17.7048 32.8511 6.05001
      vertex -21.2667 37.8111 0
      vertex -17.56 32.819 6.14543
    endloop
  endfacet
  facet normal 0.327008 -0.627294 -0.706801
    outer loop
      vertex -17.8518 32.8704 5.96487
      vertex -21.2667 37.8111 0
      vertex -17.7048 32.8511 6.05001
    endloop
  endfacet
  facet normal 0.326474 -0.627617 -0.706762
    outer loop
      vertex -18 32.8769 5.89064
      vertex -21.2667 37.8111 0
      vertex -17.8518 32.8704 5.96487
    endloop
  endfacet
  facet normal 0.326685 -0.627493 -0.706775
    outer loop
      vertex -18.1482 32.8704 5.82791
      vertex -21.2667 37.8111 0
      vertex -18 32.8769 5.89064
    endloop
  endfacet
  facet normal 0.326498 -0.6276 -0.706766
    outer loop
      vertex -18.2952 32.8511 5.77714
      vertex -21.2667 37.8111 0
      vertex -18.1482 32.8704 5.82791
    endloop
  endfacet
  facet normal 0.32664 -0.62752 -0.70677
    outer loop
      vertex -18.44 32.819 5.73872
      vertex -21.2667 37.8111 0
      vertex -18.2952 32.8511 5.77714
    endloop
  endfacet
  facet normal 0.326768 -0.627451 -0.706773
    outer loop
      vertex -18.5814 32.7744 5.71294
      vertex -21.2667 37.8111 0
      vertex -18.44 32.819 5.73872
    endloop
  endfacet
  facet normal 0.326678 -0.627498 -0.706773
    outer loop
      vertex -18.7185 32.7176 5.7
      vertex -21.2667 37.8111 0
      vertex -18.5814 32.7744 5.71294
    endloop
  endfacet
  facet normal 0.326454 -0.627613 -0.706775
    outer loop
      vertex -18.85 32.6492 5.7
      vertex -21.2667 37.8111 0
      vertex -18.7185 32.7176 5.7
    endloop
  endfacet
  facet normal 0.326705 -0.627488 -0.706769
    outer loop
      vertex -21.2667 37.8111 0
      vertex -18.85 32.6492 5.7
      vertex -21.7 37.5855 0
    endloop
  endfacet
  facet normal 0.379178 -0.5968 -0.707144
    outer loop
      vertex -19.6935 31.0287 6.61428
      vertex -20.0752 28.6703 8.4
      vertex -19.7 31.1769 6.48572
    endloop
  endfacet
  facet normal 0.380914 -0.596541 -0.70643
    outer loop
      vertex -19.6742 30.8817 6.74882
      vertex -20.0752 28.6703 8.4
      vertex -19.6935 31.0287 6.61428
    endloop
  endfacet
  facet normal 0.379986 -0.596666 -0.706824
    outer loop
      vertex -19.6421 30.7369 6.88831
      vertex -20.0752 28.6703 8.4
      vertex -19.6742 30.8817 6.74882
    endloop
  endfacet
  facet normal 0.380372 -0.596622 -0.706653
    outer loop
      vertex -19.5975 30.5955 7.0317
      vertex -20.0752 28.6703 8.4
      vertex -19.6421 30.7369 6.88831
    endloop
  endfacet
  facet normal 0.380048 -0.59665 -0.706804
    outer loop
      vertex -19.5407 30.4585 7.17789
      vertex -20.0752 28.6703 8.4
      vertex -19.5975 30.5955 7.0317
    endloop
  endfacet
  facet normal 0.37988 -0.596657 -0.706889
    outer loop
      vertex -19.4722 30.3269 7.32578
      vertex -20.0752 28.6703 8.4
      vertex -19.5407 30.4585 7.17789
    endloop
  endfacet
  facet normal 0.380191 -0.59666 -0.706719
    outer loop
      vertex -19.3926 30.2018 7.47422
      vertex -20.0752 28.6703 8.4
      vertex -19.4722 30.3269 7.32578
    endloop
  endfacet
  facet normal 0.380287 -0.596668 -0.706661
    outer loop
      vertex -19.3023 30.0842 7.62211
      vertex -20.0752 28.6703 8.4
      vertex -19.3926 30.2018 7.47422
    endloop
  endfacet
  facet normal 0.379951 -0.59661 -0.70689
    outer loop
      vertex -19.2021 29.9748 7.7683
      vertex -20.0752 28.6703 8.4
      vertex -19.3023 30.0842 7.62211
    endloop
  endfacet
  facet normal 0.380007 -0.596626 -0.706846
    outer loop
      vertex -19.0927 29.8746 7.91169
      vertex -20.0752 28.6703 8.4
      vertex -19.2021 29.9748 7.7683
    endloop
  endfacet
  facet normal 0.380335 -0.596772 -0.706547
    outer loop
      vertex -18.9751 29.7844 8.05118
      vertex -20.0752 28.6703 8.4
      vertex -19.0927 29.8746 7.91169
    endloop
  endfacet
  facet normal 0.380075 -0.596604 -0.706829
    outer loop
      vertex -18.85 29.7047 8.18572
      vertex -20.0752 28.6703 8.4
      vertex -18.9751 29.7844 8.05118
    endloop
  endfacet
  facet normal 0.380138 -0.596661 -0.706747
    outer loop
      vertex -18.7185 29.6362 8.31428
      vertex -20.0752 28.6703 8.4
      vertex -18.85 29.7047 8.18572
    endloop
  endfacet
  facet normal 0.380119 -0.596637 -0.706777
    outer loop
      vertex -20.0752 28.6703 8.4
      vertex -18.7185 29.6362 8.31428
      vertex -18.6219 29.5962 8.4
    endloop
  endfacet
  facet normal 0.380107 -0.596653 -0.70677
    outer loop
      vertex -22.112 37.323 0
      vertex -19.7 31.1769 6.48572
      vertex -20.0752 28.6703 8.4
    endloop
  endfacet
  facet normal 0.380255 -0.596578 -0.706753
    outer loop
      vertex -19.7 31.1769 6.48572
      vertex -22.112 37.323 0
      vertex -19.6935 31.3251 6.36412
    endloop
  endfacet
  facet normal 0.380119 -0.596649 -0.706766
    outer loop
      vertex -22.112 37.323 0
      vertex -18.85 32.6492 5.7
      vertex -18.9751 32.5695 5.7
    endloop
  endfacet
  facet normal 0.380289 -0.59654 -0.706768
    outer loop
      vertex -22.112 37.323 0
      vertex -18.9751 32.5695 5.7
      vertex -19.0927 32.4792 5.71294
    endloop
  endfacet
  facet normal 0.379994 -0.596725 -0.70677
    outer loop
      vertex -22.112 37.323 0
      vertex -19.0927 32.4792 5.71294
      vertex -19.2021 32.379 5.73872
    endloop
  endfacet
  facet normal 0.379949 -0.596753 -0.706771
    outer loop
      vertex -22.112 37.323 0
      vertex -19.2021 32.379 5.73872
      vertex -19.3023 32.2697 5.77714
    endloop
  endfacet
  facet normal 0.380237 -0.596581 -0.706761
    outer loop
      vertex -22.112 37.323 0
      vertex -19.3023 32.2697 5.77714
      vertex -19.3926 32.152 5.82791
    endloop
  endfacet
  facet normal 0.380393 -0.596491 -0.706753
    outer loop
      vertex -22.112 37.323 0
      vertex -19.3926 32.152 5.82791
      vertex -19.4722 32.0269 5.89065
    endloop
  endfacet
  facet normal 0.379861 -0.596792 -0.706785
    outer loop
      vertex -22.112 37.323 0
      vertex -19.4722 32.0269 5.89065
      vertex -19.5407 31.8954 5.96487
    endloop
  endfacet
  facet normal 0.380401 -0.596493 -0.706747
    outer loop
      vertex -22.112 37.323 0
      vertex -19.5407 31.8954 5.96487
      vertex -19.5975 31.7583 6.05001
    endloop
  endfacet
  facet normal 0.379876 -0.596777 -0.70679
    outer loop
      vertex -22.112 37.323 0
      vertex -19.5975 31.7583 6.05001
      vertex -19.6421 31.6169 6.14543
    endloop
  endfacet
  facet normal 0.380154 -0.59663 -0.706764
    outer loop
      vertex -22.112 37.323 0
      vertex -19.6421 31.6169 6.14543
      vertex -19.6742 31.4721 6.2504
    endloop
  endfacet
  facet normal 0.380087 -0.596664 -0.706771
    outer loop
      vertex -19.6935 31.3251 6.36412
      vertex -22.112 37.323 0
      vertex -19.6742 31.4721 6.2504
    endloop
  endfacet
  facet normal 0.380139 -0.596637 -0.706767
    outer loop
      vertex -18.85 32.6492 5.7
      vertex -22.112 37.323 0
      vertex -21.7 37.5855 0
    endloop
  endfacet
  facet normal 0.477946 -0.521582 -0.706767
    outer loop
      vertex -27.897 33.2463 0
      vertex -22.4976 26.8116 8.4
      vertex -30.3282 31.0185 0
    endloop
  endfacet
  facet normal 0.430669 -0.561253 -0.706767
    outer loop
      vertex -25.2808 35.2538 0
      vertex -22.4976 26.8116 8.4
      vertex -27.897 33.2463 0
    endloop
  endfacet
  facet normal 0.706768 0.0308615 -0.706772
    outer loop
      vertex -34.8668 -3.05045 8.4
      vertex -43.2562 -3.29449 0
      vertex -35 0 8.4
    endloop
  endfacet
  facet normal 0.706763 0.0309888 -0.706771
    outer loop
      vertex -43.2562 -3.29449 0
      vertex -34.8668 -3.05045 8.4
      vertex -43.2348 -3.78256 0
    endloop
  endfacet
  facet normal 0.701391 0.0923298 -0.706771
    outer loop
      vertex -43.1711 -4.26692 0
      vertex -34.8668 -3.05045 8.4
      vertex -34.4683 -6.07769 8.4
    endloop
  endfacet
  facet normal 0.701403 0.0922441 -0.706771
    outer loop
      vertex -34.8668 -3.05045 8.4
      vertex -43.1711 -4.26692 0
      vertex -43.2348 -3.78256 0
    endloop
  endfacet
  facet normal 0.561253 0.430669 -0.706767
    outer loop
      vertex -26.8116 -22.4976 8.4
      vertex -33.2463 -27.897 0
      vertex -35.2538 -25.2808 0
    endloop
  endfacet
  facet normal 0.690671 0.153131 -0.70677
    outer loop
      vertex -34.4683 -6.07769 8.4
      vertex -42.0269 -10.7558 0
      vertex -42.7407 -7.53633 0
    endloop
  endfacet
  facet normal 0.596651 0.380113 -0.706769
    outer loop
      vertex -37.323 -22.112 0
      vertex -30.3109 -17.5 8.4
      vertex -28.6703 -20.0752 8.4
    endloop
  endfacet
  facet normal 0.596635 0.380138 -0.706769
    outer loop
      vertex -30.3109 -17.5 8.4
      vertex -37.323 -22.112 0
      vertex -37.5855 -21.7 0
    endloop
  endfacet
  facet normal 0.627487 0.326704 -0.706771
    outer loop
      vertex -37.8111 -21.2667 0
      vertex -30.3109 -17.5 8.4
      vertex -37.5855 -21.7 0
    endloop
  endfacet
  facet normal 0.627509 0.32666 -0.706771
    outer loop
      vertex -30.3109 -17.5 8.4
      vertex -37.8111 -21.2667 0
      vertex -31.7208 -14.7916 8.4
    endloop
  endfacet
  facet normal 0.65361 0.270684 -0.70677
    outer loop
      vertex -39.5207 -17.8903 0
      vertex -31.7208 -14.7916 8.4
      vertex -39.3338 -18.3416 0
    endloop
  endfacet
  facet normal 0.653597 0.270716 -0.706769
    outer loop
      vertex -31.7208 -14.7916 8.4
      vertex -39.5207 -17.8903 0
      vertex -32.8892 -11.9707 8.4
    endloop
  endfacet
  facet normal 0.270736 0.653585 -0.706773
    outer loop
      vertex -11.9707 -32.8892 8.4
      vertex -14.8437 -40.7827 0
      vertex -17.8903 -39.5207 0
    endloop
  endfacet
  facet normal 0.21274 0.674696 -0.706772
    outer loop
      vertex -14.3777 -40.9296 0
      vertex -11.9707 -32.8892 8.4
      vertex -9.05867 -33.8074 8.4
    endloop
  endfacet
  facet normal 0.212693 0.67471 -0.706773
    outer loop
      vertex -11.9707 -32.8892 8.4
      vertex -14.3777 -40.9296 0
      vertex -14.8437 -40.7827 0
    endloop
  endfacet
  facet normal 0.477946 0.521582 -0.706767
    outer loop
      vertex -22.4976 -26.8116 8.4
      vertex -27.897 -33.2463 0
      vertex -30.3282 -31.0185 0
    endloop
  endfacet
  facet normal 0.326645 0.627397 -0.706878
    outer loop
      vertex -14.7916 -31.7208 8.4
      vertex -16.3065 -31.3251 8.05118
      vertex -16.3 -31.1769 8.18572
    endloop
  endfacet
  facet normal 0.326658 0.627654 -0.706643
    outer loop
      vertex -14.7916 -31.7208 8.4
      vertex -16.3258 -31.4721 7.91169
      vertex -16.3065 -31.3251 8.05118
    endloop
  endfacet
  facet normal 0.326676 0.627484 -0.706786
    outer loop
      vertex -14.7916 -31.7208 8.4
      vertex -16.3579 -31.6169 7.7683
      vertex -16.3258 -31.4721 7.91169
    endloop
  endfacet
  facet normal 0.326647 0.627603 -0.706694
    outer loop
      vertex -14.7916 -31.7208 8.4
      vertex -16.4025 -31.7583 7.62211
      vertex -16.3579 -31.6169 7.7683
    endloop
  endfacet
  facet normal 0.326788 0.627221 -0.706968
    outer loop
      vertex -14.7916 -31.7208 8.4
      vertex -16.4593 -31.8954 7.47422
      vertex -16.4025 -31.7583 7.62211
    endloop
  endfacet
  facet normal 0.326601 0.627614 -0.706706
    outer loop
      vertex -14.7916 -31.7208 8.4
      vertex -16.5278 -32.0269 7.32578
      vertex -16.4593 -31.8954 7.47422
    endloop
  endfacet
  facet normal 0.326592 0.62763 -0.706696
    outer loop
      vertex -14.7916 -31.7208 8.4
      vertex -16.6074 -32.152 7.17789
      vertex -16.5278 -32.0269 7.32578
    endloop
  endfacet
  facet normal 0.326815 0.62728 -0.706903
    outer loop
      vertex -14.7916 -31.7208 8.4
      vertex -16.6977 -32.2697 7.0317
      vertex -16.6074 -32.152 7.17789
    endloop
  endfacet
  facet normal 0.326503 0.627729 -0.706649
    outer loop
      vertex -14.7916 -31.7208 8.4
      vertex -16.7979 -32.379 6.88831
      vertex -16.6977 -32.2697 7.0317
    endloop
  endfacet
  facet normal 0.32687 0.627232 -0.70692
    outer loop
      vertex -14.7916 -31.7208 8.4
      vertex -16.9073 -32.4792 6.74882
      vertex -16.7979 -32.379 6.88831
    endloop
  endfacet
  facet normal 0.326543 0.627656 -0.706695
    outer loop
      vertex -14.7916 -31.7208 8.4
      vertex -17.0249 -32.5695 6.61428
      vertex -16.9073 -32.4792 6.74882
    endloop
  endfacet
  facet normal 0.326915 0.627189 -0.706938
    outer loop
      vertex -14.7916 -31.7208 8.4
      vertex -17.15 -32.6492 6.48572
      vertex -17.0249 -32.5695 6.61428
    endloop
  endfacet
  facet normal 0.326646 0.62752 -0.706768
    outer loop
      vertex -21.2667 -37.8111 0
      vertex -17.15 -32.6492 6.48572
      vertex -14.7916 -31.7208 8.4
    endloop
  endfacet
  facet normal 0.327562 0.626923 -0.706874
    outer loop
      vertex -17.15 -32.6492 6.48572
      vertex -21.2667 -37.8111 0
      vertex -17.2815 -32.7176 6.36412
    endloop
  endfacet
  facet normal 0.326058 0.627892 -0.706709
    outer loop
      vertex -17.2815 -32.7176 6.36412
      vertex -21.2667 -37.8111 0
      vertex -17.4186 -32.7744 6.2504
    endloop
  endfacet
  facet normal 0.326788 0.627429 -0.706784
    outer loop
      vertex -21.2667 -37.8111 0
      vertex -17.56 -32.819 6.14543
      vertex -17.4186 -32.7744 6.2504
    endloop
  endfacet
  facet normal 0.326632 0.627526 -0.706769
    outer loop
      vertex -21.2667 -37.8111 0
      vertex -17.7048 -32.8511 6.05001
      vertex -17.56 -32.819 6.14543
    endloop
  endfacet
  facet normal 0.327008 0.627294 -0.706801
    outer loop
      vertex -21.2667 -37.8111 0
      vertex -17.8518 -32.8704 5.96487
      vertex -17.7048 -32.8511 6.05001
    endloop
  endfacet
  facet normal 0.326474 0.627617 -0.706762
    outer loop
      vertex -21.2667 -37.8111 0
      vertex -18 -32.8769 5.89064
      vertex -17.8518 -32.8704 5.96487
    endloop
  endfacet
  facet normal 0.326685 0.627493 -0.706775
    outer loop
      vertex -21.2667 -37.8111 0
      vertex -18.1482 -32.8704 5.82791
      vertex -18 -32.8769 5.89064
    endloop
  endfacet
  facet normal 0.326498 0.6276 -0.706766
    outer loop
      vertex -21.2667 -37.8111 0
      vertex -18.2952 -32.8511 5.77714
      vertex -18.1482 -32.8704 5.82791
    endloop
  endfacet
  facet normal 0.32664 0.62752 -0.70677
    outer loop
      vertex -21.2667 -37.8111 0
      vertex -18.44 -32.819 5.73872
      vertex -18.2952 -32.8511 5.77714
    endloop
  endfacet
  facet normal 0.326768 0.627451 -0.706773
    outer loop
      vertex -21.2667 -37.8111 0
      vertex -18.5814 -32.7744 5.71294
      vertex -18.44 -32.819 5.73872
    endloop
  endfacet
  facet normal 0.326678 0.627498 -0.706773
    outer loop
      vertex -21.2667 -37.8111 0
      vertex -18.7185 -32.7176 5.7
      vertex -18.5814 -32.7744 5.71294
    endloop
  endfacet
  facet normal 0.326454 0.627613 -0.706775
    outer loop
      vertex -21.2667 -37.8111 0
      vertex -18.85 -32.6492 5.7
      vertex -18.7185 -32.7176 5.7
    endloop
  endfacet
  facet normal 0.326705 0.627488 -0.706769
    outer loop
      vertex -18.85 -32.6492 5.7
      vertex -21.2667 -37.8111 0
      vertex -21.7 -37.5855 0
    endloop
  endfacet
  facet normal 0.32666 0.627467 -0.706809
    outer loop
      vertex -16.3065 -31.0287 8.31428
      vertex -14.7916 -31.7208 8.4
      vertex -16.3 -31.1769 8.18572
    endloop
  endfacet
  facet normal 0.326712 0.627597 -0.70667
    outer loop
      vertex -14.7916 -31.7208 8.4
      vertex -16.3065 -31.0287 8.31428
      vertex -16.3201 -30.9251 8.4
    endloop
  endfacet
  facet normal 0.0922441 0.701403 -0.706771
    outer loop
      vertex -4.26692 -43.1711 0
      vertex -3.05045 -34.8668 8.4
      vertex -3.78256 -43.2348 0
    endloop
  endfacet
  facet normal 0.0923298 0.701391 -0.706771
    outer loop
      vertex -3.05045 -34.8668 8.4
      vertex -4.26692 -43.1711 0
      vertex -6.07769 -34.4683 8.4
    endloop
  endfacet
  facet normal -0.212693 0.67471 -0.706773
    outer loop
      vertex 14.3777 -40.9296 0
      vertex 11.9707 -32.8892 8.4
      vertex 14.8437 -40.7827 0
    endloop
  endfacet
  facet normal -0.21274 0.674696 -0.706772
    outer loop
      vertex 11.9707 -32.8892 8.4
      vertex 14.3777 -40.9296 0
      vertex 9.05867 -33.8074 8.4
    endloop
  endfacet
  facet normal -0.380138 0.596635 -0.706769
    outer loop
      vertex 17.5 -30.3109 8.4
      vertex 22.112 -37.323 0
      vertex 21.7 -37.5855 0
    endloop
  endfacet
  facet normal -0.380113 0.596651 -0.706769
    outer loop
      vertex 22.112 -37.323 0
      vertex 17.5 -30.3109 8.4
      vertex 20.0752 -28.6703 8.4
    endloop
  endfacet
  facet normal -0.380106 0.596654 -0.70677
    outer loop
      vertex 24.8932 -35.5512 0
      vertex 22.112 -37.323 0
      vertex 20.0752 -28.6703 8.4
    endloop
  endfacet
  facet normal -0.561253 0.430669 -0.706767
    outer loop
      vertex 35.2538 -25.2808 0
      vertex 33.2463 -27.897 0
      vertex 26.8116 -22.4976 8.4
    endloop
  endfacet
  facet normal -0.596635 0.380138 -0.706769
    outer loop
      vertex 37.323 -22.112 0
      vertex 30.3109 -17.5 8.4
      vertex 37.5855 -21.7 0
    endloop
  endfacet
  facet normal -0.596651 0.380113 -0.706769
    outer loop
      vertex 30.3109 -17.5 8.4
      vertex 37.323 -22.112 0
      vertex 28.6703 -20.0752 8.4
    endloop
  endfacet
  facet normal 0.47796 -0.521564 -0.706771
    outer loop
      vertex -24.7487 24.7487 8.4
      vertex -30.3282 31.0185 0
      vertex -22.4976 26.8116 8.4
    endloop
  endfacet
  facet normal 0.477971 -0.521554 -0.706771
    outer loop
      vertex -30.3282 31.0185 0
      vertex -24.7487 24.7487 8.4
      vertex -30.6884 30.6884 0
    endloop
  endfacet
  facet normal 0.596654 0.380106 -0.70677
    outer loop
      vertex -28.6703 -20.0752 8.4
      vertex -35.5512 -24.8932 0
      vertex -37.323 -22.112 0
    endloop
  endfacet
  facet normal 0.561261 0.430654 -0.70677
    outer loop
      vertex -35.2538 -25.2808 0
      vertex -28.6703 -20.0752 8.4
      vertex -26.8116 -22.4976 8.4
    endloop
  endfacet
  facet normal 0.561264 0.43065 -0.70677
    outer loop
      vertex -28.6703 -20.0752 8.4
      vertex -35.2538 -25.2808 0
      vertex -35.5512 -24.8932 0
    endloop
  endfacet
  facet normal 0.674701 0.212729 -0.70677
    outer loop
      vertex -33.8074 -9.05867 8.4
      vertex -40.9296 -14.3777 0
      vertex -41.9212 -11.2327 0
    endloop
  endfacet
  facet normal 0.690682 0.153083 -0.70677
    outer loop
      vertex -42.0269 -10.7558 0
      vertex -33.8074 -9.05867 8.4
      vertex -41.9212 -11.2327 0
    endloop
  endfacet
  facet normal 0.690673 0.153126 -0.706769
    outer loop
      vertex -33.8074 -9.05867 8.4
      vertex -42.0269 -10.7558 0
      vertex -34.4683 -6.07769 8.4
    endloop
  endfacet
  facet normal 0.430669 0.561253 -0.706767
    outer loop
      vertex -22.4976 -26.8116 8.4
      vertex -25.2808 -35.2538 0
      vertex -27.897 -33.2463 0
    endloop
  endfacet
  facet normal 0.43065 0.561264 -0.70677
    outer loop
      vertex -25.2808 -35.2538 0
      vertex -20.0752 -28.6703 8.4
      vertex -24.8932 -35.5512 0
    endloop
  endfacet
  facet normal 0.430654 0.561261 -0.70677
    outer loop
      vertex -20.0752 -28.6703 8.4
      vertex -25.2808 -35.2538 0
      vertex -22.4976 -26.8116 8.4
    endloop
  endfacet
  facet normal 0.999051 0.0435588 0
    outer loop
      vertex 40 0 3
      vertex 39.9848 0.348622 0
      vertex 39.9848 0.348622 3
    endloop
  endfacet
  facet normal 0.999051 0.0435588 0
    outer loop
      vertex 39.9848 0.348622 0
      vertex 40 0 3
      vertex 40 0 0
    endloop
  endfacet
  facet normal -0.999051 0.0435588 0
    outer loop
      vertex 32 0 0
      vertex 32.0152 0.348622 3
      vertex 32.0152 0.348622 0
    endloop
  endfacet
  facet normal -0.999051 0.0435588 0
    outer loop
      vertex 32.0152 0.348622 3
      vertex 32 0 0
      vertex 32 0 3
    endloop
  endfacet
  facet normal 0.0436188 0.999048 -0
    outer loop
      vertex 36.3486 3.98478 0
      vertex 36 4 3
      vertex 36.3486 3.98478 3
    endloop
  endfacet
  facet normal 0.0436188 0.999048 0
    outer loop
      vertex 36 4 3
      vertex 36.3486 3.98478 0
      vertex 36 4 0
    endloop
  endfacet
  facet normal 0.675699 0.737178 -0
    outer loop
      vertex 38.8284 2.82843 0
      vertex 38.5712 3.06418 3
      vertex 38.8284 2.82843 3
    endloop
  endfacet
  facet normal 0.675699 0.737178 0
    outer loop
      vertex 38.5712 3.06418 3
      vertex 38.8284 2.82843 0
      vertex 38.5712 3.06418 0
    endloop
  endfacet
  facet normal -0.675699 0.737178 0
    outer loop
      vertex 33.4288 3.06418 0
      vertex 33.1716 2.82843 3
      vertex 33.4288 3.06418 3
    endloop
  endfacet
  facet normal -0.675699 0.737178 0
    outer loop
      vertex 33.1716 2.82843 3
      vertex 33.4288 3.06418 0
      vertex 33.1716 2.82843 0
    endloop
  endfacet
  facet normal -0.382677 0.923882 0
    outer loop
      vertex 34.6319 3.75877 0
      vertex 34.3095 3.62523 3
      vertex 34.6319 3.75877 3
    endloop
  endfacet
  facet normal -0.382677 0.923882 0
    outer loop
      vertex 34.3095 3.62523 3
      vertex 34.6319 3.75877 0
      vertex 34.3095 3.62523 0
    endloop
  endfacet
  facet normal 0.923817 0.382834 0
    outer loop
      vertex 39.7588 1.36808 3
      vertex 39.6252 1.69047 0
      vertex 39.6252 1.69047 3
    endloop
  endfacet
  facet normal 0.923817 0.382834 0
    outer loop
      vertex 39.6252 1.69047 0
      vertex 39.7588 1.36808 3
      vertex 39.7588 1.36808 0
    endloop
  endfacet
  facet normal 0.382677 0.923882 -0
    outer loop
      vertex 37.6905 3.62523 0
      vertex 37.3681 3.75877 3
      vertex 37.6905 3.62523 3
    endloop
  endfacet
  facet normal 0.382677 0.923882 0
    outer loop
      vertex 37.3681 3.75877 3
      vertex 37.6905 3.62523 0
      vertex 37.3681 3.75877 0
    endloop
  endfacet
  facet normal -0.843378 0.53732 0
    outer loop
      vertex 32.5359 2 0
      vertex 32.7234 2.2943 3
      vertex 32.7234 2.2943 0
    endloop
  endfacet
  facet normal -0.843378 0.53732 0
    outer loop
      vertex 32.7234 2.2943 3
      vertex 32.5359 2 0
      vertex 32.5359 2 3
    endloop
  endfacet
  facet normal -0.793401 0.608699 0
    outer loop
      vertex 32.7234 2.2943 0
      vertex 32.9358 2.57115 3
      vertex 32.9358 2.57115 0
    endloop
  endfacet
  facet normal -0.793401 0.608699 0
    outer loop
      vertex 32.9358 2.57115 3
      vertex 32.7234 2.2943 0
      vertex 32.7234 2.2943 3
    endloop
  endfacet
  facet normal -0.130521 0.991446 0
    outer loop
      vertex 35.6514 3.98478 0
      vertex 35.3054 3.93923 3
      vertex 35.6514 3.98478 3
    endloop
  endfacet
  facet normal -0.130521 0.991446 0
    outer loop
      vertex 35.3054 3.93923 3
      vertex 35.6514 3.98478 0
      vertex 35.3054 3.93923 0
    endloop
  endfacet
  facet normal 0.887047 -0.461678 0
    outer loop
      vertex 39.4641 -2 3
      vertex 39.6252 -1.69047 0
      vertex 39.6252 -1.69047 3
    endloop
  endfacet
  facet normal 0.887047 -0.461678 0
    outer loop
      vertex 39.6252 -1.69047 0
      vertex 39.4641 -2 3
      vertex 39.4641 -2 0
    endloop
  endfacet
  facet normal 0.216436 -0.976297 0
    outer loop
      vertex 36.6946 -3.93923 0
      vertex 37.0353 -3.8637 3
      vertex 36.6946 -3.93923 3
    endloop
  endfacet
  facet normal 0.216436 -0.976297 0
    outer loop
      vertex 37.0353 -3.8637 3
      vertex 36.6946 -3.93923 0
      vertex 37.0353 -3.8637 0
    endloop
  endfacet
  facet normal 0.737211 -0.675662 0
    outer loop
      vertex 38.8284 -2.82843 3
      vertex 39.0642 -2.57115 0
      vertex 39.0642 -2.57115 3
    endloop
  endfacet
  facet normal 0.737211 -0.675662 0
    outer loop
      vertex 39.0642 -2.57115 0
      vertex 38.8284 -2.82843 3
      vertex 38.8284 -2.82843 0
    endloop
  endfacet
  facet normal 0.953743 -0.300624 0
    outer loop
      vertex 39.7588 -1.36808 3
      vertex 39.8637 -1.03528 0
      vertex 39.8637 -1.03528 3
    endloop
  endfacet
  facet normal 0.953743 -0.300624 0
    outer loop
      vertex 39.8637 -1.03528 0
      vertex 39.7588 -1.36808 3
      vertex 39.7588 -1.36808 0
    endloop
  endfacet
  facet normal -0.382677 -0.923882 0
    outer loop
      vertex 34.3095 -3.62523 0
      vertex 34.6319 -3.75877 3
      vertex 34.3095 -3.62523 3
    endloop
  endfacet
  facet normal -0.382677 -0.923882 -0
    outer loop
      vertex 34.6319 -3.75877 3
      vertex 34.3095 -3.62523 0
      vertex 34.6319 -3.75877 0
    endloop
  endfacet
  facet normal -0.737211 -0.675662 0
    outer loop
      vertex 33.1716 -2.82843 0
      vertex 32.9358 -2.57115 3
      vertex 32.9358 -2.57115 0
    endloop
  endfacet
  facet normal -0.737211 -0.675662 0
    outer loop
      vertex 32.9358 -2.57115 3
      vertex 33.1716 -2.82843 0
      vertex 33.1716 -2.82843 3
    endloop
  endfacet
  facet normal -0.923817 -0.382834 0
    outer loop
      vertex 32.3748 -1.69047 0
      vertex 32.2412 -1.36808 3
      vertex 32.2412 -1.36808 0
    endloop
  endfacet
  facet normal -0.923817 -0.382834 0
    outer loop
      vertex 32.2412 -1.36808 3
      vertex 32.3748 -1.69047 0
      vertex 32.3748 -1.69047 3
    endloop
  endfacet
  facet normal 0.976313 0.216361 0
    outer loop
      vertex 39.9392 0.694592 3
      vertex 39.8637 1.03528 0
      vertex 39.8637 1.03528 3
    endloop
  endfacet
  facet normal 0.976313 0.216361 0
    outer loop
      vertex 39.8637 1.03528 0
      vertex 39.9392 0.694592 3
      vertex 39.9392 0.694592 0
    endloop
  endfacet
  facet normal 0.991425 0.130673 0
    outer loop
      vertex 39.9848 0.348622 3
      vertex 39.9392 0.694592 0
      vertex 39.9392 0.694592 3
    endloop
  endfacet
  facet normal 0.991425 0.130673 0
    outer loop
      vertex 39.9392 0.694592 0
      vertex 39.9848 0.348622 3
      vertex 39.9848 0.348622 0
    endloop
  endfacet
  facet normal 0.953743 0.300624 0
    outer loop
      vertex 39.8637 1.03528 3
      vertex 39.7588 1.36808 0
      vertex 39.7588 1.36808 3
    endloop
  endfacet
  facet normal 0.953743 0.300624 0
    outer loop
      vertex 39.7588 1.36808 0
      vertex 39.8637 1.03528 3
      vertex 39.8637 1.03528 0
    endloop
  endfacet
  facet normal 0.887047 0.461678 0
    outer loop
      vertex 39.6252 1.69047 3
      vertex 39.4641 2 0
      vertex 39.4641 2 3
    endloop
  endfacet
  facet normal 0.887047 0.461678 0
    outer loop
      vertex 39.4641 2 0
      vertex 39.6252 1.69047 3
      vertex 39.6252 1.69047 0
    endloop
  endfacet
  facet normal 0.216436 0.976297 -0
    outer loop
      vertex 37.0353 3.8637 0
      vertex 36.6946 3.93923 3
      vertex 37.0353 3.8637 3
    endloop
  endfacet
  facet normal 0.216436 0.976297 0
    outer loop
      vertex 36.6946 3.93923 3
      vertex 37.0353 3.8637 0
      vertex 36.6946 3.93923 0
    endloop
  endfacet
  facet normal 0.130521 0.991446 -0
    outer loop
      vertex 36.6946 3.93923 0
      vertex 36.3486 3.98478 3
      vertex 36.6946 3.93923 3
    endloop
  endfacet
  facet normal 0.130521 0.991446 0
    outer loop
      vertex 36.3486 3.98478 3
      vertex 36.6946 3.93923 0
      vertex 36.3486 3.98478 0
    endloop
  endfacet
  facet normal 0.5373 0.843391 -0
    outer loop
      vertex 38.2943 3.27661 0
      vertex 38 3.4641 3
      vertex 38.2943 3.27661 3
    endloop
  endfacet
  facet normal 0.5373 0.843391 0
    outer loop
      vertex 38 3.4641 3
      vertex 38.2943 3.27661 0
      vertex 38 3.4641 0
    endloop
  endfacet
  facet normal 0.461781 0.886994 -0
    outer loop
      vertex 38 3.4641 0
      vertex 37.6905 3.62523 3
      vertex 38 3.4641 3
    endloop
  endfacet
  facet normal 0.461781 0.886994 0
    outer loop
      vertex 37.6905 3.62523 3
      vertex 38 3.4641 0
      vertex 37.6905 3.62523 0
    endloop
  endfacet
  facet normal 0.608684 0.793413 -0
    outer loop
      vertex 38.5712 3.06418 0
      vertex 38.2943 3.27661 3
      vertex 38.5712 3.06418 3
    endloop
  endfacet
  facet normal 0.608684 0.793413 0
    outer loop
      vertex 38.2943 3.27661 3
      vertex 38.5712 3.06418 0
      vertex 38.2943 3.27661 0
    endloop
  endfacet
  facet normal -0.953743 0.300624 0
    outer loop
      vertex 32.1363 1.03528 0
      vertex 32.2412 1.36808 3
      vertex 32.2412 1.36808 0
    endloop
  endfacet
  facet normal -0.953743 0.300624 0
    outer loop
      vertex 32.2412 1.36808 3
      vertex 32.1363 1.03528 0
      vertex 32.1363 1.03528 3
    endloop
  endfacet
  facet normal -0.887047 0.461678 0
    outer loop
      vertex 32.3748 1.69047 0
      vertex 32.5359 2 3
      vertex 32.5359 2 0
    endloop
  endfacet
  facet normal -0.887047 0.461678 0
    outer loop
      vertex 32.5359 2 3
      vertex 32.3748 1.69047 0
      vertex 32.3748 1.69047 3
    endloop
  endfacet
  facet normal -0.923817 0.382834 0
    outer loop
      vertex 32.2412 1.36808 0
      vertex 32.3748 1.69047 3
      vertex 32.3748 1.69047 0
    endloop
  endfacet
  facet normal -0.923817 0.382834 0
    outer loop
      vertex 32.3748 1.69047 3
      vertex 32.2412 1.36808 0
      vertex 32.2412 1.36808 3
    endloop
  endfacet
  facet normal -0.991425 0.130673 0
    outer loop
      vertex 32.0152 0.348622 0
      vertex 32.0608 0.694592 3
      vertex 32.0608 0.694592 0
    endloop
  endfacet
  facet normal -0.991425 0.130673 0
    outer loop
      vertex 32.0608 0.694592 3
      vertex 32.0152 0.348622 0
      vertex 32.0152 0.348622 3
    endloop
  endfacet
  facet normal 0 0 1
    outer loop
      vertex 37.7 0 3
      vertex 40 0 3
      vertex 39.9848 0.348622 3
    endloop
  endfacet
  facet normal 0 0 1
    outer loop
      vertex 37.6935 0.148165 3
      vertex 39.9848 0.348622 3
      vertex 39.9392 0.694592 3
    endloop
  endfacet
  facet normal 0 0 1
    outer loop
      vertex 40 0 3
      vertex 37.7 0 3
      vertex 39.9848 -0.348622 3
    endloop
  endfacet
  facet normal 0 0 1
    outer loop
      vertex 37.6742 0.295201 3
      vertex 39.9392 0.694592 3
      vertex 39.8637 1.03528 3
    endloop
  endfacet
  facet normal -0 0 1
    outer loop
      vertex 37.6935 -0.148165 3
      vertex 39.9848 -0.348622 3
      vertex 37.7 0 3
    endloop
  endfacet
  facet normal 0 0 1
    outer loop
      vertex 37.6421 0.439992 3
      vertex 39.8637 1.03528 3
      vertex 39.7588 1.36808 3
    endloop
  endfacet
  facet normal 0 0 1
    outer loop
      vertex 39.9848 -0.348622 3
      vertex 37.6935 -0.148165 3
      vertex 39.9392 -0.694592 3
    endloop
  endfacet
  facet normal 0 0 1
    outer loop
      vertex 37.5975 0.581433 3
      vertex 39.7588 1.36808 3
      vertex 39.6252 1.69047 3
    endloop
  endfacet
  facet normal -0 0 1
    outer loop
      vertex 37.6742 -0.295201 3
      vertex 39.9392 -0.694592 3
      vertex 37.6935 -0.148165 3
    endloop
  endfacet
  facet normal 0 0 1
    outer loop
      vertex 37.5407 0.718451 3
      vertex 39.6252 1.69047 3
      vertex 39.4641 2 3
    endloop
  endfacet
  facet normal 0 0 1
    outer loop
      vertex 39.9392 -0.694592 3
      vertex 37.6742 -0.295201 3
      vertex 39.8637 -1.03528 3
    endloop
  endfacet
  facet normal 0 0 1
    outer loop
      vertex 37.4722 0.849999 3
      vertex 39.4641 2 3
      vertex 39.2766 2.2943 3
    endloop
  endfacet
  facet normal -0 0 1
    outer loop
      vertex 37.6421 -0.439992 3
      vertex 39.8637 -1.03528 3
      vertex 37.6742 -0.295201 3
    endloop
  endfacet
  facet normal 0 0 1
    outer loop
      vertex 37.3926 0.97508 3
      vertex 39.2766 2.2943 3
      vertex 39.0642 2.57115 3
    endloop
  endfacet
  facet normal 0 0 1
    outer loop
      vertex 39.8637 -1.03528 3
      vertex 37.6421 -0.439992 3
      vertex 39.7588 -1.36808 3
    endloop
  endfacet
  facet normal 0 0 1
    outer loop
      vertex 37.3023 1.09274 3
      vertex 39.0642 2.57115 3
      vertex 38.8284 2.82843 3
    endloop
  endfacet
  facet normal -0 0 1
    outer loop
      vertex 37.5975 -0.581433 3
      vertex 39.7588 -1.36808 3
      vertex 37.6421 -0.439992 3
    endloop
  endfacet
  facet normal 0 0 1
    outer loop
      vertex 37.2021 1.20208 3
      vertex 38.8284 2.82843 3
      vertex 38.5712 3.06418 3
    endloop
  endfacet
  facet normal 0 0 1
    outer loop
      vertex 39.7588 -1.36808 3
      vertex 37.5975 -0.581433 3
      vertex 39.6252 -1.69047 3
    endloop
  endfacet
  facet normal 0 0 1
    outer loop
      vertex 37.0927 1.30227 3
      vertex 38.5712 3.06418 3
      vertex 38.2943 3.27661 3
    endloop
  endfacet
  facet normal -0 0 1
    outer loop
      vertex 37.5407 -0.718451 3
      vertex 39.6252 -1.69047 3
      vertex 37.5975 -0.581433 3
    endloop
  endfacet
  facet normal 0 0 1
    outer loop
      vertex 36.9751 1.39256 3
      vertex 38.2943 3.27661 3
      vertex 38 3.4641 3
    endloop
  endfacet
  facet normal 0 0 1
    outer loop
      vertex 39.6252 -1.69047 3
      vertex 37.5407 -0.718451 3
      vertex 39.4641 -2 3
    endloop
  endfacet
  facet normal -0 0 1
    outer loop
      vertex 37.4722 -0.849999 3
      vertex 39.4641 -2 3
      vertex 37.5407 -0.718451 3
    endloop
  endfacet
  facet normal 0 0 1
    outer loop
      vertex 39.9848 0.348622 3
      vertex 37.6935 0.148165 3
      vertex 37.7 0 3
    endloop
  endfacet
  facet normal 0 0 1
    outer loop
      vertex 36.85 1.47224 3
      vertex 38 3.4641 3
      vertex 37.6905 3.62523 3
    endloop
  endfacet
  facet normal 0 0 1
    outer loop
      vertex 39.9392 0.694592 3
      vertex 37.6742 0.295201 3
      vertex 37.6935 0.148165 3
    endloop
  endfacet
  facet normal 0 0 1
    outer loop
      vertex 39.8637 1.03528 3
      vertex 37.6421 0.439992 3
      vertex 37.6742 0.295201 3
    endloop
  endfacet
  facet normal 0 0 1
    outer loop
      vertex 39.7588 1.36808 3
      vertex 37.5975 0.581433 3
      vertex 37.6421 0.439992 3
    endloop
  endfacet
  facet normal 0 0 1
    outer loop
      vertex 39.6252 1.69047 3
      vertex 37.5407 0.718451 3
      vertex 37.5975 0.581433 3
    endloop
  endfacet
  facet normal 0 0 1
    outer loop
      vertex 39.4641 2 3
      vertex 37.4722 0.849999 3
      vertex 37.5407 0.718451 3
    endloop
  endfacet
  facet normal 0 0 1
    outer loop
      vertex 39.2766 2.2943 3
      vertex 37.3926 0.97508 3
      vertex 37.4722 0.849999 3
    endloop
  endfacet
  facet normal 0 0 1
    outer loop
      vertex 36.7185 1.54072 3
      vertex 37.6905 3.62523 3
      vertex 37.3681 3.75877 3
    endloop
  endfacet
  facet normal 0 0 1
    outer loop
      vertex 39.0642 2.57115 3
      vertex 37.3023 1.09274 3
      vertex 37.3926 0.97508 3
    endloop
  endfacet
  facet normal 0 0 1
    outer loop
      vertex 38.8284 2.82843 3
      vertex 37.2021 1.20208 3
      vertex 37.3023 1.09274 3
    endloop
  endfacet
  facet normal 0 0 1
    outer loop
      vertex 38.5712 3.06418 3
      vertex 37.0927 1.30227 3
      vertex 37.2021 1.20208 3
    endloop
  endfacet
  facet normal 0 0 1
    outer loop
      vertex 36.5814 1.59748 3
      vertex 37.3681 3.75877 3
      vertex 37.0353 3.8637 3
    endloop
  endfacet
  facet normal 0 0 1
    outer loop
      vertex 38.2943 3.27661 3
      vertex 36.9751 1.39256 3
      vertex 37.0927 1.30227 3
    endloop
  endfacet
  facet normal 0 0 1
    outer loop
      vertex 38 3.4641 3
      vertex 36.85 1.47224 3
      vertex 36.9751 1.39256 3
    endloop
  endfacet
  facet normal 0 0 1
    outer loop
      vertex 37.6905 3.62523 3
      vertex 36.7185 1.54072 3
      vertex 36.85 1.47224 3
    endloop
  endfacet
  facet normal 0 0 1
    outer loop
      vertex 36.44 1.64207 3
      vertex 37.0353 3.8637 3
      vertex 36.6946 3.93923 3
    endloop
  endfacet
  facet normal 0 0 1
    outer loop
      vertex 37.3681 3.75877 3
      vertex 36.5814 1.59748 3
      vertex 36.7185 1.54072 3
    endloop
  endfacet
  facet normal 0 0 1
    outer loop
      vertex 37.0353 3.8637 3
      vertex 36.44 1.64207 3
      vertex 36.5814 1.59748 3
    endloop
  endfacet
  facet normal 0 0 1
    outer loop
      vertex 36.2952 1.67417 3
      vertex 36.6946 3.93923 3
      vertex 36.3486 3.98478 3
    endloop
  endfacet
  facet normal 0 0 1
    outer loop
      vertex 36.6946 3.93923 3
      vertex 36.2952 1.67417 3
      vertex 36.44 1.64207 3
    endloop
  endfacet
  facet normal 0 0 1
    outer loop
      vertex 36.3486 3.98478 3
      vertex 36.1482 1.69353 3
      vertex 36.2952 1.67417 3
    endloop
  endfacet
  facet normal 0 0 1
    outer loop
      vertex 36 4 3
      vertex 36.1482 1.69353 3
      vertex 36.3486 3.98478 3
    endloop
  endfacet
  facet normal 0 0 1
    outer loop
      vertex 36 4 3
      vertex 36 1.7 3
      vertex 36.1482 1.69353 3
    endloop
  endfacet
  facet normal 0 0 1
    outer loop
      vertex 36 4 3
      vertex 35.8518 1.69353 3
      vertex 36 1.7 3
    endloop
  endfacet
  facet normal -0 0 1
    outer loop
      vertex 35.6514 3.98478 3
      vertex 35.8518 1.69353 3
      vertex 36 4 3
    endloop
  endfacet
  facet normal 0 0 1
    outer loop
      vertex 35.8518 1.69353 3
      vertex 35.6514 3.98478 3
      vertex 35.7048 1.67417 3
    endloop
  endfacet
  facet normal -0 0 1
    outer loop
      vertex 35.3054 3.93923 3
      vertex 35.7048 1.67417 3
      vertex 35.6514 3.98478 3
    endloop
  endfacet
  facet normal 0 0 1
    outer loop
      vertex 35.7048 1.67417 3
      vertex 35.3054 3.93923 3
      vertex 35.56 1.64207 3
    endloop
  endfacet
  facet normal -0 0 1
    outer loop
      vertex 34.9647 3.8637 3
      vertex 35.56 1.64207 3
      vertex 35.3054 3.93923 3
    endloop
  endfacet
  facet normal 0 0 1
    outer loop
      vertex 35.56 1.64207 3
      vertex 34.9647 3.8637 3
      vertex 35.4186 1.59748 3
    endloop
  endfacet
  facet normal -0 0 1
    outer loop
      vertex 34.6319 3.75877 3
      vertex 35.4186 1.59748 3
      vertex 34.9647 3.8637 3
    endloop
  endfacet
  facet normal 0 0 1
    outer loop
      vertex 35.4186 1.59748 3
      vertex 34.6319 3.75877 3
      vertex 35.2815 1.54072 3
    endloop
  endfacet
  facet normal -0 0 1
    outer loop
      vertex 34.3095 3.62523 3
      vertex 35.2815 1.54072 3
      vertex 34.6319 3.75877 3
    endloop
  endfacet
  facet normal 0 0 1
    outer loop
      vertex 35.2815 1.54072 3
      vertex 34.3095 3.62523 3
      vertex 35.15 1.47224 3
    endloop
  endfacet
  facet normal -0 0 1
    outer loop
      vertex 34 3.4641 3
      vertex 35.15 1.47224 3
      vertex 34.3095 3.62523 3
    endloop
  endfacet
  facet normal 0 0 1
    outer loop
      vertex 35.15 1.47224 3
      vertex 34 3.4641 3
      vertex 35.0249 1.39256 3
    endloop
  endfacet
  facet normal -0 0 1
    outer loop
      vertex 33.7057 3.27661 3
      vertex 35.0249 1.39256 3
      vertex 34 3.4641 3
    endloop
  endfacet
  facet normal 0 0 1
    outer loop
      vertex 35.0249 1.39256 3
      vertex 33.7057 3.27661 3
      vertex 34.9073 1.30227 3
    endloop
  endfacet
  facet normal -0 0 1
    outer loop
      vertex 33.4288 3.06418 3
      vertex 34.9073 1.30227 3
      vertex 33.7057 3.27661 3
    endloop
  endfacet
  facet normal 0 0 1
    outer loop
      vertex 34.9073 1.30227 3
      vertex 33.4288 3.06418 3
      vertex 34.7979 1.20208 3
    endloop
  endfacet
  facet normal -0 0 1
    outer loop
      vertex 33.1716 2.82843 3
      vertex 34.7979 1.20208 3
      vertex 33.4288 3.06418 3
    endloop
  endfacet
  facet normal 0 0 1
    outer loop
      vertex 34.7979 1.20208 3
      vertex 33.1716 2.82843 3
      vertex 34.6977 1.09274 3
    endloop
  endfacet
  facet normal -0 0 1
    outer loop
      vertex 32.9358 2.57115 3
      vertex 34.6977 1.09274 3
      vertex 33.1716 2.82843 3
    endloop
  endfacet
  facet normal 0 0 1
    outer loop
      vertex 34.6977 1.09274 3
      vertex 32.9358 2.57115 3
      vertex 34.6074 0.97508 3
    endloop
  endfacet
  facet normal -0 0 1
    outer loop
      vertex 32.7234 2.2943 3
      vertex 34.6074 0.97508 3
      vertex 32.9358 2.57115 3
    endloop
  endfacet
  facet normal 0 0 1
    outer loop
      vertex 34.6074 0.97508 3
      vertex 32.7234 2.2943 3
      vertex 34.5278 0.849999 3
    endloop
  endfacet
  facet normal -0 0 1
    outer loop
      vertex 32.5359 2 3
      vertex 34.5278 0.849999 3
      vertex 32.7234 2.2943 3
    endloop
  endfacet
  facet normal 0 0 1
    outer loop
      vertex 39.4641 -2 3
      vertex 37.4722 -0.849999 3
      vertex 39.2766 -2.2943 3
    endloop
  endfacet
  facet normal -0 0 1
    outer loop
      vertex 37.3926 -0.97508 3
      vertex 39.2766 -2.2943 3
      vertex 37.4722 -0.849999 3
    endloop
  endfacet
  facet normal 0 0 1
    outer loop
      vertex 39.2766 -2.2943 3
      vertex 37.3926 -0.97508 3
      vertex 39.0642 -2.57115 3
    endloop
  endfacet
  facet normal -0 0 1
    outer loop
      vertex 37.3023 -1.09274 3
      vertex 39.0642 -2.57115 3
      vertex 37.3926 -0.97508 3
    endloop
  endfacet
  facet normal 0 0 1
    outer loop
      vertex 39.0642 -2.57115 3
      vertex 37.3023 -1.09274 3
      vertex 38.8284 -2.82843 3
    endloop
  endfacet
  facet normal -0 0 1
    outer loop
      vertex 37.2021 -1.20208 3
      vertex 38.8284 -2.82843 3
      vertex 37.3023 -1.09274 3
    endloop
  endfacet
  facet normal 0 0 1
    outer loop
      vertex 38.8284 -2.82843 3
      vertex 37.2021 -1.20208 3
      vertex 38.5712 -3.06418 3
    endloop
  endfacet
  facet normal -0 0 1
    outer loop
      vertex 37.0927 -1.30227 3
      vertex 38.5712 -3.06418 3
      vertex 37.2021 -1.20208 3
    endloop
  endfacet
  facet normal 0 0 1
    outer loop
      vertex 38.5712 -3.06418 3
      vertex 37.0927 -1.30227 3
      vertex 38.2943 -3.27661 3
    endloop
  endfacet
  facet normal -0 0 1
    outer loop
      vertex 36.9751 -1.39256 3
      vertex 38.2943 -3.27661 3
      vertex 37.0927 -1.30227 3
    endloop
  endfacet
  facet normal 0 0 1
    outer loop
      vertex 38.2943 -3.27661 3
      vertex 36.9751 -1.39256 3
      vertex 38 -3.4641 3
    endloop
  endfacet
  facet normal -0 0 1
    outer loop
      vertex 36.85 -1.47224 3
      vertex 38 -3.4641 3
      vertex 36.9751 -1.39256 3
    endloop
  endfacet
  facet normal 0 0 1
    outer loop
      vertex 38 -3.4641 3
      vertex 36.85 -1.47224 3
      vertex 37.6905 -3.62523 3
    endloop
  endfacet
  facet normal -0 0 1
    outer loop
      vertex 36.7185 -1.54072 3
      vertex 37.6905 -3.62523 3
      vertex 36.85 -1.47224 3
    endloop
  endfacet
  facet normal 0 0 1
    outer loop
      vertex 37.6905 -3.62523 3
      vertex 36.7185 -1.54072 3
      vertex 37.3681 -3.75877 3
    endloop
  endfacet
  facet normal -0 0 1
    outer loop
      vertex 36.5814 -1.59748 3
      vertex 37.3681 -3.75877 3
      vertex 36.7185 -1.54072 3
    endloop
  endfacet
  facet normal 0 0 1
    outer loop
      vertex 37.3681 -3.75877 3
      vertex 36.5814 -1.59748 3
      vertex 37.0353 -3.8637 3
    endloop
  endfacet
  facet normal -0 0 1
    outer loop
      vertex 36.44 -1.64207 3
      vertex 37.0353 -3.8637 3
      vertex 36.5814 -1.59748 3
    endloop
  endfacet
  facet normal 0 0 1
    outer loop
      vertex 37.0353 -3.8637 3
      vertex 36.44 -1.64207 3
      vertex 36.6946 -3.93923 3
    endloop
  endfacet
  facet normal -0 0 1
    outer loop
      vertex 36.2952 -1.67417 3
      vertex 36.6946 -3.93923 3
      vertex 36.44 -1.64207 3
    endloop
  endfacet
  facet normal 0 0 1
    outer loop
      vertex 36.6946 -3.93923 3
      vertex 36.2952 -1.67417 3
      vertex 36.3486 -3.98478 3
    endloop
  endfacet
  facet normal -0 0 1
    outer loop
      vertex 36.1482 -1.69353 3
      vertex 36.3486 -3.98478 3
      vertex 36.2952 -1.67417 3
    endloop
  endfacet
  facet normal -0 0 1
    outer loop
      vertex 36 -1.7 3
      vertex 36.3486 -3.98478 3
      vertex 36.1482 -1.69353 3
    endloop
  endfacet
  facet normal 0 0 1
    outer loop
      vertex 36 -1.7 3
      vertex 36 -4 3
      vertex 36.3486 -3.98478 3
    endloop
  endfacet
  facet normal 0 0 1
    outer loop
      vertex 35.8518 -1.69353 3
      vertex 36 -4 3
      vertex 36 -1.7 3
    endloop
  endfacet
  facet normal 0 0 1
    outer loop
      vertex 35.6514 -3.98478 3
      vertex 35.8518 -1.69353 3
      vertex 35.7048 -1.67417 3
    endloop
  endfacet
  facet normal 0 0 1
    outer loop
      vertex 35.8518 -1.69353 3
      vertex 35.6514 -3.98478 3
      vertex 36 -4 3
    endloop
  endfacet
  facet normal 0 0 1
    outer loop
      vertex 35.3054 -3.93923 3
      vertex 35.7048 -1.67417 3
      vertex 35.56 -1.64207 3
    endloop
  endfacet
  facet normal 0 0 1
    outer loop
      vertex 34.9647 -3.8637 3
      vertex 35.56 -1.64207 3
      vertex 35.4186 -1.59748 3
    endloop
  endfacet
  facet normal 0 0 1
    outer loop
      vertex 35.7048 -1.67417 3
      vertex 35.3054 -3.93923 3
      vertex 35.6514 -3.98478 3
    endloop
  endfacet
  facet normal 0 0 1
    outer loop
      vertex 34.6319 -3.75877 3
      vertex 35.4186 -1.59748 3
      vertex 35.2815 -1.54072 3
    endloop
  endfacet
  facet normal 0 0 1
    outer loop
      vertex 34.3095 -3.62523 3
      vertex 35.2815 -1.54072 3
      vertex 35.15 -1.47224 3
    endloop
  endfacet
  facet normal 0 0 1
    outer loop
      vertex 34 -3.4641 3
      vertex 35.15 -1.47224 3
      vertex 35.0249 -1.39256 3
    endloop
  endfacet
  facet normal 0 0 1
    outer loop
      vertex 35.56 -1.64207 3
      vertex 34.9647 -3.8637 3
      vertex 35.3054 -3.93923 3
    endloop
  endfacet
  facet normal 0 0 1
    outer loop
      vertex 33.7057 -3.27661 3
      vertex 35.0249 -1.39256 3
      vertex 34.9073 -1.30227 3
    endloop
  endfacet
  facet normal 0 0 1
    outer loop
      vertex 33.4288 -3.06418 3
      vertex 34.9073 -1.30227 3
      vertex 34.7979 -1.20208 3
    endloop
  endfacet
  facet normal 0 0 1
    outer loop
      vertex 33.1716 -2.82843 3
      vertex 34.7979 -1.20208 3
      vertex 34.6977 -1.09274 3
    endloop
  endfacet
  facet normal 0 0 1
    outer loop
      vertex 35.4186 -1.59748 3
      vertex 34.6319 -3.75877 3
      vertex 34.9647 -3.8637 3
    endloop
  endfacet
  facet normal 0 0 1
    outer loop
      vertex 32.9358 -2.57115 3
      vertex 34.6977 -1.09274 3
      vertex 34.6074 -0.97508 3
    endloop
  endfacet
  facet normal 0 0 1
    outer loop
      vertex 32.7234 -2.2943 3
      vertex 34.6074 -0.97508 3
      vertex 34.5278 -0.849999 3
    endloop
  endfacet
  facet normal 0 0 1
    outer loop
      vertex 32.5359 -2 3
      vertex 34.5278 -0.849999 3
      vertex 34.4593 -0.718451 3
    endloop
  endfacet
  facet normal 0 0 1
    outer loop
      vertex 32.3748 -1.69047 3
      vertex 34.4593 -0.718451 3
      vertex 34.4025 -0.581433 3
    endloop
  endfacet
  facet normal 0 0 1
    outer loop
      vertex 32.2412 -1.36808 3
      vertex 34.4025 -0.581433 3
      vertex 34.3579 -0.439992 3
    endloop
  endfacet
  facet normal 0 0 1
    outer loop
      vertex 32.1363 -1.03528 3
      vertex 34.3579 -0.439992 3
      vertex 34.3258 -0.295201 3
    endloop
  endfacet
  facet normal 0 0 1
    outer loop
      vertex 35.2815 -1.54072 3
      vertex 34.3095 -3.62523 3
      vertex 34.6319 -3.75877 3
    endloop
  endfacet
  facet normal 0 0 1
    outer loop
      vertex 32.0608 -0.694592 3
      vertex 34.3258 -0.295201 3
      vertex 34.3065 -0.148165 3
    endloop
  endfacet
  facet normal 0 0 1
    outer loop
      vertex 32.0152 -0.348622 3
      vertex 34.3065 -0.148165 3
      vertex 34.3 0 3
    endloop
  endfacet
  facet normal 0 0 1
    outer loop
      vertex 34.5278 0.849999 3
      vertex 32.5359 2 3
      vertex 34.4593 0.718451 3
    endloop
  endfacet
  facet normal 0 0 1
    outer loop
      vertex 35.15 -1.47224 3
      vertex 34 -3.4641 3
      vertex 34.3095 -3.62523 3
    endloop
  endfacet
  facet normal -0 0 1
    outer loop
      vertex 32.3748 1.69047 3
      vertex 34.4593 0.718451 3
      vertex 32.5359 2 3
    endloop
  endfacet
  facet normal 0 0 1
    outer loop
      vertex 35.0249 -1.39256 3
      vertex 33.7057 -3.27661 3
      vertex 34 -3.4641 3
    endloop
  endfacet
  facet normal 0 0 1
    outer loop
      vertex 34.4593 0.718451 3
      vertex 32.3748 1.69047 3
      vertex 34.4025 0.581433 3
    endloop
  endfacet
  facet normal 0 0 1
    outer loop
      vertex 34.9073 -1.30227 3
      vertex 33.4288 -3.06418 3
      vertex 33.7057 -3.27661 3
    endloop
  endfacet
  facet normal -0 0 1
    outer loop
      vertex 32.2412 1.36808 3
      vertex 34.4025 0.581433 3
      vertex 32.3748 1.69047 3
    endloop
  endfacet
  facet normal 0 0 1
    outer loop
      vertex 34.7979 -1.20208 3
      vertex 33.1716 -2.82843 3
      vertex 33.4288 -3.06418 3
    endloop
  endfacet
  facet normal 0 0 1
    outer loop
      vertex 34.4025 0.581433 3
      vertex 32.2412 1.36808 3
      vertex 34.3579 0.439992 3
    endloop
  endfacet
  facet normal 0 0 1
    outer loop
      vertex 34.6977 -1.09274 3
      vertex 32.9358 -2.57115 3
      vertex 33.1716 -2.82843 3
    endloop
  endfacet
  facet normal -0 0 1
    outer loop
      vertex 32.1363 1.03528 3
      vertex 34.3579 0.439992 3
      vertex 32.2412 1.36808 3
    endloop
  endfacet
  facet normal 0 0 1
    outer loop
      vertex 34.6074 -0.97508 3
      vertex 32.7234 -2.2943 3
      vertex 32.9358 -2.57115 3
    endloop
  endfacet
  facet normal 0 0 1
    outer loop
      vertex 34.3579 0.439992 3
      vertex 32.1363 1.03528 3
      vertex 34.3258 0.295201 3
    endloop
  endfacet
  facet normal 0 0 1
    outer loop
      vertex 34.5278 -0.849999 3
      vertex 32.5359 -2 3
      vertex 32.7234 -2.2943 3
    endloop
  endfacet
  facet normal -0 0 1
    outer loop
      vertex 32.0608 0.694592 3
      vertex 34.3258 0.295201 3
      vertex 32.1363 1.03528 3
    endloop
  endfacet
  facet normal 0 0 1
    outer loop
      vertex 34.4593 -0.718451 3
      vertex 32.3748 -1.69047 3
      vertex 32.5359 -2 3
    endloop
  endfacet
  facet normal 0 0 1
    outer loop
      vertex 34.3258 0.295201 3
      vertex 32.0608 0.694592 3
      vertex 34.3065 0.148165 3
    endloop
  endfacet
  facet normal 0 0 1
    outer loop
      vertex 34.4025 -0.581433 3
      vertex 32.2412 -1.36808 3
      vertex 32.3748 -1.69047 3
    endloop
  endfacet
  facet normal -0 0 1
    outer loop
      vertex 32.0152 0.348622 3
      vertex 34.3065 0.148165 3
      vertex 32.0608 0.694592 3
    endloop
  endfacet
  facet normal 0 0 1
    outer loop
      vertex 34.3579 -0.439992 3
      vertex 32.1363 -1.03528 3
      vertex 32.2412 -1.36808 3
    endloop
  endfacet
  facet normal 0 0 1
    outer loop
      vertex 34.3065 0.148165 3
      vertex 32.0152 0.348622 3
      vertex 34.3 0 3
    endloop
  endfacet
  facet normal 0 0 1
    outer loop
      vertex 34.3258 -0.295201 3
      vertex 32.0608 -0.694592 3
      vertex 32.1363 -1.03528 3
    endloop
  endfacet
  facet normal 0 0 1
    outer loop
      vertex 32 0 3
      vertex 34.3 0 3
      vertex 32.0152 0.348622 3
    endloop
  endfacet
  facet normal 0 0 1
    outer loop
      vertex 34.3065 -0.148165 3
      vertex 32.0152 -0.348622 3
      vertex 32.0608 -0.694592 3
    endloop
  endfacet
  facet normal 0 0 1
    outer loop
      vertex 34.3 0 3
      vertex 32 0 3
      vertex 32.0152 -0.348622 3
    endloop
  endfacet
  facet normal -0.5373 0.843391 0
    outer loop
      vertex 34 3.4641 0
      vertex 33.7057 3.27661 3
      vertex 34 3.4641 3
    endloop
  endfacet
  facet normal -0.5373 0.843391 0
    outer loop
      vertex 33.7057 3.27661 3
      vertex 34 3.4641 0
      vertex 33.7057 3.27661 0
    endloop
  endfacet
  facet normal -0.300702 0.953718 0
    outer loop
      vertex 34.9647 3.8637 0
      vertex 34.6319 3.75877 3
      vertex 34.9647 3.8637 3
    endloop
  endfacet
  facet normal -0.300702 0.953718 0
    outer loop
      vertex 34.6319 3.75877 3
      vertex 34.9647 3.8637 0
      vertex 34.6319 3.75877 0
    endloop
  endfacet
  facet normal -0.0436188 0.999048 0
    outer loop
      vertex 36 4 0
      vertex 35.6514 3.98478 3
      vertex 36 4 3
    endloop
  endfacet
  facet normal -0.0436188 0.999048 0
    outer loop
      vertex 35.6514 3.98478 3
      vertex 36 4 0
      vertex 35.6514 3.98478 0
    endloop
  endfacet
  facet normal 0.0436188 -0.999048 0
    outer loop
      vertex 36 -4 0
      vertex 36.3486 -3.98478 3
      vertex 36 -4 3
    endloop
  endfacet
  facet normal 0.0436188 -0.999048 0
    outer loop
      vertex 36.3486 -3.98478 3
      vertex 36 -4 0
      vertex 36.3486 -3.98478 0
    endloop
  endfacet
  facet normal 0.461781 -0.886994 0
    outer loop
      vertex 37.6905 -3.62523 0
      vertex 38 -3.4641 3
      vertex 37.6905 -3.62523 3
    endloop
  endfacet
  facet normal 0.461781 -0.886994 0
    outer loop
      vertex 38 -3.4641 3
      vertex 37.6905 -3.62523 0
      vertex 38 -3.4641 0
    endloop
  endfacet
  facet normal 0.675699 -0.737178 0
    outer loop
      vertex 38.5712 -3.06418 0
      vertex 38.8284 -2.82843 3
      vertex 38.5712 -3.06418 3
    endloop
  endfacet
  facet normal 0.675699 -0.737178 0
    outer loop
      vertex 38.8284 -2.82843 3
      vertex 38.5712 -3.06418 0
      vertex 38.8284 -2.82843 0
    endloop
  endfacet
  facet normal 0.5373 -0.843391 0
    outer loop
      vertex 38 -3.4641 0
      vertex 38.2943 -3.27661 3
      vertex 38 -3.4641 3
    endloop
  endfacet
  facet normal 0.5373 -0.843391 0
    outer loop
      vertex 38.2943 -3.27661 3
      vertex 38 -3.4641 0
      vertex 38.2943 -3.27661 0
    endloop
  endfacet
  facet normal 0.793401 -0.608699 0
    outer loop
      vertex 39.0642 -2.57115 3
      vertex 39.2766 -2.2943 0
      vertex 39.2766 -2.2943 3
    endloop
  endfacet
  facet normal 0.793401 -0.608699 0
    outer loop
      vertex 39.2766 -2.2943 0
      vertex 39.0642 -2.57115 3
      vertex 39.0642 -2.57115 0
    endloop
  endfacet
  facet normal 0.843378 -0.53732 0
    outer loop
      vertex 39.2766 -2.2943 3
      vertex 39.4641 -2 0
      vertex 39.4641 -2 3
    endloop
  endfacet
  facet normal 0.843378 -0.53732 0
    outer loop
      vertex 39.4641 -2 0
      vertex 39.2766 -2.2943 3
      vertex 39.2766 -2.2943 0
    endloop
  endfacet
  facet normal 0.999051 -0.0435588 0
    outer loop
      vertex 39.9848 -0.348622 3
      vertex 40 0 0
      vertex 40 0 3
    endloop
  endfacet
  facet normal 0.999051 -0.0435588 0
    outer loop
      vertex 40 0 0
      vertex 39.9848 -0.348622 3
      vertex 39.9848 -0.348622 0
    endloop
  endfacet
  facet normal -0.300702 -0.953718 0
    outer loop
      vertex 34.6319 -3.75877 0
      vertex 34.9647 -3.8637 3
      vertex 34.6319 -3.75877 3
    endloop
  endfacet
  facet normal -0.300702 -0.953718 -0
    outer loop
      vertex 34.9647 -3.8637 3
      vertex 34.6319 -3.75877 0
      vertex 34.9647 -3.8637 0
    endloop
  endfacet
  facet normal -0.675699 -0.737178 0
    outer loop
      vertex 33.1716 -2.82843 0
      vertex 33.4288 -3.06418 3
      vertex 33.1716 -2.82843 3
    endloop
  endfacet
  facet normal -0.675699 -0.737178 -0
    outer loop
      vertex 33.4288 -3.06418 3
      vertex 33.1716 -2.82843 0
      vertex 33.4288 -3.06418 0
    endloop
  endfacet
  facet normal -0.608684 -0.793413 0
    outer loop
      vertex 33.4288 -3.06418 0
      vertex 33.7057 -3.27661 3
      vertex 33.4288 -3.06418 3
    endloop
  endfacet
  facet normal -0.608684 -0.793413 -0
    outer loop
      vertex 33.7057 -3.27661 3
      vertex 33.4288 -3.06418 0
      vertex 33.7057 -3.27661 0
    endloop
  endfacet
  facet normal -0.5373 -0.843391 0
    outer loop
      vertex 33.7057 -3.27661 0
      vertex 34 -3.4641 3
      vertex 33.7057 -3.27661 3
    endloop
  endfacet
  facet normal -0.5373 -0.843391 -0
    outer loop
      vertex 34 -3.4641 3
      vertex 33.7057 -3.27661 0
      vertex 34 -3.4641 0
    endloop
  endfacet
  facet normal -0.130521 -0.991446 0
    outer loop
      vertex 35.3054 -3.93923 0
      vertex 35.6514 -3.98478 3
      vertex 35.3054 -3.93923 3
    endloop
  endfacet
  facet normal -0.130521 -0.991446 -0
    outer loop
      vertex 35.6514 -3.98478 3
      vertex 35.3054 -3.93923 0
      vertex 35.6514 -3.98478 0
    endloop
  endfacet
  facet normal -0.843378 -0.53732 0
    outer loop
      vertex 32.7234 -2.2943 0
      vertex 32.5359 -2 3
      vertex 32.5359 -2 0
    endloop
  endfacet
  facet normal -0.843378 -0.53732 0
    outer loop
      vertex 32.5359 -2 3
      vertex 32.7234 -2.2943 0
      vertex 32.7234 -2.2943 3
    endloop
  endfacet
  facet normal -0.887047 -0.461678 0
    outer loop
      vertex 32.5359 -2 0
      vertex 32.3748 -1.69047 3
      vertex 32.3748 -1.69047 0
    endloop
  endfacet
  facet normal -0.887047 -0.461678 0
    outer loop
      vertex 32.3748 -1.69047 3
      vertex 32.5359 -2 0
      vertex 32.5359 -2 3
    endloop
  endfacet
  facet normal -0.793401 -0.608699 0
    outer loop
      vertex 32.9358 -2.57115 0
      vertex 32.7234 -2.2943 3
      vertex 32.7234 -2.2943 0
    endloop
  endfacet
  facet normal -0.793401 -0.608699 0
    outer loop
      vertex 32.7234 -2.2943 3
      vertex 32.9358 -2.57115 0
      vertex 32.9358 -2.57115 3
    endloop
  endfacet
  facet normal -0.999051 -0.0435588 0
    outer loop
      vertex 32.0152 -0.348622 0
      vertex 32 0 3
      vertex 32 0 0
    endloop
  endfacet
  facet normal -0.999051 -0.0435588 0
    outer loop
      vertex 32 0 3
      vertex 32.0152 -0.348622 0
      vertex 32.0152 -0.348622 3
    endloop
  endfacet
  facet normal 0 0 -1
    outer loop
      vertex 37.7 0 0
      vertex 40 0 0
      vertex 39.9848 -0.348622 0
    endloop
  endfacet
  facet normal 0 0 -1
    outer loop
      vertex 37.6935 -0.148165 0
      vertex 39.9848 -0.348622 0
      vertex 39.9392 -0.694592 0
    endloop
  endfacet
  facet normal 0 0 -1
    outer loop
      vertex 40 0 0
      vertex 37.7 0 0
      vertex 39.9848 0.348622 0
    endloop
  endfacet
  facet normal 0 0 -1
    outer loop
      vertex 37.6742 -0.295201 0
      vertex 39.9392 -0.694592 0
      vertex 39.8637 -1.03528 0
    endloop
  endfacet
  facet normal 0 0 -1
    outer loop
      vertex 37.6935 0.148165 0
      vertex 39.9848 0.348622 0
      vertex 37.7 0 0
    endloop
  endfacet
  facet normal 0 0 -1
    outer loop
      vertex 37.6421 -0.439992 0
      vertex 39.8637 -1.03528 0
      vertex 39.7588 -1.36808 0
    endloop
  endfacet
  facet normal -0 0 -1
    outer loop
      vertex 39.9848 0.348622 0
      vertex 37.6935 0.148165 0
      vertex 39.9392 0.694592 0
    endloop
  endfacet
  facet normal 0 0 -1
    outer loop
      vertex 37.5975 -0.581433 0
      vertex 39.7588 -1.36808 0
      vertex 39.6252 -1.69047 0
    endloop
  endfacet
  facet normal 0 0 -1
    outer loop
      vertex 37.6742 0.295201 0
      vertex 39.9392 0.694592 0
      vertex 37.6935 0.148165 0
    endloop
  endfacet
  facet normal 0 0 -1
    outer loop
      vertex 37.5407 -0.718451 0
      vertex 39.6252 -1.69047 0
      vertex 39.4641 -2 0
    endloop
  endfacet
  facet normal -0 0 -1
    outer loop
      vertex 39.9392 0.694592 0
      vertex 37.6742 0.295201 0
      vertex 39.8637 1.03528 0
    endloop
  endfacet
  facet normal 0 0 -1
    outer loop
      vertex 37.4722 -0.849999 0
      vertex 39.4641 -2 0
      vertex 39.2766 -2.2943 0
    endloop
  endfacet
  facet normal 0 0 -1
    outer loop
      vertex 37.6421 0.439992 0
      vertex 39.8637 1.03528 0
      vertex 37.6742 0.295201 0
    endloop
  endfacet
  facet normal 0 0 -1
    outer loop
      vertex 37.3926 -0.97508 0
      vertex 39.2766 -2.2943 0
      vertex 39.0642 -2.57115 0
    endloop
  endfacet
  facet normal -0 0 -1
    outer loop
      vertex 39.8637 1.03528 0
      vertex 37.6421 0.439992 0
      vertex 39.7588 1.36808 0
    endloop
  endfacet
  facet normal 0 0 -1
    outer loop
      vertex 37.3023 -1.09274 0
      vertex 39.0642 -2.57115 0
      vertex 38.8284 -2.82843 0
    endloop
  endfacet
  facet normal 0 0 -1
    outer loop
      vertex 37.5975 0.581433 0
      vertex 39.7588 1.36808 0
      vertex 37.6421 0.439992 0
    endloop
  endfacet
  facet normal 0 0 -1
    outer loop
      vertex 37.2021 -1.20208 0
      vertex 38.8284 -2.82843 0
      vertex 38.5712 -3.06418 0
    endloop
  endfacet
  facet normal -0 0 -1
    outer loop
      vertex 39.7588 1.36808 0
      vertex 37.5975 0.581433 0
      vertex 39.6252 1.69047 0
    endloop
  endfacet
  facet normal 0 0 -1
    outer loop
      vertex 37.0927 -1.30227 0
      vertex 38.5712 -3.06418 0
      vertex 38.2943 -3.27661 0
    endloop
  endfacet
  facet normal 0 0 -1
    outer loop
      vertex 37.5407 0.718451 0
      vertex 39.6252 1.69047 0
      vertex 37.5975 0.581433 0
    endloop
  endfacet
  facet normal 0 0 -1
    outer loop
      vertex 36.9751 -1.39256 0
      vertex 38.2943 -3.27661 0
      vertex 38 -3.4641 0
    endloop
  endfacet
  facet normal -0 0 -1
    outer loop
      vertex 39.6252 1.69047 0
      vertex 37.5407 0.718451 0
      vertex 39.4641 2 0
    endloop
  endfacet
  facet normal 0 0 -1
    outer loop
      vertex 37.4722 0.849999 0
      vertex 39.4641 2 0
      vertex 37.5407 0.718451 0
    endloop
  endfacet
  facet normal 0 0 -1
    outer loop
      vertex 39.9848 -0.348622 0
      vertex 37.6935 -0.148165 0
      vertex 37.7 0 0
    endloop
  endfacet
  facet normal 0 0 -1
    outer loop
      vertex 36.85 -1.47224 0
      vertex 38 -3.4641 0
      vertex 37.6905 -3.62523 0
    endloop
  endfacet
  facet normal 0 0 -1
    outer loop
      vertex 39.9392 -0.694592 0
      vertex 37.6742 -0.295201 0
      vertex 37.6935 -0.148165 0
    endloop
  endfacet
  facet normal 0 0 -1
    outer loop
      vertex 39.8637 -1.03528 0
      vertex 37.6421 -0.439992 0
      vertex 37.6742 -0.295201 0
    endloop
  endfacet
  facet normal 0 0 -1
    outer loop
      vertex 39.7588 -1.36808 0
      vertex 37.5975 -0.581433 0
      vertex 37.6421 -0.439992 0
    endloop
  endfacet
  facet normal 0 0 -1
    outer loop
      vertex 39.6252 -1.69047 0
      vertex 37.5407 -0.718451 0
      vertex 37.5975 -0.581433 0
    endloop
  endfacet
  facet normal 0 0 -1
    outer loop
      vertex 39.4641 -2 0
      vertex 37.4722 -0.849999 0
      vertex 37.5407 -0.718451 0
    endloop
  endfacet
  facet normal 0 0 -1
    outer loop
      vertex 39.2766 -2.2943 0
      vertex 37.3926 -0.97508 0
      vertex 37.4722 -0.849999 0
    endloop
  endfacet
  facet normal 0 0 -1
    outer loop
      vertex 36.7185 -1.54072 0
      vertex 37.6905 -3.62523 0
      vertex 37.3681 -3.75877 0
    endloop
  endfacet
  facet normal 0 0 -1
    outer loop
      vertex 39.0642 -2.57115 0
      vertex 37.3023 -1.09274 0
      vertex 37.3926 -0.97508 0
    endloop
  endfacet
  facet normal 0 0 -1
    outer loop
      vertex 38.8284 -2.82843 0
      vertex 37.2021 -1.20208 0
      vertex 37.3023 -1.09274 0
    endloop
  endfacet
  facet normal 0 0 -1
    outer loop
      vertex 38.5712 -3.06418 0
      vertex 37.0927 -1.30227 0
      vertex 37.2021 -1.20208 0
    endloop
  endfacet
  facet normal 0 0 -1
    outer loop
      vertex 36.5814 -1.59748 0
      vertex 37.3681 -3.75877 0
      vertex 37.0353 -3.8637 0
    endloop
  endfacet
  facet normal 0 0 -1
    outer loop
      vertex 38.2943 -3.27661 0
      vertex 36.9751 -1.39256 0
      vertex 37.0927 -1.30227 0
    endloop
  endfacet
  facet normal 0 0 -1
    outer loop
      vertex 38 -3.4641 0
      vertex 36.85 -1.47224 0
      vertex 36.9751 -1.39256 0
    endloop
  endfacet
  facet normal 0 0 -1
    outer loop
      vertex 37.6905 -3.62523 0
      vertex 36.7185 -1.54072 0
      vertex 36.85 -1.47224 0
    endloop
  endfacet
  facet normal 0 0 -1
    outer loop
      vertex 36.44 -1.64207 0
      vertex 37.0353 -3.8637 0
      vertex 36.6946 -3.93923 0
    endloop
  endfacet
  facet normal 0 0 -1
    outer loop
      vertex 37.3681 -3.75877 0
      vertex 36.5814 -1.59748 0
      vertex 36.7185 -1.54072 0
    endloop
  endfacet
  facet normal 0 0 -1
    outer loop
      vertex 37.0353 -3.8637 0
      vertex 36.44 -1.64207 0
      vertex 36.5814 -1.59748 0
    endloop
  endfacet
  facet normal 0 0 -1
    outer loop
      vertex 36.2952 -1.67417 0
      vertex 36.6946 -3.93923 0
      vertex 36.3486 -3.98478 0
    endloop
  endfacet
  facet normal 0 0 -1
    outer loop
      vertex 36.6946 -3.93923 0
      vertex 36.2952 -1.67417 0
      vertex 36.44 -1.64207 0
    endloop
  endfacet
  facet normal 0 0 -1
    outer loop
      vertex 36.3486 -3.98478 0
      vertex 36.1482 -1.69353 0
      vertex 36.2952 -1.67417 0
    endloop
  endfacet
  facet normal 0 0 -1
    outer loop
      vertex 36 -4 0
      vertex 36.1482 -1.69353 0
      vertex 36.3486 -3.98478 0
    endloop
  endfacet
  facet normal 0 0 -1
    outer loop
      vertex 36 -4 0
      vertex 36 -1.7 0
      vertex 36.1482 -1.69353 0
    endloop
  endfacet
  facet normal 0 0 -1
    outer loop
      vertex 36 -4 0
      vertex 35.8518 -1.69353 0
      vertex 36 -1.7 0
    endloop
  endfacet
  facet normal 0 0 -1
    outer loop
      vertex 35.6514 -3.98478 0
      vertex 35.8518 -1.69353 0
      vertex 36 -4 0
    endloop
  endfacet
  facet normal -0 0 -1
    outer loop
      vertex 35.8518 -1.69353 0
      vertex 35.6514 -3.98478 0
      vertex 35.7048 -1.67417 0
    endloop
  endfacet
  facet normal 0 0 -1
    outer loop
      vertex 35.3054 -3.93923 0
      vertex 35.7048 -1.67417 0
      vertex 35.6514 -3.98478 0
    endloop
  endfacet
  facet normal -0 0 -1
    outer loop
      vertex 35.7048 -1.67417 0
      vertex 35.3054 -3.93923 0
      vertex 35.56 -1.64207 0
    endloop
  endfacet
  facet normal 0 0 -1
    outer loop
      vertex 34.9647 -3.8637 0
      vertex 35.56 -1.64207 0
      vertex 35.3054 -3.93923 0
    endloop
  endfacet
  facet normal -0 0 -1
    outer loop
      vertex 35.56 -1.64207 0
      vertex 34.9647 -3.8637 0
      vertex 35.4186 -1.59748 0
    endloop
  endfacet
  facet normal 0 0 -1
    outer loop
      vertex 34.6319 -3.75877 0
      vertex 35.4186 -1.59748 0
      vertex 34.9647 -3.8637 0
    endloop
  endfacet
  facet normal -0 0 -1
    outer loop
      vertex 35.4186 -1.59748 0
      vertex 34.6319 -3.75877 0
      vertex 35.2815 -1.54072 0
    endloop
  endfacet
  facet normal 0 0 -1
    outer loop
      vertex 34.3095 -3.62523 0
      vertex 35.2815 -1.54072 0
      vertex 34.6319 -3.75877 0
    endloop
  endfacet
  facet normal -0 0 -1
    outer loop
      vertex 35.2815 -1.54072 0
      vertex 34.3095 -3.62523 0
      vertex 35.15 -1.47224 0
    endloop
  endfacet
  facet normal 0 0 -1
    outer loop
      vertex 34 -3.4641 0
      vertex 35.15 -1.47224 0
      vertex 34.3095 -3.62523 0
    endloop
  endfacet
  facet normal -0 0 -1
    outer loop
      vertex 35.15 -1.47224 0
      vertex 34 -3.4641 0
      vertex 35.0249 -1.39256 0
    endloop
  endfacet
  facet normal 0 0 -1
    outer loop
      vertex 33.7057 -3.27661 0
      vertex 35.0249 -1.39256 0
      vertex 34 -3.4641 0
    endloop
  endfacet
  facet normal -0 0 -1
    outer loop
      vertex 35.0249 -1.39256 0
      vertex 33.7057 -3.27661 0
      vertex 34.9073 -1.30227 0
    endloop
  endfacet
  facet normal 0 0 -1
    outer loop
      vertex 33.4288 -3.06418 0
      vertex 34.9073 -1.30227 0
      vertex 33.7057 -3.27661 0
    endloop
  endfacet
  facet normal -0 0 -1
    outer loop
      vertex 34.9073 -1.30227 0
      vertex 33.4288 -3.06418 0
      vertex 34.7979 -1.20208 0
    endloop
  endfacet
  facet normal 0 0 -1
    outer loop
      vertex 33.1716 -2.82843 0
      vertex 34.7979 -1.20208 0
      vertex 33.4288 -3.06418 0
    endloop
  endfacet
  facet normal -0 0 -1
    outer loop
      vertex 34.7979 -1.20208 0
      vertex 33.1716 -2.82843 0
      vertex 34.6977 -1.09274 0
    endloop
  endfacet
  facet normal 0 0 -1
    outer loop
      vertex 32.9358 -2.57115 0
      vertex 34.6977 -1.09274 0
      vertex 33.1716 -2.82843 0
    endloop
  endfacet
  facet normal -0 0 -1
    outer loop
      vertex 34.6977 -1.09274 0
      vertex 32.9358 -2.57115 0
      vertex 34.6074 -0.97508 0
    endloop
  endfacet
  facet normal 0 0 -1
    outer loop
      vertex 32.7234 -2.2943 0
      vertex 34.6074 -0.97508 0
      vertex 32.9358 -2.57115 0
    endloop
  endfacet
  facet normal -0 0 -1
    outer loop
      vertex 34.6074 -0.97508 0
      vertex 32.7234 -2.2943 0
      vertex 34.5278 -0.849999 0
    endloop
  endfacet
  facet normal 0 0 -1
    outer loop
      vertex 32.5359 -2 0
      vertex 34.5278 -0.849999 0
      vertex 32.7234 -2.2943 0
    endloop
  endfacet
  facet normal -0 0 -1
    outer loop
      vertex 39.4641 2 0
      vertex 37.4722 0.849999 0
      vertex 39.2766 2.2943 0
    endloop
  endfacet
  facet normal 0 0 -1
    outer loop
      vertex 37.3926 0.97508 0
      vertex 39.2766 2.2943 0
      vertex 37.4722 0.849999 0
    endloop
  endfacet
  facet normal -0 0 -1
    outer loop
      vertex 39.2766 2.2943 0
      vertex 37.3926 0.97508 0
      vertex 39.0642 2.57115 0
    endloop
  endfacet
  facet normal 0 0 -1
    outer loop
      vertex 37.3023 1.09274 0
      vertex 39.0642 2.57115 0
      vertex 37.3926 0.97508 0
    endloop
  endfacet
  facet normal -0 0 -1
    outer loop
      vertex 39.0642 2.57115 0
      vertex 37.3023 1.09274 0
      vertex 38.8284 2.82843 0
    endloop
  endfacet
  facet normal 0 0 -1
    outer loop
      vertex 37.2021 1.20208 0
      vertex 38.8284 2.82843 0
      vertex 37.3023 1.09274 0
    endloop
  endfacet
  facet normal -0 0 -1
    outer loop
      vertex 38.8284 2.82843 0
      vertex 37.2021 1.20208 0
      vertex 38.5712 3.06418 0
    endloop
  endfacet
  facet normal 0 0 -1
    outer loop
      vertex 37.0927 1.30227 0
      vertex 38.5712 3.06418 0
      vertex 37.2021 1.20208 0
    endloop
  endfacet
  facet normal -0 0 -1
    outer loop
      vertex 38.5712 3.06418 0
      vertex 37.0927 1.30227 0
      vertex 38.2943 3.27661 0
    endloop
  endfacet
  facet normal 0 0 -1
    outer loop
      vertex 36.9751 1.39256 0
      vertex 38.2943 3.27661 0
      vertex 37.0927 1.30227 0
    endloop
  endfacet
  facet normal -0 0 -1
    outer loop
      vertex 38.2943 3.27661 0
      vertex 36.9751 1.39256 0
      vertex 38 3.4641 0
    endloop
  endfacet
  facet normal 0 0 -1
    outer loop
      vertex 36.85 1.47224 0
      vertex 38 3.4641 0
      vertex 36.9751 1.39256 0
    endloop
  endfacet
  facet normal -0 0 -1
    outer loop
      vertex 38 3.4641 0
      vertex 36.85 1.47224 0
      vertex 37.6905 3.62523 0
    endloop
  endfacet
  facet normal 0 0 -1
    outer loop
      vertex 36.7185 1.54072 0
      vertex 37.6905 3.62523 0
      vertex 36.85 1.47224 0
    endloop
  endfacet
  facet normal -0 0 -1
    outer loop
      vertex 37.6905 3.62523 0
      vertex 36.7185 1.54072 0
      vertex 37.3681 3.75877 0
    endloop
  endfacet
  facet normal 0 0 -1
    outer loop
      vertex 36.5814 1.59748 0
      vertex 37.3681 3.75877 0
      vertex 36.7185 1.54072 0
    endloop
  endfacet
  facet normal -0 0 -1
    outer loop
      vertex 37.3681 3.75877 0
      vertex 36.5814 1.59748 0
      vertex 37.0353 3.8637 0
    endloop
  endfacet
  facet normal 0 0 -1
    outer loop
      vertex 36.44 1.64207 0
      vertex 37.0353 3.8637 0
      vertex 36.5814 1.59748 0
    endloop
  endfacet
  facet normal -0 0 -1
    outer loop
      vertex 37.0353 3.8637 0
      vertex 36.44 1.64207 0
      vertex 36.6946 3.93923 0
    endloop
  endfacet
  facet normal 0 0 -1
    outer loop
      vertex 36.2952 1.67417 0
      vertex 36.6946 3.93923 0
      vertex 36.44 1.64207 0
    endloop
  endfacet
  facet normal -0 0 -1
    outer loop
      vertex 36.6946 3.93923 0
      vertex 36.2952 1.67417 0
      vertex 36.3486 3.98478 0
    endloop
  endfacet
  facet normal 0 0 -1
    outer loop
      vertex 36.1482 1.69353 0
      vertex 36.3486 3.98478 0
      vertex 36.2952 1.67417 0
    endloop
  endfacet
  facet normal 0 0 -1
    outer loop
      vertex 36 1.7 0
      vertex 36.3486 3.98478 0
      vertex 36.1482 1.69353 0
    endloop
  endfacet
  facet normal 0 0 -1
    outer loop
      vertex 36 1.7 0
      vertex 36 4 0
      vertex 36.3486 3.98478 0
    endloop
  endfacet
  facet normal 0 0 -1
    outer loop
      vertex 35.8518 1.69353 0
      vertex 36 4 0
      vertex 36 1.7 0
    endloop
  endfacet
  facet normal 0 0 -1
    outer loop
      vertex 35.6514 3.98478 0
      vertex 35.8518 1.69353 0
      vertex 35.7048 1.67417 0
    endloop
  endfacet
  facet normal 0 0 -1
    outer loop
      vertex 35.8518 1.69353 0
      vertex 35.6514 3.98478 0
      vertex 36 4 0
    endloop
  endfacet
  facet normal 0 0 -1
    outer loop
      vertex 35.3054 3.93923 0
      vertex 35.7048 1.67417 0
      vertex 35.56 1.64207 0
    endloop
  endfacet
  facet normal 0 0 -1
    outer loop
      vertex 34.9647 3.8637 0
      vertex 35.56 1.64207 0
      vertex 35.4186 1.59748 0
    endloop
  endfacet
  facet normal 0 0 -1
    outer loop
      vertex 35.7048 1.67417 0
      vertex 35.3054 3.93923 0
      vertex 35.6514 3.98478 0
    endloop
  endfacet
  facet normal 0 0 -1
    outer loop
      vertex 34.6319 3.75877 0
      vertex 35.4186 1.59748 0
      vertex 35.2815 1.54072 0
    endloop
  endfacet
  facet normal 0 0 -1
    outer loop
      vertex 34.3095 3.62523 0
      vertex 35.2815 1.54072 0
      vertex 35.15 1.47224 0
    endloop
  endfacet
  facet normal 0 0 -1
    outer loop
      vertex 34 3.4641 0
      vertex 35.15 1.47224 0
      vertex 35.0249 1.39256 0
    endloop
  endfacet
  facet normal 0 0 -1
    outer loop
      vertex 35.56 1.64207 0
      vertex 34.9647 3.8637 0
      vertex 35.3054 3.93923 0
    endloop
  endfacet
  facet normal 0 0 -1
    outer loop
      vertex 33.7057 3.27661 0
      vertex 35.0249 1.39256 0
      vertex 34.9073 1.30227 0
    endloop
  endfacet
  facet normal 0 0 -1
    outer loop
      vertex 33.4288 3.06418 0
      vertex 34.9073 1.30227 0
      vertex 34.7979 1.20208 0
    endloop
  endfacet
  facet normal 0 0 -1
    outer loop
      vertex 33.1716 2.82843 0
      vertex 34.7979 1.20208 0
      vertex 34.6977 1.09274 0
    endloop
  endfacet
  facet normal 0 0 -1
    outer loop
      vertex 35.4186 1.59748 0
      vertex 34.6319 3.75877 0
      vertex 34.9647 3.8637 0
    endloop
  endfacet
  facet normal 0 0 -1
    outer loop
      vertex 32.9358 2.57115 0
      vertex 34.6977 1.09274 0
      vertex 34.6074 0.97508 0
    endloop
  endfacet
  facet normal 0 0 -1
    outer loop
      vertex 32.7234 2.2943 0
      vertex 34.6074 0.97508 0
      vertex 34.5278 0.849999 0
    endloop
  endfacet
  facet normal 0 0 -1
    outer loop
      vertex 32.5359 2 0
      vertex 34.5278 0.849999 0
      vertex 34.4593 0.718451 0
    endloop
  endfacet
  facet normal 0 0 -1
    outer loop
      vertex 32.3748 1.69047 0
      vertex 34.4593 0.718451 0
      vertex 34.4025 0.581433 0
    endloop
  endfacet
  facet normal 0 0 -1
    outer loop
      vertex 32.2412 1.36808 0
      vertex 34.4025 0.581433 0
      vertex 34.3579 0.439992 0
    endloop
  endfacet
  facet normal 0 0 -1
    outer loop
      vertex 32.1363 1.03528 0
      vertex 34.3579 0.439992 0
      vertex 34.3258 0.295201 0
    endloop
  endfacet
  facet normal 0 0 -1
    outer loop
      vertex 35.2815 1.54072 0
      vertex 34.3095 3.62523 0
      vertex 34.6319 3.75877 0
    endloop
  endfacet
  facet normal 0 0 -1
    outer loop
      vertex 32.0608 0.694592 0
      vertex 34.3258 0.295201 0
      vertex 34.3065 0.148165 0
    endloop
  endfacet
  facet normal 0 0 -1
    outer loop
      vertex 32.0152 0.348622 0
      vertex 34.3065 0.148165 0
      vertex 34.3 0 0
    endloop
  endfacet
  facet normal -0 0 -1
    outer loop
      vertex 34.5278 -0.849999 0
      vertex 32.5359 -2 0
      vertex 34.4593 -0.718451 0
    endloop
  endfacet
  facet normal 0 0 -1
    outer loop
      vertex 35.15 1.47224 0
      vertex 34 3.4641 0
      vertex 34.3095 3.62523 0
    endloop
  endfacet
  facet normal 0 0 -1
    outer loop
      vertex 32.3748 -1.69047 0
      vertex 34.4593 -0.718451 0
      vertex 32.5359 -2 0
    endloop
  endfacet
  facet normal 0 0 -1
    outer loop
      vertex 35.0249 1.39256 0
      vertex 33.7057 3.27661 0
      vertex 34 3.4641 0
    endloop
  endfacet
  facet normal -0 0 -1
    outer loop
      vertex 34.4593 -0.718451 0
      vertex 32.3748 -1.69047 0
      vertex 34.4025 -0.581433 0
    endloop
  endfacet
  facet normal 0 0 -1
    outer loop
      vertex 34.9073 1.30227 0
      vertex 33.4288 3.06418 0
      vertex 33.7057 3.27661 0
    endloop
  endfacet
  facet normal 0 0 -1
    outer loop
      vertex 32.2412 -1.36808 0
      vertex 34.4025 -0.581433 0
      vertex 32.3748 -1.69047 0
    endloop
  endfacet
  facet normal 0 0 -1
    outer loop
      vertex 34.7979 1.20208 0
      vertex 33.1716 2.82843 0
      vertex 33.4288 3.06418 0
    endloop
  endfacet
  facet normal -0 0 -1
    outer loop
      vertex 34.4025 -0.581433 0
      vertex 32.2412 -1.36808 0
      vertex 34.3579 -0.439992 0
    endloop
  endfacet
  facet normal 0 0 -1
    outer loop
      vertex 34.6977 1.09274 0
      vertex 32.9358 2.57115 0
      vertex 33.1716 2.82843 0
    endloop
  endfacet
  facet normal 0 0 -1
    outer loop
      vertex 32.1363 -1.03528 0
      vertex 34.3579 -0.439992 0
      vertex 32.2412 -1.36808 0
    endloop
  endfacet
  facet normal 0 0 -1
    outer loop
      vertex 34.6074 0.97508 0
      vertex 32.7234 2.2943 0
      vertex 32.9358 2.57115 0
    endloop
  endfacet
  facet normal -0 0 -1
    outer loop
      vertex 34.3579 -0.439992 0
      vertex 32.1363 -1.03528 0
      vertex 34.3258 -0.295201 0
    endloop
  endfacet
  facet normal 0 0 -1
    outer loop
      vertex 34.5278 0.849999 0
      vertex 32.5359 2 0
      vertex 32.7234 2.2943 0
    endloop
  endfacet
  facet normal 0 0 -1
    outer loop
      vertex 32.0608 -0.694592 0
      vertex 34.3258 -0.295201 0
      vertex 32.1363 -1.03528 0
    endloop
  endfacet
  facet normal 0 0 -1
    outer loop
      vertex 34.4593 0.718451 0
      vertex 32.3748 1.69047 0
      vertex 32.5359 2 0
    endloop
  endfacet
  facet normal -0 0 -1
    outer loop
      vertex 34.3258 -0.295201 0
      vertex 32.0608 -0.694592 0
      vertex 34.3065 -0.148165 0
    endloop
  endfacet
  facet normal 0 0 -1
    outer loop
      vertex 34.4025 0.581433 0
      vertex 32.2412 1.36808 0
      vertex 32.3748 1.69047 0
    endloop
  endfacet
  facet normal 0 0 -1
    outer loop
      vertex 32.0152 -0.348622 0
      vertex 34.3065 -0.148165 0
      vertex 32.0608 -0.694592 0
    endloop
  endfacet
  facet normal 0 0 -1
    outer loop
      vertex 34.3579 0.439992 0
      vertex 32.1363 1.03528 0
      vertex 32.2412 1.36808 0
    endloop
  endfacet
  facet normal -0 0 -1
    outer loop
      vertex 34.3065 -0.148165 0
      vertex 32.0152 -0.348622 0
      vertex 34.3 0 0
    endloop
  endfacet
  facet normal 0 0 -1
    outer loop
      vertex 34.3258 0.295201 0
      vertex 32.0608 0.694592 0
      vertex 32.1363 1.03528 0
    endloop
  endfacet
  facet normal 0 0 -1
    outer loop
      vertex 32 0 0
      vertex 34.3 0 0
      vertex 32.0152 -0.348622 0
    endloop
  endfacet
  facet normal 0 0 -1
    outer loop
      vertex 34.3065 0.148165 0
      vertex 32.0152 0.348622 0
      vertex 32.0608 0.694592 0
    endloop
  endfacet
  facet normal 0 0 -1
    outer loop
      vertex 34.3 0 0
      vertex 32 0 0
      vertex 32.0152 0.348622 0
    endloop
  endfacet
  facet normal 0.737211 0.675662 0
    outer loop
      vertex 39.0642 2.57115 3
      vertex 38.8284 2.82843 0
      vertex 38.8284 2.82843 3
    endloop
  endfacet
  facet normal 0.737211 0.675662 0
    outer loop
      vertex 38.8284 2.82843 0
      vertex 39.0642 2.57115 3
      vertex 39.0642 2.57115 0
    endloop
  endfacet
  facet normal 0.793401 0.608699 0
    outer loop
      vertex 39.2766 2.2943 3
      vertex 39.0642 2.57115 0
      vertex 39.0642 2.57115 3
    endloop
  endfacet
  facet normal 0.793401 0.608699 0
    outer loop
      vertex 39.0642 2.57115 0
      vertex 39.2766 2.2943 3
      vertex 39.2766 2.2943 0
    endloop
  endfacet
  facet normal 0.300702 0.953718 -0
    outer loop
      vertex 37.3681 3.75877 0
      vertex 37.0353 3.8637 3
      vertex 37.3681 3.75877 3
    endloop
  endfacet
  facet normal 0.300702 0.953718 0
    outer loop
      vertex 37.0353 3.8637 3
      vertex 37.3681 3.75877 0
      vertex 37.0353 3.8637 0
    endloop
  endfacet
  facet normal -0.737211 0.675662 0
    outer loop
      vertex 32.9358 2.57115 0
      vertex 33.1716 2.82843 3
      vertex 33.1716 2.82843 0
    endloop
  endfacet
  facet normal -0.737211 0.675662 0
    outer loop
      vertex 33.1716 2.82843 3
      vertex 32.9358 2.57115 0
      vertex 32.9358 2.57115 3
    endloop
  endfacet
  facet normal -0.976313 0.216361 0
    outer loop
      vertex 32.0608 0.694592 0
      vertex 32.1363 1.03528 3
      vertex 32.1363 1.03528 0
    endloop
  endfacet
  facet normal -0.976313 0.216361 0
    outer loop
      vertex 32.1363 1.03528 3
      vertex 32.0608 0.694592 0
      vertex 32.0608 0.694592 3
    endloop
  endfacet
  facet normal -0.608684 0.793413 0
    outer loop
      vertex 33.7057 3.27661 0
      vertex 33.4288 3.06418 3
      vertex 33.7057 3.27661 3
    endloop
  endfacet
  facet normal -0.608684 0.793413 0
    outer loop
      vertex 33.4288 3.06418 3
      vertex 33.7057 3.27661 0
      vertex 33.4288 3.06418 0
    endloop
  endfacet
  facet normal -0.461781 0.886994 0
    outer loop
      vertex 34.3095 3.62523 0
      vertex 34 3.4641 3
      vertex 34.3095 3.62523 3
    endloop
  endfacet
  facet normal -0.461781 0.886994 0
    outer loop
      vertex 34 3.4641 3
      vertex 34.3095 3.62523 0
      vertex 34 3.4641 0
    endloop
  endfacet
  facet normal 0.130521 -0.991446 0
    outer loop
      vertex 36.3486 -3.98478 0
      vertex 36.6946 -3.93923 3
      vertex 36.3486 -3.98478 3
    endloop
  endfacet
  facet normal 0.130521 -0.991446 0
    outer loop
      vertex 36.6946 -3.93923 3
      vertex 36.3486 -3.98478 0
      vertex 36.6946 -3.93923 0
    endloop
  endfacet
  facet normal 0.382677 -0.923882 0
    outer loop
      vertex 37.3681 -3.75877 0
      vertex 37.6905 -3.62523 3
      vertex 37.3681 -3.75877 3
    endloop
  endfacet
  facet normal 0.382677 -0.923882 0
    outer loop
      vertex 37.6905 -3.62523 3
      vertex 37.3681 -3.75877 0
      vertex 37.6905 -3.62523 0
    endloop
  endfacet
  facet normal 0.300702 -0.953718 0
    outer loop
      vertex 37.0353 -3.8637 0
      vertex 37.3681 -3.75877 3
      vertex 37.0353 -3.8637 3
    endloop
  endfacet
  facet normal 0.300702 -0.953718 0
    outer loop
      vertex 37.3681 -3.75877 3
      vertex 37.0353 -3.8637 0
      vertex 37.3681 -3.75877 0
    endloop
  endfacet
  facet normal 0.923817 -0.382834 0
    outer loop
      vertex 39.6252 -1.69047 3
      vertex 39.7588 -1.36808 0
      vertex 39.7588 -1.36808 3
    endloop
  endfacet
  facet normal 0.923817 -0.382834 0
    outer loop
      vertex 39.7588 -1.36808 0
      vertex 39.6252 -1.69047 3
      vertex 39.6252 -1.69047 0
    endloop
  endfacet
  facet normal 0.976313 -0.216361 0
    outer loop
      vertex 39.8637 -1.03528 3
      vertex 39.9392 -0.694592 0
      vertex 39.9392 -0.694592 3
    endloop
  endfacet
  facet normal 0.976313 -0.216361 0
    outer loop
      vertex 39.9392 -0.694592 0
      vertex 39.8637 -1.03528 3
      vertex 39.8637 -1.03528 0
    endloop
  endfacet
  facet normal 0.991425 -0.130673 0
    outer loop
      vertex 39.9392 -0.694592 3
      vertex 39.9848 -0.348622 0
      vertex 39.9848 -0.348622 3
    endloop
  endfacet
  facet normal 0.991425 -0.130673 0
    outer loop
      vertex 39.9848 -0.348622 0
      vertex 39.9392 -0.694592 3
      vertex 39.9392 -0.694592 0
    endloop
  endfacet
  facet normal -0.461781 -0.886994 0
    outer loop
      vertex 34 -3.4641 0
      vertex 34.3095 -3.62523 3
      vertex 34 -3.4641 3
    endloop
  endfacet
  facet normal -0.461781 -0.886994 -0
    outer loop
      vertex 34.3095 -3.62523 3
      vertex 34 -3.4641 0
      vertex 34.3095 -3.62523 0
    endloop
  endfacet
  facet normal -0.0436188 -0.999048 0
    outer loop
      vertex 35.6514 -3.98478 0
      vertex 36 -4 3
      vertex 35.6514 -3.98478 3
    endloop
  endfacet
  facet normal -0.0436188 -0.999048 -0
    outer loop
      vertex 36 -4 3
      vertex 35.6514 -3.98478 0
      vertex 36 -4 0
    endloop
  endfacet
  facet normal -0.976313 -0.216361 0
    outer loop
      vertex 32.1363 -1.03528 0
      vertex 32.0608 -0.694592 3
      vertex 32.0608 -0.694592 0
    endloop
  endfacet
  facet normal -0.976313 -0.216361 0
    outer loop
      vertex 32.0608 -0.694592 3
      vertex 32.1363 -1.03528 0
      vertex 32.1363 -1.03528 3
    endloop
  endfacet
  facet normal -0.991425 -0.130673 0
    outer loop
      vertex 32.0608 -0.694592 0
      vertex 32.0152 -0.348622 3
      vertex 32.0152 -0.348622 0
    endloop
  endfacet
  facet normal -0.991425 -0.130673 0
    outer loop
      vertex 32.0152 -0.348622 3
      vertex 32.0608 -0.694592 0
      vertex 32.0608 -0.694592 3
    endloop
  endfacet
  facet normal 0.843378 0.53732 0
    outer loop
      vertex 39.4641 2 3
      vertex 39.2766 2.2943 0
      vertex 39.2766 2.2943 3
    endloop
  endfacet
  facet normal 0.843378 0.53732 0
    outer loop
      vertex 39.2766 2.2943 0
      vertex 39.4641 2 3
      vertex 39.4641 2 0
    endloop
  endfacet
  facet normal -0.216436 0.976297 0
    outer loop
      vertex 35.3054 3.93923 0
      vertex 34.9647 3.8637 3
      vertex 35.3054 3.93923 3
    endloop
  endfacet
  facet normal -0.216436 0.976297 0
    outer loop
      vertex 34.9647 3.8637 3
      vertex 35.3054 3.93923 0
      vertex 34.9647 3.8637 0
    endloop
  endfacet
  facet normal 0.608684 -0.793413 0
    outer loop
      vertex 38.2943 -3.27661 0
      vertex 38.5712 -3.06418 3
      vertex 38.2943 -3.27661 3
    endloop
  endfacet
  facet normal 0.608684 -0.793413 0
    outer loop
      vertex 38.5712 -3.06418 3
      vertex 38.2943 -3.27661 0
      vertex 38.5712 -3.06418 0
    endloop
  endfacet
  facet normal -0.216436 -0.976297 0
    outer loop
      vertex 34.9647 -3.8637 0
      vertex 35.3054 -3.93923 3
      vertex 34.9647 -3.8637 3
    endloop
  endfacet
  facet normal -0.216436 -0.976297 -0
    outer loop
      vertex 35.3054 -3.93923 3
      vertex 34.9647 -3.8637 0
      vertex 35.3054 -3.93923 0
    endloop
  endfacet
  facet normal -0.953743 -0.300624 0
    outer loop
      vertex 32.2412 -1.36808 0
      vertex 32.1363 -1.03528 3
      vertex 32.1363 -1.03528 0
    endloop
  endfacet
  facet normal -0.953743 -0.300624 0
    outer loop
      vertex 32.1363 -1.03528 3
      vertex 32.2412 -1.36808 0
      vertex 32.2412 -1.36808 3
    endloop
  endfacet
  facet normal -0.999039 -0.0438279 0
    outer loop
      vertex 37.7 0 0
      vertex 37.6935 0.148165 3
      vertex 37.6935 0.148165 0
    endloop
  endfacet
  facet normal -0.999039 -0.0438279 0
    outer loop
      vertex 37.6935 0.148165 3
      vertex 37.7 0 0
      vertex 37.7 0 3
    endloop
  endfacet
  facet normal 0.999039 -0.0438279 0
    outer loop
      vertex 34.3 0 3
      vertex 34.3065 0.148165 0
      vertex 34.3065 0.148165 3
    endloop
  endfacet
  facet normal 0.999039 -0.0438279 0
    outer loop
      vertex 34.3065 0.148165 0
      vertex 34.3 0 3
      vertex 34.3 0 0
    endloop
  endfacet
  facet normal -0.0436157 -0.999048 0
    outer loop
      vertex 36 1.7 0
      vertex 36.1482 1.69353 3
      vertex 36 1.7 3
    endloop
  endfacet
  facet normal -0.0436157 -0.999048 -0
    outer loop
      vertex 36.1482 1.69353 3
      vertex 36 1.7 0
      vertex 36.1482 1.69353 0
    endloop
  endfacet
  facet normal -0.737249 -0.675621 0
    outer loop
      vertex 37.3023 1.09274 0
      vertex 37.2021 1.20208 3
      vertex 37.2021 1.20208 0
    endloop
  endfacet
  facet normal -0.737249 -0.675621 0
    outer loop
      vertex 37.2021 1.20208 3
      vertex 37.3023 1.09274 0
      vertex 37.3023 1.09274 3
    endloop
  endfacet
  facet normal 0.675383 -0.737467 0
    outer loop
      vertex 34.7979 1.20208 0
      vertex 34.9073 1.30227 3
      vertex 34.7979 1.20208 3
    endloop
  endfacet
  facet normal 0.675383 -0.737467 0
    outer loop
      vertex 34.9073 1.30227 3
      vertex 34.7979 1.20208 0
      vertex 34.9073 1.30227 0
    endloop
  endfacet
  facet normal 0.382518 -0.923948 0
    outer loop
      vertex 35.2815 1.54072 0
      vertex 35.4186 1.59748 3
      vertex 35.2815 1.54072 3
    endloop
  endfacet
  facet normal 0.382518 -0.923948 0
    outer loop
      vertex 35.4186 1.59748 3
      vertex 35.2815 1.54072 0
      vertex 35.4186 1.59748 0
    endloop
  endfacet
  facet normal -0.923772 -0.382944 0
    outer loop
      vertex 37.5975 0.581433 0
      vertex 37.5407 0.718451 3
      vertex 37.5407 0.718451 0
    endloop
  endfacet
  facet normal -0.923772 -0.382944 0
    outer loop
      vertex 37.5407 0.718451 3
      vertex 37.5975 0.581433 0
      vertex 37.5975 0.581433 3
    endloop
  endfacet
  facet normal -0.461884 -0.886941 0
    outer loop
      vertex 36.7185 1.54072 0
      vertex 36.85 1.47224 3
      vertex 36.7185 1.54072 3
    endloop
  endfacet
  facet normal -0.461884 -0.886941 -0
    outer loop
      vertex 36.85 1.47224 3
      vertex 36.7185 1.54072 0
      vertex 36.85 1.47224 0
    endloop
  endfacet
  facet normal 0.843652 -0.53689 0
    outer loop
      vertex 34.5278 0.849999 3
      vertex 34.6074 0.97508 0
      vertex 34.6074 0.97508 3
    endloop
  endfacet
  facet normal 0.843652 -0.53689 0
    outer loop
      vertex 34.6074 0.97508 0
      vertex 34.5278 0.849999 3
      vertex 34.5278 0.849999 0
    endloop
  endfacet
  facet normal 0.7933 -0.608831 0
    outer loop
      vertex 34.6074 0.97508 3
      vertex 34.6977 1.09274 0
      vertex 34.6977 1.09274 3
    endloop
  endfacet
  facet normal 0.7933 -0.608831 0
    outer loop
      vertex 34.6977 1.09274 0
      vertex 34.6074 0.97508 3
      vertex 34.6074 0.97508 0
    endloop
  endfacet
  facet normal 0.216431 -0.976298 0
    outer loop
      vertex 35.56 1.64207 0
      vertex 35.7048 1.67417 3
      vertex 35.56 1.64207 3
    endloop
  endfacet
  facet normal 0.216431 -0.976298 0
    outer loop
      vertex 35.7048 1.67417 3
      vertex 35.56 1.64207 0
      vertex 35.7048 1.67417 0
    endloop
  endfacet
  facet normal -0.300747 0.953704 0
    outer loop
      vertex 36.5814 -1.59748 0
      vertex 36.44 -1.64207 3
      vertex 36.5814 -1.59748 3
    endloop
  endfacet
  facet normal -0.300747 0.953704 0
    outer loop
      vertex 36.44 -1.64207 3
      vertex 36.5814 -1.59748 0
      vertex 36.44 -1.64207 0
    endloop
  endfacet
  facet normal -0.737249 0.675621 0
    outer loop
      vertex 37.2021 -1.20208 0
      vertex 37.3023 -1.09274 3
      vertex 37.3023 -1.09274 0
    endloop
  endfacet
  facet normal -0.737249 0.675621 0
    outer loop
      vertex 37.3023 -1.09274 3
      vertex 37.2021 -1.20208 0
      vertex 37.2021 -1.20208 3
    endloop
  endfacet
  facet normal 0.382518 0.923948 -0
    outer loop
      vertex 35.4186 -1.59748 0
      vertex 35.2815 -1.54072 3
      vertex 35.4186 -1.59748 3
    endloop
  endfacet
  facet normal 0.382518 0.923948 0
    outer loop
      vertex 35.2815 -1.54072 3
      vertex 35.4186 -1.59748 0
      vertex 35.2815 -1.54072 0
    endloop
  endfacet
  facet normal 0.737249 0.675621 0
    outer loop
      vertex 34.7979 -1.20208 3
      vertex 34.6977 -1.09274 0
      vertex 34.6977 -1.09274 3
    endloop
  endfacet
  facet normal 0.737249 0.675621 0
    outer loop
      vertex 34.6977 -1.09274 0
      vertex 34.7979 -1.20208 3
      vertex 34.7979 -1.20208 0
    endloop
  endfacet
  facet normal 0.7933 0.608831 0
    outer loop
      vertex 34.6977 -1.09274 3
      vertex 34.6074 -0.97508 0
      vertex 34.6074 -0.97508 3
    endloop
  endfacet
  facet normal 0.7933 0.608831 0
    outer loop
      vertex 34.6074 -0.97508 0
      vertex 34.6977 -1.09274 3
      vertex 34.6977 -1.09274 0
    endloop
  endfacet
  facet normal 0.923772 0.382944 0
    outer loop
      vertex 34.4593 -0.718451 3
      vertex 34.4025 -0.581433 0
      vertex 34.4025 -0.581433 3
    endloop
  endfacet
  facet normal 0.923772 0.382944 0
    outer loop
      vertex 34.4025 -0.581433 0
      vertex 34.4593 -0.718451 3
      vertex 34.4593 -0.718451 0
    endloop
  endfacet
  facet normal -0.976295 -0.216444 0
    outer loop
      vertex 37.6742 0.295201 0
      vertex 37.6421 0.439992 3
      vertex 37.6421 0.439992 0
    endloop
  endfacet
  facet normal -0.976295 -0.216444 0
    outer loop
      vertex 37.6421 0.439992 3
      vertex 37.6742 0.295201 0
      vertex 37.6742 0.295201 3
    endloop
  endfacet
  facet normal -0.991495 -0.130144 0
    outer loop
      vertex 37.6935 0.148165 0
      vertex 37.6742 0.295201 3
      vertex 37.6742 0.295201 0
    endloop
  endfacet
  facet normal -0.991495 -0.130144 0
    outer loop
      vertex 37.6742 0.295201 3
      vertex 37.6935 0.148165 0
      vertex 37.6935 0.148165 3
    endloop
  endfacet
  facet normal -0.95371 -0.300729 0
    outer loop
      vertex 37.6421 0.439992 0
      vertex 37.5975 0.581433 3
      vertex 37.5975 0.581433 0
    endloop
  endfacet
  facet normal -0.95371 -0.300729 0
    outer loop
      vertex 37.5975 0.581433 3
      vertex 37.6421 0.439992 0
      vertex 37.6421 0.439992 3
    endloop
  endfacet
  facet normal -0.843652 -0.53689 0
    outer loop
      vertex 37.4722 0.849999 0
      vertex 37.3926 0.97508 3
      vertex 37.3926 0.97508 0
    endloop
  endfacet
  facet normal -0.843652 -0.53689 0
    outer loop
      vertex 37.3926 0.97508 3
      vertex 37.4722 0.849999 0
      vertex 37.4722 0.849999 3
    endloop
  endfacet
  facet normal -0.886954 -0.461857 0
    outer loop
      vertex 37.5407 0.718451 0
      vertex 37.4722 0.849999 3
      vertex 37.4722 0.849999 0
    endloop
  endfacet
  facet normal -0.886954 -0.461857 0
    outer loop
      vertex 37.4722 0.849999 3
      vertex 37.5407 0.718451 0
      vertex 37.5407 0.718451 3
    endloop
  endfacet
  facet normal -0.300747 -0.953704 0
    outer loop
      vertex 36.44 1.64207 0
      vertex 36.5814 1.59748 3
      vertex 36.44 1.64207 3
    endloop
  endfacet
  facet normal -0.300747 -0.953704 -0
    outer loop
      vertex 36.5814 1.59748 3
      vertex 36.44 1.64207 0
      vertex 36.5814 1.59748 0
    endloop
  endfacet
  facet normal -0.216431 -0.976298 0
    outer loop
      vertex 36.2952 1.67417 0
      vertex 36.44 1.64207 3
      vertex 36.2952 1.67417 3
    endloop
  endfacet
  facet normal -0.216431 -0.976298 -0
    outer loop
      vertex 36.44 1.64207 3
      vertex 36.2952 1.67417 0
      vertex 36.44 1.64207 0
    endloop
  endfacet
  facet normal -0.608984 -0.793183 0
    outer loop
      vertex 36.9751 1.39256 0
      vertex 37.0927 1.30227 3
      vertex 36.9751 1.39256 3
    endloop
  endfacet
  facet normal -0.608984 -0.793183 -0
    outer loop
      vertex 37.0927 1.30227 3
      vertex 36.9751 1.39256 0
      vertex 37.0927 1.30227 0
    endloop
  endfacet
  facet normal -0.675383 -0.737467 0
    outer loop
      vertex 37.0927 1.30227 0
      vertex 37.2021 1.20208 3
      vertex 37.0927 1.30227 3
    endloop
  endfacet
  facet normal -0.675383 -0.737467 -0
    outer loop
      vertex 37.2021 1.20208 3
      vertex 37.0927 1.30227 0
      vertex 37.2021 1.20208 0
    endloop
  endfacet
  facet normal 0.95371 -0.300729 0
    outer loop
      vertex 34.3579 0.439992 3
      vertex 34.4025 0.581433 0
      vertex 34.4025 0.581433 3
    endloop
  endfacet
  facet normal 0.95371 -0.300729 0
    outer loop
      vertex 34.4025 0.581433 0
      vertex 34.3579 0.439992 3
      vertex 34.3579 0.439992 0
    endloop
  endfacet
  facet normal 0.886954 -0.461857 0
    outer loop
      vertex 34.4593 0.718451 3
      vertex 34.5278 0.849999 0
      vertex 34.5278 0.849999 3
    endloop
  endfacet
  facet normal 0.886954 -0.461857 0
    outer loop
      vertex 34.5278 0.849999 0
      vertex 34.4593 0.718451 3
      vertex 34.4593 0.718451 0
    endloop
  endfacet
  facet normal 0.976295 -0.216444 0
    outer loop
      vertex 34.3258 0.295201 3
      vertex 34.3579 0.439992 0
      vertex 34.3579 0.439992 3
    endloop
  endfacet
  facet normal 0.976295 -0.216444 0
    outer loop
      vertex 34.3579 0.439992 0
      vertex 34.3258 0.295201 3
      vertex 34.3258 0.295201 0
    endloop
  endfacet
  facet normal 0.537216 -0.843445 0
    outer loop
      vertex 35.0249 1.39256 0
      vertex 35.15 1.47224 3
      vertex 35.0249 1.39256 3
    endloop
  endfacet
  facet normal 0.537216 -0.843445 0
    outer loop
      vertex 35.15 1.47224 3
      vertex 35.0249 1.39256 0
      vertex 35.15 1.47224 0
    endloop
  endfacet
  facet normal 0.0436157 -0.999048 0
    outer loop
      vertex 35.8518 1.69353 0
      vertex 36 1.7 3
      vertex 35.8518 1.69353 3
    endloop
  endfacet
  facet normal 0.0436157 -0.999048 0
    outer loop
      vertex 36 1.7 3
      vertex 35.8518 1.69353 0
      vertex 36 1.7 0
    endloop
  endfacet
  facet normal -0.999039 0.0438279 0
    outer loop
      vertex 37.6935 -0.148165 0
      vertex 37.7 0 3
      vertex 37.7 0 0
    endloop
  endfacet
  facet normal -0.999039 0.0438279 0
    outer loop
      vertex 37.7 0 3
      vertex 37.6935 -0.148165 0
      vertex 37.6935 -0.148165 3
    endloop
  endfacet
  facet normal -0.461884 0.886941 0
    outer loop
      vertex 36.85 -1.47224 0
      vertex 36.7185 -1.54072 3
      vertex 36.85 -1.47224 3
    endloop
  endfacet
  facet normal -0.461884 0.886941 0
    outer loop
      vertex 36.7185 -1.54072 3
      vertex 36.85 -1.47224 0
      vertex 36.7185 -1.54072 0
    endloop
  endfacet
  facet normal -0.7933 0.608831 0
    outer loop
      vertex 37.3023 -1.09274 0
      vertex 37.3926 -0.97508 3
      vertex 37.3926 -0.97508 0
    endloop
  endfacet
  facet normal -0.7933 0.608831 0
    outer loop
      vertex 37.3926 -0.97508 3
      vertex 37.3023 -1.09274 0
      vertex 37.3023 -1.09274 3
    endloop
  endfacet
  facet normal 0.608984 0.793183 -0
    outer loop
      vertex 35.0249 -1.39256 0
      vertex 34.9073 -1.30227 3
      vertex 35.0249 -1.39256 3
    endloop
  endfacet
  facet normal 0.608984 0.793183 0
    outer loop
      vertex 34.9073 -1.30227 3
      vertex 35.0249 -1.39256 0
      vertex 34.9073 -1.30227 0
    endloop
  endfacet
  facet normal 0.675383 0.737467 -0
    outer loop
      vertex 34.9073 -1.30227 0
      vertex 34.7979 -1.20208 3
      vertex 34.9073 -1.30227 3
    endloop
  endfacet
  facet normal 0.675383 0.737467 0
    outer loop
      vertex 34.7979 -1.20208 3
      vertex 34.9073 -1.30227 0
      vertex 34.7979 -1.20208 0
    endloop
  endfacet
  facet normal 0.537216 0.843445 -0
    outer loop
      vertex 35.15 -1.47224 0
      vertex 35.0249 -1.39256 3
      vertex 35.15 -1.47224 3
    endloop
  endfacet
  facet normal 0.537216 0.843445 0
    outer loop
      vertex 35.0249 -1.39256 3
      vertex 35.15 -1.47224 0
      vertex 35.0249 -1.39256 0
    endloop
  endfacet
  facet normal 0.216431 0.976298 -0
    outer loop
      vertex 35.7048 -1.67417 0
      vertex 35.56 -1.64207 3
      vertex 35.7048 -1.67417 3
    endloop
  endfacet
  facet normal 0.216431 0.976298 0
    outer loop
      vertex 35.56 -1.64207 3
      vertex 35.7048 -1.67417 0
      vertex 35.56 -1.64207 0
    endloop
  endfacet
  facet normal 0.0436157 0.999048 -0
    outer loop
      vertex 36 -1.7 0
      vertex 35.8518 -1.69353 3
      vertex 36 -1.7 3
    endloop
  endfacet
  facet normal 0.0436157 0.999048 0
    outer loop
      vertex 35.8518 -1.69353 3
      vertex 36 -1.7 0
      vertex 35.8518 -1.69353 0
    endloop
  endfacet
  facet normal 0.886954 0.461857 0
    outer loop
      vertex 34.5278 -0.849999 3
      vertex 34.4593 -0.718451 0
      vertex 34.4593 -0.718451 3
    endloop
  endfacet
  facet normal 0.886954 0.461857 0
    outer loop
      vertex 34.4593 -0.718451 0
      vertex 34.5278 -0.849999 3
      vertex 34.5278 -0.849999 0
    endloop
  endfacet
  facet normal 0.95371 0.300729 0
    outer loop
      vertex 34.4025 -0.581433 3
      vertex 34.3579 -0.439992 0
      vertex 34.3579 -0.439992 3
    endloop
  endfacet
  facet normal 0.95371 0.300729 0
    outer loop
      vertex 34.3579 -0.439992 0
      vertex 34.4025 -0.581433 3
      vertex 34.4025 -0.581433 0
    endloop
  endfacet
  facet normal -0.7933 -0.608831 0
    outer loop
      vertex 37.3926 0.97508 0
      vertex 37.3023 1.09274 3
      vertex 37.3023 1.09274 0
    endloop
  endfacet
  facet normal -0.7933 -0.608831 0
    outer loop
      vertex 37.3023 1.09274 3
      vertex 37.3926 0.97508 0
      vertex 37.3926 0.97508 3
    endloop
  endfacet
  facet normal -0.382518 -0.923948 0
    outer loop
      vertex 36.5814 1.59748 0
      vertex 36.7185 1.54072 3
      vertex 36.5814 1.59748 3
    endloop
  endfacet
  facet normal -0.382518 -0.923948 -0
    outer loop
      vertex 36.7185 1.54072 3
      vertex 36.5814 1.59748 0
      vertex 36.7185 1.54072 0
    endloop
  endfacet
  facet normal -0.130573 -0.991439 0
    outer loop
      vertex 36.1482 1.69353 0
      vertex 36.2952 1.67417 3
      vertex 36.1482 1.69353 3
    endloop
  endfacet
  facet normal -0.130573 -0.991439 -0
    outer loop
      vertex 36.2952 1.67417 3
      vertex 36.1482 1.69353 0
      vertex 36.2952 1.67417 0
    endloop
  endfacet
  facet normal -0.537216 -0.843445 0
    outer loop
      vertex 36.85 1.47224 0
      vertex 36.9751 1.39256 3
      vertex 36.85 1.47224 3
    endloop
  endfacet
  facet normal -0.537216 -0.843445 -0
    outer loop
      vertex 36.9751 1.39256 3
      vertex 36.85 1.47224 0
      vertex 36.9751 1.39256 0
    endloop
  endfacet
  facet normal 0.737249 -0.675621 0
    outer loop
      vertex 34.6977 1.09274 3
      vertex 34.7979 1.20208 0
      vertex 34.7979 1.20208 3
    endloop
  endfacet
  facet normal 0.737249 -0.675621 0
    outer loop
      vertex 34.7979 1.20208 0
      vertex 34.6977 1.09274 3
      vertex 34.6977 1.09274 0
    endloop
  endfacet
  facet normal 0.923772 -0.382944 0
    outer loop
      vertex 34.4025 0.581433 3
      vertex 34.4593 0.718451 0
      vertex 34.4593 0.718451 3
    endloop
  endfacet
  facet normal 0.923772 -0.382944 0
    outer loop
      vertex 34.4593 0.718451 0
      vertex 34.4025 0.581433 3
      vertex 34.4025 0.581433 0
    endloop
  endfacet
  facet normal 0.991495 -0.130144 0
    outer loop
      vertex 34.3065 0.148165 3
      vertex 34.3258 0.295201 0
      vertex 34.3258 0.295201 3
    endloop
  endfacet
  facet normal 0.991495 -0.130144 0
    outer loop
      vertex 34.3258 0.295201 0
      vertex 34.3065 0.148165 3
      vertex 34.3065 0.148165 0
    endloop
  endfacet
  facet normal 0.608984 -0.793183 0
    outer loop
      vertex 34.9073 1.30227 0
      vertex 35.0249 1.39256 3
      vertex 34.9073 1.30227 3
    endloop
  endfacet
  facet normal 0.608984 -0.793183 0
    outer loop
      vertex 35.0249 1.39256 3
      vertex 34.9073 1.30227 0
      vertex 35.0249 1.39256 0
    endloop
  endfacet
  facet normal 0.461884 -0.886941 0
    outer loop
      vertex 35.15 1.47224 0
      vertex 35.2815 1.54072 3
      vertex 35.15 1.47224 3
    endloop
  endfacet
  facet normal 0.461884 -0.886941 0
    outer loop
      vertex 35.2815 1.54072 3
      vertex 35.15 1.47224 0
      vertex 35.2815 1.54072 0
    endloop
  endfacet
  facet normal 0.300747 -0.953704 0
    outer loop
      vertex 35.4186 1.59748 0
      vertex 35.56 1.64207 3
      vertex 35.4186 1.59748 3
    endloop
  endfacet
  facet normal 0.300747 -0.953704 0
    outer loop
      vertex 35.56 1.64207 3
      vertex 35.4186 1.59748 0
      vertex 35.56 1.64207 0
    endloop
  endfacet
  facet normal 0.130573 -0.991439 0
    outer loop
      vertex 35.7048 1.67417 0
      vertex 35.8518 1.69353 3
      vertex 35.7048 1.67417 3
    endloop
  endfacet
  facet normal 0.130573 -0.991439 0
    outer loop
      vertex 35.8518 1.69353 3
      vertex 35.7048 1.67417 0
      vertex 35.8518 1.69353 0
    endloop
  endfacet
  facet normal -0.923772 0.382944 0
    outer loop
      vertex 37.5407 -0.718451 0
      vertex 37.5975 -0.581433 3
      vertex 37.5975 -0.581433 0
    endloop
  endfacet
  facet normal -0.923772 0.382944 0
    outer loop
      vertex 37.5975 -0.581433 3
      vertex 37.5407 -0.718451 0
      vertex 37.5407 -0.718451 3
    endloop
  endfacet
  facet normal -0.216431 0.976298 0
    outer loop
      vertex 36.44 -1.64207 0
      vertex 36.2952 -1.67417 3
      vertex 36.44 -1.64207 3
    endloop
  endfacet
  facet normal -0.216431 0.976298 0
    outer loop
      vertex 36.2952 -1.67417 3
      vertex 36.44 -1.64207 0
      vertex 36.2952 -1.67417 0
    endloop
  endfacet
  facet normal -0.0436157 0.999048 0
    outer loop
      vertex 36.1482 -1.69353 0
      vertex 36 -1.7 3
      vertex 36.1482 -1.69353 3
    endloop
  endfacet
  facet normal -0.0436157 0.999048 0
    outer loop
      vertex 36 -1.7 3
      vertex 36.1482 -1.69353 0
      vertex 36 -1.7 0
    endloop
  endfacet
  facet normal -0.130573 0.991439 0
    outer loop
      vertex 36.2952 -1.67417 0
      vertex 36.1482 -1.69353 3
      vertex 36.2952 -1.67417 3
    endloop
  endfacet
  facet normal -0.130573 0.991439 0
    outer loop
      vertex 36.1482 -1.69353 3
      vertex 36.2952 -1.67417 0
      vertex 36.1482 -1.69353 0
    endloop
  endfacet
  facet normal -0.382518 0.923948 0
    outer loop
      vertex 36.7185 -1.54072 0
      vertex 36.5814 -1.59748 3
      vertex 36.7185 -1.54072 3
    endloop
  endfacet
  facet normal -0.382518 0.923948 0
    outer loop
      vertex 36.5814 -1.59748 3
      vertex 36.7185 -1.54072 0
      vertex 36.5814 -1.59748 0
    endloop
  endfacet
  facet normal -0.608984 0.793183 0
    outer loop
      vertex 37.0927 -1.30227 0
      vertex 36.9751 -1.39256 3
      vertex 37.0927 -1.30227 3
    endloop
  endfacet
  facet normal -0.608984 0.793183 0
    outer loop
      vertex 36.9751 -1.39256 3
      vertex 37.0927 -1.30227 0
      vertex 36.9751 -1.39256 0
    endloop
  endfacet
  facet normal -0.537216 0.843445 0
    outer loop
      vertex 36.9751 -1.39256 0
      vertex 36.85 -1.47224 3
      vertex 36.9751 -1.39256 3
    endloop
  endfacet
  facet normal -0.537216 0.843445 0
    outer loop
      vertex 36.85 -1.47224 3
      vertex 36.9751 -1.39256 0
      vertex 36.85 -1.47224 0
    endloop
  endfacet
  facet normal 0.461884 0.886941 -0
    outer loop
      vertex 35.2815 -1.54072 0
      vertex 35.15 -1.47224 3
      vertex 35.2815 -1.54072 3
    endloop
  endfacet
  facet normal 0.461884 0.886941 0
    outer loop
      vertex 35.15 -1.47224 3
      vertex 35.2815 -1.54072 0
      vertex 35.15 -1.47224 0
    endloop
  endfacet
  facet normal 0.300747 0.953704 -0
    outer loop
      vertex 35.56 -1.64207 0
      vertex 35.4186 -1.59748 3
      vertex 35.56 -1.64207 3
    endloop
  endfacet
  facet normal 0.300747 0.953704 0
    outer loop
      vertex 35.4186 -1.59748 3
      vertex 35.56 -1.64207 0
      vertex 35.4186 -1.59748 0
    endloop
  endfacet
  facet normal 0.130573 0.991439 -0
    outer loop
      vertex 35.8518 -1.69353 0
      vertex 35.7048 -1.67417 3
      vertex 35.8518 -1.69353 3
    endloop
  endfacet
  facet normal 0.130573 0.991439 0
    outer loop
      vertex 35.7048 -1.67417 3
      vertex 35.8518 -1.69353 0
      vertex 35.7048 -1.67417 0
    endloop
  endfacet
  facet normal 0.843652 0.53689 0
    outer loop
      vertex 34.6074 -0.97508 3
      vertex 34.5278 -0.849999 0
      vertex 34.5278 -0.849999 3
    endloop
  endfacet
  facet normal 0.843652 0.53689 0
    outer loop
      vertex 34.5278 -0.849999 0
      vertex 34.6074 -0.97508 3
      vertex 34.6074 -0.97508 0
    endloop
  endfacet
  facet normal 0.976295 0.216444 0
    outer loop
      vertex 34.3579 -0.439992 3
      vertex 34.3258 -0.295201 0
      vertex 34.3258 -0.295201 3
    endloop
  endfacet
  facet normal 0.976295 0.216444 0
    outer loop
      vertex 34.3258 -0.295201 0
      vertex 34.3579 -0.439992 3
      vertex 34.3579 -0.439992 0
    endloop
  endfacet
  facet normal 0.999039 0.0438279 0
    outer loop
      vertex 34.3065 -0.148165 3
      vertex 34.3 0 0
      vertex 34.3 0 3
    endloop
  endfacet
  facet normal 0.999039 0.0438279 0
    outer loop
      vertex 34.3 0 0
      vertex 34.3065 -0.148165 3
      vertex 34.3065 -0.148165 0
    endloop
  endfacet
  facet normal -0.843652 0.53689 0
    outer loop
      vertex 37.3926 -0.97508 0
      vertex 37.4722 -0.849999 3
      vertex 37.4722 -0.849999 0
    endloop
  endfacet
  facet normal -0.843652 0.53689 0
    outer loop
      vertex 37.4722 -0.849999 3
      vertex 37.3926 -0.97508 0
      vertex 37.3926 -0.97508 3
    endloop
  endfacet
  facet normal -0.991495 0.130144 0
    outer loop
      vertex 37.6742 -0.295201 0
      vertex 37.6935 -0.148165 3
      vertex 37.6935 -0.148165 0
    endloop
  endfacet
  facet normal -0.991495 0.130144 0
    outer loop
      vertex 37.6935 -0.148165 3
      vertex 37.6742 -0.295201 0
      vertex 37.6742 -0.295201 3
    endloop
  endfacet
  facet normal -0.675383 0.737467 0
    outer loop
      vertex 37.2021 -1.20208 0
      vertex 37.0927 -1.30227 3
      vertex 37.2021 -1.20208 3
    endloop
  endfacet
  facet normal -0.675383 0.737467 0
    outer loop
      vertex 37.0927 -1.30227 3
      vertex 37.2021 -1.20208 0
      vertex 37.0927 -1.30227 0
    endloop
  endfacet
  facet normal 0.991495 0.130144 0
    outer loop
      vertex 34.3258 -0.295201 3
      vertex 34.3065 -0.148165 0
      vertex 34.3065 -0.148165 3
    endloop
  endfacet
  facet normal 0.991495 0.130144 0
    outer loop
      vertex 34.3065 -0.148165 0
      vertex 34.3258 -0.295201 3
      vertex 34.3258 -0.295201 0
    endloop
  endfacet
  facet normal -0.886954 0.461857 0
    outer loop
      vertex 37.4722 -0.849999 0
      vertex 37.5407 -0.718451 3
      vertex 37.5407 -0.718451 0
    endloop
  endfacet
  facet normal -0.886954 0.461857 0
    outer loop
      vertex 37.5407 -0.718451 3
      vertex 37.4722 -0.849999 0
      vertex 37.4722 -0.849999 3
    endloop
  endfacet
  facet normal -0.95371 0.300729 0
    outer loop
      vertex 37.5975 -0.581433 0
      vertex 37.6421 -0.439992 3
      vertex 37.6421 -0.439992 0
    endloop
  endfacet
  facet normal -0.95371 0.300729 0
    outer loop
      vertex 37.6421 -0.439992 3
      vertex 37.5975 -0.581433 0
      vertex 37.5975 -0.581433 3
    endloop
  endfacet
  facet normal -0.976295 0.216444 0
    outer loop
      vertex 37.6421 -0.439992 0
      vertex 37.6742 -0.295201 3
      vertex 37.6742 -0.295201 0
    endloop
  endfacet
  facet normal -0.976295 0.216444 0
    outer loop
      vertex 37.6742 -0.295201 3
      vertex 37.6421 -0.439992 0
      vertex 37.6421 -0.439992 3
    endloop
  endfacet
  facet normal -0.53732 0.843378 0
    outer loop
      vertex -20 34.641 0
      vertex -20.2943 34.4535 3
      vertex -20 34.641 3
    endloop
  endfacet
  facet normal -0.53732 0.843378 0
    outer loop
      vertex -20.2943 34.4535 3
      vertex -20 34.641 0
      vertex -20.2943 34.4535 0
    endloop
  endfacet
  facet normal 0.461714 -0.887029 0
    outer loop
      vertex -16.3095 27.5517 0
      vertex -16 27.7128 3
      vertex -16.3095 27.5517 3
    endloop
  endfacet
  facet normal 0.461714 -0.887029 0
    outer loop
      vertex -16 27.7128 3
      vertex -16.3095 27.5517 0
      vertex -16 27.7128 0
    endloop
  endfacet
  facet normal -0.887029 -0.461714 0
    outer loop
      vertex -21.4641 29.1769 0
      vertex -21.6252 29.4864 3
      vertex -21.6252 29.4864 0
    endloop
  endfacet
  facet normal -0.887029 -0.461714 0
    outer loop
      vertex -21.6252 29.4864 3
      vertex -21.4641 29.1769 0
      vertex -21.4641 29.1769 3
    endloop
  endfacet
  facet normal -0.976315 0.216354 0
    outer loop
      vertex -21.9392 31.8715 0
      vertex -21.8637 32.2122 3
      vertex -21.8637 32.2122 0
    endloop
  endfacet
  facet normal -0.976315 0.216354 0
    outer loop
      vertex -21.8637 32.2122 3
      vertex -21.9392 31.8715 0
      vertex -21.9392 31.8715 3
    endloop
  endfacet
  facet normal -0.300624 -0.953743 0
    outer loop
      vertex -19.3681 27.4181 0
      vertex -19.0353 27.3132 3
      vertex -19.3681 27.4181 3
    endloop
  endfacet
  facet normal -0.300624 -0.953743 -0
    outer loop
      vertex -19.0353 27.3132 3
      vertex -19.3681 27.4181 0
      vertex -19.0353 27.3132 0
    endloop
  endfacet
  facet normal -0.608768 -0.793348 0
    outer loop
      vertex -20.5711 28.1127 0
      vertex -20.2943 27.9003 3
      vertex -20.5711 28.1127 3
    endloop
  endfacet
  facet normal -0.608768 -0.793348 -0
    outer loop
      vertex -20.2943 27.9003 3
      vertex -20.5711 28.1127 0
      vertex -20.2943 27.9003 0
    endloop
  endfacet
  facet normal -0.793454 0.60863 0
    outer loop
      vertex -21.2766 33.4712 0
      vertex -21.0642 33.7481 3
      vertex -21.0642 33.7481 0
    endloop
  endfacet
  facet normal -0.793454 0.60863 0
    outer loop
      vertex -21.0642 33.7481 3
      vertex -21.2766 33.4712 0
      vertex -21.2766 33.4712 3
    endloop
  endfacet
  facet normal -0.991427 -0.130662 0
    outer loop
      vertex -21.9392 30.4823 0
      vertex -21.9848 30.8283 3
      vertex -21.9848 30.8283 0
    endloop
  endfacet
  facet normal -0.991427 -0.130662 0
    outer loop
      vertex -21.9848 30.8283 3
      vertex -21.9392 30.4823 0
      vertex -21.9392 30.4823 3
    endloop
  endfacet
  facet normal -0.0435616 -0.999051 0
    outer loop
      vertex -18.3486 27.1921 0
      vertex -18 27.1769 3
      vertex -18.3486 27.1921 3
    endloop
  endfacet
  facet normal -0.0435616 -0.999051 -0
    outer loop
      vertex -18 27.1769 3
      vertex -18.3486 27.1921 0
      vertex -18 27.1769 0
    endloop
  endfacet
  facet normal -0.130662 -0.991427 0
    outer loop
      vertex -18.6946 27.2377 0
      vertex -18.3486 27.1921 3
      vertex -18.6946 27.2377 3
    endloop
  endfacet
  facet normal -0.130662 -0.991427 -0
    outer loop
      vertex -18.3486 27.1921 3
      vertex -18.6946 27.2377 0
      vertex -18.3486 27.1921 0
    endloop
  endfacet
  facet normal -0.793348 -0.608768 0
    outer loop
      vertex -21.0642 28.6058 0
      vertex -21.2766 28.8826 3
      vertex -21.2766 28.8826 0
    endloop
  endfacet
  facet normal -0.793348 -0.608768 0
    outer loop
      vertex -21.2766 28.8826 3
      vertex -21.0642 28.6058 0
      vertex -21.0642 28.6058 3
    endloop
  endfacet
  facet normal -0.0435616 0.999051 0
    outer loop
      vertex -18 35.1769 0
      vertex -18.3486 35.1617 3
      vertex -18 35.1769 3
    endloop
  endfacet
  facet normal -0.0435616 0.999051 0
    outer loop
      vertex -18.3486 35.1617 3
      vertex -18 35.1769 0
      vertex -18.3486 35.1617 0
    endloop
  endfacet
  facet normal 0.737107 0.675777 0
    outer loop
      vertex -14.9358 33.7481 3
      vertex -15.1716 34.0053 0
      vertex -15.1716 34.0053 3
    endloop
  endfacet
  facet normal 0.737107 0.675777 0
    outer loop
      vertex -15.1716 34.0053 0
      vertex -14.9358 33.7481 3
      vertex -14.9358 33.7481 0
    endloop
  endfacet
  facet normal 0.216354 0.976315 -0
    outer loop
      vertex -16.9647 35.0406 0
      vertex -17.3054 35.1161 3
      vertex -16.9647 35.0406 3
    endloop
  endfacet
  facet normal 0.216354 0.976315 0
    outer loop
      vertex -17.3054 35.1161 3
      vertex -16.9647 35.0406 0
      vertex -17.3054 35.1161 0
    endloop
  endfacet
  facet normal -0.216354 0.976315 0
    outer loop
      vertex -18.6946 35.1161 0
      vertex -19.0353 35.0406 3
      vertex -18.6946 35.1161 3
    endloop
  endfacet
  facet normal -0.216354 0.976315 0
    outer loop
      vertex -19.0353 35.0406 3
      vertex -18.6946 35.1161 0
      vertex -19.0353 35.0406 0
    endloop
  endfacet
  facet normal 0.991427 0.130662 0
    outer loop
      vertex -14.0152 31.5255 3
      vertex -14.0608 31.8715 0
      vertex -14.0608 31.8715 3
    endloop
  endfacet
  facet normal 0.991427 0.130662 0
    outer loop
      vertex -14.0608 31.8715 0
      vertex -14.0152 31.5255 3
      vertex -14.0152 31.5255 0
    endloop
  endfacet
  facet normal 0.953743 -0.300624 0
    outer loop
      vertex -14.2412 29.8088 3
      vertex -14.1363 30.1416 0
      vertex -14.1363 30.1416 3
    endloop
  endfacet
  facet normal 0.953743 -0.300624 0
    outer loop
      vertex -14.1363 30.1416 0
      vertex -14.2412 29.8088 3
      vertex -14.2412 29.8088 0
    endloop
  endfacet
  facet normal 0.793348 -0.608768 0
    outer loop
      vertex -14.9358 28.6058 3
      vertex -14.7234 28.8826 0
      vertex -14.7234 28.8826 3
    endloop
  endfacet
  facet normal 0.793348 -0.608768 0
    outer loop
      vertex -14.7234 28.8826 0
      vertex -14.9358 28.6058 3
      vertex -14.9358 28.6058 0
    endloop
  endfacet
  facet normal -0.675634 0.737237 0
    outer loop
      vertex -20.5711 34.2411 0
      vertex -20.8284 34.0053 3
      vertex -20.5711 34.2411 3
    endloop
  endfacet
  facet normal -0.675634 0.737237 0
    outer loop
      vertex -20.8284 34.0053 3
      vertex -20.5711 34.2411 0
      vertex -20.8284 34.0053 0
    endloop
  endfacet
  facet normal -0.608768 0.793348 0
    outer loop
      vertex -20.2943 34.4535 0
      vertex -20.5711 34.2411 3
      vertex -20.2943 34.4535 3
    endloop
  endfacet
  facet normal -0.608768 0.793348 0
    outer loop
      vertex -20.5711 34.2411 3
      vertex -20.2943 34.4535 0
      vertex -20.5711 34.2411 0
    endloop
  endfacet
  facet normal -0.737107 0.675777 0
    outer loop
      vertex -21.0642 33.7481 0
      vertex -20.8284 34.0053 3
      vertex -20.8284 34.0053 0
    endloop
  endfacet
  facet normal -0.737107 0.675777 0
    outer loop
      vertex -20.8284 34.0053 3
      vertex -21.0642 33.7481 0
      vertex -21.0642 33.7481 3
    endloop
  endfacet
  facet normal -0.843378 0.53732 0
    outer loop
      vertex -21.4641 33.1769 0
      vertex -21.2766 33.4712 3
      vertex -21.2766 33.4712 0
    endloop
  endfacet
  facet normal -0.843378 0.53732 0
    outer loop
      vertex -21.2766 33.4712 3
      vertex -21.4641 33.1769 0
      vertex -21.4641 33.1769 3
    endloop
  endfacet
  facet normal -0.953743 -0.300624 0
    outer loop
      vertex -21.7588 29.8088 0
      vertex -21.8637 30.1416 3
      vertex -21.8637 30.1416 0
    endloop
  endfacet
  facet normal -0.953743 -0.300624 0
    outer loop
      vertex -21.8637 30.1416 3
      vertex -21.7588 29.8088 0
      vertex -21.7588 29.8088 3
    endloop
  endfacet
  facet normal -0.923821 -0.382824 0
    outer loop
      vertex -21.6252 29.4864 0
      vertex -21.7588 29.8088 3
      vertex -21.7588 29.8088 0
    endloop
  endfacet
  facet normal -0.923821 -0.382824 0
    outer loop
      vertex -21.7588 29.8088 3
      vertex -21.6252 29.4864 0
      vertex -21.6252 29.4864 3
    endloop
  endfacet
  facet normal -0.999051 0.0435616 0
    outer loop
      vertex -22 31.1769 0
      vertex -21.9848 31.5255 3
      vertex -21.9848 31.5255 0
    endloop
  endfacet
  facet normal -0.999051 0.0435616 0
    outer loop
      vertex -21.9848 31.5255 3
      vertex -22 31.1769 0
      vertex -22 31.1769 3
    endloop
  endfacet
  facet normal -0.999051 -0.0435616 0
    outer loop
      vertex -21.9848 30.8283 0
      vertex -22 31.1769 3
      vertex -22 31.1769 0
    endloop
  endfacet
  facet normal -0.999051 -0.0435616 0
    outer loop
      vertex -22 31.1769 3
      vertex -21.9848 30.8283 0
      vertex -21.9848 30.8283 3
    endloop
  endfacet
  facet normal -0.991427 0.130662 0
    outer loop
      vertex -21.9848 31.5255 0
      vertex -21.9392 31.8715 3
      vertex -21.9392 31.8715 0
    endloop
  endfacet
  facet normal -0.991427 0.130662 0
    outer loop
      vertex -21.9392 31.8715 3
      vertex -21.9848 31.5255 0
      vertex -21.9848 31.5255 3
    endloop
  endfacet
  facet normal 0.216354 -0.976315 0
    outer loop
      vertex -17.3054 27.2377 0
      vertex -16.9647 27.3132 3
      vertex -17.3054 27.2377 3
    endloop
  endfacet
  facet normal 0.216354 -0.976315 0
    outer loop
      vertex -16.9647 27.3132 3
      vertex -17.3054 27.2377 0
      vertex -16.9647 27.3132 0
    endloop
  endfacet
  facet normal 0.0435616 -0.999051 0
    outer loop
      vertex -18 27.1769 0
      vertex -17.6514 27.1921 3
      vertex -18 27.1769 3
    endloop
  endfacet
  facet normal 0.0435616 -0.999051 0
    outer loop
      vertex -17.6514 27.1921 3
      vertex -18 27.1769 0
      vertex -17.6514 27.1921 0
    endloop
  endfacet
  facet normal 0.130662 -0.991427 0
    outer loop
      vertex -17.6514 27.1921 0
      vertex -17.3054 27.2377 3
      vertex -17.6514 27.1921 3
    endloop
  endfacet
  facet normal 0.130662 -0.991427 0
    outer loop
      vertex -17.3054 27.2377 3
      vertex -17.6514 27.1921 0
      vertex -17.3054 27.2377 0
    endloop
  endfacet
  facet normal 0.382824 -0.923821 0
    outer loop
      vertex -16.6319 27.4181 0
      vertex -16.3095 27.5517 3
      vertex -16.6319 27.4181 3
    endloop
  endfacet
  facet normal 0.382824 -0.923821 0
    outer loop
      vertex -16.3095 27.5517 3
      vertex -16.6319 27.4181 0
      vertex -16.3095 27.5517 0
    endloop
  endfacet
  facet normal 0 0 1
    outer loop
      vertex -16.3 31.1769 3
      vertex -14 31.1769 3
      vertex -14.0152 31.5255 3
    endloop
  endfacet
  facet normal 0 0 1
    outer loop
      vertex -14 31.1769 3
      vertex -16.3 31.1769 3
      vertex -14.0152 30.8283 3
    endloop
  endfacet
  facet normal 0 0 1
    outer loop
      vertex -16.3065 31.3251 3
      vertex -14.0152 31.5255 3
      vertex -14.0608 31.8715 3
    endloop
  endfacet
  facet normal 0 0 1
    outer loop
      vertex -16.3258 31.4721 3
      vertex -14.0608 31.8715 3
      vertex -14.1363 32.2122 3
    endloop
  endfacet
  facet normal -0 0 1
    outer loop
      vertex -16.3065 31.0287 3
      vertex -14.0152 30.8283 3
      vertex -16.3 31.1769 3
    endloop
  endfacet
  facet normal 0 0 1
    outer loop
      vertex -16.3579 31.6169 3
      vertex -14.1363 32.2122 3
      vertex -14.2412 32.545 3
    endloop
  endfacet
  facet normal 0 0 1
    outer loop
      vertex -14.0152 30.8283 3
      vertex -16.3065 31.0287 3
      vertex -14.0608 30.4823 3
    endloop
  endfacet
  facet normal 0 0 1
    outer loop
      vertex -16.4025 31.7583 3
      vertex -14.2412 32.545 3
      vertex -14.3748 32.8674 3
    endloop
  endfacet
  facet normal -0 0 1
    outer loop
      vertex -16.3258 30.8817 3
      vertex -14.0608 30.4823 3
      vertex -16.3065 31.0287 3
    endloop
  endfacet
  facet normal 0 0 1
    outer loop
      vertex -16.4593 31.8954 3
      vertex -14.3748 32.8674 3
      vertex -14.5359 33.1769 3
    endloop
  endfacet
  facet normal 0 0 1
    outer loop
      vertex -14.0608 30.4823 3
      vertex -16.3258 30.8817 3
      vertex -14.1363 30.1416 3
    endloop
  endfacet
  facet normal 0 0 1
    outer loop
      vertex -16.5278 32.0269 3
      vertex -14.5359 33.1769 3
      vertex -14.7234 33.4712 3
    endloop
  endfacet
  facet normal -0 0 1
    outer loop
      vertex -16.3579 30.7369 3
      vertex -14.1363 30.1416 3
      vertex -16.3258 30.8817 3
    endloop
  endfacet
  facet normal 0 0 1
    outer loop
      vertex -16.6074 32.152 3
      vertex -14.7234 33.4712 3
      vertex -14.9358 33.7481 3
    endloop
  endfacet
  facet normal 0 0 1
    outer loop
      vertex -14.1363 30.1416 3
      vertex -16.3579 30.7369 3
      vertex -14.2412 29.8088 3
    endloop
  endfacet
  facet normal 0 0 1
    outer loop
      vertex -16.6977 32.2697 3
      vertex -14.9358 33.7481 3
      vertex -15.1716 34.0053 3
    endloop
  endfacet
  facet normal -0 0 1
    outer loop
      vertex -16.4025 30.5955 3
      vertex -14.2412 29.8088 3
      vertex -16.3579 30.7369 3
    endloop
  endfacet
  facet normal 0 0 1
    outer loop
      vertex -16.7979 32.379 3
      vertex -15.1716 34.0053 3
      vertex -15.4289 34.2411 3
    endloop
  endfacet
  facet normal 0 0 1
    outer loop
      vertex -14.2412 29.8088 3
      vertex -16.4025 30.5955 3
      vertex -14.3748 29.4864 3
    endloop
  endfacet
  facet normal 0 0 1
    outer loop
      vertex -16.9073 32.4792 3
      vertex -15.4289 34.2411 3
      vertex -15.7057 34.4535 3
    endloop
  endfacet
  facet normal -0 0 1
    outer loop
      vertex -16.4593 30.4585 3
      vertex -14.3748 29.4864 3
      vertex -16.4025 30.5955 3
    endloop
  endfacet
  facet normal 0 0 1
    outer loop
      vertex -17.0249 32.5695 3
      vertex -15.7057 34.4535 3
      vertex -16 34.641 3
    endloop
  endfacet
  facet normal 0 0 1
    outer loop
      vertex -14.3748 29.4864 3
      vertex -16.4593 30.4585 3
      vertex -14.5359 29.1769 3
    endloop
  endfacet
  facet normal -0 0 1
    outer loop
      vertex -16.5278 30.3269 3
      vertex -14.5359 29.1769 3
      vertex -16.4593 30.4585 3
    endloop
  endfacet
  facet normal 0 0 1
    outer loop
      vertex -14.0152 31.5255 3
      vertex -16.3065 31.3251 3
      vertex -16.3 31.1769 3
    endloop
  endfacet
  facet normal 0 0 1
    outer loop
      vertex -17.15 32.6492 3
      vertex -16 34.641 3
      vertex -16.3095 34.8021 3
    endloop
  endfacet
  facet normal 0 0 1
    outer loop
      vertex -14.0608 31.8715 3
      vertex -16.3258 31.4721 3
      vertex -16.3065 31.3251 3
    endloop
  endfacet
  facet normal 0 0 1
    outer loop
      vertex -14.1363 32.2122 3
      vertex -16.3579 31.6169 3
      vertex -16.3258 31.4721 3
    endloop
  endfacet
  facet normal 0 0 1
    outer loop
      vertex -14.2412 32.545 3
      vertex -16.4025 31.7583 3
      vertex -16.3579 31.6169 3
    endloop
  endfacet
  facet normal 0 0 1
    outer loop
      vertex -14.3748 32.8674 3
      vertex -16.4593 31.8954 3
      vertex -16.4025 31.7583 3
    endloop
  endfacet
  facet normal 0 0 1
    outer loop
      vertex -14.5359 33.1769 3
      vertex -16.5278 32.0269 3
      vertex -16.4593 31.8954 3
    endloop
  endfacet
  facet normal 0 0 1
    outer loop
      vertex -14.7234 33.4712 3
      vertex -16.6074 32.152 3
      vertex -16.5278 32.0269 3
    endloop
  endfacet
  facet normal 0 0 1
    outer loop
      vertex -17.2815 32.7176 3
      vertex -16.3095 34.8021 3
      vertex -16.6319 34.9357 3
    endloop
  endfacet
  facet normal 0 0 1
    outer loop
      vertex -14.9358 33.7481 3
      vertex -16.6977 32.2697 3
      vertex -16.6074 32.152 3
    endloop
  endfacet
  facet normal 0 0 1
    outer loop
      vertex -15.1716 34.0053 3
      vertex -16.7979 32.379 3
      vertex -16.6977 32.2697 3
    endloop
  endfacet
  facet normal 0 0 1
    outer loop
      vertex -15.4289 34.2411 3
      vertex -16.9073 32.4792 3
      vertex -16.7979 32.379 3
    endloop
  endfacet
  facet normal 0 0 1
    outer loop
      vertex -17.4186 32.7744 3
      vertex -16.6319 34.9357 3
      vertex -16.9647 35.0406 3
    endloop
  endfacet
  facet normal 0 0 1
    outer loop
      vertex -15.7057 34.4535 3
      vertex -17.0249 32.5695 3
      vertex -16.9073 32.4792 3
    endloop
  endfacet
  facet normal 0 0 1
    outer loop
      vertex -16 34.641 3
      vertex -17.15 32.6492 3
      vertex -17.0249 32.5695 3
    endloop
  endfacet
  facet normal 0 0 1
    outer loop
      vertex -16.3095 34.8021 3
      vertex -17.2815 32.7176 3
      vertex -17.15 32.6492 3
    endloop
  endfacet
  facet normal 0 0 1
    outer loop
      vertex -17.56 32.819 3
      vertex -16.9647 35.0406 3
      vertex -17.3054 35.1161 3
    endloop
  endfacet
  facet normal 0 0 1
    outer loop
      vertex -16.6319 34.9357 3
      vertex -17.4186 32.7744 3
      vertex -17.2815 32.7176 3
    endloop
  endfacet
  facet normal 0 0 1
    outer loop
      vertex -16.9647 35.0406 3
      vertex -17.56 32.819 3
      vertex -17.4186 32.7744 3
    endloop
  endfacet
  facet normal 0 0 1
    outer loop
      vertex -17.7048 32.8511 3
      vertex -17.3054 35.1161 3
      vertex -17.6514 35.1617 3
    endloop
  endfacet
  facet normal 0 0 1
    outer loop
      vertex -17.3054 35.1161 3
      vertex -17.7048 32.8511 3
      vertex -17.56 32.819 3
    endloop
  endfacet
  facet normal 0 0 1
    outer loop
      vertex -17.6514 35.1617 3
      vertex -17.8518 32.8704 3
      vertex -17.7048 32.8511 3
    endloop
  endfacet
  facet normal 0 0 1
    outer loop
      vertex -18 35.1769 3
      vertex -17.8518 32.8704 3
      vertex -17.6514 35.1617 3
    endloop
  endfacet
  facet normal 0 0 1
    outer loop
      vertex -18 35.1769 3
      vertex -18 32.8769 3
      vertex -17.8518 32.8704 3
    endloop
  endfacet
  facet normal 0 0 1
    outer loop
      vertex -18 35.1769 3
      vertex -18.1482 32.8704 3
      vertex -18 32.8769 3
    endloop
  endfacet
  facet normal -0 0 1
    outer loop
      vertex -18.3486 35.1617 3
      vertex -18.1482 32.8704 3
      vertex -18 35.1769 3
    endloop
  endfacet
  facet normal 0 0 1
    outer loop
      vertex -18.1482 32.8704 3
      vertex -18.3486 35.1617 3
      vertex -18.2952 32.8511 3
    endloop
  endfacet
  facet normal -0 0 1
    outer loop
      vertex -18.6946 35.1161 3
      vertex -18.2952 32.8511 3
      vertex -18.3486 35.1617 3
    endloop
  endfacet
  facet normal 0 0 1
    outer loop
      vertex -18.2952 32.8511 3
      vertex -18.6946 35.1161 3
      vertex -18.44 32.819 3
    endloop
  endfacet
  facet normal -0 0 1
    outer loop
      vertex -19.0353 35.0406 3
      vertex -18.44 32.819 3
      vertex -18.6946 35.1161 3
    endloop
  endfacet
  facet normal 0 0 1
    outer loop
      vertex -18.44 32.819 3
      vertex -19.0353 35.0406 3
      vertex -18.5814 32.7744 3
    endloop
  endfacet
  facet normal -0 0 1
    outer loop
      vertex -19.3681 34.9357 3
      vertex -18.5814 32.7744 3
      vertex -19.0353 35.0406 3
    endloop
  endfacet
  facet normal 0 0 1
    outer loop
      vertex -18.5814 32.7744 3
      vertex -19.3681 34.9357 3
      vertex -18.7185 32.7176 3
    endloop
  endfacet
  facet normal -0 0 1
    outer loop
      vertex -19.6905 34.8021 3
      vertex -18.7185 32.7176 3
      vertex -19.3681 34.9357 3
    endloop
  endfacet
  facet normal 0 0 1
    outer loop
      vertex -18.7185 32.7176 3
      vertex -19.6905 34.8021 3
      vertex -18.85 32.6492 3
    endloop
  endfacet
  facet normal -0 0 1
    outer loop
      vertex -20 34.641 3
      vertex -18.85 32.6492 3
      vertex -19.6905 34.8021 3
    endloop
  endfacet
  facet normal 0 0 1
    outer loop
      vertex -18.85 32.6492 3
      vertex -20 34.641 3
      vertex -18.9751 32.5695 3
    endloop
  endfacet
  facet normal -0 0 1
    outer loop
      vertex -20.2943 34.4535 3
      vertex -18.9751 32.5695 3
      vertex -20 34.641 3
    endloop
  endfacet
  facet normal 0 0 1
    outer loop
      vertex -18.9751 32.5695 3
      vertex -20.2943 34.4535 3
      vertex -19.0927 32.4792 3
    endloop
  endfacet
  facet normal -0 0 1
    outer loop
      vertex -20.5711 34.2411 3
      vertex -19.0927 32.4792 3
      vertex -20.2943 34.4535 3
    endloop
  endfacet
  facet normal 0 0 1
    outer loop
      vertex -19.0927 32.4792 3
      vertex -20.5711 34.2411 3
      vertex -19.2021 32.379 3
    endloop
  endfacet
  facet normal -0 0 1
    outer loop
      vertex -20.8284 34.0053 3
      vertex -19.2021 32.379 3
      vertex -20.5711 34.2411 3
    endloop
  endfacet
  facet normal 0 0 1
    outer loop
      vertex -19.2021 32.379 3
      vertex -20.8284 34.0053 3
      vertex -19.3023 32.2697 3
    endloop
  endfacet
  facet normal -0 0 1
    outer loop
      vertex -21.0642 33.7481 3
      vertex -19.3023 32.2697 3
      vertex -20.8284 34.0053 3
    endloop
  endfacet
  facet normal 0 0 1
    outer loop
      vertex -19.3023 32.2697 3
      vertex -21.0642 33.7481 3
      vertex -19.3926 32.152 3
    endloop
  endfacet
  facet normal -0 0 1
    outer loop
      vertex -21.2766 33.4712 3
      vertex -19.3926 32.152 3
      vertex -21.0642 33.7481 3
    endloop
  endfacet
  facet normal 0 0 1
    outer loop
      vertex -19.3926 32.152 3
      vertex -21.2766 33.4712 3
      vertex -19.4722 32.0269 3
    endloop
  endfacet
  facet normal -0 0 1
    outer loop
      vertex -21.4641 33.1769 3
      vertex -19.4722 32.0269 3
      vertex -21.2766 33.4712 3
    endloop
  endfacet
  facet normal 0 0 1
    outer loop
      vertex -14.5359 29.1769 3
      vertex -16.5278 30.3269 3
      vertex -14.7234 28.8826 3
    endloop
  endfacet
  facet normal -0 0 1
    outer loop
      vertex -16.6074 30.2018 3
      vertex -14.7234 28.8826 3
      vertex -16.5278 30.3269 3
    endloop
  endfacet
  facet normal 0 0 1
    outer loop
      vertex -14.7234 28.8826 3
      vertex -16.6074 30.2018 3
      vertex -14.9358 28.6058 3
    endloop
  endfacet
  facet normal -0 0 1
    outer loop
      vertex -16.6977 30.0842 3
      vertex -14.9358 28.6058 3
      vertex -16.6074 30.2018 3
    endloop
  endfacet
  facet normal 0 0 1
    outer loop
      vertex -14.9358 28.6058 3
      vertex -16.6977 30.0842 3
      vertex -15.1716 28.3485 3
    endloop
  endfacet
  facet normal -0 0 1
    outer loop
      vertex -16.7979 29.9748 3
      vertex -15.1716 28.3485 3
      vertex -16.6977 30.0842 3
    endloop
  endfacet
  facet normal 0 0 1
    outer loop
      vertex -15.1716 28.3485 3
      vertex -16.7979 29.9748 3
      vertex -15.4289 28.1127 3
    endloop
  endfacet
  facet normal -0 0 1
    outer loop
      vertex -16.9073 29.8746 3
      vertex -15.4289 28.1127 3
      vertex -16.7979 29.9748 3
    endloop
  endfacet
  facet normal 0 0 1
    outer loop
      vertex -15.4289 28.1127 3
      vertex -16.9073 29.8746 3
      vertex -15.7057 27.9003 3
    endloop
  endfacet
  facet normal -0 0 1
    outer loop
      vertex -17.0249 29.7844 3
      vertex -15.7057 27.9003 3
      vertex -16.9073 29.8746 3
    endloop
  endfacet
  facet normal 0 0 1
    outer loop
      vertex -15.7057 27.9003 3
      vertex -17.0249 29.7844 3
      vertex -16 27.7128 3
    endloop
  endfacet
  facet normal -0 0 1
    outer loop
      vertex -17.15 29.7047 3
      vertex -16 27.7128 3
      vertex -17.0249 29.7844 3
    endloop
  endfacet
  facet normal 0 0 1
    outer loop
      vertex -16 27.7128 3
      vertex -17.15 29.7047 3
      vertex -16.3095 27.5517 3
    endloop
  endfacet
  facet normal -0 0 1
    outer loop
      vertex -17.2815 29.6362 3
      vertex -16.3095 27.5517 3
      vertex -17.15 29.7047 3
    endloop
  endfacet
  facet normal 0 0 1
    outer loop
      vertex -16.3095 27.5517 3
      vertex -17.2815 29.6362 3
      vertex -16.6319 27.4181 3
    endloop
  endfacet
  facet normal -0 0 1
    outer loop
      vertex -17.4186 29.5794 3
      vertex -16.6319 27.4181 3
      vertex -17.2815 29.6362 3
    endloop
  endfacet
  facet normal 0 0 1
    outer loop
      vertex -16.6319 27.4181 3
      vertex -17.4186 29.5794 3
      vertex -16.9647 27.3132 3
    endloop
  endfacet
  facet normal -0 0 1
    outer loop
      vertex -17.56 29.5348 3
      vertex -16.9647 27.3132 3
      vertex -17.4186 29.5794 3
    endloop
  endfacet
  facet normal 0 0 1
    outer loop
      vertex -16.9647 27.3132 3
      vertex -17.56 29.5348 3
      vertex -17.3054 27.2377 3
    endloop
  endfacet
  facet normal -0 0 1
    outer loop
      vertex -17.7048 29.5027 3
      vertex -17.3054 27.2377 3
      vertex -17.56 29.5348 3
    endloop
  endfacet
  facet normal 0 0 1
    outer loop
      vertex -17.3054 27.2377 3
      vertex -17.7048 29.5027 3
      vertex -17.6514 27.1921 3
    endloop
  endfacet
  facet normal -0 0 1
    outer loop
      vertex -17.8518 29.4834 3
      vertex -17.6514 27.1921 3
      vertex -17.7048 29.5027 3
    endloop
  endfacet
  facet normal -0 0 1
    outer loop
      vertex -18 29.4769 3
      vertex -17.6514 27.1921 3
      vertex -17.8518 29.4834 3
    endloop
  endfacet
  facet normal 0 0 1
    outer loop
      vertex -18 29.4769 3
      vertex -18 27.1769 3
      vertex -17.6514 27.1921 3
    endloop
  endfacet
  facet normal 0 0 1
    outer loop
      vertex -18.1482 29.4834 3
      vertex -18 27.1769 3
      vertex -18 29.4769 3
    endloop
  endfacet
  facet normal 0 0 1
    outer loop
      vertex -18.3486 27.1921 3
      vertex -18.1482 29.4834 3
      vertex -18.2952 29.5027 3
    endloop
  endfacet
  facet normal 0 0 1
    outer loop
      vertex -18.1482 29.4834 3
      vertex -18.3486 27.1921 3
      vertex -18 27.1769 3
    endloop
  endfacet
  facet normal 0 0 1
    outer loop
      vertex -18.6946 27.2377 3
      vertex -18.2952 29.5027 3
      vertex -18.44 29.5348 3
    endloop
  endfacet
  facet normal 0 0 1
    outer loop
      vertex -19.0353 27.3132 3
      vertex -18.44 29.5348 3
      vertex -18.5814 29.5794 3
    endloop
  endfacet
  facet normal 0 0 1
    outer loop
      vertex -18.2952 29.5027 3
      vertex -18.6946 27.2377 3
      vertex -18.3486 27.1921 3
    endloop
  endfacet
  facet normal 0 0 1
    outer loop
      vertex -19.3681 27.4181 3
      vertex -18.5814 29.5794 3
      vertex -18.7185 29.6362 3
    endloop
  endfacet
  facet normal 0 0 1
    outer loop
      vertex -19.6905 27.5517 3
      vertex -18.7185 29.6362 3
      vertex -18.85 29.7047 3
    endloop
  endfacet
  facet normal 0 0 1
    outer loop
      vertex -20 27.7128 3
      vertex -18.85 29.7047 3
      vertex -18.9751 29.7844 3
    endloop
  endfacet
  facet normal 0 0 1
    outer loop
      vertex -18.44 29.5348 3
      vertex -19.0353 27.3132 3
      vertex -18.6946 27.2377 3
    endloop
  endfacet
  facet normal 0 0 1
    outer loop
      vertex -20.2943 27.9003 3
      vertex -18.9751 29.7844 3
      vertex -19.0927 29.8746 3
    endloop
  endfacet
  facet normal 0 0 1
    outer loop
      vertex -20.5711 28.1127 3
      vertex -19.0927 29.8746 3
      vertex -19.2021 29.9748 3
    endloop
  endfacet
  facet normal 0 0 1
    outer loop
      vertex -20.8284 28.3485 3
      vertex -19.2021 29.9748 3
      vertex -19.3023 30.0842 3
    endloop
  endfacet
  facet normal 0 0 1
    outer loop
      vertex -18.5814 29.5794 3
      vertex -19.3681 27.4181 3
      vertex -19.0353 27.3132 3
    endloop
  endfacet
  facet normal 0 0 1
    outer loop
      vertex -21.0642 28.6058 3
      vertex -19.3023 30.0842 3
      vertex -19.3926 30.2018 3
    endloop
  endfacet
  facet normal 0 0 1
    outer loop
      vertex -21.2766 28.8826 3
      vertex -19.3926 30.2018 3
      vertex -19.4722 30.3269 3
    endloop
  endfacet
  facet normal 0 0 1
    outer loop
      vertex -21.4641 29.1769 3
      vertex -19.4722 30.3269 3
      vertex -19.5407 30.4585 3
    endloop
  endfacet
  facet normal 0 0 1
    outer loop
      vertex -21.6252 29.4864 3
      vertex -19.5407 30.4585 3
      vertex -19.5975 30.5955 3
    endloop
  endfacet
  facet normal 0 0 1
    outer loop
      vertex -21.7588 29.8088 3
      vertex -19.5975 30.5955 3
      vertex -19.6421 30.7369 3
    endloop
  endfacet
  facet normal 0 0 1
    outer loop
      vertex -21.8637 30.1416 3
      vertex -19.6421 30.7369 3
      vertex -19.6742 30.8817 3
    endloop
  endfacet
  facet normal 0 0 1
    outer loop
      vertex -18.7185 29.6362 3
      vertex -19.6905 27.5517 3
      vertex -19.3681 27.4181 3
    endloop
  endfacet
  facet normal 0 0 1
    outer loop
      vertex -21.9392 30.4823 3
      vertex -19.6742 30.8817 3
      vertex -19.6935 31.0287 3
    endloop
  endfacet
  facet normal 0 0 1
    outer loop
      vertex -21.9848 30.8283 3
      vertex -19.6935 31.0287 3
      vertex -19.7 31.1769 3
    endloop
  endfacet
  facet normal 0 0 1
    outer loop
      vertex -19.4722 32.0269 3
      vertex -21.4641 33.1769 3
      vertex -19.5407 31.8954 3
    endloop
  endfacet
  facet normal 0 0 1
    outer loop
      vertex -18.85 29.7047 3
      vertex -20 27.7128 3
      vertex -19.6905 27.5517 3
    endloop
  endfacet
  facet normal -0 0 1
    outer loop
      vertex -21.6252 32.8674 3
      vertex -19.5407 31.8954 3
      vertex -21.4641 33.1769 3
    endloop
  endfacet
  facet normal 0 0 1
    outer loop
      vertex -18.9751 29.7844 3
      vertex -20.2943 27.9003 3
      vertex -20 27.7128 3
    endloop
  endfacet
  facet normal 0 0 1
    outer loop
      vertex -19.5407 31.8954 3
      vertex -21.6252 32.8674 3
      vertex -19.5975 31.7583 3
    endloop
  endfacet
  facet normal 0 0 1
    outer loop
      vertex -19.0927 29.8746 3
      vertex -20.5711 28.1127 3
      vertex -20.2943 27.9003 3
    endloop
  endfacet
  facet normal -0 0 1
    outer loop
      vertex -21.7588 32.545 3
      vertex -19.5975 31.7583 3
      vertex -21.6252 32.8674 3
    endloop
  endfacet
  facet normal 0 0 1
    outer loop
      vertex -19.2021 29.9748 3
      vertex -20.8284 28.3485 3
      vertex -20.5711 28.1127 3
    endloop
  endfacet
  facet normal 0 0 1
    outer loop
      vertex -19.5975 31.7583 3
      vertex -21.7588 32.545 3
      vertex -19.6421 31.6169 3
    endloop
  endfacet
  facet normal 0 0 1
    outer loop
      vertex -19.3023 30.0842 3
      vertex -21.0642 28.6058 3
      vertex -20.8284 28.3485 3
    endloop
  endfacet
  facet normal -0 0 1
    outer loop
      vertex -21.8637 32.2122 3
      vertex -19.6421 31.6169 3
      vertex -21.7588 32.545 3
    endloop
  endfacet
  facet normal 0 0 1
    outer loop
      vertex -19.3926 30.2018 3
      vertex -21.2766 28.8826 3
      vertex -21.0642 28.6058 3
    endloop
  endfacet
  facet normal 0 0 1
    outer loop
      vertex -19.6421 31.6169 3
      vertex -21.8637 32.2122 3
      vertex -19.6742 31.4721 3
    endloop
  endfacet
  facet normal 0 0 1
    outer loop
      vertex -19.4722 30.3269 3
      vertex -21.4641 29.1769 3
      vertex -21.2766 28.8826 3
    endloop
  endfacet
  facet normal -0 0 1
    outer loop
      vertex -21.9392 31.8715 3
      vertex -19.6742 31.4721 3
      vertex -21.8637 32.2122 3
    endloop
  endfacet
  facet normal 0 0 1
    outer loop
      vertex -19.5407 30.4585 3
      vertex -21.6252 29.4864 3
      vertex -21.4641 29.1769 3
    endloop
  endfacet
  facet normal 0 0 1
    outer loop
      vertex -19.6742 31.4721 3
      vertex -21.9392 31.8715 3
      vertex -19.6935 31.3251 3
    endloop
  endfacet
  facet normal 0 0 1
    outer loop
      vertex -19.5975 30.5955 3
      vertex -21.7588 29.8088 3
      vertex -21.6252 29.4864 3
    endloop
  endfacet
  facet normal -0 0 1
    outer loop
      vertex -21.9848 31.5255 3
      vertex -19.6935 31.3251 3
      vertex -21.9392 31.8715 3
    endloop
  endfacet
  facet normal 0 0 1
    outer loop
      vertex -19.6421 30.7369 3
      vertex -21.8637 30.1416 3
      vertex -21.7588 29.8088 3
    endloop
  endfacet
  facet normal 0 0 1
    outer loop
      vertex -19.6935 31.3251 3
      vertex -21.9848 31.5255 3
      vertex -19.7 31.1769 3
    endloop
  endfacet
  facet normal 0 0 1
    outer loop
      vertex -19.6742 30.8817 3
      vertex -21.9392 30.4823 3
      vertex -21.8637 30.1416 3
    endloop
  endfacet
  facet normal 0 0 1
    outer loop
      vertex -22 31.1769 3
      vertex -19.7 31.1769 3
      vertex -21.9848 31.5255 3
    endloop
  endfacet
  facet normal 0 0 1
    outer loop
      vertex -19.6935 31.0287 3
      vertex -21.9848 30.8283 3
      vertex -21.9392 30.4823 3
    endloop
  endfacet
  facet normal 0 0 1
    outer loop
      vertex -19.7 31.1769 3
      vertex -22 31.1769 3
      vertex -21.9848 30.8283 3
    endloop
  endfacet
  facet normal -0.461714 -0.887029 0
    outer loop
      vertex -20 27.7128 0
      vertex -19.6905 27.5517 3
      vertex -20 27.7128 3
    endloop
  endfacet
  facet normal -0.461714 -0.887029 -0
    outer loop
      vertex -19.6905 27.5517 3
      vertex -20 27.7128 0
      vertex -19.6905 27.5517 0
    endloop
  endfacet
  facet normal -0.675634 -0.737237 0
    outer loop
      vertex -20.8284 28.3485 0
      vertex -20.5711 28.1127 3
      vertex -20.8284 28.3485 3
    endloop
  endfacet
  facet normal -0.675634 -0.737237 -0
    outer loop
      vertex -20.5711 28.1127 3
      vertex -20.8284 28.3485 0
      vertex -20.5711 28.1127 0
    endloop
  endfacet
  facet normal -0.843378 -0.53732 0
    outer loop
      vertex -21.2766 28.8826 0
      vertex -21.4641 29.1769 3
      vertex -21.4641 29.1769 0
    endloop
  endfacet
  facet normal -0.843378 -0.53732 0
    outer loop
      vertex -21.4641 29.1769 3
      vertex -21.2766 28.8826 0
      vertex -21.2766 28.8826 3
    endloop
  endfacet
  facet normal 0.843378 0.53732 0
    outer loop
      vertex -14.5359 33.1769 3
      vertex -14.7234 33.4712 0
      vertex -14.7234 33.4712 3
    endloop
  endfacet
  facet normal 0.843378 0.53732 0
    outer loop
      vertex -14.7234 33.4712 0
      vertex -14.5359 33.1769 3
      vertex -14.5359 33.1769 0
    endloop
  endfacet
  facet normal 0.53732 0.843378 -0
    outer loop
      vertex -15.7057 34.4535 0
      vertex -16 34.641 3
      vertex -15.7057 34.4535 3
    endloop
  endfacet
  facet normal 0.53732 0.843378 0
    outer loop
      vertex -16 34.641 3
      vertex -15.7057 34.4535 0
      vertex -16 34.641 0
    endloop
  endfacet
  facet normal 0.300624 0.953743 -0
    outer loop
      vertex -16.6319 34.9357 0
      vertex -16.9647 35.0406 3
      vertex -16.6319 34.9357 3
    endloop
  endfacet
  facet normal 0.300624 0.953743 0
    outer loop
      vertex -16.9647 35.0406 3
      vertex -16.6319 34.9357 0
      vertex -16.9647 35.0406 0
    endloop
  endfacet
  facet normal 0.461714 0.887029 -0
    outer loop
      vertex -16 34.641 0
      vertex -16.3095 34.8021 3
      vertex -16 34.641 3
    endloop
  endfacet
  facet normal 0.461714 0.887029 0
    outer loop
      vertex -16.3095 34.8021 3
      vertex -16 34.641 0
      vertex -16.3095 34.8021 0
    endloop
  endfacet
  facet normal 0.130662 0.991427 -0
    outer loop
      vertex -17.3054 35.1161 0
      vertex -17.6514 35.1617 3
      vertex -17.3054 35.1161 3
    endloop
  endfacet
  facet normal 0.130662 0.991427 0
    outer loop
      vertex -17.6514 35.1617 3
      vertex -17.3054 35.1161 0
      vertex -17.6514 35.1617 0
    endloop
  endfacet
  facet normal 0.0435616 0.999051 -0
    outer loop
      vertex -17.6514 35.1617 0
      vertex -18 35.1769 3
      vertex -17.6514 35.1617 3
    endloop
  endfacet
  facet normal 0.0435616 0.999051 0
    outer loop
      vertex -18 35.1769 3
      vertex -17.6514 35.1617 0
      vertex -18 35.1769 0
    endloop
  endfacet
  facet normal -0.461714 0.887029 0
    outer loop
      vertex -19.6905 34.8021 0
      vertex -20 34.641 3
      vertex -19.6905 34.8021 3
    endloop
  endfacet
  facet normal -0.461714 0.887029 0
    outer loop
      vertex -20 34.641 3
      vertex -19.6905 34.8021 0
      vertex -20 34.641 0
    endloop
  endfacet
  facet normal 0.976315 0.216354 0
    outer loop
      vertex -14.0608 31.8715 3
      vertex -14.1363 32.2122 0
      vertex -14.1363 32.2122 3
    endloop
  endfacet
  facet normal 0.976315 0.216354 0
    outer loop
      vertex -14.1363 32.2122 0
      vertex -14.0608 31.8715 3
      vertex -14.0608 31.8715 0
    endloop
  endfacet
  facet normal 0.976315 -0.216354 0
    outer loop
      vertex -14.1363 30.1416 3
      vertex -14.0608 30.4823 0
      vertex -14.0608 30.4823 3
    endloop
  endfacet
  facet normal 0.976315 -0.216354 0
    outer loop
      vertex -14.0608 30.4823 0
      vertex -14.1363 30.1416 3
      vertex -14.1363 30.1416 0
    endloop
  endfacet
  facet normal 0.991427 -0.130662 0
    outer loop
      vertex -14.0608 30.4823 3
      vertex -14.0152 30.8283 0
      vertex -14.0152 30.8283 3
    endloop
  endfacet
  facet normal 0.991427 -0.130662 0
    outer loop
      vertex -14.0152 30.8283 0
      vertex -14.0608 30.4823 3
      vertex -14.0608 30.4823 0
    endloop
  endfacet
  facet normal 0.999051 -0.0435616 0
    outer loop
      vertex -14.0152 30.8283 3
      vertex -14 31.1769 0
      vertex -14 31.1769 3
    endloop
  endfacet
  facet normal 0.999051 -0.0435616 0
    outer loop
      vertex -14 31.1769 0
      vertex -14.0152 30.8283 3
      vertex -14.0152 30.8283 0
    endloop
  endfacet
  facet normal 0.923821 0.382824 0
    outer loop
      vertex -14.2412 32.545 3
      vertex -14.3748 32.8674 0
      vertex -14.3748 32.8674 3
    endloop
  endfacet
  facet normal 0.923821 0.382824 0
    outer loop
      vertex -14.3748 32.8674 0
      vertex -14.2412 32.545 3
      vertex -14.2412 32.545 0
    endloop
  endfacet
  facet normal 0.887029 -0.461714 0
    outer loop
      vertex -14.5359 29.1769 3
      vertex -14.3748 29.4864 0
      vertex -14.3748 29.4864 3
    endloop
  endfacet
  facet normal 0.887029 -0.461714 0
    outer loop
      vertex -14.3748 29.4864 0
      vertex -14.5359 29.1769 3
      vertex -14.5359 29.1769 0
    endloop
  endfacet
  facet normal 0.843378 -0.53732 0
    outer loop
      vertex -14.7234 28.8826 3
      vertex -14.5359 29.1769 0
      vertex -14.5359 29.1769 3
    endloop
  endfacet
  facet normal 0.843378 -0.53732 0
    outer loop
      vertex -14.5359 29.1769 0
      vertex -14.7234 28.8826 3
      vertex -14.7234 28.8826 0
    endloop
  endfacet
  facet normal 0.923821 -0.382824 0
    outer loop
      vertex -14.3748 29.4864 3
      vertex -14.2412 29.8088 0
      vertex -14.2412 29.8088 3
    endloop
  endfacet
  facet normal 0.923821 -0.382824 0
    outer loop
      vertex -14.2412 29.8088 0
      vertex -14.3748 29.4864 3
      vertex -14.3748 29.4864 0
    endloop
  endfacet
  facet normal 0.53732 -0.843378 0
    outer loop
      vertex -16 27.7128 0
      vertex -15.7057 27.9003 3
      vertex -16 27.7128 3
    endloop
  endfacet
  facet normal 0.53732 -0.843378 0
    outer loop
      vertex -15.7057 27.9003 3
      vertex -16 27.7128 0
      vertex -15.7057 27.9003 0
    endloop
  endfacet
  facet normal 0 0 -1
    outer loop
      vertex -16.3 31.1769 0
      vertex -14 31.1769 0
      vertex -14.0152 30.8283 0
    endloop
  endfacet
  facet normal 0 0 -1
    outer loop
      vertex -16.3065 31.0287 0
      vertex -14.0152 30.8283 0
      vertex -14.0608 30.4823 0
    endloop
  endfacet
  facet normal 0 0 -1
    outer loop
      vertex -14 31.1769 0
      vertex -16.3 31.1769 0
      vertex -14.0152 31.5255 0
    endloop
  endfacet
  facet normal 0 0 -1
    outer loop
      vertex -16.3065 31.3251 0
      vertex -14.0152 31.5255 0
      vertex -16.3 31.1769 0
    endloop
  endfacet
  facet normal 0 0 -1
    outer loop
      vertex -16.3258 30.8817 0
      vertex -14.0608 30.4823 0
      vertex -14.1363 30.1416 0
    endloop
  endfacet
  facet normal 0 0 -1
    outer loop
      vertex -16.3579 30.7369 0
      vertex -14.1363 30.1416 0
      vertex -14.2412 29.8088 0
    endloop
  endfacet
  facet normal -0 0 -1
    outer loop
      vertex -14.0152 31.5255 0
      vertex -16.3065 31.3251 0
      vertex -14.0608 31.8715 0
    endloop
  endfacet
  facet normal 0 0 -1
    outer loop
      vertex -16.3258 31.4721 0
      vertex -14.0608 31.8715 0
      vertex -16.3065 31.3251 0
    endloop
  endfacet
  facet normal 0 0 -1
    outer loop
      vertex -16.4025 30.5955 0
      vertex -14.2412 29.8088 0
      vertex -14.3748 29.4864 0
    endloop
  endfacet
  facet normal -0 0 -1
    outer loop
      vertex -14.0608 31.8715 0
      vertex -16.3258 31.4721 0
      vertex -14.1363 32.2122 0
    endloop
  endfacet
  facet normal 0 0 -1
    outer loop
      vertex -16.4593 30.4585 0
      vertex -14.3748 29.4864 0
      vertex -14.5359 29.1769 0
    endloop
  endfacet
  facet normal 0 0 -1
    outer loop
      vertex -16.3579 31.6169 0
      vertex -14.1363 32.2122 0
      vertex -16.3258 31.4721 0
    endloop
  endfacet
  facet normal 0 0 -1
    outer loop
      vertex -16.5278 30.3269 0
      vertex -14.5359 29.1769 0
      vertex -14.7234 28.8826 0
    endloop
  endfacet
  facet normal 0 0 -1
    outer loop
      vertex -16.6074 30.2018 0
      vertex -14.7234 28.8826 0
      vertex -14.9358 28.6058 0
    endloop
  endfacet
  facet normal -0 0 -1
    outer loop
      vertex -14.1363 32.2122 0
      vertex -16.3579 31.6169 0
      vertex -14.2412 32.545 0
    endloop
  endfacet
  facet normal 0 0 -1
    outer loop
      vertex -16.4025 31.7583 0
      vertex -14.2412 32.545 0
      vertex -16.3579 31.6169 0
    endloop
  endfacet
  facet normal 0 0 -1
    outer loop
      vertex -16.6977 30.0842 0
      vertex -14.9358 28.6058 0
      vertex -15.1716 28.3485 0
    endloop
  endfacet
  facet normal 0 0 -1
    outer loop
      vertex -16.7979 29.9748 0
      vertex -15.1716 28.3485 0
      vertex -15.4289 28.1127 0
    endloop
  endfacet
  facet normal -0 0 -1
    outer loop
      vertex -14.2412 32.545 0
      vertex -16.4025 31.7583 0
      vertex -14.3748 32.8674 0
    endloop
  endfacet
  facet normal 0 0 -1
    outer loop
      vertex -16.4593 31.8954 0
      vertex -14.3748 32.8674 0
      vertex -16.4025 31.7583 0
    endloop
  endfacet
  facet normal 0 0 -1
    outer loop
      vertex -16.9073 29.8746 0
      vertex -15.4289 28.1127 0
      vertex -15.7057 27.9003 0
    endloop
  endfacet
  facet normal 0 0 -1
    outer loop
      vertex -17.0249 29.7844 0
      vertex -15.7057 27.9003 0
      vertex -16 27.7128 0
    endloop
  endfacet
  facet normal -0 0 -1
    outer loop
      vertex -14.3748 32.8674 0
      vertex -16.4593 31.8954 0
      vertex -14.5359 33.1769 0
    endloop
  endfacet
  facet normal 0 0 -1
    outer loop
      vertex -16.5278 32.0269 0
      vertex -14.5359 33.1769 0
      vertex -16.4593 31.8954 0
    endloop
  endfacet
  facet normal 0 0 -1
    outer loop
      vertex -14.0152 30.8283 0
      vertex -16.3065 31.0287 0
      vertex -16.3 31.1769 0
    endloop
  endfacet
  facet normal 0 0 -1
    outer loop
      vertex -17.15 29.7047 0
      vertex -16 27.7128 0
      vertex -16.3095 27.5517 0
    endloop
  endfacet
  facet normal 0 0 -1
    outer loop
      vertex -14.0608 30.4823 0
      vertex -16.3258 30.8817 0
      vertex -16.3065 31.0287 0
    endloop
  endfacet
  facet normal 0 0 -1
    outer loop
      vertex -14.1363 30.1416 0
      vertex -16.3579 30.7369 0
      vertex -16.3258 30.8817 0
    endloop
  endfacet
  facet normal 0 0 -1
    outer loop
      vertex -14.2412 29.8088 0
      vertex -16.4025 30.5955 0
      vertex -16.3579 30.7369 0
    endloop
  endfacet
  facet normal 0 0 -1
    outer loop
      vertex -14.3748 29.4864 0
      vertex -16.4593 30.4585 0
      vertex -16.4025 30.5955 0
    endloop
  endfacet
  facet normal 0 0 -1
    outer loop
      vertex -14.5359 29.1769 0
      vertex -16.5278 30.3269 0
      vertex -16.4593 30.4585 0
    endloop
  endfacet
  facet normal 0 0 -1
    outer loop
      vertex -14.7234 28.8826 0
      vertex -16.6074 30.2018 0
      vertex -16.5278 30.3269 0
    endloop
  endfacet
  facet normal 0 0 -1
    outer loop
      vertex -17.2815 29.6362 0
      vertex -16.3095 27.5517 0
      vertex -16.6319 27.4181 0
    endloop
  endfacet
  facet normal 0 0 -1
    outer loop
      vertex -14.9358 28.6058 0
      vertex -16.6977 30.0842 0
      vertex -16.6074 30.2018 0
    endloop
  endfacet
  facet normal 0 0 -1
    outer loop
      vertex -15.1716 28.3485 0
      vertex -16.7979 29.9748 0
      vertex -16.6977 30.0842 0
    endloop
  endfacet
  facet normal 0 0 -1
    outer loop
      vertex -15.4289 28.1127 0
      vertex -16.9073 29.8746 0
      vertex -16.7979 29.9748 0
    endloop
  endfacet
  facet normal 0 0 -1
    outer loop
      vertex -17.4186 29.5794 0
      vertex -16.6319 27.4181 0
      vertex -16.9647 27.3132 0
    endloop
  endfacet
  facet normal 0 0 -1
    outer loop
      vertex -15.7057 27.9003 0
      vertex -17.0249 29.7844 0
      vertex -16.9073 29.8746 0
    endloop
  endfacet
  facet normal 0 0 -1
    outer loop
      vertex -16 27.7128 0
      vertex -17.15 29.7047 0
      vertex -17.0249 29.7844 0
    endloop
  endfacet
  facet normal 0 0 -1
    outer loop
      vertex -16.3095 27.5517 0
      vertex -17.2815 29.6362 0
      vertex -17.15 29.7047 0
    endloop
  endfacet
  facet normal 0 0 -1
    outer loop
      vertex -17.56 29.5348 0
      vertex -16.9647 27.3132 0
      vertex -17.3054 27.2377 0
    endloop
  endfacet
  facet normal 0 0 -1
    outer loop
      vertex -16.6319 27.4181 0
      vertex -17.4186 29.5794 0
      vertex -17.2815 29.6362 0
    endloop
  endfacet
  facet normal 0 0 -1
    outer loop
      vertex -16.9647 27.3132 0
      vertex -17.56 29.5348 0
      vertex -17.4186 29.5794 0
    endloop
  endfacet
  facet normal 0 0 -1
    outer loop
      vertex -17.7048 29.5027 0
      vertex -17.3054 27.2377 0
      vertex -17.6514 27.1921 0
    endloop
  endfacet
  facet normal 0 0 -1
    outer loop
      vertex -17.3054 27.2377 0
      vertex -17.7048 29.5027 0
      vertex -17.56 29.5348 0
    endloop
  endfacet
  facet normal 0 0 -1
    outer loop
      vertex -17.6514 27.1921 0
      vertex -17.8518 29.4834 0
      vertex -17.7048 29.5027 0
    endloop
  endfacet
  facet normal 0 0 -1
    outer loop
      vertex -18 27.1769 0
      vertex -17.8518 29.4834 0
      vertex -17.6514 27.1921 0
    endloop
  endfacet
  facet normal 0 0 -1
    outer loop
      vertex -18 27.1769 0
      vertex -18 29.4769 0
      vertex -17.8518 29.4834 0
    endloop
  endfacet
  facet normal 0 0 -1
    outer loop
      vertex -18 27.1769 0
      vertex -18.1482 29.4834 0
      vertex -18 29.4769 0
    endloop
  endfacet
  facet normal 0 0 -1
    outer loop
      vertex -18.3486 27.1921 0
      vertex -18.1482 29.4834 0
      vertex -18 27.1769 0
    endloop
  endfacet
  facet normal -0 0 -1
    outer loop
      vertex -18.1482 29.4834 0
      vertex -18.3486 27.1921 0
      vertex -18.2952 29.5027 0
    endloop
  endfacet
  facet normal 0 0 -1
    outer loop
      vertex -18.6946 27.2377 0
      vertex -18.2952 29.5027 0
      vertex -18.3486 27.1921 0
    endloop
  endfacet
  facet normal -0 0 -1
    outer loop
      vertex -18.2952 29.5027 0
      vertex -18.6946 27.2377 0
      vertex -18.44 29.5348 0
    endloop
  endfacet
  facet normal 0 0 -1
    outer loop
      vertex -19.0353 27.3132 0
      vertex -18.44 29.5348 0
      vertex -18.6946 27.2377 0
    endloop
  endfacet
  facet normal -0 0 -1
    outer loop
      vertex -18.44 29.5348 0
      vertex -19.0353 27.3132 0
      vertex -18.5814 29.5794 0
    endloop
  endfacet
  facet normal 0 0 -1
    outer loop
      vertex -19.3681 27.4181 0
      vertex -18.5814 29.5794 0
      vertex -19.0353 27.3132 0
    endloop
  endfacet
  facet normal -0 0 -1
    outer loop
      vertex -18.5814 29.5794 0
      vertex -19.3681 27.4181 0
      vertex -18.7185 29.6362 0
    endloop
  endfacet
  facet normal 0 0 -1
    outer loop
      vertex -19.6905 27.5517 0
      vertex -18.7185 29.6362 0
      vertex -19.3681 27.4181 0
    endloop
  endfacet
  facet normal -0 0 -1
    outer loop
      vertex -18.7185 29.6362 0
      vertex -19.6905 27.5517 0
      vertex -18.85 29.7047 0
    endloop
  endfacet
  facet normal 0 0 -1
    outer loop
      vertex -20 27.7128 0
      vertex -18.85 29.7047 0
      vertex -19.6905 27.5517 0
    endloop
  endfacet
  facet normal -0 0 -1
    outer loop
      vertex -18.85 29.7047 0
      vertex -20 27.7128 0
      vertex -18.9751 29.7844 0
    endloop
  endfacet
  facet normal 0 0 -1
    outer loop
      vertex -20.2943 27.9003 0
      vertex -18.9751 29.7844 0
      vertex -20 27.7128 0
    endloop
  endfacet
  facet normal -0 0 -1
    outer loop
      vertex -18.9751 29.7844 0
      vertex -20.2943 27.9003 0
      vertex -19.0927 29.8746 0
    endloop
  endfacet
  facet normal 0 0 -1
    outer loop
      vertex -20.5711 28.1127 0
      vertex -19.0927 29.8746 0
      vertex -20.2943 27.9003 0
    endloop
  endfacet
  facet normal -0 0 -1
    outer loop
      vertex -19.0927 29.8746 0
      vertex -20.5711 28.1127 0
      vertex -19.2021 29.9748 0
    endloop
  endfacet
  facet normal 0 0 -1
    outer loop
      vertex -20.8284 28.3485 0
      vertex -19.2021 29.9748 0
      vertex -20.5711 28.1127 0
    endloop
  endfacet
  facet normal -0 0 -1
    outer loop
      vertex -19.2021 29.9748 0
      vertex -20.8284 28.3485 0
      vertex -19.3023 30.0842 0
    endloop
  endfacet
  facet normal 0 0 -1
    outer loop
      vertex -21.0642 28.6058 0
      vertex -19.3023 30.0842 0
      vertex -20.8284 28.3485 0
    endloop
  endfacet
  facet normal -0 0 -1
    outer loop
      vertex -19.3023 30.0842 0
      vertex -21.0642 28.6058 0
      vertex -19.3926 30.2018 0
    endloop
  endfacet
  facet normal 0 0 -1
    outer loop
      vertex -21.2766 28.8826 0
      vertex -19.3926 30.2018 0
      vertex -21.0642 28.6058 0
    endloop
  endfacet
  facet normal -0 0 -1
    outer loop
      vertex -19.3926 30.2018 0
      vertex -21.2766 28.8826 0
      vertex -19.4722 30.3269 0
    endloop
  endfacet
  facet normal 0 0 -1
    outer loop
      vertex -21.4641 29.1769 0
      vertex -19.4722 30.3269 0
      vertex -21.2766 28.8826 0
    endloop
  endfacet
  facet normal -0 0 -1
    outer loop
      vertex -14.5359 33.1769 0
      vertex -16.5278 32.0269 0
      vertex -14.7234 33.4712 0
    endloop
  endfacet
  facet normal 0 0 -1
    outer loop
      vertex -16.6074 32.152 0
      vertex -14.7234 33.4712 0
      vertex -16.5278 32.0269 0
    endloop
  endfacet
  facet normal -0 0 -1
    outer loop
      vertex -14.7234 33.4712 0
      vertex -16.6074 32.152 0
      vertex -14.9358 33.7481 0
    endloop
  endfacet
  facet normal 0 0 -1
    outer loop
      vertex -16.6977 32.2697 0
      vertex -14.9358 33.7481 0
      vertex -16.6074 32.152 0
    endloop
  endfacet
  facet normal -0 0 -1
    outer loop
      vertex -14.9358 33.7481 0
      vertex -16.6977 32.2697 0
      vertex -15.1716 34.0053 0
    endloop
  endfacet
  facet normal 0 0 -1
    outer loop
      vertex -16.7979 32.379 0
      vertex -15.1716 34.0053 0
      vertex -16.6977 32.2697 0
    endloop
  endfacet
  facet normal -0 0 -1
    outer loop
      vertex -15.1716 34.0053 0
      vertex -16.7979 32.379 0
      vertex -15.4289 34.2411 0
    endloop
  endfacet
  facet normal 0 0 -1
    outer loop
      vertex -16.9073 32.4792 0
      vertex -15.4289 34.2411 0
      vertex -16.7979 32.379 0
    endloop
  endfacet
  facet normal -0 0 -1
    outer loop
      vertex -15.4289 34.2411 0
      vertex -16.9073 32.4792 0
      vertex -15.7057 34.4535 0
    endloop
  endfacet
  facet normal 0 0 -1
    outer loop
      vertex -17.0249 32.5695 0
      vertex -15.7057 34.4535 0
      vertex -16.9073 32.4792 0
    endloop
  endfacet
  facet normal -0 0 -1
    outer loop
      vertex -15.7057 34.4535 0
      vertex -17.0249 32.5695 0
      vertex -16 34.641 0
    endloop
  endfacet
  facet normal 0 0 -1
    outer loop
      vertex -17.15 32.6492 0
      vertex -16 34.641 0
      vertex -17.0249 32.5695 0
    endloop
  endfacet
  facet normal -0 0 -1
    outer loop
      vertex -16 34.641 0
      vertex -17.15 32.6492 0
      vertex -16.3095 34.8021 0
    endloop
  endfacet
  facet normal 0 0 -1
    outer loop
      vertex -17.2815 32.7176 0
      vertex -16.3095 34.8021 0
      vertex -17.15 32.6492 0
    endloop
  endfacet
  facet normal -0 0 -1
    outer loop
      vertex -16.3095 34.8021 0
      vertex -17.2815 32.7176 0
      vertex -16.6319 34.9357 0
    endloop
  endfacet
  facet normal 0 0 -1
    outer loop
      vertex -17.4186 32.7744 0
      vertex -16.6319 34.9357 0
      vertex -17.2815 32.7176 0
    endloop
  endfacet
  facet normal -0 0 -1
    outer loop
      vertex -16.6319 34.9357 0
      vertex -17.4186 32.7744 0
      vertex -16.9647 35.0406 0
    endloop
  endfacet
  facet normal 0 0 -1
    outer loop
      vertex -17.56 32.819 0
      vertex -16.9647 35.0406 0
      vertex -17.4186 32.7744 0
    endloop
  endfacet
  facet normal -0 0 -1
    outer loop
      vertex -16.9647 35.0406 0
      vertex -17.56 32.819 0
      vertex -17.3054 35.1161 0
    endloop
  endfacet
  facet normal 0 0 -1
    outer loop
      vertex -17.7048 32.8511 0
      vertex -17.3054 35.1161 0
      vertex -17.56 32.819 0
    endloop
  endfacet
  facet normal -0 0 -1
    outer loop
      vertex -17.3054 35.1161 0
      vertex -17.7048 32.8511 0
      vertex -17.6514 35.1617 0
    endloop
  endfacet
  facet normal 0 0 -1
    outer loop
      vertex -17.8518 32.8704 0
      vertex -17.6514 35.1617 0
      vertex -17.7048 32.8511 0
    endloop
  endfacet
  facet normal 0 0 -1
    outer loop
      vertex -18 32.8769 0
      vertex -17.6514 35.1617 0
      vertex -17.8518 32.8704 0
    endloop
  endfacet
  facet normal 0 0 -1
    outer loop
      vertex -18 32.8769 0
      vertex -18 35.1769 0
      vertex -17.6514 35.1617 0
    endloop
  endfacet
  facet normal 0 0 -1
    outer loop
      vertex -18.1482 32.8704 0
      vertex -18 35.1769 0
      vertex -18 32.8769 0
    endloop
  endfacet
  facet normal 0 0 -1
    outer loop
      vertex -18.3486 35.1617 0
      vertex -18.1482 32.8704 0
      vertex -18.2952 32.8511 0
    endloop
  endfacet
  facet normal 0 0 -1
    outer loop
      vertex -18.1482 32.8704 0
      vertex -18.3486 35.1617 0
      vertex -18 35.1769 0
    endloop
  endfacet
  facet normal 0 0 -1
    outer loop
      vertex -18.6946 35.1161 0
      vertex -18.2952 32.8511 0
      vertex -18.44 32.819 0
    endloop
  endfacet
  facet normal 0 0 -1
    outer loop
      vertex -19.0353 35.0406 0
      vertex -18.44 32.819 0
      vertex -18.5814 32.7744 0
    endloop
  endfacet
  facet normal 0 0 -1
    outer loop
      vertex -18.2952 32.8511 0
      vertex -18.6946 35.1161 0
      vertex -18.3486 35.1617 0
    endloop
  endfacet
  facet normal 0 0 -1
    outer loop
      vertex -19.3681 34.9357 0
      vertex -18.5814 32.7744 0
      vertex -18.7185 32.7176 0
    endloop
  endfacet
  facet normal 0 0 -1
    outer loop
      vertex -19.6905 34.8021 0
      vertex -18.7185 32.7176 0
      vertex -18.85 32.6492 0
    endloop
  endfacet
  facet normal 0 0 -1
    outer loop
      vertex -20 34.641 0
      vertex -18.85 32.6492 0
      vertex -18.9751 32.5695 0
    endloop
  endfacet
  facet normal 0 0 -1
    outer loop
      vertex -18.44 32.819 0
      vertex -19.0353 35.0406 0
      vertex -18.6946 35.1161 0
    endloop
  endfacet
  facet normal 0 0 -1
    outer loop
      vertex -20.2943 34.4535 0
      vertex -18.9751 32.5695 0
      vertex -19.0927 32.4792 0
    endloop
  endfacet
  facet normal 0 0 -1
    outer loop
      vertex -20.5711 34.2411 0
      vertex -19.0927 32.4792 0
      vertex -19.2021 32.379 0
    endloop
  endfacet
  facet normal 0 0 -1
    outer loop
      vertex -20.8284 34.0053 0
      vertex -19.2021 32.379 0
      vertex -19.3023 32.2697 0
    endloop
  endfacet
  facet normal 0 0 -1
    outer loop
      vertex -18.5814 32.7744 0
      vertex -19.3681 34.9357 0
      vertex -19.0353 35.0406 0
    endloop
  endfacet
  facet normal 0 0 -1
    outer loop
      vertex -21.0642 33.7481 0
      vertex -19.3023 32.2697 0
      vertex -19.3926 32.152 0
    endloop
  endfacet
  facet normal 0 0 -1
    outer loop
      vertex -21.2766 33.4712 0
      vertex -19.3926 32.152 0
      vertex -19.4722 32.0269 0
    endloop
  endfacet
  facet normal 0 0 -1
    outer loop
      vertex -21.4641 33.1769 0
      vertex -19.4722 32.0269 0
      vertex -19.5407 31.8954 0
    endloop
  endfacet
  facet normal 0 0 -1
    outer loop
      vertex -21.6252 32.8674 0
      vertex -19.5407 31.8954 0
      vertex -19.5975 31.7583 0
    endloop
  endfacet
  facet normal 0 0 -1
    outer loop
      vertex -21.7588 32.545 0
      vertex -19.5975 31.7583 0
      vertex -19.6421 31.6169 0
    endloop
  endfacet
  facet normal 0 0 -1
    outer loop
      vertex -21.8637 32.2122 0
      vertex -19.6421 31.6169 0
      vertex -19.6742 31.4721 0
    endloop
  endfacet
  facet normal 0 0 -1
    outer loop
      vertex -18.7185 32.7176 0
      vertex -19.6905 34.8021 0
      vertex -19.3681 34.9357 0
    endloop
  endfacet
  facet normal 0 0 -1
    outer loop
      vertex -21.9392 31.8715 0
      vertex -19.6742 31.4721 0
      vertex -19.6935 31.3251 0
    endloop
  endfacet
  facet normal 0 0 -1
    outer loop
      vertex -21.9848 31.5255 0
      vertex -19.6935 31.3251 0
      vertex -19.7 31.1769 0
    endloop
  endfacet
  facet normal -0 0 -1
    outer loop
      vertex -19.4722 30.3269 0
      vertex -21.4641 29.1769 0
      vertex -19.5407 30.4585 0
    endloop
  endfacet
  facet normal 0 0 -1
    outer loop
      vertex -18.85 32.6492 0
      vertex -20 34.641 0
      vertex -19.6905 34.8021 0
    endloop
  endfacet
  facet normal 0 0 -1
    outer loop
      vertex -21.6252 29.4864 0
      vertex -19.5407 30.4585 0
      vertex -21.4641 29.1769 0
    endloop
  endfacet
  facet normal 0 0 -1
    outer loop
      vertex -18.9751 32.5695 0
      vertex -20.2943 34.4535 0
      vertex -20 34.641 0
    endloop
  endfacet
  facet normal -0 0 -1
    outer loop
      vertex -19.5407 30.4585 0
      vertex -21.6252 29.4864 0
      vertex -19.5975 30.5955 0
    endloop
  endfacet
  facet normal 0 0 -1
    outer loop
      vertex -19.0927 32.4792 0
      vertex -20.5711 34.2411 0
      vertex -20.2943 34.4535 0
    endloop
  endfacet
  facet normal 0 0 -1
    outer loop
      vertex -21.7588 29.8088 0
      vertex -19.5975 30.5955 0
      vertex -21.6252 29.4864 0
    endloop
  endfacet
  facet normal 0 0 -1
    outer loop
      vertex -19.2021 32.379 0
      vertex -20.8284 34.0053 0
      vertex -20.5711 34.2411 0
    endloop
  endfacet
  facet normal 0 0 -1
    outer loop
      vertex -19.3023 32.2697 0
      vertex -21.0642 33.7481 0
      vertex -20.8284 34.0053 0
    endloop
  endfacet
  facet normal -0 0 -1
    outer loop
      vertex -19.5975 30.5955 0
      vertex -21.7588 29.8088 0
      vertex -19.6421 30.7369 0
    endloop
  endfacet
  facet normal 0 0 -1
    outer loop
      vertex -21.8637 30.1416 0
      vertex -19.6421 30.7369 0
      vertex -21.7588 29.8088 0
    endloop
  endfacet
  facet normal 0 0 -1
    outer loop
      vertex -19.3926 32.152 0
      vertex -21.2766 33.4712 0
      vertex -21.0642 33.7481 0
    endloop
  endfacet
  facet normal -0 0 -1
    outer loop
      vertex -19.6421 30.7369 0
      vertex -21.8637 30.1416 0
      vertex -19.6742 30.8817 0
    endloop
  endfacet
  facet normal 0 0 -1
    outer loop
      vertex -19.4722 32.0269 0
      vertex -21.4641 33.1769 0
      vertex -21.2766 33.4712 0
    endloop
  endfacet
  facet normal 0 0 -1
    outer loop
      vertex -21.9392 30.4823 0
      vertex -19.6742 30.8817 0
      vertex -21.8637 30.1416 0
    endloop
  endfacet
  facet normal 0 0 -1
    outer loop
      vertex -19.5407 31.8954 0
      vertex -21.6252 32.8674 0
      vertex -21.4641 33.1769 0
    endloop
  endfacet
  facet normal -0 0 -1
    outer loop
      vertex -19.6742 30.8817 0
      vertex -21.9392 30.4823 0
      vertex -19.6935 31.0287 0
    endloop
  endfacet
  facet normal 0 0 -1
    outer loop
      vertex -19.5975 31.7583 0
      vertex -21.7588 32.545 0
      vertex -21.6252 32.8674 0
    endloop
  endfacet
  facet normal 0 0 -1
    outer loop
      vertex -21.9848 30.8283 0
      vertex -19.6935 31.0287 0
      vertex -21.9392 30.4823 0
    endloop
  endfacet
  facet normal 0 0 -1
    outer loop
      vertex -19.6421 31.6169 0
      vertex -21.8637 32.2122 0
      vertex -21.7588 32.545 0
    endloop
  endfacet
  facet normal -0 0 -1
    outer loop
      vertex -19.6935 31.0287 0
      vertex -21.9848 30.8283 0
      vertex -19.7 31.1769 0
    endloop
  endfacet
  facet normal 0 0 -1
    outer loop
      vertex -19.6742 31.4721 0
      vertex -21.9392 31.8715 0
      vertex -21.8637 32.2122 0
    endloop
  endfacet
  facet normal 0 0 -1
    outer loop
      vertex -22 31.1769 0
      vertex -19.7 31.1769 0
      vertex -21.9848 30.8283 0
    endloop
  endfacet
  facet normal 0 0 -1
    outer loop
      vertex -19.6935 31.3251 0
      vertex -21.9848 31.5255 0
      vertex -21.9392 31.8715 0
    endloop
  endfacet
  facet normal 0 0 -1
    outer loop
      vertex -19.7 31.1769 0
      vertex -22 31.1769 0
      vertex -21.9848 31.5255 0
    endloop
  endfacet
  facet normal -0.953743 0.300624 0
    outer loop
      vertex -21.8637 32.2122 0
      vertex -21.7588 32.545 3
      vertex -21.7588 32.545 0
    endloop
  endfacet
  facet normal -0.953743 0.300624 0
    outer loop
      vertex -21.7588 32.545 3
      vertex -21.8637 32.2122 0
      vertex -21.8637 32.2122 3
    endloop
  endfacet
  facet normal -0.923821 0.382824 0
    outer loop
      vertex -21.7588 32.545 0
      vertex -21.6252 32.8674 3
      vertex -21.6252 32.8674 0
    endloop
  endfacet
  facet normal -0.923821 0.382824 0
    outer loop
      vertex -21.6252 32.8674 3
      vertex -21.7588 32.545 0
      vertex -21.7588 32.545 3
    endloop
  endfacet
  facet normal -0.976315 -0.216354 0
    outer loop
      vertex -21.8637 30.1416 0
      vertex -21.9392 30.4823 3
      vertex -21.9392 30.4823 0
    endloop
  endfacet
  facet normal -0.976315 -0.216354 0
    outer loop
      vertex -21.9392 30.4823 3
      vertex -21.8637 30.1416 0
      vertex -21.8637 30.1416 3
    endloop
  endfacet
  facet normal -0.216354 -0.976315 0
    outer loop
      vertex -19.0353 27.3132 0
      vertex -18.6946 27.2377 3
      vertex -19.0353 27.3132 3
    endloop
  endfacet
  facet normal -0.216354 -0.976315 -0
    outer loop
      vertex -18.6946 27.2377 3
      vertex -19.0353 27.3132 0
      vertex -18.6946 27.2377 0
    endloop
  endfacet
  facet normal 0.300624 -0.953743 0
    outer loop
      vertex -16.9647 27.3132 0
      vertex -16.6319 27.4181 3
      vertex -16.9647 27.3132 3
    endloop
  endfacet
  facet normal 0.300624 -0.953743 0
    outer loop
      vertex -16.6319 27.4181 3
      vertex -16.9647 27.3132 0
      vertex -16.6319 27.4181 0
    endloop
  endfacet
  facet normal -0.382824 -0.923821 0
    outer loop
      vertex -19.6905 27.5517 0
      vertex -19.3681 27.4181 3
      vertex -19.6905 27.5517 3
    endloop
  endfacet
  facet normal -0.382824 -0.923821 -0
    outer loop
      vertex -19.3681 27.4181 3
      vertex -19.6905 27.5517 0
      vertex -19.3681 27.4181 0
    endloop
  endfacet
  facet normal -0.53732 -0.843378 0
    outer loop
      vertex -20.2943 27.9003 0
      vertex -20 27.7128 3
      vertex -20.2943 27.9003 3
    endloop
  endfacet
  facet normal -0.53732 -0.843378 -0
    outer loop
      vertex -20 27.7128 3
      vertex -20.2943 27.9003 0
      vertex -20 27.7128 0
    endloop
  endfacet
  facet normal 0.793454 0.60863 0
    outer loop
      vertex -14.7234 33.4712 3
      vertex -14.9358 33.7481 0
      vertex -14.9358 33.7481 3
    endloop
  endfacet
  facet normal 0.793454 0.60863 0
    outer loop
      vertex -14.9358 33.7481 0
      vertex -14.7234 33.4712 3
      vertex -14.7234 33.4712 0
    endloop
  endfacet
  facet normal 0.608768 0.793348 -0
    outer loop
      vertex -15.4289 34.2411 0
      vertex -15.7057 34.4535 3
      vertex -15.4289 34.2411 3
    endloop
  endfacet
  facet normal 0.608768 0.793348 0
    outer loop
      vertex -15.7057 34.4535 3
      vertex -15.4289 34.2411 0
      vertex -15.7057 34.4535 0
    endloop
  endfacet
  facet normal 0.675634 0.737237 -0
    outer loop
      vertex -15.1716 34.0053 0
      vertex -15.4289 34.2411 3
      vertex -15.1716 34.0053 3
    endloop
  endfacet
  facet normal 0.675634 0.737237 0
    outer loop
      vertex -15.4289 34.2411 3
      vertex -15.1716 34.0053 0
      vertex -15.4289 34.2411 0
    endloop
  endfacet
  facet normal -0.130662 0.991427 0
    outer loop
      vertex -18.3486 35.1617 0
      vertex -18.6946 35.1161 3
      vertex -18.3486 35.1617 3
    endloop
  endfacet
  facet normal -0.130662 0.991427 0
    outer loop
      vertex -18.6946 35.1161 3
      vertex -18.3486 35.1617 0
      vertex -18.6946 35.1161 0
    endloop
  endfacet
  facet normal -0.300624 0.953743 0
    outer loop
      vertex -19.0353 35.0406 0
      vertex -19.3681 34.9357 3
      vertex -19.0353 35.0406 3
    endloop
  endfacet
  facet normal -0.300624 0.953743 0
    outer loop
      vertex -19.3681 34.9357 3
      vertex -19.0353 35.0406 0
      vertex -19.3681 34.9357 0
    endloop
  endfacet
  facet normal -0.382824 0.923821 0
    outer loop
      vertex -19.3681 34.9357 0
      vertex -19.6905 34.8021 3
      vertex -19.3681 34.9357 3
    endloop
  endfacet
  facet normal -0.382824 0.923821 0
    outer loop
      vertex -19.6905 34.8021 3
      vertex -19.3681 34.9357 0
      vertex -19.6905 34.8021 0
    endloop
  endfacet
  facet normal 0.999051 0.0435616 0
    outer loop
      vertex -14 31.1769 3
      vertex -14.0152 31.5255 0
      vertex -14.0152 31.5255 3
    endloop
  endfacet
  facet normal 0.999051 0.0435616 0
    outer loop
      vertex -14.0152 31.5255 0
      vertex -14 31.1769 3
      vertex -14 31.1769 0
    endloop
  endfacet
  facet normal 0.887029 0.461714 0
    outer loop
      vertex -14.3748 32.8674 3
      vertex -14.5359 33.1769 0
      vertex -14.5359 33.1769 3
    endloop
  endfacet
  facet normal 0.887029 0.461714 0
    outer loop
      vertex -14.5359 33.1769 0
      vertex -14.3748 32.8674 3
      vertex -14.3748 32.8674 0
    endloop
  endfacet
  facet normal 0.675634 -0.737237 0
    outer loop
      vertex -15.4289 28.1127 0
      vertex -15.1716 28.3485 3
      vertex -15.4289 28.1127 3
    endloop
  endfacet
  facet normal 0.675634 -0.737237 0
    outer loop
      vertex -15.1716 28.3485 3
      vertex -15.4289 28.1127 0
      vertex -15.1716 28.3485 0
    endloop
  endfacet
  facet normal 0.608768 -0.793348 0
    outer loop
      vertex -15.7057 27.9003 0
      vertex -15.4289 28.1127 3
      vertex -15.7057 27.9003 3
    endloop
  endfacet
  facet normal 0.608768 -0.793348 0
    outer loop
      vertex -15.4289 28.1127 3
      vertex -15.7057 27.9003 0
      vertex -15.4289 28.1127 0
    endloop
  endfacet
  facet normal -0.887029 0.461714 0
    outer loop
      vertex -21.6252 32.8674 0
      vertex -21.4641 33.1769 3
      vertex -21.4641 33.1769 0
    endloop
  endfacet
  facet normal -0.887029 0.461714 0
    outer loop
      vertex -21.4641 33.1769 3
      vertex -21.6252 32.8674 0
      vertex -21.6252 32.8674 3
    endloop
  endfacet
  facet normal -0.737237 -0.675634 0
    outer loop
      vertex -20.8284 28.3485 0
      vertex -21.0642 28.6058 3
      vertex -21.0642 28.6058 0
    endloop
  endfacet
  facet normal -0.737237 -0.675634 0
    outer loop
      vertex -21.0642 28.6058 3
      vertex -20.8284 28.3485 0
      vertex -20.8284 28.3485 3
    endloop
  endfacet
  facet normal 0.382824 0.923821 -0
    outer loop
      vertex -16.3095 34.8021 0
      vertex -16.6319 34.9357 3
      vertex -16.3095 34.8021 3
    endloop
  endfacet
  facet normal 0.382824 0.923821 0
    outer loop
      vertex -16.6319 34.9357 3
      vertex -16.3095 34.8021 0
      vertex -16.6319 34.9357 0
    endloop
  endfacet
  facet normal 0.953743 0.300624 0
    outer loop
      vertex -14.1363 32.2122 3
      vertex -14.2412 32.545 0
      vertex -14.2412 32.545 3
    endloop
  endfacet
  facet normal 0.953743 0.300624 0
    outer loop
      vertex -14.2412 32.545 0
      vertex -14.1363 32.2122 3
      vertex -14.1363 32.2122 0
    endloop
  endfacet
  facet normal 0.737237 -0.675634 0
    outer loop
      vertex -15.1716 28.3485 3
      vertex -14.9358 28.6058 0
      vertex -14.9358 28.6058 3
    endloop
  endfacet
  facet normal 0.737237 -0.675634 0
    outer loop
      vertex -14.9358 28.6058 0
      vertex -15.1716 28.3485 3
      vertex -15.1716 28.3485 0
    endloop
  endfacet
  facet normal 0.537312 -0.843384 0
    outer loop
      vertex -18.9751 32.5695 0
      vertex -18.85 32.6492 3
      vertex -18.9751 32.5695 3
    endloop
  endfacet
  facet normal 0.537312 -0.843384 0
    outer loop
      vertex -18.85 32.6492 3
      vertex -18.9751 32.5695 0
      vertex -18.85 32.6492 0
    endloop
  endfacet
  facet normal -0.46199 0.886885 0
    outer loop
      vertex -17.15 29.7047 0
      vertex -17.2815 29.6362 3
      vertex -17.15 29.7047 3
    endloop
  endfacet
  facet normal -0.46199 0.886885 0
    outer loop
      vertex -17.2815 29.6362 3
      vertex -17.15 29.7047 0
      vertex -17.2815 29.6362 0
    endloop
  endfacet
  facet normal 0.887029 0.461713 0
    outer loop
      vertex -19.4722 30.3269 3
      vertex -19.5407 30.4585 0
      vertex -19.5407 30.4585 3
    endloop
  endfacet
  facet normal 0.887029 0.461713 0
    outer loop
      vertex -19.5407 30.4585 0
      vertex -19.4722 30.3269 3
      vertex -19.4722 30.3269 0
    endloop
  endfacet
  facet normal 0.953685 -0.300809 0
    outer loop
      vertex -19.6421 31.6169 3
      vertex -19.5975 31.7583 0
      vertex -19.5975 31.7583 3
    endloop
  endfacet
  facet normal 0.953685 -0.300809 0
    outer loop
      vertex -19.5975 31.7583 0
      vertex -19.6421 31.6169 3
      vertex -19.6421 31.6169 0
    endloop
  endfacet
  facet normal 0.300809 0.953685 -0
    outer loop
      vertex -18.44 29.5348 0
      vertex -18.5814 29.5794 3
      vertex -18.44 29.5348 3
    endloop
  endfacet
  facet normal 0.300809 0.953685 0
    outer loop
      vertex -18.5814 29.5794 3
      vertex -18.44 29.5348 0
      vertex -18.5814 29.5794 0
    endloop
  endfacet
  facet normal 0.608602 0.793476 -0
    outer loop
      vertex -18.9751 29.7844 0
      vertex -19.0927 29.8746 3
      vertex -18.9751 29.7844 3
    endloop
  endfacet
  facet normal 0.608602 0.793476 0
    outer loop
      vertex -19.0927 29.8746 3
      vertex -18.9751 29.7844 0
      vertex -19.0927 29.8746 0
    endloop
  endfacet
  facet normal 0.7934 -0.6087 0
    outer loop
      vertex -19.3926 32.152 3
      vertex -19.3023 32.2697 0
      vertex -19.3023 32.2697 3
    endloop
  endfacet
  facet normal 0.7934 -0.6087 0
    outer loop
      vertex -19.3023 32.2697 0
      vertex -19.3926 32.152 3
      vertex -19.3926 32.152 0
    endloop
  endfacet
  facet normal 0.99904 0.0438175 0
    outer loop
      vertex -19.6935 31.0287 3
      vertex -19.7 31.1769 0
      vertex -19.7 31.1769 3
    endloop
  endfacet
  facet normal 0.99904 0.0438175 0
    outer loop
      vertex -19.7 31.1769 0
      vertex -19.6935 31.0287 3
      vertex -19.6935 31.0287 0
    endloop
  endfacet
  facet normal 0.0438175 0.99904 -0
    outer loop
      vertex -18 29.4769 0
      vertex -18.1482 29.4834 3
      vertex -18 29.4769 3
    endloop
  endfacet
  facet normal 0.0438175 0.99904 0
    outer loop
      vertex -18.1482 29.4834 3
      vertex -18 29.4769 0
      vertex -18.1482 29.4834 0
    endloop
  endfacet
  facet normal 0.130175 0.991491 -0
    outer loop
      vertex -18.1482 29.4834 0
      vertex -18.2952 29.5027 3
      vertex -18.1482 29.4834 3
    endloop
  endfacet
  facet normal 0.130175 0.991491 0
    outer loop
      vertex -18.2952 29.5027 3
      vertex -18.1482 29.4834 0
      vertex -18.2952 29.5027 0
    endloop
  endfacet
  facet normal 0.737434 0.675419 0
    outer loop
      vertex -19.2021 29.9748 3
      vertex -19.3023 30.0842 0
      vertex -19.3023 30.0842 3
    endloop
  endfacet
  facet normal 0.737434 0.675419 0
    outer loop
      vertex -19.3023 30.0842 0
      vertex -19.2021 29.9748 3
      vertex -19.2021 29.9748 0
    endloop
  endfacet
  facet normal -0.675419 -0.737434 0
    outer loop
      vertex -16.9073 32.4792 0
      vertex -16.7979 32.379 3
      vertex -16.9073 32.4792 3
    endloop
  endfacet
  facet normal -0.675419 -0.737434 -0
    outer loop
      vertex -16.7979 32.379 3
      vertex -16.9073 32.4792 0
      vertex -16.7979 32.379 0
    endloop
  endfacet
  facet normal -0.216431 -0.976298 0
    outer loop
      vertex -17.7048 32.8511 0
      vertex -17.56 32.819 3
      vertex -17.7048 32.8511 3
    endloop
  endfacet
  facet normal -0.216431 -0.976298 -0
    outer loop
      vertex -17.56 32.819 3
      vertex -17.7048 32.8511 0
      vertex -17.56 32.819 0
    endloop
  endfacet
  facet normal -0.991491 -0.130175 0
    outer loop
      vertex -16.3065 31.3251 0
      vertex -16.3258 31.4721 3
      vertex -16.3258 31.4721 0
    endloop
  endfacet
  facet normal -0.991491 -0.130175 0
    outer loop
      vertex -16.3258 31.4721 3
      vertex -16.3065 31.3251 0
      vertex -16.3065 31.3251 3
    endloop
  endfacet
  facet normal -0.953685 0.300809 0
    outer loop
      vertex -16.4025 30.5955 0
      vertex -16.3579 30.7369 3
      vertex -16.3579 30.7369 0
    endloop
  endfacet
  facet normal -0.953685 0.300809 0
    outer loop
      vertex -16.3579 30.7369 3
      vertex -16.4025 30.5955 0
      vertex -16.4025 30.5955 3
    endloop
  endfacet
  facet normal -0.923754 0.382987 0
    outer loop
      vertex -16.4593 30.4585 0
      vertex -16.4025 30.5955 3
      vertex -16.4025 30.5955 0
    endloop
  endfacet
  facet normal -0.923754 0.382987 0
    outer loop
      vertex -16.4025 30.5955 3
      vertex -16.4593 30.4585 0
      vertex -16.4593 30.4585 3
    endloop
  endfacet
  facet normal -0.79315 0.609026 0
    outer loop
      vertex -16.6977 30.0842 0
      vertex -16.6074 30.2018 3
      vertex -16.6074 30.2018 0
    endloop
  endfacet
  facet normal -0.79315 0.609026 0
    outer loop
      vertex -16.6074 30.2018 3
      vertex -16.6977 30.0842 0
      vertex -16.6977 30.0842 3
    endloop
  endfacet
  facet normal 0.675419 -0.737434 0
    outer loop
      vertex -19.2021 32.379 0
      vertex -19.0927 32.4792 3
      vertex -19.2021 32.379 3
    endloop
  endfacet
  facet normal 0.675419 -0.737434 0
    outer loop
      vertex -19.0927 32.4792 3
      vertex -19.2021 32.379 0
      vertex -19.0927 32.4792 0
    endloop
  endfacet
  facet normal 0.609026 -0.79315 0
    outer loop
      vertex -19.0927 32.4792 0
      vertex -18.9751 32.5695 3
      vertex -19.0927 32.4792 3
    endloop
  endfacet
  facet normal 0.609026 -0.79315 0
    outer loop
      vertex -18.9751 32.5695 3
      vertex -19.0927 32.4792 0
      vertex -18.9751 32.5695 0
    endloop
  endfacet
  facet normal 0.737126 -0.675755 0
    outer loop
      vertex -19.3023 32.2697 3
      vertex -19.2021 32.379 0
      vertex -19.2021 32.379 3
    endloop
  endfacet
  facet normal 0.737126 -0.675755 0
    outer loop
      vertex -19.2021 32.379 0
      vertex -19.3023 32.2697 3
      vertex -19.3023 32.2697 0
    endloop
  endfacet
  facet normal 0.886885 -0.46199 0
    outer loop
      vertex -19.5407 31.8954 3
      vertex -19.4722 32.0269 0
      vertex -19.4722 32.0269 3
    endloop
  endfacet
  facet normal 0.886885 -0.46199 0
    outer loop
      vertex -19.4722 32.0269 0
      vertex -19.5407 31.8954 3
      vertex -19.5407 31.8954 0
    endloop
  endfacet
  facet normal 0.843689 -0.536832 0
    outer loop
      vertex -19.4722 32.0269 3
      vertex -19.3926 32.152 0
      vertex -19.3926 32.152 3
    endloop
  endfacet
  facet normal 0.843689 -0.536832 0
    outer loop
      vertex -19.3926 32.152 0
      vertex -19.4722 32.0269 3
      vertex -19.4722 32.0269 0
    endloop
  endfacet
  facet normal 0.976298 0.216431 0
    outer loop
      vertex -19.6421 30.7369 3
      vertex -19.6742 30.8817 0
      vertex -19.6742 30.8817 3
    endloop
  endfacet
  facet normal 0.976298 0.216431 0
    outer loop
      vertex -19.6742 30.8817 0
      vertex -19.6421 30.7369 3
      vertex -19.6421 30.7369 0
    endloop
  endfacet
  facet normal 0.953685 0.300809 0
    outer loop
      vertex -19.5975 30.5955 3
      vertex -19.6421 30.7369 0
      vertex -19.6421 30.7369 3
    endloop
  endfacet
  facet normal 0.953685 0.300809 0
    outer loop
      vertex -19.6421 30.7369 0
      vertex -19.5975 30.5955 3
      vertex -19.5975 30.5955 0
    endloop
  endfacet
  facet normal 0.991491 -0.130175 0
    outer loop
      vertex -19.6935 31.3251 3
      vertex -19.6742 31.4721 0
      vertex -19.6742 31.4721 3
    endloop
  endfacet
  facet normal 0.991491 -0.130175 0
    outer loop
      vertex -19.6742 31.4721 0
      vertex -19.6935 31.3251 3
      vertex -19.6935 31.3251 0
    endloop
  endfacet
  facet normal 0.976298 -0.216431 0
    outer loop
      vertex -19.6742 31.4721 3
      vertex -19.6421 31.6169 0
      vertex -19.6421 31.6169 3
    endloop
  endfacet
  facet normal 0.976298 -0.216431 0
    outer loop
      vertex -19.6421 31.6169 0
      vertex -19.6742 31.4721 3
      vertex -19.6742 31.4721 0
    endloop
  endfacet
  facet normal -0.216431 0.976298 0
    outer loop
      vertex -17.56 29.5348 0
      vertex -17.7048 29.5027 3
      vertex -17.56 29.5348 3
    endloop
  endfacet
  facet normal -0.216431 0.976298 0
    outer loop
      vertex -17.7048 29.5027 3
      vertex -17.56 29.5348 0
      vertex -17.7048 29.5027 0
    endloop
  endfacet
  facet normal -0.0438175 0.99904 0
    outer loop
      vertex -17.8518 29.4834 0
      vertex -18 29.4769 3
      vertex -17.8518 29.4834 3
    endloop
  endfacet
  facet normal -0.0438175 0.99904 0
    outer loop
      vertex -18 29.4769 3
      vertex -17.8518 29.4834 0
      vertex -18 29.4769 0
    endloop
  endfacet
  facet normal -0.300809 0.953685 0
    outer loop
      vertex -17.4186 29.5794 0
      vertex -17.56 29.5348 3
      vertex -17.4186 29.5794 3
    endloop
  endfacet
  facet normal -0.300809 0.953685 0
    outer loop
      vertex -17.56 29.5348 3
      vertex -17.4186 29.5794 0
      vertex -17.56 29.5348 0
    endloop
  endfacet
  facet normal 0.46199 0.886885 -0
    outer loop
      vertex -18.7185 29.6362 0
      vertex -18.85 29.7047 3
      vertex -18.7185 29.6362 3
    endloop
  endfacet
  facet normal 0.46199 0.886885 0
    outer loop
      vertex -18.85 29.7047 3
      vertex -18.7185 29.6362 0
      vertex -18.85 29.7047 0
    endloop
  endfacet
  facet normal 0.843689 0.536832 0
    outer loop
      vertex -19.3926 30.2018 3
      vertex -19.4722 30.3269 0
      vertex -19.4722 30.3269 3
    endloop
  endfacet
  facet normal 0.843689 0.536832 0
    outer loop
      vertex -19.4722 30.3269 0
      vertex -19.3926 30.2018 3
      vertex -19.3926 30.2018 0
    endloop
  endfacet
  facet normal 0.461459 -0.887162 0
    outer loop
      vertex -18.85 32.6492 0
      vertex -18.7185 32.7176 3
      vertex -18.85 32.6492 3
    endloop
  endfacet
  facet normal 0.461459 -0.887162 0
    outer loop
      vertex -18.7185 32.7176 3
      vertex -18.85 32.6492 0
      vertex -18.7185 32.7176 0
    endloop
  endfacet
  facet normal -0.537312 -0.843384 0
    outer loop
      vertex -17.15 32.6492 0
      vertex -17.0249 32.5695 3
      vertex -17.15 32.6492 3
    endloop
  endfacet
  facet normal -0.537312 -0.843384 -0
    outer loop
      vertex -17.0249 32.5695 3
      vertex -17.15 32.6492 0
      vertex -17.0249 32.5695 0
    endloop
  endfacet
  facet normal -0.130175 -0.991491 0
    outer loop
      vertex -17.8518 32.8704 0
      vertex -17.7048 32.8511 3
      vertex -17.8518 32.8704 3
    endloop
  endfacet
  facet normal -0.130175 -0.991491 -0
    outer loop
      vertex -17.7048 32.8511 3
      vertex -17.8518 32.8704 0
      vertex -17.7048 32.8511 0
    endloop
  endfacet
  facet normal -0.991491 0.130175 0
    outer loop
      vertex -16.3258 30.8817 0
      vertex -16.3065 31.0287 3
      vertex -16.3065 31.0287 0
    endloop
  endfacet
  facet normal -0.991491 0.130175 0
    outer loop
      vertex -16.3065 31.0287 3
      vertex -16.3258 30.8817 0
      vertex -16.3258 30.8817 3
    endloop
  endfacet
  facet normal -0.976298 0.216431 0
    outer loop
      vertex -16.3579 30.7369 0
      vertex -16.3258 30.8817 3
      vertex -16.3258 30.8817 0
    endloop
  endfacet
  facet normal -0.976298 0.216431 0
    outer loop
      vertex -16.3258 30.8817 3
      vertex -16.3579 30.7369 0
      vertex -16.3579 30.7369 3
    endloop
  endfacet
  facet normal -0.99904 0.0438175 0
    outer loop
      vertex -16.3065 31.0287 0
      vertex -16.3 31.1769 3
      vertex -16.3 31.1769 0
    endloop
  endfacet
  facet normal -0.99904 0.0438175 0
    outer loop
      vertex -16.3 31.1769 3
      vertex -16.3065 31.0287 0
      vertex -16.3065 31.0287 3
    endloop
  endfacet
  facet normal -0.953685 -0.300809 0
    outer loop
      vertex -16.3579 31.6169 0
      vertex -16.4025 31.7583 3
      vertex -16.4025 31.7583 0
    endloop
  endfacet
  facet normal -0.953685 -0.300809 0
    outer loop
      vertex -16.4025 31.7583 3
      vertex -16.3579 31.6169 0
      vertex -16.3579 31.6169 3
    endloop
  endfacet
  facet normal -0.886885 -0.46199 0
    outer loop
      vertex -16.4593 31.8954 0
      vertex -16.5278 32.0269 3
      vertex -16.5278 32.0269 0
    endloop
  endfacet
  facet normal -0.886885 -0.46199 0
    outer loop
      vertex -16.5278 32.0269 3
      vertex -16.4593 31.8954 0
      vertex -16.4593 31.8954 3
    endloop
  endfacet
  facet normal -0.843689 0.536832 0
    outer loop
      vertex -16.6074 30.2018 0
      vertex -16.5278 30.3269 3
      vertex -16.5278 30.3269 0
    endloop
  endfacet
  facet normal -0.843689 0.536832 0
    outer loop
      vertex -16.5278 30.3269 3
      vertex -16.6074 30.2018 0
      vertex -16.6074 30.2018 3
    endloop
  endfacet
  facet normal -0.737434 0.675419 0
    outer loop
      vertex -16.7979 29.9748 0
      vertex -16.6977 30.0842 3
      vertex -16.6977 30.0842 0
    endloop
  endfacet
  facet normal -0.737434 0.675419 0
    outer loop
      vertex -16.6977 30.0842 3
      vertex -16.7979 29.9748 0
      vertex -16.7979 29.9748 3
    endloop
  endfacet
  facet normal 0.923853 -0.382749 0
    outer loop
      vertex -19.5975 31.7583 3
      vertex -19.5407 31.8954 0
      vertex -19.5407 31.8954 3
    endloop
  endfacet
  facet normal 0.923853 -0.382749 0
    outer loop
      vertex -19.5407 31.8954 0
      vertex -19.5975 31.7583 3
      vertex -19.5975 31.7583 0
    endloop
  endfacet
  facet normal 0.991491 0.130175 0
    outer loop
      vertex -19.6742 30.8817 3
      vertex -19.6935 31.0287 0
      vertex -19.6935 31.0287 3
    endloop
  endfacet
  facet normal 0.991491 0.130175 0
    outer loop
      vertex -19.6935 31.0287 0
      vertex -19.6742 30.8817 3
      vertex -19.6742 30.8817 0
    endloop
  endfacet
  facet normal 0.923754 0.382987 0
    outer loop
      vertex -19.5407 30.4585 3
      vertex -19.5975 30.5955 0
      vertex -19.5975 30.5955 3
    endloop
  endfacet
  facet normal 0.923754 0.382987 0
    outer loop
      vertex -19.5975 30.5955 0
      vertex -19.5407 30.4585 3
      vertex -19.5407 30.4585 0
    endloop
  endfacet
  facet normal 0.99904 -0.0438175 0
    outer loop
      vertex -19.7 31.1769 3
      vertex -19.6935 31.3251 0
      vertex -19.6935 31.3251 3
    endloop
  endfacet
  facet normal 0.99904 -0.0438175 0
    outer loop
      vertex -19.6935 31.3251 0
      vertex -19.7 31.1769 3
      vertex -19.7 31.1769 0
    endloop
  endfacet
  facet normal 0.216431 0.976298 -0
    outer loop
      vertex -18.2952 29.5027 0
      vertex -18.44 29.5348 3
      vertex -18.2952 29.5027 3
    endloop
  endfacet
  facet normal 0.216431 0.976298 0
    outer loop
      vertex -18.44 29.5348 3
      vertex -18.2952 29.5027 0
      vertex -18.44 29.5348 0
    endloop
  endfacet
  facet normal -0.130175 0.991491 0
    outer loop
      vertex -17.7048 29.5027 0
      vertex -17.8518 29.4834 3
      vertex -17.7048 29.5027 3
    endloop
  endfacet
  facet normal -0.130175 0.991491 0
    outer loop
      vertex -17.8518 29.4834 3
      vertex -17.7048 29.5027 0
      vertex -17.8518 29.4834 0
    endloop
  endfacet
  facet normal -0.382749 0.923853 0
    outer loop
      vertex -17.2815 29.6362 0
      vertex -17.4186 29.5794 3
      vertex -17.2815 29.6362 3
    endloop
  endfacet
  facet normal -0.382749 0.923853 0
    outer loop
      vertex -17.4186 29.5794 3
      vertex -17.2815 29.6362 0
      vertex -17.4186 29.5794 0
    endloop
  endfacet
  facet normal 0.382749 0.923853 -0
    outer loop
      vertex -18.5814 29.5794 0
      vertex -18.7185 29.6362 3
      vertex -18.5814 29.5794 3
    endloop
  endfacet
  facet normal 0.382749 0.923853 0
    outer loop
      vertex -18.7185 29.6362 3
      vertex -18.5814 29.5794 0
      vertex -18.7185 29.6362 0
    endloop
  endfacet
  facet normal 0.537312 0.843384 -0
    outer loop
      vertex -18.85 29.7047 0
      vertex -18.9751 29.7844 3
      vertex -18.85 29.7047 3
    endloop
  endfacet
  facet normal 0.537312 0.843384 0
    outer loop
      vertex -18.9751 29.7844 3
      vertex -18.85 29.7047 0
      vertex -18.9751 29.7844 0
    endloop
  endfacet
  facet normal 0.675419 0.737434 -0
    outer loop
      vertex -19.0927 29.8746 0
      vertex -19.2021 29.9748 3
      vertex -19.0927 29.8746 3
    endloop
  endfacet
  facet normal 0.675419 0.737434 0
    outer loop
      vertex -19.2021 29.9748 3
      vertex -19.0927 29.8746 0
      vertex -19.2021 29.9748 0
    endloop
  endfacet
  facet normal 0.79315 0.609026 0
    outer loop
      vertex -19.3023 30.0842 3
      vertex -19.3926 30.2018 0
      vertex -19.3926 30.2018 3
    endloop
  endfacet
  facet normal 0.79315 0.609026 0
    outer loop
      vertex -19.3926 30.2018 0
      vertex -19.3023 30.0842 3
      vertex -19.3023 30.0842 0
    endloop
  endfacet
  facet normal 0.130175 -0.991491 0
    outer loop
      vertex -18.2952 32.8511 0
      vertex -18.1482 32.8704 3
      vertex -18.2952 32.8511 3
    endloop
  endfacet
  facet normal 0.130175 -0.991491 0
    outer loop
      vertex -18.1482 32.8704 3
      vertex -18.2952 32.8511 0
      vertex -18.1482 32.8704 0
    endloop
  endfacet
  facet normal -0.737126 -0.675755 0
    outer loop
      vertex -16.6977 32.2697 0
      vertex -16.7979 32.379 3
      vertex -16.7979 32.379 0
    endloop
  endfacet
  facet normal -0.737126 -0.675755 0
    outer loop
      vertex -16.7979 32.379 3
      vertex -16.6977 32.2697 0
      vertex -16.6977 32.2697 3
    endloop
  endfacet
  facet normal -0.843689 -0.536832 0
    outer loop
      vertex -16.5278 32.0269 0
      vertex -16.6074 32.152 3
      vertex -16.6074 32.152 0
    endloop
  endfacet
  facet normal -0.843689 -0.536832 0
    outer loop
      vertex -16.6074 32.152 3
      vertex -16.5278 32.0269 0
      vertex -16.5278 32.0269 3
    endloop
  endfacet
  facet normal -0.7934 -0.6087 0
    outer loop
      vertex -16.6074 32.152 0
      vertex -16.6977 32.2697 3
      vertex -16.6977 32.2697 0
    endloop
  endfacet
  facet normal -0.7934 -0.6087 0
    outer loop
      vertex -16.6977 32.2697 3
      vertex -16.6074 32.152 0
      vertex -16.6074 32.152 3
    endloop
  endfacet
  facet normal -0.609026 -0.79315 0
    outer loop
      vertex -17.0249 32.5695 0
      vertex -16.9073 32.4792 3
      vertex -17.0249 32.5695 3
    endloop
  endfacet
  facet normal -0.609026 -0.79315 -0
    outer loop
      vertex -16.9073 32.4792 3
      vertex -17.0249 32.5695 0
      vertex -16.9073 32.4792 0
    endloop
  endfacet
  facet normal -0.382749 -0.923853 0
    outer loop
      vertex -17.4186 32.7744 0
      vertex -17.2815 32.7176 3
      vertex -17.4186 32.7744 3
    endloop
  endfacet
  facet normal -0.382749 -0.923853 -0
    outer loop
      vertex -17.2815 32.7176 3
      vertex -17.4186 32.7744 0
      vertex -17.2815 32.7176 0
    endloop
  endfacet
  facet normal -0.461459 -0.887162 0
    outer loop
      vertex -17.2815 32.7176 0
      vertex -17.15 32.6492 3
      vertex -17.2815 32.7176 3
    endloop
  endfacet
  facet normal -0.461459 -0.887162 -0
    outer loop
      vertex -17.15 32.6492 3
      vertex -17.2815 32.7176 0
      vertex -17.15 32.6492 0
    endloop
  endfacet
  facet normal -0.99904 -0.0438175 0
    outer loop
      vertex -16.3 31.1769 0
      vertex -16.3065 31.3251 3
      vertex -16.3065 31.3251 0
    endloop
  endfacet
  facet normal -0.99904 -0.0438175 0
    outer loop
      vertex -16.3065 31.3251 3
      vertex -16.3 31.1769 0
      vertex -16.3 31.1769 3
    endloop
  endfacet
  facet normal -0.976298 -0.216431 0
    outer loop
      vertex -16.3258 31.4721 0
      vertex -16.3579 31.6169 3
      vertex -16.3579 31.6169 0
    endloop
  endfacet
  facet normal -0.976298 -0.216431 0
    outer loop
      vertex -16.3579 31.6169 3
      vertex -16.3258 31.4721 0
      vertex -16.3258 31.4721 3
    endloop
  endfacet
  facet normal -0.923853 -0.382749 0
    outer loop
      vertex -16.4025 31.7583 0
      vertex -16.4593 31.8954 3
      vertex -16.4593 31.8954 0
    endloop
  endfacet
  facet normal -0.923853 -0.382749 0
    outer loop
      vertex -16.4593 31.8954 3
      vertex -16.4025 31.7583 0
      vertex -16.4025 31.7583 3
    endloop
  endfacet
  facet normal -0.887029 0.461713 0
    outer loop
      vertex -16.5278 30.3269 0
      vertex -16.4593 30.4585 3
      vertex -16.4593 30.4585 0
    endloop
  endfacet
  facet normal -0.887029 0.461713 0
    outer loop
      vertex -16.4593 30.4585 3
      vertex -16.5278 30.3269 0
      vertex -16.5278 30.3269 3
    endloop
  endfacet
  facet normal -0.675419 0.737434 0
    outer loop
      vertex -16.7979 29.9748 0
      vertex -16.9073 29.8746 3
      vertex -16.7979 29.9748 3
    endloop
  endfacet
  facet normal -0.675419 0.737434 0
    outer loop
      vertex -16.9073 29.8746 3
      vertex -16.7979 29.9748 0
      vertex -16.9073 29.8746 0
    endloop
  endfacet
  facet normal -0.537312 0.843384 0
    outer loop
      vertex -17.0249 29.7844 0
      vertex -17.15 29.7047 3
      vertex -17.0249 29.7844 3
    endloop
  endfacet
  facet normal -0.537312 0.843384 0
    outer loop
      vertex -17.15 29.7047 3
      vertex -17.0249 29.7844 0
      vertex -17.15 29.7047 0
    endloop
  endfacet
  facet normal -0.0438175 -0.99904 0
    outer loop
      vertex -18 32.8769 0
      vertex -17.8518 32.8704 3
      vertex -18 32.8769 3
    endloop
  endfacet
  facet normal -0.0438175 -0.99904 -0
    outer loop
      vertex -17.8518 32.8704 3
      vertex -18 32.8769 0
      vertex -17.8518 32.8704 0
    endloop
  endfacet
  facet normal 0.382749 -0.923853 0
    outer loop
      vertex -18.7185 32.7176 0
      vertex -18.5814 32.7744 3
      vertex -18.7185 32.7176 3
    endloop
  endfacet
  facet normal 0.382749 -0.923853 0
    outer loop
      vertex -18.5814 32.7744 3
      vertex -18.7185 32.7176 0
      vertex -18.5814 32.7744 0
    endloop
  endfacet
  facet normal -0.300809 -0.953685 0
    outer loop
      vertex -17.56 32.819 0
      vertex -17.4186 32.7744 3
      vertex -17.56 32.819 3
    endloop
  endfacet
  facet normal -0.300809 -0.953685 -0
    outer loop
      vertex -17.4186 32.7744 3
      vertex -17.56 32.819 0
      vertex -17.4186 32.7744 0
    endloop
  endfacet
  facet normal -0.608602 0.793476 0
    outer loop
      vertex -16.9073 29.8746 0
      vertex -17.0249 29.7844 3
      vertex -16.9073 29.8746 3
    endloop
  endfacet
  facet normal -0.608602 0.793476 0
    outer loop
      vertex -17.0249 29.7844 3
      vertex -16.9073 29.8746 0
      vertex -17.0249 29.7844 0
    endloop
  endfacet
  facet normal 0.0438175 -0.99904 0
    outer loop
      vertex -18.1482 32.8704 0
      vertex -18 32.8769 3
      vertex -18.1482 32.8704 3
    endloop
  endfacet
  facet normal 0.0438175 -0.99904 0
    outer loop
      vertex -18 32.8769 3
      vertex -18.1482 32.8704 0
      vertex -18 32.8769 0
    endloop
  endfacet
  facet normal 0.216431 -0.976298 0
    outer loop
      vertex -18.44 32.819 0
      vertex -18.2952 32.8511 3
      vertex -18.44 32.819 3
    endloop
  endfacet
  facet normal 0.216431 -0.976298 0
    outer loop
      vertex -18.2952 32.8511 3
      vertex -18.44 32.819 0
      vertex -18.2952 32.8511 0
    endloop
  endfacet
  facet normal 0.300809 -0.953685 0
    outer loop
      vertex -18.5814 32.7744 0
      vertex -18.44 32.819 3
      vertex -18.5814 32.7744 3
    endloop
  endfacet
  facet normal 0.300809 -0.953685 0
    outer loop
      vertex -18.44 32.819 3
      vertex -18.5814 32.7744 0
      vertex -18.44 32.819 0
    endloop
  endfacet
  facet normal -0.461714 -0.887029 0
    outer loop
      vertex -20 -34.641 0
      vertex -19.6905 -34.8021 3
      vertex -20 -34.641 3
    endloop
  endfacet
  facet normal -0.461714 -0.887029 -0
    outer loop
      vertex -19.6905 -34.8021 3
      vertex -20 -34.641 0
      vertex -19.6905 -34.8021 0
    endloop
  endfacet
  facet normal 0.53732 0.843378 -0
    outer loop
      vertex -15.7057 -27.9003 0
      vertex -16 -27.7128 3
      vertex -15.7057 -27.9003 3
    endloop
  endfacet
  facet normal 0.53732 0.843378 0
    outer loop
      vertex -16 -27.7128 3
      vertex -15.7057 -27.9003 0
      vertex -16 -27.7128 0
    endloop
  endfacet
  facet normal 0.843378 -0.53732 0
    outer loop
      vertex -14.7234 -33.4712 3
      vertex -14.5359 -33.1769 0
      vertex -14.5359 -33.1769 3
    endloop
  endfacet
  facet normal 0.843378 -0.53732 0
    outer loop
      vertex -14.5359 -33.1769 0
      vertex -14.7234 -33.4712 3
      vertex -14.7234 -33.4712 0
    endloop
  endfacet
  facet normal 0.300624 -0.953743 0
    outer loop
      vertex -16.9647 -35.0406 0
      vertex -16.6319 -34.9357 3
      vertex -16.9647 -35.0406 3
    endloop
  endfacet
  facet normal 0.300624 -0.953743 0
    outer loop
      vertex -16.6319 -34.9357 3
      vertex -16.9647 -35.0406 0
      vertex -16.6319 -34.9357 0
    endloop
  endfacet
  facet normal 0.976315 0.216354 0
    outer loop
      vertex -14.0608 -30.4823 3
      vertex -14.1363 -30.1416 0
      vertex -14.1363 -30.1416 3
    endloop
  endfacet
  facet normal 0.976315 0.216354 0
    outer loop
      vertex -14.1363 -30.1416 0
      vertex -14.0608 -30.4823 3
      vertex -14.0608 -30.4823 0
    endloop
  endfacet
  facet normal 0.991427 -0.130662 0
    outer loop
      vertex -14.0608 -31.8715 3
      vertex -14.0152 -31.5255 0
      vertex -14.0152 -31.5255 3
    endloop
  endfacet
  facet normal 0.991427 -0.130662 0
    outer loop
      vertex -14.0152 -31.5255 0
      vertex -14.0608 -31.8715 3
      vertex -14.0608 -31.8715 0
    endloop
  endfacet
  facet normal -0.130662 -0.991427 0
    outer loop
      vertex -18.6946 -35.1161 0
      vertex -18.3486 -35.1617 3
      vertex -18.6946 -35.1161 3
    endloop
  endfacet
  facet normal -0.130662 -0.991427 -0
    outer loop
      vertex -18.3486 -35.1617 3
      vertex -18.6946 -35.1161 0
      vertex -18.3486 -35.1617 0
    endloop
  endfacet
  facet normal 0.608768 -0.793348 0
    outer loop
      vertex -15.7057 -34.4535 0
      vertex -15.4289 -34.2411 3
      vertex -15.7057 -34.4535 3
    endloop
  endfacet
  facet normal 0.608768 -0.793348 0
    outer loop
      vertex -15.4289 -34.2411 3
      vertex -15.7057 -34.4535 0
      vertex -15.4289 -34.2411 0
    endloop
  endfacet
  facet normal 0.887029 0.461714 0
    outer loop
      vertex -14.3748 -29.4864 3
      vertex -14.5359 -29.1769 0
      vertex -14.5359 -29.1769 3
    endloop
  endfacet
  facet normal 0.887029 0.461714 0
    outer loop
      vertex -14.5359 -29.1769 0
      vertex -14.3748 -29.4864 3
      vertex -14.3748 -29.4864 0
    endloop
  endfacet
  facet normal 0.923821 0.382824 0
    outer loop
      vertex -14.2412 -29.8088 3
      vertex -14.3748 -29.4864 0
      vertex -14.3748 -29.4864 3
    endloop
  endfacet
  facet normal 0.923821 0.382824 0
    outer loop
      vertex -14.3748 -29.4864 0
      vertex -14.2412 -29.8088 3
      vertex -14.2412 -29.8088 0
    endloop
  endfacet
  facet normal 0.923821 -0.382824 0
    outer loop
      vertex -14.3748 -32.8674 3
      vertex -14.2412 -32.545 0
      vertex -14.2412 -32.545 3
    endloop
  endfacet
  facet normal 0.923821 -0.382824 0
    outer loop
      vertex -14.2412 -32.545 0
      vertex -14.3748 -32.8674 3
      vertex -14.3748 -32.8674 0
    endloop
  endfacet
  facet normal -0.843378 -0.53732 0
    outer loop
      vertex -21.2766 -33.4712 0
      vertex -21.4641 -33.1769 3
      vertex -21.4641 -33.1769 0
    endloop
  endfacet
  facet normal -0.843378 -0.53732 0
    outer loop
      vertex -21.4641 -33.1769 3
      vertex -21.2766 -33.4712 0
      vertex -21.2766 -33.4712 3
    endloop
  endfacet
  facet normal -0.953743 0.300624 0
    outer loop
      vertex -21.8637 -30.1416 0
      vertex -21.7588 -29.8088 3
      vertex -21.7588 -29.8088 0
    endloop
  endfacet
  facet normal -0.953743 0.300624 0
    outer loop
      vertex -21.7588 -29.8088 3
      vertex -21.8637 -30.1416 0
      vertex -21.8637 -30.1416 3
    endloop
  endfacet
  facet normal -0.953743 -0.300624 0
    outer loop
      vertex -21.7588 -32.545 0
      vertex -21.8637 -32.2122 3
      vertex -21.8637 -32.2122 0
    endloop
  endfacet
  facet normal -0.953743 -0.300624 0
    outer loop
      vertex -21.8637 -32.2122 3
      vertex -21.7588 -32.545 0
      vertex -21.7588 -32.545 3
    endloop
  endfacet
  facet normal -0.737107 -0.675777 0
    outer loop
      vertex -20.8284 -34.0053 0
      vertex -21.0642 -33.7481 3
      vertex -21.0642 -33.7481 0
    endloop
  endfacet
  facet normal -0.737107 -0.675777 0
    outer loop
      vertex -21.0642 -33.7481 3
      vertex -20.8284 -34.0053 0
      vertex -20.8284 -34.0053 3
    endloop
  endfacet
  facet normal -0.608768 0.793348 0
    outer loop
      vertex -20.2943 -27.9003 0
      vertex -20.5711 -28.1127 3
      vertex -20.2943 -27.9003 3
    endloop
  endfacet
  facet normal -0.608768 0.793348 0
    outer loop
      vertex -20.5711 -28.1127 3
      vertex -20.2943 -27.9003 0
      vertex -20.5711 -28.1127 0
    endloop
  endfacet
  facet normal -0.216354 0.976315 0
    outer loop
      vertex -18.6946 -27.2377 0
      vertex -19.0353 -27.3132 3
      vertex -18.6946 -27.2377 3
    endloop
  endfacet
  facet normal -0.216354 0.976315 0
    outer loop
      vertex -19.0353 -27.3132 3
      vertex -18.6946 -27.2377 0
      vertex -19.0353 -27.3132 0
    endloop
  endfacet
  facet normal 0.130662 0.991427 -0
    outer loop
      vertex -17.3054 -27.2377 0
      vertex -17.6514 -27.1921 3
      vertex -17.3054 -27.2377 3
    endloop
  endfacet
  facet normal 0.130662 0.991427 0
    outer loop
      vertex -17.6514 -27.1921 3
      vertex -17.3054 -27.2377 0
      vertex -17.6514 -27.1921 0
    endloop
  endfacet
  facet normal -0.300624 -0.953743 0
    outer loop
      vertex -19.3681 -34.9357 0
      vertex -19.0353 -35.0406 3
      vertex -19.3681 -34.9357 3
    endloop
  endfacet
  facet normal -0.300624 -0.953743 -0
    outer loop
      vertex -19.0353 -35.0406 3
      vertex -19.3681 -34.9357 0
      vertex -19.0353 -35.0406 0
    endloop
  endfacet
  facet normal -0.382824 -0.923821 0
    outer loop
      vertex -19.6905 -34.8021 0
      vertex -19.3681 -34.9357 3
      vertex -19.6905 -34.8021 3
    endloop
  endfacet
  facet normal -0.382824 -0.923821 -0
    outer loop
      vertex -19.3681 -34.9357 3
      vertex -19.6905 -34.8021 0
      vertex -19.3681 -34.9357 0
    endloop
  endfacet
  facet normal -0.216354 -0.976315 0
    outer loop
      vertex -19.0353 -35.0406 0
      vertex -18.6946 -35.1161 3
      vertex -19.0353 -35.0406 3
    endloop
  endfacet
  facet normal -0.216354 -0.976315 -0
    outer loop
      vertex -18.6946 -35.1161 3
      vertex -19.0353 -35.0406 0
      vertex -18.6946 -35.1161 0
    endloop
  endfacet
  facet normal -0.0435616 -0.999051 0
    outer loop
      vertex -18.3486 -35.1617 0
      vertex -18 -35.1769 3
      vertex -18.3486 -35.1617 3
    endloop
  endfacet
  facet normal -0.0435616 -0.999051 -0
    outer loop
      vertex -18 -35.1769 3
      vertex -18.3486 -35.1617 0
      vertex -18 -35.1769 0
    endloop
  endfacet
  facet normal 0.737107 -0.675777 0
    outer loop
      vertex -15.1716 -34.0053 3
      vertex -14.9358 -33.7481 0
      vertex -14.9358 -33.7481 3
    endloop
  endfacet
  facet normal 0.737107 -0.675777 0
    outer loop
      vertex -14.9358 -33.7481 0
      vertex -15.1716 -34.0053 3
      vertex -15.1716 -34.0053 0
    endloop
  endfacet
  facet normal 0.793454 -0.60863 0
    outer loop
      vertex -14.9358 -33.7481 3
      vertex -14.7234 -33.4712 0
      vertex -14.7234 -33.4712 3
    endloop
  endfacet
  facet normal 0.793454 -0.60863 0
    outer loop
      vertex -14.7234 -33.4712 0
      vertex -14.9358 -33.7481 3
      vertex -14.9358 -33.7481 0
    endloop
  endfacet
  facet normal 0.461714 -0.887029 0
    outer loop
      vertex -16.3095 -34.8021 0
      vertex -16 -34.641 3
      vertex -16.3095 -34.8021 3
    endloop
  endfacet
  facet normal 0.461714 -0.887029 0
    outer loop
      vertex -16 -34.641 3
      vertex -16.3095 -34.8021 0
      vertex -16 -34.641 0
    endloop
  endfacet
  facet normal 0.53732 -0.843378 0
    outer loop
      vertex -16 -34.641 0
      vertex -15.7057 -34.4535 3
      vertex -16 -34.641 3
    endloop
  endfacet
  facet normal 0.53732 -0.843378 0
    outer loop
      vertex -15.7057 -34.4535 3
      vertex -16 -34.641 0
      vertex -15.7057 -34.4535 0
    endloop
  endfacet
  facet normal 0.382824 -0.923821 0
    outer loop
      vertex -16.6319 -34.9357 0
      vertex -16.3095 -34.8021 3
      vertex -16.6319 -34.9357 3
    endloop
  endfacet
  facet normal 0.382824 -0.923821 0
    outer loop
      vertex -16.3095 -34.8021 3
      vertex -16.6319 -34.9357 0
      vertex -16.3095 -34.8021 0
    endloop
  endfacet
  facet normal 0.737237 0.675634 0
    outer loop
      vertex -14.9358 -28.6058 3
      vertex -15.1716 -28.3485 0
      vertex -15.1716 -28.3485 3
    endloop
  endfacet
  facet normal 0.737237 0.675634 0
    outer loop
      vertex -15.1716 -28.3485 0
      vertex -14.9358 -28.6058 3
      vertex -14.9358 -28.6058 0
    endloop
  endfacet
  facet normal 0.843378 0.53732 0
    outer loop
      vertex -14.5359 -29.1769 3
      vertex -14.7234 -28.8826 0
      vertex -14.7234 -28.8826 3
    endloop
  endfacet
  facet normal 0.843378 0.53732 0
    outer loop
      vertex -14.7234 -28.8826 0
      vertex -14.5359 -29.1769 3
      vertex -14.5359 -29.1769 0
    endloop
  endfacet
  facet normal 0.793348 0.608768 0
    outer loop
      vertex -14.7234 -28.8826 3
      vertex -14.9358 -28.6058 0
      vertex -14.9358 -28.6058 3
    endloop
  endfacet
  facet normal 0.793348 0.608768 0
    outer loop
      vertex -14.9358 -28.6058 0
      vertex -14.7234 -28.8826 3
      vertex -14.7234 -28.8826 0
    endloop
  endfacet
  facet normal 0.608768 0.793348 -0
    outer loop
      vertex -15.4289 -28.1127 0
      vertex -15.7057 -27.9003 3
      vertex -15.4289 -28.1127 3
    endloop
  endfacet
  facet normal 0.608768 0.793348 0
    outer loop
      vertex -15.7057 -27.9003 3
      vertex -15.4289 -28.1127 0
      vertex -15.7057 -27.9003 0
    endloop
  endfacet
  facet normal 0 0 1
    outer loop
      vertex -16.3 -31.1769 3
      vertex -14 -31.1769 3
      vertex -14.0152 -30.8283 3
    endloop
  endfacet
  facet normal 0 0 1
    outer loop
      vertex -16.3065 -31.0287 3
      vertex -14.0152 -30.8283 3
      vertex -14.0608 -30.4823 3
    endloop
  endfacet
  facet normal 0 0 1
    outer loop
      vertex -14 -31.1769 3
      vertex -16.3 -31.1769 3
      vertex -14.0152 -31.5255 3
    endloop
  endfacet
  facet normal -0 0 1
    outer loop
      vertex -16.3065 -31.3251 3
      vertex -14.0152 -31.5255 3
      vertex -16.3 -31.1769 3
    endloop
  endfacet
  facet normal 0 0 1
    outer loop
      vertex -16.3258 -30.8817 3
      vertex -14.0608 -30.4823 3
      vertex -14.1363 -30.1416 3
    endloop
  endfacet
  facet normal 0 0 1
    outer loop
      vertex -16.3579 -30.7369 3
      vertex -14.1363 -30.1416 3
      vertex -14.2412 -29.8088 3
    endloop
  endfacet
  facet normal 0 0 1
    outer loop
      vertex -14.0152 -31.5255 3
      vertex -16.3065 -31.3251 3
      vertex -14.0608 -31.8715 3
    endloop
  endfacet
  facet normal -0 0 1
    outer loop
      vertex -16.3258 -31.4721 3
      vertex -14.0608 -31.8715 3
      vertex -16.3065 -31.3251 3
    endloop
  endfacet
  facet normal 0 0 1
    outer loop
      vertex -16.4025 -30.5955 3
      vertex -14.2412 -29.8088 3
      vertex -14.3748 -29.4864 3
    endloop
  endfacet
  facet normal 0 0 1
    outer loop
      vertex -14.0608 -31.8715 3
      vertex -16.3258 -31.4721 3
      vertex -14.1363 -32.2122 3
    endloop
  endfacet
  facet normal 0 0 1
    outer loop
      vertex -16.4593 -30.4585 3
      vertex -14.3748 -29.4864 3
      vertex -14.5359 -29.1769 3
    endloop
  endfacet
  facet normal -0 0 1
    outer loop
      vertex -16.3579 -31.6169 3
      vertex -14.1363 -32.2122 3
      vertex -16.3258 -31.4721 3
    endloop
  endfacet
  facet normal 0 0 1
    outer loop
      vertex -16.5278 -30.3269 3
      vertex -14.5359 -29.1769 3
      vertex -14.7234 -28.8826 3
    endloop
  endfacet
  facet normal 0 0 1
    outer loop
      vertex -16.6074 -30.2018 3
      vertex -14.7234 -28.8826 3
      vertex -14.9358 -28.6058 3
    endloop
  endfacet
  facet normal 0 0 1
    outer loop
      vertex -14.1363 -32.2122 3
      vertex -16.3579 -31.6169 3
      vertex -14.2412 -32.545 3
    endloop
  endfacet
  facet normal -0 0 1
    outer loop
      vertex -16.4025 -31.7583 3
      vertex -14.2412 -32.545 3
      vertex -16.3579 -31.6169 3
    endloop
  endfacet
  facet normal 0 0 1
    outer loop
      vertex -16.6977 -30.0842 3
      vertex -14.9358 -28.6058 3
      vertex -15.1716 -28.3485 3
    endloop
  endfacet
  facet normal 0 0 1
    outer loop
      vertex -16.7979 -29.9748 3
      vertex -15.1716 -28.3485 3
      vertex -15.4289 -28.1127 3
    endloop
  endfacet
  facet normal 0 0 1
    outer loop
      vertex -14.2412 -32.545 3
      vertex -16.4025 -31.7583 3
      vertex -14.3748 -32.8674 3
    endloop
  endfacet
  facet normal -0 0 1
    outer loop
      vertex -16.4593 -31.8954 3
      vertex -14.3748 -32.8674 3
      vertex -16.4025 -31.7583 3
    endloop
  endfacet
  facet normal 0 0 1
    outer loop
      vertex -16.9073 -29.8746 3
      vertex -15.4289 -28.1127 3
      vertex -15.7057 -27.9003 3
    endloop
  endfacet
  facet normal 0 0 1
    outer loop
      vertex -17.0249 -29.7844 3
      vertex -15.7057 -27.9003 3
      vertex -16 -27.7128 3
    endloop
  endfacet
  facet normal 0 0 1
    outer loop
      vertex -14.3748 -32.8674 3
      vertex -16.4593 -31.8954 3
      vertex -14.5359 -33.1769 3
    endloop
  endfacet
  facet normal -0 0 1
    outer loop
      vertex -16.5278 -32.0269 3
      vertex -14.5359 -33.1769 3
      vertex -16.4593 -31.8954 3
    endloop
  endfacet
  facet normal 0 0 1
    outer loop
      vertex -14.0152 -30.8283 3
      vertex -16.3065 -31.0287 3
      vertex -16.3 -31.1769 3
    endloop
  endfacet
  facet normal 0 0 1
    outer loop
      vertex -17.15 -29.7047 3
      vertex -16 -27.7128 3
      vertex -16.3095 -27.5517 3
    endloop
  endfacet
  facet normal 0 0 1
    outer loop
      vertex -14.0608 -30.4823 3
      vertex -16.3258 -30.8817 3
      vertex -16.3065 -31.0287 3
    endloop
  endfacet
  facet normal 0 0 1
    outer loop
      vertex -14.1363 -30.1416 3
      vertex -16.3579 -30.7369 3
      vertex -16.3258 -30.8817 3
    endloop
  endfacet
  facet normal 0 0 1
    outer loop
      vertex -14.2412 -29.8088 3
      vertex -16.4025 -30.5955 3
      vertex -16.3579 -30.7369 3
    endloop
  endfacet
  facet normal 0 0 1
    outer loop
      vertex -14.3748 -29.4864 3
      vertex -16.4593 -30.4585 3
      vertex -16.4025 -30.5955 3
    endloop
  endfacet
  facet normal 0 0 1
    outer loop
      vertex -14.5359 -29.1769 3
      vertex -16.5278 -30.3269 3
      vertex -16.4593 -30.4585 3
    endloop
  endfacet
  facet normal 0 0 1
    outer loop
      vertex -14.7234 -28.8826 3
      vertex -16.6074 -30.2018 3
      vertex -16.5278 -30.3269 3
    endloop
  endfacet
  facet normal 0 0 1
    outer loop
      vertex -17.2815 -29.6362 3
      vertex -16.3095 -27.5517 3
      vertex -16.6319 -27.4181 3
    endloop
  endfacet
  facet normal 0 0 1
    outer loop
      vertex -14.9358 -28.6058 3
      vertex -16.6977 -30.0842 3
      vertex -16.6074 -30.2018 3
    endloop
  endfacet
  facet normal 0 0 1
    outer loop
      vertex -15.1716 -28.3485 3
      vertex -16.7979 -29.9748 3
      vertex -16.6977 -30.0842 3
    endloop
  endfacet
  facet normal 0 0 1
    outer loop
      vertex -15.4289 -28.1127 3
      vertex -16.9073 -29.8746 3
      vertex -16.7979 -29.9748 3
    endloop
  endfacet
  facet normal 0 0 1
    outer loop
      vertex -17.4186 -29.5794 3
      vertex -16.6319 -27.4181 3
      vertex -16.9647 -27.3132 3
    endloop
  endfacet
  facet normal 0 0 1
    outer loop
      vertex -15.7057 -27.9003 3
      vertex -17.0249 -29.7844 3
      vertex -16.9073 -29.8746 3
    endloop
  endfacet
  facet normal 0 0 1
    outer loop
      vertex -16 -27.7128 3
      vertex -17.15 -29.7047 3
      vertex -17.0249 -29.7844 3
    endloop
  endfacet
  facet normal 0 0 1
    outer loop
      vertex -16.3095 -27.5517 3
      vertex -17.2815 -29.6362 3
      vertex -17.15 -29.7047 3
    endloop
  endfacet
  facet normal 0 0 1
    outer loop
      vertex -17.56 -29.5348 3
      vertex -16.9647 -27.3132 3
      vertex -17.3054 -27.2377 3
    endloop
  endfacet
  facet normal 0 0 1
    outer loop
      vertex -16.6319 -27.4181 3
      vertex -17.4186 -29.5794 3
      vertex -17.2815 -29.6362 3
    endloop
  endfacet
  facet normal 0 0 1
    outer loop
      vertex -16.9647 -27.3132 3
      vertex -17.56 -29.5348 3
      vertex -17.4186 -29.5794 3
    endloop
  endfacet
  facet normal 0 0 1
    outer loop
      vertex -17.7048 -29.5027 3
      vertex -17.3054 -27.2377 3
      vertex -17.6514 -27.1921 3
    endloop
  endfacet
  facet normal 0 0 1
    outer loop
      vertex -17.3054 -27.2377 3
      vertex -17.7048 -29.5027 3
      vertex -17.56 -29.5348 3
    endloop
  endfacet
  facet normal 0 0 1
    outer loop
      vertex -17.6514 -27.1921 3
      vertex -17.8518 -29.4834 3
      vertex -17.7048 -29.5027 3
    endloop
  endfacet
  facet normal 0 0 1
    outer loop
      vertex -18 -27.1769 3
      vertex -17.8518 -29.4834 3
      vertex -17.6514 -27.1921 3
    endloop
  endfacet
  facet normal 0 0 1
    outer loop
      vertex -18 -27.1769 3
      vertex -18 -29.4769 3
      vertex -17.8518 -29.4834 3
    endloop
  endfacet
  facet normal 0 0 1
    outer loop
      vertex -18 -27.1769 3
      vertex -18.1482 -29.4834 3
      vertex -18 -29.4769 3
    endloop
  endfacet
  facet normal -0 0 1
    outer loop
      vertex -18.3486 -27.1921 3
      vertex -18.1482 -29.4834 3
      vertex -18 -27.1769 3
    endloop
  endfacet
  facet normal 0 0 1
    outer loop
      vertex -18.1482 -29.4834 3
      vertex -18.3486 -27.1921 3
      vertex -18.2952 -29.5027 3
    endloop
  endfacet
  facet normal -0 0 1
    outer loop
      vertex -18.6946 -27.2377 3
      vertex -18.2952 -29.5027 3
      vertex -18.3486 -27.1921 3
    endloop
  endfacet
  facet normal 0 0 1
    outer loop
      vertex -18.2952 -29.5027 3
      vertex -18.6946 -27.2377 3
      vertex -18.44 -29.5348 3
    endloop
  endfacet
  facet normal -0 0 1
    outer loop
      vertex -19.0353 -27.3132 3
      vertex -18.44 -29.5348 3
      vertex -18.6946 -27.2377 3
    endloop
  endfacet
  facet normal 0 0 1
    outer loop
      vertex -18.44 -29.5348 3
      vertex -19.0353 -27.3132 3
      vertex -18.5814 -29.5794 3
    endloop
  endfacet
  facet normal -0 0 1
    outer loop
      vertex -19.3681 -27.4181 3
      vertex -18.5814 -29.5794 3
      vertex -19.0353 -27.3132 3
    endloop
  endfacet
  facet normal 0 0 1
    outer loop
      vertex -18.5814 -29.5794 3
      vertex -19.3681 -27.4181 3
      vertex -18.7185 -29.6362 3
    endloop
  endfacet
  facet normal -0 0 1
    outer loop
      vertex -19.6905 -27.5517 3
      vertex -18.7185 -29.6362 3
      vertex -19.3681 -27.4181 3
    endloop
  endfacet
  facet normal 0 0 1
    outer loop
      vertex -18.7185 -29.6362 3
      vertex -19.6905 -27.5517 3
      vertex -18.85 -29.7047 3
    endloop
  endfacet
  facet normal -0 0 1
    outer loop
      vertex -20 -27.7128 3
      vertex -18.85 -29.7047 3
      vertex -19.6905 -27.5517 3
    endloop
  endfacet
  facet normal 0 0 1
    outer loop
      vertex -18.85 -29.7047 3
      vertex -20 -27.7128 3
      vertex -18.9751 -29.7844 3
    endloop
  endfacet
  facet normal -0 0 1
    outer loop
      vertex -20.2943 -27.9003 3
      vertex -18.9751 -29.7844 3
      vertex -20 -27.7128 3
    endloop
  endfacet
  facet normal 0 0 1
    outer loop
      vertex -18.9751 -29.7844 3
      vertex -20.2943 -27.9003 3
      vertex -19.0927 -29.8746 3
    endloop
  endfacet
  facet normal -0 0 1
    outer loop
      vertex -20.5711 -28.1127 3
      vertex -19.0927 -29.8746 3
      vertex -20.2943 -27.9003 3
    endloop
  endfacet
  facet normal 0 0 1
    outer loop
      vertex -19.0927 -29.8746 3
      vertex -20.5711 -28.1127 3
      vertex -19.2021 -29.9748 3
    endloop
  endfacet
  facet normal -0 0 1
    outer loop
      vertex -20.8284 -28.3485 3
      vertex -19.2021 -29.9748 3
      vertex -20.5711 -28.1127 3
    endloop
  endfacet
  facet normal 0 0 1
    outer loop
      vertex -19.2021 -29.9748 3
      vertex -20.8284 -28.3485 3
      vertex -19.3023 -30.0842 3
    endloop
  endfacet
  facet normal -0 0 1
    outer loop
      vertex -21.0642 -28.6058 3
      vertex -19.3023 -30.0842 3
      vertex -20.8284 -28.3485 3
    endloop
  endfacet
  facet normal 0 0 1
    outer loop
      vertex -19.3023 -30.0842 3
      vertex -21.0642 -28.6058 3
      vertex -19.3926 -30.2018 3
    endloop
  endfacet
  facet normal -0 0 1
    outer loop
      vertex -21.2766 -28.8826 3
      vertex -19.3926 -30.2018 3
      vertex -21.0642 -28.6058 3
    endloop
  endfacet
  facet normal 0 0 1
    outer loop
      vertex -19.3926 -30.2018 3
      vertex -21.2766 -28.8826 3
      vertex -19.4722 -30.3269 3
    endloop
  endfacet
  facet normal -0 0 1
    outer loop
      vertex -21.4641 -29.1769 3
      vertex -19.4722 -30.3269 3
      vertex -21.2766 -28.8826 3
    endloop
  endfacet
  facet normal 0 0 1
    outer loop
      vertex -14.5359 -33.1769 3
      vertex -16.5278 -32.0269 3
      vertex -14.7234 -33.4712 3
    endloop
  endfacet
  facet normal -0 0 1
    outer loop
      vertex -16.6074 -32.152 3
      vertex -14.7234 -33.4712 3
      vertex -16.5278 -32.0269 3
    endloop
  endfacet
  facet normal 0 0 1
    outer loop
      vertex -14.7234 -33.4712 3
      vertex -16.6074 -32.152 3
      vertex -14.9358 -33.7481 3
    endloop
  endfacet
  facet normal -0 0 1
    outer loop
      vertex -16.6977 -32.2697 3
      vertex -14.9358 -33.7481 3
      vertex -16.6074 -32.152 3
    endloop
  endfacet
  facet normal 0 0 1
    outer loop
      vertex -14.9358 -33.7481 3
      vertex -16.6977 -32.2697 3
      vertex -15.1716 -34.0053 3
    endloop
  endfacet
  facet normal -0 0 1
    outer loop
      vertex -16.7979 -32.379 3
      vertex -15.1716 -34.0053 3
      vertex -16.6977 -32.2697 3
    endloop
  endfacet
  facet normal 0 0 1
    outer loop
      vertex -15.1716 -34.0053 3
      vertex -16.7979 -32.379 3
      vertex -15.4289 -34.2411 3
    endloop
  endfacet
  facet normal -0 0 1
    outer loop
      vertex -16.9073 -32.4792 3
      vertex -15.4289 -34.2411 3
      vertex -16.7979 -32.379 3
    endloop
  endfacet
  facet normal 0 0 1
    outer loop
      vertex -15.4289 -34.2411 3
      vertex -16.9073 -32.4792 3
      vertex -15.7057 -34.4535 3
    endloop
  endfacet
  facet normal -0 0 1
    outer loop
      vertex -17.0249 -32.5695 3
      vertex -15.7057 -34.4535 3
      vertex -16.9073 -32.4792 3
    endloop
  endfacet
  facet normal 0 0 1
    outer loop
      vertex -15.7057 -34.4535 3
      vertex -17.0249 -32.5695 3
      vertex -16 -34.641 3
    endloop
  endfacet
  facet normal -0 0 1
    outer loop
      vertex -17.15 -32.6492 3
      vertex -16 -34.641 3
      vertex -17.0249 -32.5695 3
    endloop
  endfacet
  facet normal 0 0 1
    outer loop
      vertex -16 -34.641 3
      vertex -17.15 -32.6492 3
      vertex -16.3095 -34.8021 3
    endloop
  endfacet
  facet normal -0 0 1
    outer loop
      vertex -17.2815 -32.7176 3
      vertex -16.3095 -34.8021 3
      vertex -17.15 -32.6492 3
    endloop
  endfacet
  facet normal 0 0 1
    outer loop
      vertex -16.3095 -34.8021 3
      vertex -17.2815 -32.7176 3
      vertex -16.6319 -34.9357 3
    endloop
  endfacet
  facet normal -0 0 1
    outer loop
      vertex -17.4186 -32.7744 3
      vertex -16.6319 -34.9357 3
      vertex -17.2815 -32.7176 3
    endloop
  endfacet
  facet normal 0 0 1
    outer loop
      vertex -16.6319 -34.9357 3
      vertex -17.4186 -32.7744 3
      vertex -16.9647 -35.0406 3
    endloop
  endfacet
  facet normal -0 0 1
    outer loop
      vertex -17.56 -32.819 3
      vertex -16.9647 -35.0406 3
      vertex -17.4186 -32.7744 3
    endloop
  endfacet
  facet normal 0 0 1
    outer loop
      vertex -16.9647 -35.0406 3
      vertex -17.56 -32.819 3
      vertex -17.3054 -35.1161 3
    endloop
  endfacet
  facet normal -0 0 1
    outer loop
      vertex -17.7048 -32.8511 3
      vertex -17.3054 -35.1161 3
      vertex -17.56 -32.819 3
    endloop
  endfacet
  facet normal 0 0 1
    outer loop
      vertex -17.3054 -35.1161 3
      vertex -17.7048 -32.8511 3
      vertex -17.6514 -35.1617 3
    endloop
  endfacet
  facet normal -0 0 1
    outer loop
      vertex -17.8518 -32.8704 3
      vertex -17.6514 -35.1617 3
      vertex -17.7048 -32.8511 3
    endloop
  endfacet
  facet normal -0 0 1
    outer loop
      vertex -18 -32.8769 3
      vertex -17.6514 -35.1617 3
      vertex -17.8518 -32.8704 3
    endloop
  endfacet
  facet normal 0 0 1
    outer loop
      vertex -18 -32.8769 3
      vertex -18 -35.1769 3
      vertex -17.6514 -35.1617 3
    endloop
  endfacet
  facet normal 0 0 1
    outer loop
      vertex -18.1482 -32.8704 3
      vertex -18 -35.1769 3
      vertex -18 -32.8769 3
    endloop
  endfacet
  facet normal 0 0 1
    outer loop
      vertex -18.3486 -35.1617 3
      vertex -18.1482 -32.8704 3
      vertex -18.2952 -32.8511 3
    endloop
  endfacet
  facet normal 0 0 1
    outer loop
      vertex -18.1482 -32.8704 3
      vertex -18.3486 -35.1617 3
      vertex -18 -35.1769 3
    endloop
  endfacet
  facet normal 0 0 1
    outer loop
      vertex -18.6946 -35.1161 3
      vertex -18.2952 -32.8511 3
      vertex -18.44 -32.819 3
    endloop
  endfacet
  facet normal 0 0 1
    outer loop
      vertex -19.0353 -35.0406 3
      vertex -18.44 -32.819 3
      vertex -18.5814 -32.7744 3
    endloop
  endfacet
  facet normal 0 0 1
    outer loop
      vertex -18.2952 -32.8511 3
      vertex -18.6946 -35.1161 3
      vertex -18.3486 -35.1617 3
    endloop
  endfacet
  facet normal 0 0 1
    outer loop
      vertex -19.3681 -34.9357 3
      vertex -18.5814 -32.7744 3
      vertex -18.7185 -32.7176 3
    endloop
  endfacet
  facet normal 0 0 1
    outer loop
      vertex -19.6905 -34.8021 3
      vertex -18.7185 -32.7176 3
      vertex -18.85 -32.6492 3
    endloop
  endfacet
  facet normal 0 0 1
    outer loop
      vertex -20 -34.641 3
      vertex -18.85 -32.6492 3
      vertex -18.9751 -32.5695 3
    endloop
  endfacet
  facet normal 0 0 1
    outer loop
      vertex -18.44 -32.819 3
      vertex -19.0353 -35.0406 3
      vertex -18.6946 -35.1161 3
    endloop
  endfacet
  facet normal 0 0 1
    outer loop
      vertex -20.2943 -34.4535 3
      vertex -18.9751 -32.5695 3
      vertex -19.0927 -32.4792 3
    endloop
  endfacet
  facet normal 0 0 1
    outer loop
      vertex -20.5711 -34.2411 3
      vertex -19.0927 -32.4792 3
      vertex -19.2021 -32.379 3
    endloop
  endfacet
  facet normal 0 0 1
    outer loop
      vertex -20.8284 -34.0053 3
      vertex -19.2021 -32.379 3
      vertex -19.3023 -32.2697 3
    endloop
  endfacet
  facet normal 0 0 1
    outer loop
      vertex -18.5814 -32.7744 3
      vertex -19.3681 -34.9357 3
      vertex -19.0353 -35.0406 3
    endloop
  endfacet
  facet normal 0 0 1
    outer loop
      vertex -21.0642 -33.7481 3
      vertex -19.3023 -32.2697 3
      vertex -19.3926 -32.152 3
    endloop
  endfacet
  facet normal 0 0 1
    outer loop
      vertex -21.2766 -33.4712 3
      vertex -19.3926 -32.152 3
      vertex -19.4722 -32.0269 3
    endloop
  endfacet
  facet normal 0 0 1
    outer loop
      vertex -21.4641 -33.1769 3
      vertex -19.4722 -32.0269 3
      vertex -19.5407 -31.8954 3
    endloop
  endfacet
  facet normal 0 0 1
    outer loop
      vertex -21.6252 -32.8674 3
      vertex -19.5407 -31.8954 3
      vertex -19.5975 -31.7583 3
    endloop
  endfacet
  facet normal 0 0 1
    outer loop
      vertex -21.7588 -32.545 3
      vertex -19.5975 -31.7583 3
      vertex -19.6421 -31.6169 3
    endloop
  endfacet
  facet normal 0 0 1
    outer loop
      vertex -21.8637 -32.2122 3
      vertex -19.6421 -31.6169 3
      vertex -19.6742 -31.4721 3
    endloop
  endfacet
  facet normal 0 0 1
    outer loop
      vertex -18.7185 -32.7176 3
      vertex -19.6905 -34.8021 3
      vertex -19.3681 -34.9357 3
    endloop
  endfacet
  facet normal 0 0 1
    outer loop
      vertex -21.9392 -31.8715 3
      vertex -19.6742 -31.4721 3
      vertex -19.6935 -31.3251 3
    endloop
  endfacet
  facet normal 0 0 1
    outer loop
      vertex -21.9848 -31.5255 3
      vertex -19.6935 -31.3251 3
      vertex -19.7 -31.1769 3
    endloop
  endfacet
  facet normal 0 0 1
    outer loop
      vertex -19.4722 -30.3269 3
      vertex -21.4641 -29.1769 3
      vertex -19.5407 -30.4585 3
    endloop
  endfacet
  facet normal 0 0 1
    outer loop
      vertex -18.85 -32.6492 3
      vertex -20 -34.641 3
      vertex -19.6905 -34.8021 3
    endloop
  endfacet
  facet normal -0 0 1
    outer loop
      vertex -21.6252 -29.4864 3
      vertex -19.5407 -30.4585 3
      vertex -21.4641 -29.1769 3
    endloop
  endfacet
  facet normal 0 0 1
    outer loop
      vertex -18.9751 -32.5695 3
      vertex -20.2943 -34.4535 3
      vertex -20 -34.641 3
    endloop
  endfacet
  facet normal 0 0 1
    outer loop
      vertex -19.5407 -30.4585 3
      vertex -21.6252 -29.4864 3
      vertex -19.5975 -30.5955 3
    endloop
  endfacet
  facet normal 0 0 1
    outer loop
      vertex -19.0927 -32.4792 3
      vertex -20.5711 -34.2411 3
      vertex -20.2943 -34.4535 3
    endloop
  endfacet
  facet normal -0 0 1
    outer loop
      vertex -21.7588 -29.8088 3
      vertex -19.5975 -30.5955 3
      vertex -21.6252 -29.4864 3
    endloop
  endfacet
  facet normal 0 0 1
    outer loop
      vertex -19.2021 -32.379 3
      vertex -20.8284 -34.0053 3
      vertex -20.5711 -34.2411 3
    endloop
  endfacet
  facet normal 0 0 1
    outer loop
      vertex -19.3023 -32.2697 3
      vertex -21.0642 -33.7481 3
      vertex -20.8284 -34.0053 3
    endloop
  endfacet
  facet normal 0 0 1
    outer loop
      vertex -19.5975 -30.5955 3
      vertex -21.7588 -29.8088 3
      vertex -19.6421 -30.7369 3
    endloop
  endfacet
  facet normal -0 0 1
    outer loop
      vertex -21.8637 -30.1416 3
      vertex -19.6421 -30.7369 3
      vertex -21.7588 -29.8088 3
    endloop
  endfacet
  facet normal 0 0 1
    outer loop
      vertex -19.3926 -32.152 3
      vertex -21.2766 -33.4712 3
      vertex -21.0642 -33.7481 3
    endloop
  endfacet
  facet normal 0 0 1
    outer loop
      vertex -19.6421 -30.7369 3
      vertex -21.8637 -30.1416 3
      vertex -19.6742 -30.8817 3
    endloop
  endfacet
  facet normal 0 0 1
    outer loop
      vertex -19.4722 -32.0269 3
      vertex -21.4641 -33.1769 3
      vertex -21.2766 -33.4712 3
    endloop
  endfacet
  facet normal -0 0 1
    outer loop
      vertex -21.9392 -30.4823 3
      vertex -19.6742 -30.8817 3
      vertex -21.8637 -30.1416 3
    endloop
  endfacet
  facet normal 0 0 1
    outer loop
      vertex -19.5407 -31.8954 3
      vertex -21.6252 -32.8674 3
      vertex -21.4641 -33.1769 3
    endloop
  endfacet
  facet normal 0 0 1
    outer loop
      vertex -19.6742 -30.8817 3
      vertex -21.9392 -30.4823 3
      vertex -19.6935 -31.0287 3
    endloop
  endfacet
  facet normal 0 0 1
    outer loop
      vertex -19.5975 -31.7583 3
      vertex -21.7588 -32.545 3
      vertex -21.6252 -32.8674 3
    endloop
  endfacet
  facet normal -0 0 1
    outer loop
      vertex -21.9848 -30.8283 3
      vertex -19.6935 -31.0287 3
      vertex -21.9392 -30.4823 3
    endloop
  endfacet
  facet normal 0 0 1
    outer loop
      vertex -19.6421 -31.6169 3
      vertex -21.8637 -32.2122 3
      vertex -21.7588 -32.545 3
    endloop
  endfacet
  facet normal 0 0 1
    outer loop
      vertex -19.6935 -31.0287 3
      vertex -21.9848 -30.8283 3
      vertex -19.7 -31.1769 3
    endloop
  endfacet
  facet normal 0 0 1
    outer loop
      vertex -19.6742 -31.4721 3
      vertex -21.9392 -31.8715 3
      vertex -21.8637 -32.2122 3
    endloop
  endfacet
  facet normal 0 0 1
    outer loop
      vertex -22 -31.1769 3
      vertex -19.7 -31.1769 3
      vertex -21.9848 -30.8283 3
    endloop
  endfacet
  facet normal 0 0 1
    outer loop
      vertex -19.6935 -31.3251 3
      vertex -21.9848 -31.5255 3
      vertex -21.9392 -31.8715 3
    endloop
  endfacet
  facet normal 0 0 1
    outer loop
      vertex -19.7 -31.1769 3
      vertex -22 -31.1769 3
      vertex -21.9848 -31.5255 3
    endloop
  endfacet
  facet normal 0.999051 0.0435616 0
    outer loop
      vertex -14 -31.1769 3
      vertex -14.0152 -30.8283 0
      vertex -14.0152 -30.8283 3
    endloop
  endfacet
  facet normal 0.999051 0.0435616 0
    outer loop
      vertex -14.0152 -30.8283 0
      vertex -14 -31.1769 3
      vertex -14 -31.1769 0
    endloop
  endfacet
  facet normal 0.976315 -0.216354 0
    outer loop
      vertex -14.1363 -32.2122 3
      vertex -14.0608 -31.8715 0
      vertex -14.0608 -31.8715 3
    endloop
  endfacet
  facet normal 0.976315 -0.216354 0
    outer loop
      vertex -14.0608 -31.8715 0
      vertex -14.1363 -32.2122 3
      vertex -14.1363 -32.2122 0
    endloop
  endfacet
  facet normal 0.887029 -0.461714 0
    outer loop
      vertex -14.5359 -33.1769 3
      vertex -14.3748 -32.8674 0
      vertex -14.3748 -32.8674 3
    endloop
  endfacet
  facet normal 0.887029 -0.461714 0
    outer loop
      vertex -14.3748 -32.8674 0
      vertex -14.5359 -33.1769 3
      vertex -14.5359 -33.1769 0
    endloop
  endfacet
  facet normal -0.887029 0.461714 0
    outer loop
      vertex -21.6252 -29.4864 0
      vertex -21.4641 -29.1769 3
      vertex -21.4641 -29.1769 0
    endloop
  endfacet
  facet normal -0.887029 0.461714 0
    outer loop
      vertex -21.4641 -29.1769 3
      vertex -21.6252 -29.4864 0
      vertex -21.6252 -29.4864 3
    endloop
  endfacet
  facet normal -0.999051 0.0435616 0
    outer loop
      vertex -22 -31.1769 0
      vertex -21.9848 -30.8283 3
      vertex -21.9848 -30.8283 0
    endloop
  endfacet
  facet normal -0.999051 0.0435616 0
    outer loop
      vertex -21.9848 -30.8283 3
      vertex -22 -31.1769 0
      vertex -22 -31.1769 3
    endloop
  endfacet
  facet normal -0.976315 -0.216354 0
    outer loop
      vertex -21.8637 -32.2122 0
      vertex -21.9392 -31.8715 3
      vertex -21.9392 -31.8715 0
    endloop
  endfacet
  facet normal -0.976315 -0.216354 0
    outer loop
      vertex -21.9392 -31.8715 3
      vertex -21.8637 -32.2122 0
      vertex -21.8637 -32.2122 3
    endloop
  endfacet
  facet normal -0.999051 -0.0435616 0
    outer loop
      vertex -21.9848 -31.5255 0
      vertex -22 -31.1769 3
      vertex -22 -31.1769 0
    endloop
  endfacet
  facet normal -0.999051 -0.0435616 0
    outer loop
      vertex -22 -31.1769 3
      vertex -21.9848 -31.5255 0
      vertex -21.9848 -31.5255 3
    endloop
  endfacet
  facet normal -0.923821 -0.382824 0
    outer loop
      vertex -21.6252 -32.8674 0
      vertex -21.7588 -32.545 3
      vertex -21.7588 -32.545 0
    endloop
  endfacet
  facet normal -0.923821 -0.382824 0
    outer loop
      vertex -21.7588 -32.545 3
      vertex -21.6252 -32.8674 0
      vertex -21.6252 -32.8674 3
    endloop
  endfacet
  facet normal -0.887029 -0.461714 0
    outer loop
      vertex -21.4641 -33.1769 0
      vertex -21.6252 -32.8674 3
      vertex -21.6252 -32.8674 0
    endloop
  endfacet
  facet normal -0.887029 -0.461714 0
    outer loop
      vertex -21.6252 -32.8674 3
      vertex -21.4641 -33.1769 0
      vertex -21.4641 -33.1769 3
    endloop
  endfacet
  facet normal -0.53732 -0.843378 0
    outer loop
      vertex -20.2943 -34.4535 0
      vertex -20 -34.641 3
      vertex -20.2943 -34.4535 3
    endloop
  endfacet
  facet normal -0.53732 -0.843378 -0
    outer loop
      vertex -20 -34.641 3
      vertex -20.2943 -34.4535 0
      vertex -20 -34.641 0
    endloop
  endfacet
  facet normal -0.675634 0.737237 0
    outer loop
      vertex -20.5711 -28.1127 0
      vertex -20.8284 -28.3485 3
      vertex -20.5711 -28.1127 3
    endloop
  endfacet
  facet normal -0.675634 0.737237 0
    outer loop
      vertex -20.8284 -28.3485 3
      vertex -20.5711 -28.1127 0
      vertex -20.8284 -28.3485 0
    endloop
  endfacet
  facet normal -0.300624 0.953743 0
    outer loop
      vertex -19.0353 -27.3132 0
      vertex -19.3681 -27.4181 3
      vertex -19.0353 -27.3132 3
    endloop
  endfacet
  facet normal -0.300624 0.953743 0
    outer loop
      vertex -19.3681 -27.4181 3
      vertex -19.0353 -27.3132 0
      vertex -19.3681 -27.4181 0
    endloop
  endfacet
  facet normal -0.382824 0.923821 0
    outer loop
      vertex -19.3681 -27.4181 0
      vertex -19.6905 -27.5517 3
      vertex -19.3681 -27.4181 3
    endloop
  endfacet
  facet normal -0.382824 0.923821 0
    outer loop
      vertex -19.6905 -27.5517 3
      vertex -19.3681 -27.4181 0
      vertex -19.6905 -27.5517 0
    endloop
  endfacet
  facet normal -0.461714 0.887029 0
    outer loop
      vertex -19.6905 -27.5517 0
      vertex -20 -27.7128 3
      vertex -19.6905 -27.5517 3
    endloop
  endfacet
  facet normal -0.461714 0.887029 0
    outer loop
      vertex -20 -27.7128 3
      vertex -19.6905 -27.5517 0
      vertex -20 -27.7128 0
    endloop
  endfacet
  facet normal -0.793348 0.608768 0
    outer loop
      vertex -21.2766 -28.8826 0
      vertex -21.0642 -28.6058 3
      vertex -21.0642 -28.6058 0
    endloop
  endfacet
  facet normal -0.793348 0.608768 0
    outer loop
      vertex -21.0642 -28.6058 3
      vertex -21.2766 -28.8826 0
      vertex -21.2766 -28.8826 3
    endloop
  endfacet
  facet normal -0.0435616 0.999051 0
    outer loop
      vertex -18 -27.1769 0
      vertex -18.3486 -27.1921 3
      vertex -18 -27.1769 3
    endloop
  endfacet
  facet normal -0.0435616 0.999051 0
    outer loop
      vertex -18.3486 -27.1921 3
      vertex -18 -27.1769 0
      vertex -18.3486 -27.1921 0
    endloop
  endfacet
  facet normal 0.0435616 0.999051 -0
    outer loop
      vertex -17.6514 -27.1921 0
      vertex -18 -27.1769 3
      vertex -17.6514 -27.1921 3
    endloop
  endfacet
  facet normal 0.0435616 0.999051 0
    outer loop
      vertex -18 -27.1769 3
      vertex -17.6514 -27.1921 0
      vertex -18 -27.1769 0
    endloop
  endfacet
  facet normal -0.130662 0.991427 0
    outer loop
      vertex -18.3486 -27.1921 0
      vertex -18.6946 -27.2377 3
      vertex -18.3486 -27.1921 3
    endloop
  endfacet
  facet normal -0.130662 0.991427 0
    outer loop
      vertex -18.6946 -27.2377 3
      vertex -18.3486 -27.1921 0
      vertex -18.6946 -27.2377 0
    endloop
  endfacet
  facet normal 0.461714 0.887029 -0
    outer loop
      vertex -16 -27.7128 0
      vertex -16.3095 -27.5517 3
      vertex -16 -27.7128 3
    endloop
  endfacet
  facet normal 0.461714 0.887029 0
    outer loop
      vertex -16.3095 -27.5517 3
      vertex -16 -27.7128 0
      vertex -16.3095 -27.5517 0
    endloop
  endfacet
  facet normal 0 0 -1
    outer loop
      vertex -16.3 -31.1769 0
      vertex -14 -31.1769 0
      vertex -14.0152 -31.5255 0
    endloop
  endfacet
  facet normal 0 0 -1
    outer loop
      vertex -14 -31.1769 0
      vertex -16.3 -31.1769 0
      vertex -14.0152 -30.8283 0
    endloop
  endfacet
  facet normal 0 0 -1
    outer loop
      vertex -16.3065 -31.3251 0
      vertex -14.0152 -31.5255 0
      vertex -14.0608 -31.8715 0
    endloop
  endfacet
  facet normal 0 0 -1
    outer loop
      vertex -16.3258 -31.4721 0
      vertex -14.0608 -31.8715 0
      vertex -14.1363 -32.2122 0
    endloop
  endfacet
  facet normal 0 0 -1
    outer loop
      vertex -16.3065 -31.0287 0
      vertex -14.0152 -30.8283 0
      vertex -16.3 -31.1769 0
    endloop
  endfacet
  facet normal 0 0 -1
    outer loop
      vertex -16.3579 -31.6169 0
      vertex -14.1363 -32.2122 0
      vertex -14.2412 -32.545 0
    endloop
  endfacet
  facet normal -0 0 -1
    outer loop
      vertex -14.0152 -30.8283 0
      vertex -16.3065 -31.0287 0
      vertex -14.0608 -30.4823 0
    endloop
  endfacet
  facet normal 0 0 -1
    outer loop
      vertex -16.4025 -31.7583 0
      vertex -14.2412 -32.545 0
      vertex -14.3748 -32.8674 0
    endloop
  endfacet
  facet normal 0 0 -1
    outer loop
      vertex -16.3258 -30.8817 0
      vertex -14.0608 -30.4823 0
      vertex -16.3065 -31.0287 0
    endloop
  endfacet
  facet normal 0 0 -1
    outer loop
      vertex -16.4593 -31.8954 0
      vertex -14.3748 -32.8674 0
      vertex -14.5359 -33.1769 0
    endloop
  endfacet
  facet normal -0 0 -1
    outer loop
      vertex -14.0608 -30.4823 0
      vertex -16.3258 -30.8817 0
      vertex -14.1363 -30.1416 0
    endloop
  endfacet
  facet normal 0 0 -1
    outer loop
      vertex -16.5278 -32.0269 0
      vertex -14.5359 -33.1769 0
      vertex -14.7234 -33.4712 0
    endloop
  endfacet
  facet normal 0 0 -1
    outer loop
      vertex -16.3579 -30.7369 0
      vertex -14.1363 -30.1416 0
      vertex -16.3258 -30.8817 0
    endloop
  endfacet
  facet normal 0 0 -1
    outer loop
      vertex -16.6074 -32.152 0
      vertex -14.7234 -33.4712 0
      vertex -14.9358 -33.7481 0
    endloop
  endfacet
  facet normal -0 0 -1
    outer loop
      vertex -14.1363 -30.1416 0
      vertex -16.3579 -30.7369 0
      vertex -14.2412 -29.8088 0
    endloop
  endfacet
  facet normal 0 0 -1
    outer loop
      vertex -16.6977 -32.2697 0
      vertex -14.9358 -33.7481 0
      vertex -15.1716 -34.0053 0
    endloop
  endfacet
  facet normal 0 0 -1
    outer loop
      vertex -16.4025 -30.5955 0
      vertex -14.2412 -29.8088 0
      vertex -16.3579 -30.7369 0
    endloop
  endfacet
  facet normal 0 0 -1
    outer loop
      vertex -16.7979 -32.379 0
      vertex -15.1716 -34.0053 0
      vertex -15.4289 -34.2411 0
    endloop
  endfacet
  facet normal -0 0 -1
    outer loop
      vertex -14.2412 -29.8088 0
      vertex -16.4025 -30.5955 0
      vertex -14.3748 -29.4864 0
    endloop
  endfacet
  facet normal 0 0 -1
    outer loop
      vertex -16.9073 -32.4792 0
      vertex -15.4289 -34.2411 0
      vertex -15.7057 -34.4535 0
    endloop
  endfacet
  facet normal 0 0 -1
    outer loop
      vertex -16.4593 -30.4585 0
      vertex -14.3748 -29.4864 0
      vertex -16.4025 -30.5955 0
    endloop
  endfacet
  facet normal 0 0 -1
    outer loop
      vertex -17.0249 -32.5695 0
      vertex -15.7057 -34.4535 0
      vertex -16 -34.641 0
    endloop
  endfacet
  facet normal -0 0 -1
    outer loop
      vertex -14.3748 -29.4864 0
      vertex -16.4593 -30.4585 0
      vertex -14.5359 -29.1769 0
    endloop
  endfacet
  facet normal 0 0 -1
    outer loop
      vertex -16.5278 -30.3269 0
      vertex -14.5359 -29.1769 0
      vertex -16.4593 -30.4585 0
    endloop
  endfacet
  facet normal 0 0 -1
    outer loop
      vertex -14.0152 -31.5255 0
      vertex -16.3065 -31.3251 0
      vertex -16.3 -31.1769 0
    endloop
  endfacet
  facet normal 0 0 -1
    outer loop
      vertex -17.15 -32.6492 0
      vertex -16 -34.641 0
      vertex -16.3095 -34.8021 0
    endloop
  endfacet
  facet normal 0 0 -1
    outer loop
      vertex -14.0608 -31.8715 0
      vertex -16.3258 -31.4721 0
      vertex -16.3065 -31.3251 0
    endloop
  endfacet
  facet normal 0 0 -1
    outer loop
      vertex -14.1363 -32.2122 0
      vertex -16.3579 -31.6169 0
      vertex -16.3258 -31.4721 0
    endloop
  endfacet
  facet normal 0 0 -1
    outer loop
      vertex -14.2412 -32.545 0
      vertex -16.4025 -31.7583 0
      vertex -16.3579 -31.6169 0
    endloop
  endfacet
  facet normal 0 0 -1
    outer loop
      vertex -14.3748 -32.8674 0
      vertex -16.4593 -31.8954 0
      vertex -16.4025 -31.7583 0
    endloop
  endfacet
  facet normal 0 0 -1
    outer loop
      vertex -14.5359 -33.1769 0
      vertex -16.5278 -32.0269 0
      vertex -16.4593 -31.8954 0
    endloop
  endfacet
  facet normal 0 0 -1
    outer loop
      vertex -14.7234 -33.4712 0
      vertex -16.6074 -32.152 0
      vertex -16.5278 -32.0269 0
    endloop
  endfacet
  facet normal 0 0 -1
    outer loop
      vertex -17.2815 -32.7176 0
      vertex -16.3095 -34.8021 0
      vertex -16.6319 -34.9357 0
    endloop
  endfacet
  facet normal 0 0 -1
    outer loop
      vertex -14.9358 -33.7481 0
      vertex -16.6977 -32.2697 0
      vertex -16.6074 -32.152 0
    endloop
  endfacet
  facet normal 0 0 -1
    outer loop
      vertex -15.1716 -34.0053 0
      vertex -16.7979 -32.379 0
      vertex -16.6977 -32.2697 0
    endloop
  endfacet
  facet normal 0 0 -1
    outer loop
      vertex -15.4289 -34.2411 0
      vertex -16.9073 -32.4792 0
      vertex -16.7979 -32.379 0
    endloop
  endfacet
  facet normal 0 0 -1
    outer loop
      vertex -17.4186 -32.7744 0
      vertex -16.6319 -34.9357 0
      vertex -16.9647 -35.0406 0
    endloop
  endfacet
  facet normal 0 0 -1
    outer loop
      vertex -15.7057 -34.4535 0
      vertex -17.0249 -32.5695 0
      vertex -16.9073 -32.4792 0
    endloop
  endfacet
  facet normal 0 0 -1
    outer loop
      vertex -16 -34.641 0
      vertex -17.15 -32.6492 0
      vertex -17.0249 -32.5695 0
    endloop
  endfacet
  facet normal 0 0 -1
    outer loop
      vertex -16.3095 -34.8021 0
      vertex -17.2815 -32.7176 0
      vertex -17.15 -32.6492 0
    endloop
  endfacet
  facet normal 0 0 -1
    outer loop
      vertex -17.56 -32.819 0
      vertex -16.9647 -35.0406 0
      vertex -17.3054 -35.1161 0
    endloop
  endfacet
  facet normal 0 0 -1
    outer loop
      vertex -16.6319 -34.9357 0
      vertex -17.4186 -32.7744 0
      vertex -17.2815 -32.7176 0
    endloop
  endfacet
  facet normal 0 0 -1
    outer loop
      vertex -16.9647 -35.0406 0
      vertex -17.56 -32.819 0
      vertex -17.4186 -32.7744 0
    endloop
  endfacet
  facet normal 0 0 -1
    outer loop
      vertex -17.7048 -32.8511 0
      vertex -17.3054 -35.1161 0
      vertex -17.6514 -35.1617 0
    endloop
  endfacet
  facet normal 0 0 -1
    outer loop
      vertex -17.3054 -35.1161 0
      vertex -17.7048 -32.8511 0
      vertex -17.56 -32.819 0
    endloop
  endfacet
  facet normal 0 0 -1
    outer loop
      vertex -17.6514 -35.1617 0
      vertex -17.8518 -32.8704 0
      vertex -17.7048 -32.8511 0
    endloop
  endfacet
  facet normal 0 0 -1
    outer loop
      vertex -18 -35.1769 0
      vertex -17.8518 -32.8704 0
      vertex -17.6514 -35.1617 0
    endloop
  endfacet
  facet normal 0 0 -1
    outer loop
      vertex -18 -35.1769 0
      vertex -18 -32.8769 0
      vertex -17.8518 -32.8704 0
    endloop
  endfacet
  facet normal 0 0 -1
    outer loop
      vertex -18 -35.1769 0
      vertex -18.1482 -32.8704 0
      vertex -18 -32.8769 0
    endloop
  endfacet
  facet normal 0 0 -1
    outer loop
      vertex -18.3486 -35.1617 0
      vertex -18.1482 -32.8704 0
      vertex -18 -35.1769 0
    endloop
  endfacet
  facet normal -0 0 -1
    outer loop
      vertex -18.1482 -32.8704 0
      vertex -18.3486 -35.1617 0
      vertex -18.2952 -32.8511 0
    endloop
  endfacet
  facet normal 0 0 -1
    outer loop
      vertex -18.6946 -35.1161 0
      vertex -18.2952 -32.8511 0
      vertex -18.3486 -35.1617 0
    endloop
  endfacet
  facet normal -0 0 -1
    outer loop
      vertex -18.2952 -32.8511 0
      vertex -18.6946 -35.1161 0
      vertex -18.44 -32.819 0
    endloop
  endfacet
  facet normal 0 0 -1
    outer loop
      vertex -19.0353 -35.0406 0
      vertex -18.44 -32.819 0
      vertex -18.6946 -35.1161 0
    endloop
  endfacet
  facet normal -0 0 -1
    outer loop
      vertex -18.44 -32.819 0
      vertex -19.0353 -35.0406 0
      vertex -18.5814 -32.7744 0
    endloop
  endfacet
  facet normal 0 0 -1
    outer loop
      vertex -19.3681 -34.9357 0
      vertex -18.5814 -32.7744 0
      vertex -19.0353 -35.0406 0
    endloop
  endfacet
  facet normal -0 0 -1
    outer loop
      vertex -18.5814 -32.7744 0
      vertex -19.3681 -34.9357 0
      vertex -18.7185 -32.7176 0
    endloop
  endfacet
  facet normal 0 0 -1
    outer loop
      vertex -19.6905 -34.8021 0
      vertex -18.7185 -32.7176 0
      vertex -19.3681 -34.9357 0
    endloop
  endfacet
  facet normal -0 0 -1
    outer loop
      vertex -18.7185 -32.7176 0
      vertex -19.6905 -34.8021 0
      vertex -18.85 -32.6492 0
    endloop
  endfacet
  facet normal 0 0 -1
    outer loop
      vertex -20 -34.641 0
      vertex -18.85 -32.6492 0
      vertex -19.6905 -34.8021 0
    endloop
  endfacet
  facet normal -0 0 -1
    outer loop
      vertex -18.85 -32.6492 0
      vertex -20 -34.641 0
      vertex -18.9751 -32.5695 0
    endloop
  endfacet
  facet normal 0 0 -1
    outer loop
      vertex -20.2943 -34.4535 0
      vertex -18.9751 -32.5695 0
      vertex -20 -34.641 0
    endloop
  endfacet
  facet normal -0 0 -1
    outer loop
      vertex -18.9751 -32.5695 0
      vertex -20.2943 -34.4535 0
      vertex -19.0927 -32.4792 0
    endloop
  endfacet
  facet normal 0 0 -1
    outer loop
      vertex -20.5711 -34.2411 0
      vertex -19.0927 -32.4792 0
      vertex -20.2943 -34.4535 0
    endloop
  endfacet
  facet normal -0 0 -1
    outer loop
      vertex -19.0927 -32.4792 0
      vertex -20.5711 -34.2411 0
      vertex -19.2021 -32.379 0
    endloop
  endfacet
  facet normal 0 0 -1
    outer loop
      vertex -20.8284 -34.0053 0
      vertex -19.2021 -32.379 0
      vertex -20.5711 -34.2411 0
    endloop
  endfacet
  facet normal -0 0 -1
    outer loop
      vertex -19.2021 -32.379 0
      vertex -20.8284 -34.0053 0
      vertex -19.3023 -32.2697 0
    endloop
  endfacet
  facet normal 0 0 -1
    outer loop
      vertex -21.0642 -33.7481 0
      vertex -19.3023 -32.2697 0
      vertex -20.8284 -34.0053 0
    endloop
  endfacet
  facet normal -0 0 -1
    outer loop
      vertex -19.3023 -32.2697 0
      vertex -21.0642 -33.7481 0
      vertex -19.3926 -32.152 0
    endloop
  endfacet
  facet normal 0 0 -1
    outer loop
      vertex -21.2766 -33.4712 0
      vertex -19.3926 -32.152 0
      vertex -21.0642 -33.7481 0
    endloop
  endfacet
  facet normal -0 0 -1
    outer loop
      vertex -19.3926 -32.152 0
      vertex -21.2766 -33.4712 0
      vertex -19.4722 -32.0269 0
    endloop
  endfacet
  facet normal 0 0 -1
    outer loop
      vertex -21.4641 -33.1769 0
      vertex -19.4722 -32.0269 0
      vertex -21.2766 -33.4712 0
    endloop
  endfacet
  facet normal -0 0 -1
    outer loop
      vertex -14.5359 -29.1769 0
      vertex -16.5278 -30.3269 0
      vertex -14.7234 -28.8826 0
    endloop
  endfacet
  facet normal 0 0 -1
    outer loop
      vertex -16.6074 -30.2018 0
      vertex -14.7234 -28.8826 0
      vertex -16.5278 -30.3269 0
    endloop
  endfacet
  facet normal -0 0 -1
    outer loop
      vertex -14.7234 -28.8826 0
      vertex -16.6074 -30.2018 0
      vertex -14.9358 -28.6058 0
    endloop
  endfacet
  facet normal 0 0 -1
    outer loop
      vertex -16.6977 -30.0842 0
      vertex -14.9358 -28.6058 0
      vertex -16.6074 -30.2018 0
    endloop
  endfacet
  facet normal -0 0 -1
    outer loop
      vertex -14.9358 -28.6058 0
      vertex -16.6977 -30.0842 0
      vertex -15.1716 -28.3485 0
    endloop
  endfacet
  facet normal 0 0 -1
    outer loop
      vertex -16.7979 -29.9748 0
      vertex -15.1716 -28.3485 0
      vertex -16.6977 -30.0842 0
    endloop
  endfacet
  facet normal -0 0 -1
    outer loop
      vertex -15.1716 -28.3485 0
      vertex -16.7979 -29.9748 0
      vertex -15.4289 -28.1127 0
    endloop
  endfacet
  facet normal 0 0 -1
    outer loop
      vertex -16.9073 -29.8746 0
      vertex -15.4289 -28.1127 0
      vertex -16.7979 -29.9748 0
    endloop
  endfacet
  facet normal -0 0 -1
    outer loop
      vertex -15.4289 -28.1127 0
      vertex -16.9073 -29.8746 0
      vertex -15.7057 -27.9003 0
    endloop
  endfacet
  facet normal 0 0 -1
    outer loop
      vertex -17.0249 -29.7844 0
      vertex -15.7057 -27.9003 0
      vertex -16.9073 -29.8746 0
    endloop
  endfacet
  facet normal -0 0 -1
    outer loop
      vertex -15.7057 -27.9003 0
      vertex -17.0249 -29.7844 0
      vertex -16 -27.7128 0
    endloop
  endfacet
  facet normal 0 0 -1
    outer loop
      vertex -17.15 -29.7047 0
      vertex -16 -27.7128 0
      vertex -17.0249 -29.7844 0
    endloop
  endfacet
  facet normal -0 0 -1
    outer loop
      vertex -16 -27.7128 0
      vertex -17.15 -29.7047 0
      vertex -16.3095 -27.5517 0
    endloop
  endfacet
  facet normal 0 0 -1
    outer loop
      vertex -17.2815 -29.6362 0
      vertex -16.3095 -27.5517 0
      vertex -17.15 -29.7047 0
    endloop
  endfacet
  facet normal -0 0 -1
    outer loop
      vertex -16.3095 -27.5517 0
      vertex -17.2815 -29.6362 0
      vertex -16.6319 -27.4181 0
    endloop
  endfacet
  facet normal 0 0 -1
    outer loop
      vertex -17.4186 -29.5794 0
      vertex -16.6319 -27.4181 0
      vertex -17.2815 -29.6362 0
    endloop
  endfacet
  facet normal -0 0 -1
    outer loop
      vertex -16.6319 -27.4181 0
      vertex -17.4186 -29.5794 0
      vertex -16.9647 -27.3132 0
    endloop
  endfacet
  facet normal 0 0 -1
    outer loop
      vertex -17.56 -29.5348 0
      vertex -16.9647 -27.3132 0
      vertex -17.4186 -29.5794 0
    endloop
  endfacet
  facet normal -0 0 -1
    outer loop
      vertex -16.9647 -27.3132 0
      vertex -17.56 -29.5348 0
      vertex -17.3054 -27.2377 0
    endloop
  endfacet
  facet normal 0 0 -1
    outer loop
      vertex -17.7048 -29.5027 0
      vertex -17.3054 -27.2377 0
      vertex -17.56 -29.5348 0
    endloop
  endfacet
  facet normal -0 0 -1
    outer loop
      vertex -17.3054 -27.2377 0
      vertex -17.7048 -29.5027 0
      vertex -17.6514 -27.1921 0
    endloop
  endfacet
  facet normal 0 0 -1
    outer loop
      vertex -17.8518 -29.4834 0
      vertex -17.6514 -27.1921 0
      vertex -17.7048 -29.5027 0
    endloop
  endfacet
  facet normal 0 0 -1
    outer loop
      vertex -18 -29.4769 0
      vertex -17.6514 -27.1921 0
      vertex -17.8518 -29.4834 0
    endloop
  endfacet
  facet normal 0 0 -1
    outer loop
      vertex -18 -29.4769 0
      vertex -18 -27.1769 0
      vertex -17.6514 -27.1921 0
    endloop
  endfacet
  facet normal 0 0 -1
    outer loop
      vertex -18.1482 -29.4834 0
      vertex -18 -27.1769 0
      vertex -18 -29.4769 0
    endloop
  endfacet
  facet normal 0 0 -1
    outer loop
      vertex -18.3486 -27.1921 0
      vertex -18.1482 -29.4834 0
      vertex -18.2952 -29.5027 0
    endloop
  endfacet
  facet normal 0 0 -1
    outer loop
      vertex -18.1482 -29.4834 0
      vertex -18.3486 -27.1921 0
      vertex -18 -27.1769 0
    endloop
  endfacet
  facet normal 0 0 -1
    outer loop
      vertex -18.6946 -27.2377 0
      vertex -18.2952 -29.5027 0
      vertex -18.44 -29.5348 0
    endloop
  endfacet
  facet normal 0 0 -1
    outer loop
      vertex -19.0353 -27.3132 0
      vertex -18.44 -29.5348 0
      vertex -18.5814 -29.5794 0
    endloop
  endfacet
  facet normal 0 0 -1
    outer loop
      vertex -18.2952 -29.5027 0
      vertex -18.6946 -27.2377 0
      vertex -18.3486 -27.1921 0
    endloop
  endfacet
  facet normal 0 0 -1
    outer loop
      vertex -19.3681 -27.4181 0
      vertex -18.5814 -29.5794 0
      vertex -18.7185 -29.6362 0
    endloop
  endfacet
  facet normal 0 0 -1
    outer loop
      vertex -19.6905 -27.5517 0
      vertex -18.7185 -29.6362 0
      vertex -18.85 -29.7047 0
    endloop
  endfacet
  facet normal 0 0 -1
    outer loop
      vertex -20 -27.7128 0
      vertex -18.85 -29.7047 0
      vertex -18.9751 -29.7844 0
    endloop
  endfacet
  facet normal 0 0 -1
    outer loop
      vertex -18.44 -29.5348 0
      vertex -19.0353 -27.3132 0
      vertex -18.6946 -27.2377 0
    endloop
  endfacet
  facet normal 0 0 -1
    outer loop
      vertex -20.2943 -27.9003 0
      vertex -18.9751 -29.7844 0
      vertex -19.0927 -29.8746 0
    endloop
  endfacet
  facet normal 0 0 -1
    outer loop
      vertex -20.5711 -28.1127 0
      vertex -19.0927 -29.8746 0
      vertex -19.2021 -29.9748 0
    endloop
  endfacet
  facet normal 0 0 -1
    outer loop
      vertex -20.8284 -28.3485 0
      vertex -19.2021 -29.9748 0
      vertex -19.3023 -30.0842 0
    endloop
  endfacet
  facet normal 0 0 -1
    outer loop
      vertex -18.5814 -29.5794 0
      vertex -19.3681 -27.4181 0
      vertex -19.0353 -27.3132 0
    endloop
  endfacet
  facet normal 0 0 -1
    outer loop
      vertex -21.0642 -28.6058 0
      vertex -19.3023 -30.0842 0
      vertex -19.3926 -30.2018 0
    endloop
  endfacet
  facet normal 0 0 -1
    outer loop
      vertex -21.2766 -28.8826 0
      vertex -19.3926 -30.2018 0
      vertex -19.4722 -30.3269 0
    endloop
  endfacet
  facet normal 0 0 -1
    outer loop
      vertex -21.4641 -29.1769 0
      vertex -19.4722 -30.3269 0
      vertex -19.5407 -30.4585 0
    endloop
  endfacet
  facet normal 0 0 -1
    outer loop
      vertex -21.6252 -29.4864 0
      vertex -19.5407 -30.4585 0
      vertex -19.5975 -30.5955 0
    endloop
  endfacet
  facet normal 0 0 -1
    outer loop
      vertex -21.7588 -29.8088 0
      vertex -19.5975 -30.5955 0
      vertex -19.6421 -30.7369 0
    endloop
  endfacet
  facet normal 0 0 -1
    outer loop
      vertex -21.8637 -30.1416 0
      vertex -19.6421 -30.7369 0
      vertex -19.6742 -30.8817 0
    endloop
  endfacet
  facet normal 0 0 -1
    outer loop
      vertex -18.7185 -29.6362 0
      vertex -19.6905 -27.5517 0
      vertex -19.3681 -27.4181 0
    endloop
  endfacet
  facet normal 0 0 -1
    outer loop
      vertex -21.9392 -30.4823 0
      vertex -19.6742 -30.8817 0
      vertex -19.6935 -31.0287 0
    endloop
  endfacet
  facet normal 0 0 -1
    outer loop
      vertex -21.9848 -30.8283 0
      vertex -19.6935 -31.0287 0
      vertex -19.7 -31.1769 0
    endloop
  endfacet
  facet normal -0 0 -1
    outer loop
      vertex -19.4722 -32.0269 0
      vertex -21.4641 -33.1769 0
      vertex -19.5407 -31.8954 0
    endloop
  endfacet
  facet normal 0 0 -1
    outer loop
      vertex -18.85 -29.7047 0
      vertex -20 -27.7128 0
      vertex -19.6905 -27.5517 0
    endloop
  endfacet
  facet normal 0 0 -1
    outer loop
      vertex -21.6252 -32.8674 0
      vertex -19.5407 -31.8954 0
      vertex -21.4641 -33.1769 0
    endloop
  endfacet
  facet normal 0 0 -1
    outer loop
      vertex -18.9751 -29.7844 0
      vertex -20.2943 -27.9003 0
      vertex -20 -27.7128 0
    endloop
  endfacet
  facet normal -0 0 -1
    outer loop
      vertex -19.5407 -31.8954 0
      vertex -21.6252 -32.8674 0
      vertex -19.5975 -31.7583 0
    endloop
  endfacet
  facet normal 0 0 -1
    outer loop
      vertex -19.0927 -29.8746 0
      vertex -20.5711 -28.1127 0
      vertex -20.2943 -27.9003 0
    endloop
  endfacet
  facet normal 0 0 -1
    outer loop
      vertex -21.7588 -32.545 0
      vertex -19.5975 -31.7583 0
      vertex -21.6252 -32.8674 0
    endloop
  endfacet
  facet normal 0 0 -1
    outer loop
      vertex -19.2021 -29.9748 0
      vertex -20.8284 -28.3485 0
      vertex -20.5711 -28.1127 0
    endloop
  endfacet
  facet normal -0 0 -1
    outer loop
      vertex -19.5975 -31.7583 0
      vertex -21.7588 -32.545 0
      vertex -19.6421 -31.6169 0
    endloop
  endfacet
  facet normal 0 0 -1
    outer loop
      vertex -19.3023 -30.0842 0
      vertex -21.0642 -28.6058 0
      vertex -20.8284 -28.3485 0
    endloop
  endfacet
  facet normal 0 0 -1
    outer loop
      vertex -21.8637 -32.2122 0
      vertex -19.6421 -31.6169 0
      vertex -21.7588 -32.545 0
    endloop
  endfacet
  facet normal 0 0 -1
    outer loop
      vertex -19.3926 -30.2018 0
      vertex -21.2766 -28.8826 0
      vertex -21.0642 -28.6058 0
    endloop
  endfacet
  facet normal -0 0 -1
    outer loop
      vertex -19.6421 -31.6169 0
      vertex -21.8637 -32.2122 0
      vertex -19.6742 -31.4721 0
    endloop
  endfacet
  facet normal 0 0 -1
    outer loop
      vertex -19.4722 -30.3269 0
      vertex -21.4641 -29.1769 0
      vertex -21.2766 -28.8826 0
    endloop
  endfacet
  facet normal 0 0 -1
    outer loop
      vertex -21.9392 -31.8715 0
      vertex -19.6742 -31.4721 0
      vertex -21.8637 -32.2122 0
    endloop
  endfacet
  facet normal 0 0 -1
    outer loop
      vertex -19.5407 -30.4585 0
      vertex -21.6252 -29.4864 0
      vertex -21.4641 -29.1769 0
    endloop
  endfacet
  facet normal -0 0 -1
    outer loop
      vertex -19.6742 -31.4721 0
      vertex -21.9392 -31.8715 0
      vertex -19.6935 -31.3251 0
    endloop
  endfacet
  facet normal 0 0 -1
    outer loop
      vertex -19.5975 -30.5955 0
      vertex -21.7588 -29.8088 0
      vertex -21.6252 -29.4864 0
    endloop
  endfacet
  facet normal 0 0 -1
    outer loop
      vertex -21.9848 -31.5255 0
      vertex -19.6935 -31.3251 0
      vertex -21.9392 -31.8715 0
    endloop
  endfacet
  facet normal 0 0 -1
    outer loop
      vertex -19.6421 -30.7369 0
      vertex -21.8637 -30.1416 0
      vertex -21.7588 -29.8088 0
    endloop
  endfacet
  facet normal -0 0 -1
    outer loop
      vertex -19.6935 -31.3251 0
      vertex -21.9848 -31.5255 0
      vertex -19.7 -31.1769 0
    endloop
  endfacet
  facet normal 0 0 -1
    outer loop
      vertex -19.6742 -30.8817 0
      vertex -21.9392 -30.4823 0
      vertex -21.8637 -30.1416 0
    endloop
  endfacet
  facet normal 0 0 -1
    outer loop
      vertex -22 -31.1769 0
      vertex -19.7 -31.1769 0
      vertex -21.9848 -31.5255 0
    endloop
  endfacet
  facet normal 0 0 -1
    outer loop
      vertex -19.6935 -31.0287 0
      vertex -21.9848 -30.8283 0
      vertex -21.9392 -30.4823 0
    endloop
  endfacet
  facet normal 0 0 -1
    outer loop
      vertex -19.7 -31.1769 0
      vertex -22 -31.1769 0
      vertex -21.9848 -30.8283 0
    endloop
  endfacet
  facet normal 0.216354 -0.976315 0
    outer loop
      vertex -17.3054 -35.1161 0
      vertex -16.9647 -35.0406 3
      vertex -17.3054 -35.1161 3
    endloop
  endfacet
  facet normal 0.216354 -0.976315 0
    outer loop
      vertex -16.9647 -35.0406 3
      vertex -17.3054 -35.1161 0
      vertex -16.9647 -35.0406 0
    endloop
  endfacet
  facet normal 0.130662 -0.991427 0
    outer loop
      vertex -17.6514 -35.1617 0
      vertex -17.3054 -35.1161 3
      vertex -17.6514 -35.1617 3
    endloop
  endfacet
  facet normal 0.130662 -0.991427 0
    outer loop
      vertex -17.3054 -35.1161 3
      vertex -17.6514 -35.1617 0
      vertex -17.3054 -35.1161 0
    endloop
  endfacet
  facet normal 0.675634 -0.737237 0
    outer loop
      vertex -15.4289 -34.2411 0
      vertex -15.1716 -34.0053 3
      vertex -15.4289 -34.2411 3
    endloop
  endfacet
  facet normal 0.675634 -0.737237 0
    outer loop
      vertex -15.1716 -34.0053 3
      vertex -15.4289 -34.2411 0
      vertex -15.1716 -34.0053 0
    endloop
  endfacet
  facet normal 0.953743 0.300624 0
    outer loop
      vertex -14.1363 -30.1416 3
      vertex -14.2412 -29.8088 0
      vertex -14.2412 -29.8088 3
    endloop
  endfacet
  facet normal 0.953743 0.300624 0
    outer loop
      vertex -14.2412 -29.8088 0
      vertex -14.1363 -30.1416 3
      vertex -14.1363 -30.1416 0
    endloop
  endfacet
  facet normal 0.675634 0.737237 -0
    outer loop
      vertex -15.1716 -28.3485 0
      vertex -15.4289 -28.1127 3
      vertex -15.1716 -28.3485 3
    endloop
  endfacet
  facet normal 0.675634 0.737237 0
    outer loop
      vertex -15.4289 -28.1127 3
      vertex -15.1716 -28.3485 0
      vertex -15.4289 -28.1127 0
    endloop
  endfacet
  facet normal 0.991427 0.130662 0
    outer loop
      vertex -14.0152 -30.8283 3
      vertex -14.0608 -30.4823 0
      vertex -14.0608 -30.4823 3
    endloop
  endfacet
  facet normal 0.991427 0.130662 0
    outer loop
      vertex -14.0608 -30.4823 0
      vertex -14.0152 -30.8283 3
      vertex -14.0152 -30.8283 0
    endloop
  endfacet
  facet normal 0.999051 -0.0435616 0
    outer loop
      vertex -14.0152 -31.5255 3
      vertex -14 -31.1769 0
      vertex -14 -31.1769 3
    endloop
  endfacet
  facet normal 0.999051 -0.0435616 0
    outer loop
      vertex -14 -31.1769 0
      vertex -14.0152 -31.5255 3
      vertex -14.0152 -31.5255 0
    endloop
  endfacet
  facet normal -0.923821 0.382824 0
    outer loop
      vertex -21.7588 -29.8088 0
      vertex -21.6252 -29.4864 3
      vertex -21.6252 -29.4864 0
    endloop
  endfacet
  facet normal -0.923821 0.382824 0
    outer loop
      vertex -21.6252 -29.4864 3
      vertex -21.7588 -29.8088 0
      vertex -21.7588 -29.8088 3
    endloop
  endfacet
  facet normal -0.991427 0.130662 0
    outer loop
      vertex -21.9848 -30.8283 0
      vertex -21.9392 -30.4823 3
      vertex -21.9392 -30.4823 0
    endloop
  endfacet
  facet normal -0.991427 0.130662 0
    outer loop
      vertex -21.9392 -30.4823 3
      vertex -21.9848 -30.8283 0
      vertex -21.9848 -30.8283 3
    endloop
  endfacet
  facet normal -0.976315 0.216354 0
    outer loop
      vertex -21.9392 -30.4823 0
      vertex -21.8637 -30.1416 3
      vertex -21.8637 -30.1416 0
    endloop
  endfacet
  facet normal -0.976315 0.216354 0
    outer loop
      vertex -21.8637 -30.1416 3
      vertex -21.9392 -30.4823 0
      vertex -21.9392 -30.4823 3
    endloop
  endfacet
  facet normal -0.793454 -0.60863 0
    outer loop
      vertex -21.0642 -33.7481 0
      vertex -21.2766 -33.4712 3
      vertex -21.2766 -33.4712 0
    endloop
  endfacet
  facet normal -0.793454 -0.60863 0
    outer loop
      vertex -21.2766 -33.4712 3
      vertex -21.0642 -33.7481 0
      vertex -21.0642 -33.7481 3
    endloop
  endfacet
  facet normal -0.675634 -0.737237 0
    outer loop
      vertex -20.8284 -34.0053 0
      vertex -20.5711 -34.2411 3
      vertex -20.8284 -34.0053 3
    endloop
  endfacet
  facet normal -0.675634 -0.737237 -0
    outer loop
      vertex -20.5711 -34.2411 3
      vertex -20.8284 -34.0053 0
      vertex -20.5711 -34.2411 0
    endloop
  endfacet
  facet normal -0.608768 -0.793348 0
    outer loop
      vertex -20.5711 -34.2411 0
      vertex -20.2943 -34.4535 3
      vertex -20.5711 -34.2411 3
    endloop
  endfacet
  facet normal -0.608768 -0.793348 -0
    outer loop
      vertex -20.2943 -34.4535 3
      vertex -20.5711 -34.2411 0
      vertex -20.2943 -34.4535 0
    endloop
  endfacet
  facet normal -0.53732 0.843378 0
    outer loop
      vertex -20 -27.7128 0
      vertex -20.2943 -27.9003 3
      vertex -20 -27.7128 3
    endloop
  endfacet
  facet normal -0.53732 0.843378 0
    outer loop
      vertex -20.2943 -27.9003 3
      vertex -20 -27.7128 0
      vertex -20.2943 -27.9003 0
    endloop
  endfacet
  facet normal -0.843378 0.53732 0
    outer loop
      vertex -21.4641 -29.1769 0
      vertex -21.2766 -28.8826 3
      vertex -21.2766 -28.8826 0
    endloop
  endfacet
  facet normal -0.843378 0.53732 0
    outer loop
      vertex -21.2766 -28.8826 3
      vertex -21.4641 -29.1769 0
      vertex -21.4641 -29.1769 3
    endloop
  endfacet
  facet normal 0.300624 0.953743 -0
    outer loop
      vertex -16.6319 -27.4181 0
      vertex -16.9647 -27.3132 3
      vertex -16.6319 -27.4181 3
    endloop
  endfacet
  facet normal 0.300624 0.953743 0
    outer loop
      vertex -16.9647 -27.3132 3
      vertex -16.6319 -27.4181 0
      vertex -16.9647 -27.3132 0
    endloop
  endfacet
  facet normal 0.382824 0.923821 -0
    outer loop
      vertex -16.3095 -27.5517 0
      vertex -16.6319 -27.4181 3
      vertex -16.3095 -27.5517 3
    endloop
  endfacet
  facet normal 0.382824 0.923821 0
    outer loop
      vertex -16.6319 -27.4181 3
      vertex -16.3095 -27.5517 0
      vertex -16.6319 -27.4181 0
    endloop
  endfacet
  facet normal 0.0435616 -0.999051 0
    outer loop
      vertex -18 -35.1769 0
      vertex -17.6514 -35.1617 3
      vertex -18 -35.1769 3
    endloop
  endfacet
  facet normal 0.0435616 -0.999051 0
    outer loop
      vertex -17.6514 -35.1617 3
      vertex -18 -35.1769 0
      vertex -17.6514 -35.1617 0
    endloop
  endfacet
  facet normal 0.953743 -0.300624 0
    outer loop
      vertex -14.2412 -32.545 3
      vertex -14.1363 -32.2122 0
      vertex -14.1363 -32.2122 3
    endloop
  endfacet
  facet normal 0.953743 -0.300624 0
    outer loop
      vertex -14.1363 -32.2122 0
      vertex -14.2412 -32.545 3
      vertex -14.2412 -32.545 0
    endloop
  endfacet
  facet normal -0.991427 -0.130662 0
    outer loop
      vertex -21.9392 -31.8715 0
      vertex -21.9848 -31.5255 3
      vertex -21.9848 -31.5255 0
    endloop
  endfacet
  facet normal -0.991427 -0.130662 0
    outer loop
      vertex -21.9848 -31.5255 3
      vertex -21.9392 -31.8715 0
      vertex -21.9392 -31.8715 3
    endloop
  endfacet
  facet normal -0.737237 0.675634 0
    outer loop
      vertex -21.0642 -28.6058 0
      vertex -20.8284 -28.3485 3
      vertex -20.8284 -28.3485 0
    endloop
  endfacet
  facet normal -0.737237 0.675634 0
    outer loop
      vertex -20.8284 -28.3485 3
      vertex -21.0642 -28.6058 0
      vertex -21.0642 -28.6058 3
    endloop
  endfacet
  facet normal 0.216354 0.976315 -0
    outer loop
      vertex -16.9647 -27.3132 0
      vertex -17.3054 -27.2377 3
      vertex -16.9647 -27.3132 3
    endloop
  endfacet
  facet normal 0.216354 0.976315 0
    outer loop
      vertex -17.3054 -27.2377 3
      vertex -16.9647 -27.3132 0
      vertex -17.3054 -27.2377 0
    endloop
  endfacet
  facet normal 0.461459 0.887162 -0
    outer loop
      vertex -18.7185 -32.7176 0
      vertex -18.85 -32.6492 3
      vertex -18.7185 -32.7176 3
    endloop
  endfacet
  facet normal 0.461459 0.887162 0
    outer loop
      vertex -18.85 -32.6492 3
      vertex -18.7185 -32.7176 0
      vertex -18.85 -32.6492 0
    endloop
  endfacet
  facet normal -0.537312 -0.843384 0
    outer loop
      vertex -17.15 -29.7047 0
      vertex -17.0249 -29.7844 3
      vertex -17.15 -29.7047 3
    endloop
  endfacet
  facet normal -0.537312 -0.843384 -0
    outer loop
      vertex -17.0249 -29.7844 3
      vertex -17.15 -29.7047 0
      vertex -17.0249 -29.7844 0
    endloop
  endfacet
  facet normal -0.843689 0.536832 0
    outer loop
      vertex -16.6074 -32.152 0
      vertex -16.5278 -32.0269 3
      vertex -16.5278 -32.0269 0
    endloop
  endfacet
  facet normal -0.843689 0.536832 0
    outer loop
      vertex -16.5278 -32.0269 3
      vertex -16.6074 -32.152 0
      vertex -16.6074 -32.152 3
    endloop
  endfacet
  facet normal -0.216431 0.976298 0
    outer loop
      vertex -17.56 -32.819 0
      vertex -17.7048 -32.8511 3
      vertex -17.56 -32.819 3
    endloop
  endfacet
  facet normal -0.216431 0.976298 0
    outer loop
      vertex -17.7048 -32.8511 3
      vertex -17.56 -32.819 0
      vertex -17.7048 -32.8511 0
    endloop
  endfacet
  facet normal -0.976298 -0.216431 0
    outer loop
      vertex -16.3258 -30.8817 0
      vertex -16.3579 -30.7369 3
      vertex -16.3579 -30.7369 0
    endloop
  endfacet
  facet normal -0.976298 -0.216431 0
    outer loop
      vertex -16.3579 -30.7369 3
      vertex -16.3258 -30.8817 0
      vertex -16.3258 -30.8817 3
    endloop
  endfacet
  facet normal -0.991491 0.130175 0
    outer loop
      vertex -16.3258 -31.4721 0
      vertex -16.3065 -31.3251 3
      vertex -16.3065 -31.3251 0
    endloop
  endfacet
  facet normal -0.991491 0.130175 0
    outer loop
      vertex -16.3065 -31.3251 3
      vertex -16.3258 -31.4721 0
      vertex -16.3258 -31.4721 3
    endloop
  endfacet
  facet normal 0.130175 0.991491 -0
    outer loop
      vertex -18.1482 -32.8704 0
      vertex -18.2952 -32.8511 3
      vertex -18.1482 -32.8704 3
    endloop
  endfacet
  facet normal 0.130175 0.991491 0
    outer loop
      vertex -18.2952 -32.8511 3
      vertex -18.1482 -32.8704 0
      vertex -18.2952 -32.8511 0
    endloop
  endfacet
  facet normal -0.537312 0.843384 0
    outer loop
      vertex -17.0249 -32.5695 0
      vertex -17.15 -32.6492 3
      vertex -17.0249 -32.5695 3
    endloop
  endfacet
  facet normal -0.537312 0.843384 0
    outer loop
      vertex -17.15 -32.6492 3
      vertex -17.0249 -32.5695 0
      vertex -17.15 -32.6492 0
    endloop
  endfacet
  facet normal -0.887029 -0.461713 0
    outer loop
      vertex -16.4593 -30.4585 0
      vertex -16.5278 -30.3269 3
      vertex -16.5278 -30.3269 0
    endloop
  endfacet
  facet normal -0.887029 -0.461713 0
    outer loop
      vertex -16.5278 -30.3269 3
      vertex -16.4593 -30.4585 0
      vertex -16.4593 -30.4585 3
    endloop
  endfacet
  facet normal -0.923754 -0.382987 0
    outer loop
      vertex -16.4025 -30.5955 0
      vertex -16.4593 -30.4585 3
      vertex -16.4593 -30.4585 0
    endloop
  endfacet
  facet normal -0.923754 -0.382987 0
    outer loop
      vertex -16.4593 -30.4585 3
      vertex -16.4025 -30.5955 0
      vertex -16.4025 -30.5955 3
    endloop
  endfacet
  facet normal -0.953685 0.300809 0
    outer loop
      vertex -16.4025 -31.7583 0
      vertex -16.3579 -31.6169 3
      vertex -16.3579 -31.6169 0
    endloop
  endfacet
  facet normal -0.953685 0.300809 0
    outer loop
      vertex -16.3579 -31.6169 3
      vertex -16.4025 -31.7583 0
      vertex -16.4025 -31.7583 3
    endloop
  endfacet
  facet normal 0.976298 -0.216431 0
    outer loop
      vertex -19.6742 -30.8817 3
      vertex -19.6421 -30.7369 0
      vertex -19.6421 -30.7369 3
    endloop
  endfacet
  facet normal 0.976298 -0.216431 0
    outer loop
      vertex -19.6421 -30.7369 0
      vertex -19.6742 -30.8817 3
      vertex -19.6742 -30.8817 0
    endloop
  endfacet
  facet normal 0.953685 0.300809 0
    outer loop
      vertex -19.5975 -31.7583 3
      vertex -19.6421 -31.6169 0
      vertex -19.6421 -31.6169 3
    endloop
  endfacet
  facet normal 0.953685 0.300809 0
    outer loop
      vertex -19.6421 -31.6169 0
      vertex -19.5975 -31.7583 3
      vertex -19.5975 -31.7583 0
    endloop
  endfacet
  facet normal 0.608602 -0.793476 0
    outer loop
      vertex -19.0927 -29.8746 0
      vertex -18.9751 -29.7844 3
      vertex -19.0927 -29.8746 3
    endloop
  endfacet
  facet normal 0.608602 -0.793476 0
    outer loop
      vertex -18.9751 -29.7844 3
      vertex -19.0927 -29.8746 0
      vertex -18.9751 -29.7844 0
    endloop
  endfacet
  facet normal 0.216431 -0.976298 0
    outer loop
      vertex -18.44 -29.5348 0
      vertex -18.2952 -29.5027 3
      vertex -18.44 -29.5348 3
    endloop
  endfacet
  facet normal 0.216431 -0.976298 0
    outer loop
      vertex -18.2952 -29.5027 3
      vertex -18.44 -29.5348 0
      vertex -18.2952 -29.5027 0
    endloop
  endfacet
  facet normal 0.130175 -0.991491 0
    outer loop
      vertex -18.2952 -29.5027 0
      vertex -18.1482 -29.4834 3
      vertex -18.2952 -29.5027 3
    endloop
  endfacet
  facet normal 0.130175 -0.991491 0
    outer loop
      vertex -18.1482 -29.4834 3
      vertex -18.2952 -29.5027 0
      vertex -18.1482 -29.4834 0
    endloop
  endfacet
  facet normal -0.130175 -0.991491 0
    outer loop
      vertex -17.8518 -29.4834 0
      vertex -17.7048 -29.5027 3
      vertex -17.8518 -29.4834 3
    endloop
  endfacet
  facet normal -0.130175 -0.991491 -0
    outer loop
      vertex -17.7048 -29.5027 3
      vertex -17.8518 -29.4834 0
      vertex -17.7048 -29.5027 0
    endloop
  endfacet
  facet normal 0.300809 0.953685 -0
    outer loop
      vertex -18.44 -32.819 0
      vertex -18.5814 -32.7744 3
      vertex -18.44 -32.819 3
    endloop
  endfacet
  facet normal 0.300809 0.953685 0
    outer loop
      vertex -18.5814 -32.7744 3
      vertex -18.44 -32.819 0
      vertex -18.5814 -32.7744 0
    endloop
  endfacet
  facet normal 0.382749 0.923853 -0
    outer loop
      vertex -18.5814 -32.7744 0
      vertex -18.7185 -32.7176 3
      vertex -18.5814 -32.7744 3
    endloop
  endfacet
  facet normal 0.382749 0.923853 0
    outer loop
      vertex -18.7185 -32.7176 3
      vertex -18.5814 -32.7744 0
      vertex -18.7185 -32.7176 0
    endloop
  endfacet
  facet normal 0.216431 0.976298 -0
    outer loop
      vertex -18.2952 -32.8511 0
      vertex -18.44 -32.819 3
      vertex -18.2952 -32.8511 3
    endloop
  endfacet
  facet normal 0.216431 0.976298 0
    outer loop
      vertex -18.44 -32.819 3
      vertex -18.2952 -32.8511 0
      vertex -18.44 -32.819 0
    endloop
  endfacet
  facet normal -0.0438175 0.99904 0
    outer loop
      vertex -17.8518 -32.8704 0
      vertex -18 -32.8769 3
      vertex -17.8518 -32.8704 3
    endloop
  endfacet
  facet normal -0.0438175 0.99904 0
    outer loop
      vertex -18 -32.8769 3
      vertex -17.8518 -32.8704 0
      vertex -18 -32.8769 0
    endloop
  endfacet
  facet normal 0.0438175 0.99904 -0
    outer loop
      vertex -18 -32.8769 0
      vertex -18.1482 -32.8704 3
      vertex -18 -32.8769 3
    endloop
  endfacet
  facet normal 0.0438175 0.99904 0
    outer loop
      vertex -18.1482 -32.8704 3
      vertex -18 -32.8769 0
      vertex -18.1482 -32.8704 0
    endloop
  endfacet
  facet normal -0.675419 0.737434 0
    outer loop
      vertex -16.7979 -32.379 0
      vertex -16.9073 -32.4792 3
      vertex -16.7979 -32.379 3
    endloop
  endfacet
  facet normal -0.675419 0.737434 0
    outer loop
      vertex -16.9073 -32.4792 3
      vertex -16.7979 -32.379 0
      vertex -16.9073 -32.4792 0
    endloop
  endfacet
  facet normal -0.737126 0.675755 0
    outer loop
      vertex -16.7979 -32.379 0
      vertex -16.6977 -32.2697 3
      vertex -16.6977 -32.2697 0
    endloop
  endfacet
  facet normal -0.737126 0.675755 0
    outer loop
      vertex -16.6977 -32.2697 3
      vertex -16.7979 -32.379 0
      vertex -16.7979 -32.379 3
    endloop
  endfacet
  facet normal -0.382749 0.923853 0
    outer loop
      vertex -17.2815 -32.7176 0
      vertex -17.4186 -32.7744 3
      vertex -17.2815 -32.7176 3
    endloop
  endfacet
  facet normal -0.382749 0.923853 0
    outer loop
      vertex -17.4186 -32.7744 3
      vertex -17.2815 -32.7176 0
      vertex -17.4186 -32.7744 0
    endloop
  endfacet
  facet normal -0.300809 0.953685 0
    outer loop
      vertex -17.4186 -32.7744 0
      vertex -17.56 -32.819 3
      vertex -17.4186 -32.7744 3
    endloop
  endfacet
  facet normal -0.300809 0.953685 0
    outer loop
      vertex -17.56 -32.819 3
      vertex -17.4186 -32.7744 0
      vertex -17.56 -32.819 0
    endloop
  endfacet
  facet normal -0.737434 -0.675419 0
    outer loop
      vertex -16.6977 -30.0842 0
      vertex -16.7979 -29.9748 3
      vertex -16.7979 -29.9748 0
    endloop
  endfacet
  facet normal -0.737434 -0.675419 0
    outer loop
      vertex -16.7979 -29.9748 3
      vertex -16.6977 -30.0842 0
      vertex -16.6977 -30.0842 3
    endloop
  endfacet
  facet normal -0.843689 -0.536832 0
    outer loop
      vertex -16.5278 -30.3269 0
      vertex -16.6074 -30.2018 3
      vertex -16.6074 -30.2018 0
    endloop
  endfacet
  facet normal -0.843689 -0.536832 0
    outer loop
      vertex -16.6074 -30.2018 3
      vertex -16.5278 -30.3269 0
      vertex -16.5278 -30.3269 3
    endloop
  endfacet
  facet normal -0.675419 -0.737434 0
    outer loop
      vertex -16.9073 -29.8746 0
      vertex -16.7979 -29.9748 3
      vertex -16.9073 -29.8746 3
    endloop
  endfacet
  facet normal -0.675419 -0.737434 -0
    outer loop
      vertex -16.7979 -29.9748 3
      vertex -16.9073 -29.8746 0
      vertex -16.7979 -29.9748 0
    endloop
  endfacet
  facet normal -0.99904 -0.0438175 0
    outer loop
      vertex -16.3 -31.1769 0
      vertex -16.3065 -31.0287 3
      vertex -16.3065 -31.0287 0
    endloop
  endfacet
  facet normal -0.99904 -0.0438175 0
    outer loop
      vertex -16.3065 -31.0287 3
      vertex -16.3 -31.1769 0
      vertex -16.3 -31.1769 3
    endloop
  endfacet
  facet normal -0.886885 0.46199 0
    outer loop
      vertex -16.5278 -32.0269 0
      vertex -16.4593 -31.8954 3
      vertex -16.4593 -31.8954 0
    endloop
  endfacet
  facet normal -0.886885 0.46199 0
    outer loop
      vertex -16.4593 -31.8954 3
      vertex -16.5278 -32.0269 0
      vertex -16.5278 -32.0269 3
    endloop
  endfacet
  facet normal 0.537312 0.843384 -0
    outer loop
      vertex -18.85 -32.6492 0
      vertex -18.9751 -32.5695 3
      vertex -18.85 -32.6492 3
    endloop
  endfacet
  facet normal 0.537312 0.843384 0
    outer loop
      vertex -18.9751 -32.5695 3
      vertex -18.85 -32.6492 0
      vertex -18.9751 -32.5695 0
    endloop
  endfacet
  facet normal 0.99904 -0.0438175 0
    outer loop
      vertex -19.7 -31.1769 3
      vertex -19.6935 -31.0287 0
      vertex -19.6935 -31.0287 3
    endloop
  endfacet
  facet normal 0.99904 -0.0438175 0
    outer loop
      vertex -19.6935 -31.0287 0
      vertex -19.7 -31.1769 3
      vertex -19.7 -31.1769 0
    endloop
  endfacet
  facet normal 0.923853 0.382749 0
    outer loop
      vertex -19.5407 -31.8954 3
      vertex -19.5975 -31.7583 0
      vertex -19.5975 -31.7583 3
    endloop
  endfacet
  facet normal 0.923853 0.382749 0
    outer loop
      vertex -19.5975 -31.7583 0
      vertex -19.5407 -31.8954 3
      vertex -19.5407 -31.8954 0
    endloop
  endfacet
  facet normal 0.382749 -0.923853 0
    outer loop
      vertex -18.7185 -29.6362 0
      vertex -18.5814 -29.5794 3
      vertex -18.7185 -29.6362 3
    endloop
  endfacet
  facet normal 0.382749 -0.923853 0
    outer loop
      vertex -18.5814 -29.5794 3
      vertex -18.7185 -29.6362 0
      vertex -18.5814 -29.5794 0
    endloop
  endfacet
  facet normal 0.300809 -0.953685 0
    outer loop
      vertex -18.5814 -29.5794 0
      vertex -18.44 -29.5348 3
      vertex -18.5814 -29.5794 3
    endloop
  endfacet
  facet normal 0.300809 -0.953685 0
    outer loop
      vertex -18.44 -29.5348 3
      vertex -18.5814 -29.5794 0
      vertex -18.44 -29.5348 0
    endloop
  endfacet
  facet normal 0.46199 -0.886885 0
    outer loop
      vertex -18.85 -29.7047 0
      vertex -18.7185 -29.6362 3
      vertex -18.85 -29.7047 3
    endloop
  endfacet
  facet normal 0.46199 -0.886885 0
    outer loop
      vertex -18.7185 -29.6362 3
      vertex -18.85 -29.7047 0
      vertex -18.7185 -29.6362 0
    endloop
  endfacet
  facet normal 0.737434 -0.675419 0
    outer loop
      vertex -19.3023 -30.0842 3
      vertex -19.2021 -29.9748 0
      vertex -19.2021 -29.9748 3
    endloop
  endfacet
  facet normal 0.737434 -0.675419 0
    outer loop
      vertex -19.2021 -29.9748 0
      vertex -19.3023 -30.0842 3
      vertex -19.3023 -30.0842 0
    endloop
  endfacet
  facet normal 0.843689 -0.536832 0
    outer loop
      vertex -19.4722 -30.3269 3
      vertex -19.3926 -30.2018 0
      vertex -19.3926 -30.2018 3
    endloop
  endfacet
  facet normal 0.843689 -0.536832 0
    outer loop
      vertex -19.3926 -30.2018 0
      vertex -19.4722 -30.3269 3
      vertex -19.4722 -30.3269 0
    endloop
  endfacet
  facet normal -0.0438175 -0.99904 0
    outer loop
      vertex -18 -29.4769 0
      vertex -17.8518 -29.4834 3
      vertex -18 -29.4769 3
    endloop
  endfacet
  facet normal -0.0438175 -0.99904 -0
    outer loop
      vertex -17.8518 -29.4834 3
      vertex -18 -29.4769 0
      vertex -17.8518 -29.4834 0
    endloop
  endfacet
  facet normal -0.216431 -0.976298 0
    outer loop
      vertex -17.7048 -29.5027 0
      vertex -17.56 -29.5348 3
      vertex -17.7048 -29.5027 3
    endloop
  endfacet
  facet normal -0.216431 -0.976298 -0
    outer loop
      vertex -17.56 -29.5348 3
      vertex -17.7048 -29.5027 0
      vertex -17.56 -29.5348 0
    endloop
  endfacet
  facet normal -0.130175 0.991491 0
    outer loop
      vertex -17.7048 -32.8511 0
      vertex -17.8518 -32.8704 3
      vertex -17.7048 -32.8511 3
    endloop
  endfacet
  facet normal -0.130175 0.991491 0
    outer loop
      vertex -17.8518 -32.8704 3
      vertex -17.7048 -32.8511 0
      vertex -17.8518 -32.8704 0
    endloop
  endfacet
  facet normal -0.609026 0.79315 0
    outer loop
      vertex -16.9073 -32.4792 0
      vertex -17.0249 -32.5695 3
      vertex -16.9073 -32.4792 3
    endloop
  endfacet
  facet normal -0.609026 0.79315 0
    outer loop
      vertex -17.0249 -32.5695 3
      vertex -16.9073 -32.4792 0
      vertex -17.0249 -32.5695 0
    endloop
  endfacet
  facet normal -0.7934 0.6087 0
    outer loop
      vertex -16.6977 -32.2697 0
      vertex -16.6074 -32.152 3
      vertex -16.6074 -32.152 0
    endloop
  endfacet
  facet normal -0.7934 0.6087 0
    outer loop
      vertex -16.6074 -32.152 3
      vertex -16.6977 -32.2697 0
      vertex -16.6977 -32.2697 3
    endloop
  endfacet
  facet normal -0.461459 0.887162 0
    outer loop
      vertex -17.15 -32.6492 0
      vertex -17.2815 -32.7176 3
      vertex -17.15 -32.6492 3
    endloop
  endfacet
  facet normal -0.461459 0.887162 0
    outer loop
      vertex -17.2815 -32.7176 3
      vertex -17.15 -32.6492 0
      vertex -17.2815 -32.7176 0
    endloop
  endfacet
  facet normal -0.953685 -0.300809 0
    outer loop
      vertex -16.3579 -30.7369 0
      vertex -16.4025 -30.5955 3
      vertex -16.4025 -30.5955 0
    endloop
  endfacet
  facet normal -0.953685 -0.300809 0
    outer loop
      vertex -16.4025 -30.5955 3
      vertex -16.3579 -30.7369 0
      vertex -16.3579 -30.7369 3
    endloop
  endfacet
  facet normal -0.79315 -0.609026 0
    outer loop
      vertex -16.6074 -30.2018 0
      vertex -16.6977 -30.0842 3
      vertex -16.6977 -30.0842 0
    endloop
  endfacet
  facet normal -0.79315 -0.609026 0
    outer loop
      vertex -16.6977 -30.0842 3
      vertex -16.6074 -30.2018 0
      vertex -16.6074 -30.2018 3
    endloop
  endfacet
  facet normal -0.608602 -0.793476 0
    outer loop
      vertex -17.0249 -29.7844 0
      vertex -16.9073 -29.8746 3
      vertex -17.0249 -29.7844 3
    endloop
  endfacet
  facet normal -0.608602 -0.793476 -0
    outer loop
      vertex -16.9073 -29.8746 3
      vertex -17.0249 -29.7844 0
      vertex -16.9073 -29.8746 0
    endloop
  endfacet
  facet normal -0.991491 -0.130175 0
    outer loop
      vertex -16.3065 -31.0287 0
      vertex -16.3258 -30.8817 3
      vertex -16.3258 -30.8817 0
    endloop
  endfacet
  facet normal -0.991491 -0.130175 0
    outer loop
      vertex -16.3258 -30.8817 3
      vertex -16.3065 -31.0287 0
      vertex -16.3065 -31.0287 3
    endloop
  endfacet
  facet normal -0.99904 0.0438175 0
    outer loop
      vertex -16.3065 -31.3251 0
      vertex -16.3 -31.1769 3
      vertex -16.3 -31.1769 0
    endloop
  endfacet
  facet normal -0.99904 0.0438175 0
    outer loop
      vertex -16.3 -31.1769 3
      vertex -16.3065 -31.3251 0
      vertex -16.3065 -31.3251 3
    endloop
  endfacet
  facet normal -0.976298 0.216431 0
    outer loop
      vertex -16.3579 -31.6169 0
      vertex -16.3258 -31.4721 3
      vertex -16.3258 -31.4721 0
    endloop
  endfacet
  facet normal -0.976298 0.216431 0
    outer loop
      vertex -16.3258 -31.4721 3
      vertex -16.3579 -31.6169 0
      vertex -16.3579 -31.6169 3
    endloop
  endfacet
  facet normal -0.923853 0.382749 0
    outer loop
      vertex -16.4593 -31.8954 0
      vertex -16.4025 -31.7583 3
      vertex -16.4025 -31.7583 0
    endloop
  endfacet
  facet normal -0.923853 0.382749 0
    outer loop
      vertex -16.4025 -31.7583 3
      vertex -16.4593 -31.8954 0
      vertex -16.4593 -31.8954 3
    endloop
  endfacet
  facet normal 0.7934 0.6087 0
    outer loop
      vertex -19.3023 -32.2697 3
      vertex -19.3926 -32.152 0
      vertex -19.3926 -32.152 3
    endloop
  endfacet
  facet normal 0.7934 0.6087 0
    outer loop
      vertex -19.3926 -32.152 0
      vertex -19.3023 -32.2697 3
      vertex -19.3023 -32.2697 0
    endloop
  endfacet
  facet normal 0.953685 -0.300809 0
    outer loop
      vertex -19.6421 -30.7369 3
      vertex -19.5975 -30.5955 0
      vertex -19.5975 -30.5955 3
    endloop
  endfacet
  facet normal 0.953685 -0.300809 0
    outer loop
      vertex -19.5975 -30.5955 0
      vertex -19.6421 -30.7369 3
      vertex -19.6421 -30.7369 0
    endloop
  endfacet
  facet normal 0.887029 -0.461713 0
    outer loop
      vertex -19.5407 -30.4585 3
      vertex -19.4722 -30.3269 0
      vertex -19.4722 -30.3269 3
    endloop
  endfacet
  facet normal 0.887029 -0.461713 0
    outer loop
      vertex -19.4722 -30.3269 0
      vertex -19.5407 -30.4585 3
      vertex -19.5407 -30.4585 0
    endloop
  endfacet
  facet normal 0.923754 -0.382987 0
    outer loop
      vertex -19.5975 -30.5955 3
      vertex -19.5407 -30.4585 0
      vertex -19.5407 -30.4585 3
    endloop
  endfacet
  facet normal 0.923754 -0.382987 0
    outer loop
      vertex -19.5407 -30.4585 0
      vertex -19.5975 -30.5955 3
      vertex -19.5975 -30.5955 0
    endloop
  endfacet
  facet normal 0.991491 -0.130175 0
    outer loop
      vertex -19.6935 -31.0287 3
      vertex -19.6742 -30.8817 0
      vertex -19.6742 -30.8817 3
    endloop
  endfacet
  facet normal 0.991491 -0.130175 0
    outer loop
      vertex -19.6742 -30.8817 0
      vertex -19.6935 -31.0287 3
      vertex -19.6935 -31.0287 0
    endloop
  endfacet
  facet normal 0.991491 0.130175 0
    outer loop
      vertex -19.6742 -31.4721 3
      vertex -19.6935 -31.3251 0
      vertex -19.6935 -31.3251 3
    endloop
  endfacet
  facet normal 0.991491 0.130175 0
    outer loop
      vertex -19.6935 -31.3251 0
      vertex -19.6742 -31.4721 3
      vertex -19.6742 -31.4721 0
    endloop
  endfacet
  facet normal 0.99904 0.0438175 0
    outer loop
      vertex -19.6935 -31.3251 3
      vertex -19.7 -31.1769 0
      vertex -19.7 -31.1769 3
    endloop
  endfacet
  facet normal 0.99904 0.0438175 0
    outer loop
      vertex -19.7 -31.1769 0
      vertex -19.6935 -31.3251 3
      vertex -19.6935 -31.3251 0
    endloop
  endfacet
  facet normal 0.537312 -0.843384 0
    outer loop
      vertex -18.9751 -29.7844 0
      vertex -18.85 -29.7047 3
      vertex -18.9751 -29.7844 3
    endloop
  endfacet
  facet normal 0.537312 -0.843384 0
    outer loop
      vertex -18.85 -29.7047 3
      vertex -18.9751 -29.7844 0
      vertex -18.85 -29.7047 0
    endloop
  endfacet
  facet normal 0.675419 -0.737434 0
    outer loop
      vertex -19.2021 -29.9748 0
      vertex -19.0927 -29.8746 3
      vertex -19.2021 -29.9748 3
    endloop
  endfacet
  facet normal 0.675419 -0.737434 0
    outer loop
      vertex -19.0927 -29.8746 3
      vertex -19.2021 -29.9748 0
      vertex -19.0927 -29.8746 0
    endloop
  endfacet
  facet normal 0.79315 -0.609026 0
    outer loop
      vertex -19.3926 -30.2018 3
      vertex -19.3023 -30.0842 0
      vertex -19.3023 -30.0842 3
    endloop
  endfacet
  facet normal 0.79315 -0.609026 0
    outer loop
      vertex -19.3023 -30.0842 0
      vertex -19.3926 -30.2018 3
      vertex -19.3926 -30.2018 0
    endloop
  endfacet
  facet normal 0.0438175 -0.99904 0
    outer loop
      vertex -18.1482 -29.4834 0
      vertex -18 -29.4769 3
      vertex -18.1482 -29.4834 3
    endloop
  endfacet
  facet normal 0.0438175 -0.99904 0
    outer loop
      vertex -18 -29.4769 3
      vertex -18.1482 -29.4834 0
      vertex -18 -29.4769 0
    endloop
  endfacet
  facet normal -0.300809 -0.953685 0
    outer loop
      vertex -17.56 -29.5348 0
      vertex -17.4186 -29.5794 3
      vertex -17.56 -29.5348 3
    endloop
  endfacet
  facet normal -0.300809 -0.953685 -0
    outer loop
      vertex -17.4186 -29.5794 3
      vertex -17.56 -29.5348 0
      vertex -17.4186 -29.5794 0
    endloop
  endfacet
  facet normal -0.46199 -0.886885 0
    outer loop
      vertex -17.2815 -29.6362 0
      vertex -17.15 -29.7047 3
      vertex -17.2815 -29.6362 3
    endloop
  endfacet
  facet normal -0.46199 -0.886885 -0
    outer loop
      vertex -17.15 -29.7047 3
      vertex -17.2815 -29.6362 0
      vertex -17.15 -29.7047 0
    endloop
  endfacet
  facet normal 0.886885 0.46199 0
    outer loop
      vertex -19.4722 -32.0269 3
      vertex -19.5407 -31.8954 0
      vertex -19.5407 -31.8954 3
    endloop
  endfacet
  facet normal 0.886885 0.46199 0
    outer loop
      vertex -19.5407 -31.8954 0
      vertex -19.4722 -32.0269 3
      vertex -19.4722 -32.0269 0
    endloop
  endfacet
  facet normal 0.609026 0.79315 -0
    outer loop
      vertex -18.9751 -32.5695 0
      vertex -19.0927 -32.4792 3
      vertex -18.9751 -32.5695 3
    endloop
  endfacet
  facet normal 0.609026 0.79315 0
    outer loop
      vertex -19.0927 -32.4792 3
      vertex -18.9751 -32.5695 0
      vertex -19.0927 -32.4792 0
    endloop
  endfacet
  facet normal 0.976298 0.216431 0
    outer loop
      vertex -19.6421 -31.6169 3
      vertex -19.6742 -31.4721 0
      vertex -19.6742 -31.4721 3
    endloop
  endfacet
  facet normal 0.976298 0.216431 0
    outer loop
      vertex -19.6742 -31.4721 0
      vertex -19.6421 -31.6169 3
      vertex -19.6421 -31.6169 0
    endloop
  endfacet
  facet normal -0.382749 -0.923853 0
    outer loop
      vertex -17.4186 -29.5794 0
      vertex -17.2815 -29.6362 3
      vertex -17.4186 -29.5794 3
    endloop
  endfacet
  facet normal -0.382749 -0.923853 -0
    outer loop
      vertex -17.2815 -29.6362 3
      vertex -17.4186 -29.5794 0
      vertex -17.2815 -29.6362 0
    endloop
  endfacet
  facet normal 0.843689 0.536832 0
    outer loop
      vertex -19.3926 -32.152 3
      vertex -19.4722 -32.0269 0
      vertex -19.4722 -32.0269 3
    endloop
  endfacet
  facet normal 0.843689 0.536832 0
    outer loop
      vertex -19.4722 -32.0269 0
      vertex -19.3926 -32.152 3
      vertex -19.3926 -32.152 0
    endloop
  endfacet
  facet normal 0.737126 0.675755 0
    outer loop
      vertex -19.2021 -32.379 3
      vertex -19.3023 -32.2697 0
      vertex -19.3023 -32.2697 3
    endloop
  endfacet
  facet normal 0.737126 0.675755 0
    outer loop
      vertex -19.3023 -32.2697 0
      vertex -19.2021 -32.379 3
      vertex -19.2021 -32.379 0
    endloop
  endfacet
  facet normal 0.675419 0.737434 -0
    outer loop
      vertex -19.0927 -32.4792 0
      vertex -19.2021 -32.379 3
      vertex -19.0927 -32.4792 3
    endloop
  endfacet
  facet normal 0.675419 0.737434 0
    outer loop
      vertex -19.2021 -32.379 3
      vertex -19.0927 -32.4792 0
      vertex -19.2021 -32.379 0
    endloop
  endfacet
endsolid OpenSCAD_Model
