solid OpenSCAD_Model
  facet normal 0.999229 0.0392722 0
    outer loop
      vertex 27.5 0 21
      vertex 27.4152 2.15762 17
      vertex 27.4152 2.15762 21
    endloop
  endfacet
  facet normal 0.999229 0.0392722 0
    outer loop
      vertex 27.4152 2.15762 17
      vertex 27.5 0 21
      vertex 27.5 0 17
    endloop
  endfacet
  facet normal -0.999229 0.0392722 0
    outer loop
      vertex -27.5 0 17
      vertex -27.4152 2.15762 21
      vertex -27.4152 2.15762 17
    endloop
  endfacet
  facet normal -0.999229 0.0392722 0
    outer loop
      vertex -27.4152 2.15762 21
      vertex -27.5 0 17
      vertex -27.5 0 21
    endloop
  endfacet
  facet normal 0.0392722 0.999229 -0
    outer loop
      vertex 2.15762 27.4152 17
      vertex 0 27.5 21
      vertex 2.15762 27.4152 21
    endloop
  endfacet
  facet normal 0.0392722 0.999229 0
    outer loop
      vertex 0 27.5 21
      vertex 2.15762 27.4152 17
      vertex 0 27.5 17
    endloop
  endfacet
  facet normal -0.0392722 -0.999229 0
    outer loop
      vertex -2.15762 -27.4152 17
      vertex 0 -27.5 21
      vertex -2.15762 -27.4152 21
    endloop
  endfacet
  facet normal -0.0392722 -0.999229 -0
    outer loop
      vertex 0 -27.5 21
      vertex -2.15762 -27.4152 17
      vertex 0 -27.5 17
    endloop
  endfacet
  facet normal -0.734303 -0.678822 0
    outer loop
      vertex -19.4454 -19.4454 17
      vertex -20.9112 -17.8598 21
      vertex -20.9112 -17.8598 17
    endloop
  endfacet
  facet normal -0.734303 -0.678822 0
    outer loop
      vertex -20.9112 -17.8598 21
      vertex -19.4454 -19.4454 17
      vertex -19.4454 -19.4454 21
    endloop
  endfacet
  facet normal 0.734303 0.678822 0
    outer loop
      vertex 20.9112 17.8598 21
      vertex 19.4454 19.4454 17
      vertex 19.4454 19.4454 21
    endloop
  endfacet
  facet normal 0.734303 0.678822 0
    outer loop
      vertex 19.4454 19.4454 17
      vertex 20.9112 17.8598 21
      vertex 20.9112 17.8598 17
    endloop
  endfacet
  facet normal -0.678822 0.734303 0
    outer loop
      vertex -17.8598 20.9112 17
      vertex -19.4454 19.4454 21
      vertex -17.8598 20.9112 21
    endloop
  endfacet
  facet normal -0.678822 0.734303 0
    outer loop
      vertex -19.4454 19.4454 21
      vertex -17.8598 20.9112 17
      vertex -19.4454 19.4454 17
    endloop
  endfacet
  facet normal -0.34613 0.938187 0
    outer loop
      vertex -8.49797 26.1541 17
      vertex -10.5238 25.4067 21
      vertex -8.49797 26.1541 21
    endloop
  endfacet
  facet normal -0.34613 0.938187 0
    outer loop
      vertex -10.5238 25.4067 21
      vertex -8.49797 26.1541 17
      vertex -10.5238 25.4067 17
    endloop
  endfacet
  facet normal -0.962457 -0.271432 0
    outer loop
      vertex -26.1541 -8.49797 17
      vertex -26.7402 -6.41975 21
      vertex -26.7402 -6.41975 17
    endloop
  endfacet
  facet normal -0.962457 -0.271432 0
    outer loop
      vertex -26.7402 -6.41975 21
      vertex -26.1541 -8.49797 17
      vertex -26.1541 -8.49797 21
    endloop
  endfacet
  facet normal 0.938187 0.34613 0
    outer loop
      vertex 26.1541 8.49797 21
      vertex 25.4067 10.5238 17
      vertex 25.4067 10.5238 21
    endloop
  endfacet
  facet normal 0.938187 0.34613 0
    outer loop
      vertex 25.4067 10.5238 17
      vertex 26.1541 8.49797 21
      vertex 26.1541 8.49797 17
    endloop
  endfacet
  facet normal 0.418665 0.908141 -0
    outer loop
      vertex 12.4847 24.5027 17
      vertex 10.5238 25.4067 21
      vertex 12.4847 24.5027 21
    endloop
  endfacet
  facet normal 0.418665 0.908141 0
    outer loop
      vertex 10.5238 25.4067 21
      vertex 12.4847 24.5027 17
      vertex 10.5238 25.4067 17
    endloop
  endfacet
  facet normal -0.872494 0.488625 0
    outer loop
      vertex -24.5027 12.4847 17
      vertex -23.4476 14.3687 21
      vertex -23.4476 14.3687 17
    endloop
  endfacet
  facet normal -0.872494 0.488625 0
    outer loop
      vertex -23.4476 14.3687 21
      vertex -24.5027 12.4847 17
      vertex -24.5027 12.4847 21
    endloop
  endfacet
  facet normal -0.195065 0.98079 0
    outer loop
      vertex -4.30195 27.1614 17
      vertex -6.41975 26.7402 21
      vertex -4.30195 27.1614 21
    endloop
  endfacet
  facet normal -0.195065 0.98079 0
    outer loop
      vertex -6.41975 26.7402 21
      vertex -4.30195 27.1614 17
      vertex -6.41975 26.7402 17
    endloop
  endfacet
  facet normal 0.872494 -0.488625 0
    outer loop
      vertex 23.4476 -14.3687 21
      vertex 24.5027 -12.4847 17
      vertex 24.5027 -12.4847 21
    endloop
  endfacet
  facet normal 0.872494 -0.488625 0
    outer loop
      vertex 24.5027 -12.4847 17
      vertex 23.4476 -14.3687 21
      vertex 23.4476 -14.3687 17
    endloop
  endfacet
  facet normal 0.271432 -0.962457 0
    outer loop
      vertex 6.41975 -26.7402 17
      vertex 8.49797 -26.1541 21
      vertex 6.41975 -26.7402 21
    endloop
  endfacet
  facet normal 0.271432 -0.962457 0
    outer loop
      vertex 8.49797 -26.1541 21
      vertex 6.41975 -26.7402 17
      vertex 8.49797 -26.1541 17
    endloop
  endfacet
  facet normal 0.678822 -0.734303 0
    outer loop
      vertex 17.8598 -20.9112 17
      vertex 19.4454 -19.4454 21
      vertex 17.8598 -20.9112 21
    endloop
  endfacet
  facet normal 0.678822 -0.734303 0
    outer loop
      vertex 19.4454 -19.4454 21
      vertex 17.8598 -20.9112 17
      vertex 19.4454 -19.4454 17
    endloop
  endfacet
  facet normal -0.34613 -0.938187 0
    outer loop
      vertex -10.5238 -25.4067 17
      vertex -8.49797 -26.1541 21
      vertex -10.5238 -25.4067 21
    endloop
  endfacet
  facet normal -0.34613 -0.938187 -0
    outer loop
      vertex -8.49797 -26.1541 21
      vertex -10.5238 -25.4067 17
      vertex -8.49797 -26.1541 17
    endloop
  endfacet
  facet normal 0.98079 0.195065 0
    outer loop
      vertex 27.1614 4.30195 21
      vertex 26.7402 6.41975 17
      vertex 26.7402 6.41975 21
    endloop
  endfacet
  facet normal 0.98079 0.195065 0
    outer loop
      vertex 26.7402 6.41975 17
      vertex 27.1614 4.30195 21
      vertex 27.1614 4.30195 17
    endloop
  endfacet
  facet normal 0.993068 0.117538 0
    outer loop
      vertex 27.4152 2.15762 21
      vertex 27.1614 4.30195 17
      vertex 27.1614 4.30195 21
    endloop
  endfacet
  facet normal 0.993068 0.117538 0
    outer loop
      vertex 27.1614 4.30195 17
      vertex 27.4152 2.15762 21
      vertex 27.4152 2.15762 17
    endloop
  endfacet
  facet normal 0.962457 0.271432 0
    outer loop
      vertex 26.7402 6.41975 21
      vertex 26.1541 8.49797 17
      vertex 26.1541 8.49797 21
    endloop
  endfacet
  facet normal 0.962457 0.271432 0
    outer loop
      vertex 26.1541 8.49797 17
      vertex 26.7402 6.41975 21
      vertex 26.7402 6.41975 17
    endloop
  endfacet
  facet normal 0.872494 0.488625 0
    outer loop
      vertex 24.5027 12.4847 21
      vertex 23.4476 14.3687 17
      vertex 23.4476 14.3687 21
    endloop
  endfacet
  facet normal 0.872494 0.488625 0
    outer loop
      vertex 23.4476 14.3687 17
      vertex 24.5027 12.4847 21
      vertex 24.5027 12.4847 17
    endloop
  endfacet
  facet normal 0.785313 0.619099 0
    outer loop
      vertex 22.248 16.1641 21
      vertex 20.9112 17.8598 17
      vertex 20.9112 17.8598 21
    endloop
  endfacet
  facet normal 0.785313 0.619099 0
    outer loop
      vertex 20.9112 17.8598 17
      vertex 22.248 16.1641 21
      vertex 22.248 16.1641 17
    endloop
  endfacet
  facet normal 0.908141 0.418665 0
    outer loop
      vertex 25.4067 10.5238 21
      vertex 24.5027 12.4847 17
      vertex 24.5027 12.4847 21
    endloop
  endfacet
  facet normal 0.908141 0.418665 0
    outer loop
      vertex 24.5027 12.4847 17
      vertex 25.4067 10.5238 21
      vertex 25.4067 10.5238 17
    endloop
  endfacet
  facet normal 0.271432 0.962457 -0
    outer loop
      vertex 8.49797 26.1541 17
      vertex 6.41975 26.7402 21
      vertex 8.49797 26.1541 21
    endloop
  endfacet
  facet normal 0.271432 0.962457 0
    outer loop
      vertex 6.41975 26.7402 21
      vertex 8.49797 26.1541 17
      vertex 6.41975 26.7402 17
    endloop
  endfacet
  facet normal 0.195065 0.98079 -0
    outer loop
      vertex 6.41975 26.7402 17
      vertex 4.30195 27.1614 21
      vertex 6.41975 26.7402 21
    endloop
  endfacet
  facet normal 0.195065 0.98079 0
    outer loop
      vertex 4.30195 27.1614 21
      vertex 6.41975 26.7402 17
      vertex 4.30195 27.1614 17
    endloop
  endfacet
  facet normal 0.678822 0.734303 -0
    outer loop
      vertex 19.4454 19.4454 17
      vertex 17.8598 20.9112 21
      vertex 19.4454 19.4454 21
    endloop
  endfacet
  facet normal 0.678822 0.734303 0
    outer loop
      vertex 17.8598 20.9112 21
      vertex 19.4454 19.4454 17
      vertex 17.8598 20.9112 17
    endloop
  endfacet
  facet normal -0.962457 0.271432 0
    outer loop
      vertex -26.7402 6.41975 17
      vertex -26.1541 8.49797 21
      vertex -26.1541 8.49797 17
    endloop
  endfacet
  facet normal -0.962457 0.271432 0
    outer loop
      vertex -26.1541 8.49797 21
      vertex -26.7402 6.41975 17
      vertex -26.7402 6.41975 21
    endloop
  endfacet
  facet normal -0.734303 0.678822 0
    outer loop
      vertex -20.9112 17.8598 17
      vertex -19.4454 19.4454 21
      vertex -19.4454 19.4454 17
    endloop
  endfacet
  facet normal -0.734303 0.678822 0
    outer loop
      vertex -19.4454 19.4454 21
      vertex -20.9112 17.8598 17
      vertex -20.9112 17.8598 21
    endloop
  endfacet
  facet normal -0.908141 0.418665 0
    outer loop
      vertex -25.4067 10.5238 17
      vertex -24.5027 12.4847 21
      vertex -24.5027 12.4847 17
    endloop
  endfacet
  facet normal -0.908141 0.418665 0
    outer loop
      vertex -24.5027 12.4847 21
      vertex -25.4067 10.5238 17
      vertex -25.4067 10.5238 21
    endloop
  endfacet
  facet normal -0.98079 0.195065 0
    outer loop
      vertex -27.1614 4.30195 17
      vertex -26.7402 6.41975 21
      vertex -26.7402 6.41975 17
    endloop
  endfacet
  facet normal -0.98079 0.195065 0
    outer loop
      vertex -26.7402 6.41975 21
      vertex -27.1614 4.30195 17
      vertex -27.1614 4.30195 21
    endloop
  endfacet
  facet normal -0.418665 0.908141 0
    outer loop
      vertex -10.5238 25.4067 17
      vertex -12.4847 24.5027 21
      vertex -10.5238 25.4067 21
    endloop
  endfacet
  facet normal -0.418665 0.908141 0
    outer loop
      vertex -12.4847 24.5027 21
      vertex -10.5238 25.4067 17
      vertex -12.4847 24.5027 17
    endloop
  endfacet
  facet normal -0.488625 0.872494 0
    outer loop
      vertex -12.4847 24.5027 17
      vertex -14.3687 23.4476 21
      vertex -12.4847 24.5027 21
    endloop
  endfacet
  facet normal -0.488625 0.872494 0
    outer loop
      vertex -14.3687 23.4476 21
      vertex -12.4847 24.5027 17
      vertex -14.3687 23.4476 17
    endloop
  endfacet
  facet normal -0.619099 0.785313 0
    outer loop
      vertex -16.1641 22.248 17
      vertex -17.8598 20.9112 21
      vertex -16.1641 22.248 21
    endloop
  endfacet
  facet normal -0.619099 0.785313 0
    outer loop
      vertex -17.8598 20.9112 21
      vertex -16.1641 22.248 17
      vertex -17.8598 20.9112 17
    endloop
  endfacet
  facet normal -0.117538 0.993068 0
    outer loop
      vertex -2.15762 27.4152 17
      vertex -4.30195 27.1614 21
      vertex -2.15762 27.4152 21
    endloop
  endfacet
  facet normal -0.117538 0.993068 0
    outer loop
      vertex -4.30195 27.1614 21
      vertex -2.15762 27.4152 17
      vertex -4.30195 27.1614 17
    endloop
  endfacet
  facet normal 0.418665 -0.908141 0
    outer loop
      vertex 10.5238 -25.4067 17
      vertex 12.4847 -24.5027 21
      vertex 10.5238 -25.4067 21
    endloop
  endfacet
  facet normal 0.418665 -0.908141 0
    outer loop
      vertex 12.4847 -24.5027 21
      vertex 10.5238 -25.4067 17
      vertex 12.4847 -24.5027 17
    endloop
  endfacet
  facet normal 0.734303 -0.678822 0
    outer loop
      vertex 19.4454 -19.4454 21
      vertex 20.9112 -17.8598 17
      vertex 20.9112 -17.8598 21
    endloop
  endfacet
  facet normal 0.734303 -0.678822 0
    outer loop
      vertex 20.9112 -17.8598 17
      vertex 19.4454 -19.4454 21
      vertex 19.4454 -19.4454 17
    endloop
  endfacet
  facet normal -0.678822 -0.734303 0
    outer loop
      vertex -19.4454 -19.4454 17
      vertex -17.8598 -20.9112 21
      vertex -19.4454 -19.4454 21
    endloop
  endfacet
  facet normal -0.678822 -0.734303 -0
    outer loop
      vertex -17.8598 -20.9112 21
      vertex -19.4454 -19.4454 17
      vertex -17.8598 -20.9112 17
    endloop
  endfacet
  facet normal -0.488625 -0.872494 0
    outer loop
      vertex -14.3687 -23.4476 17
      vertex -12.4847 -24.5027 21
      vertex -14.3687 -23.4476 21
    endloop
  endfacet
  facet normal -0.488625 -0.872494 -0
    outer loop
      vertex -12.4847 -24.5027 21
      vertex -14.3687 -23.4476 17
      vertex -12.4847 -24.5027 17
    endloop
  endfacet
  facet normal -0.195065 -0.98079 0
    outer loop
      vertex -6.41975 -26.7402 17
      vertex -4.30195 -27.1614 21
      vertex -6.41975 -26.7402 21
    endloop
  endfacet
  facet normal -0.195065 -0.98079 -0
    outer loop
      vertex -4.30195 -27.1614 21
      vertex -6.41975 -26.7402 17
      vertex -4.30195 -27.1614 17
    endloop
  endfacet
  facet normal -0.908141 -0.418665 0
    outer loop
      vertex -24.5027 -12.4847 17
      vertex -25.4067 -10.5238 21
      vertex -25.4067 -10.5238 17
    endloop
  endfacet
  facet normal -0.908141 -0.418665 0
    outer loop
      vertex -25.4067 -10.5238 21
      vertex -24.5027 -12.4847 17
      vertex -24.5027 -12.4847 21
    endloop
  endfacet
  facet normal 0 0 -1
    outer loop
      vertex 22.653 -0.396856 17
      vertex 27.5 0 17
      vertex 27.4152 -2.15762 17
    endloop
  endfacet
  facet normal 0 0 -1
    outer loop
      vertex 21.9322 -1.7261 17
      vertex 27.4152 -2.15762 17
      vertex 27.1614 -4.30195 17
    endloop
  endfacet
  facet normal 0 0 -1
    outer loop
      vertex 27.5 0 17
      vertex 22.6791 -0.265938 17
      vertex 22.6948 -0.13338 17
    endloop
  endfacet
  facet normal 0 0 -1
    outer loop
      vertex 21.7291 -3.44156 17
      vertex 27.1614 -4.30195 17
      vertex 26.7402 -6.41975 17
    endloop
  endfacet
  facet normal -0 0 -1
    outer loop
      vertex 27.5 0 17
      vertex 22.6948 -0.13338 17
      vertex 22.7 0 17
    endloop
  endfacet
  facet normal 0 0 -1
    outer loop
      vertex 21.3921 -5.1358 17
      vertex 26.7402 -6.41975 17
      vertex 26.1541 -8.49797 17
    endloop
  endfacet
  facet normal 0 0 -1
    outer loop
      vertex 22.6791 0.265938 17
      vertex 27.5 0 17
      vertex 22.6948 0.13338 17
    endloop
  endfacet
  facet normal 0 0 -1
    outer loop
      vertex 20.9232 -6.79837 17
      vertex 26.1541 -8.49797 17
      vertex 25.4067 -10.5238 17
    endloop
  endfacet
  facet normal 0 0 -1
    outer loop
      vertex 22.653 0.396856 17
      vertex 27.5 0 17
      vertex 22.6791 0.265938 17
    endloop
  endfacet
  facet normal 0 0 -1
    outer loop
      vertex 20.3253 -8.41903 17
      vertex 25.4067 -10.5238 17
      vertex 24.5027 -12.4847 17
    endloop
  endfacet
  facet normal 0 0 -1
    outer loop
      vertex 27.5 0 17
      vertex 22.653 0.396856 17
      vertex 27.4152 2.15762 17
    endloop
  endfacet
  facet normal 0 0 -1
    outer loop
      vertex 19.6021 -9.98779 17
      vertex 24.5027 -12.4847 17
      vertex 23.4476 -14.3687 17
    endloop
  endfacet
  facet normal 0 0 -1
    outer loop
      vertex 22.6168 0.525329 17
      vertex 27.4152 2.15762 17
      vertex 22.653 0.396856 17
    endloop
  endfacet
  facet normal 0 0 -1
    outer loop
      vertex 22.5147 0.771784 17
      vertex 27.4152 2.15762 17
      vertex 22.5706 0.650561 17
    endloop
  endfacet
  facet normal 0 0 -1
    outer loop
      vertex 22.5706 0.650561 17
      vertex 27.4152 2.15762 17
      vertex 22.6168 0.525329 17
    endloop
  endfacet
  facet normal 0 0 -1
    outer loop
      vertex 22.6948 0.13338 17
      vertex 27.5 0 17
      vertex 22.7 0 17
    endloop
  endfacet
  facet normal 0 0 -1
    outer loop
      vertex 27.5 0 17
      vertex 22.653 -0.396856 17
      vertex 22.6791 -0.265938 17
    endloop
  endfacet
  facet normal 0 0 -1
    outer loop
      vertex 27.4152 -2.15762 17
      vertex 22.6168 -0.525329 17
      vertex 22.653 -0.396856 17
    endloop
  endfacet
  facet normal 0 0 -1
    outer loop
      vertex 27.4152 -2.15762 17
      vertex 22.5706 -0.650561 17
      vertex 22.6168 -0.525329 17
    endloop
  endfacet
  facet normal 0 -0 -1
    outer loop
      vertex 21.9322 -1.7261 17
      vertex 27.1614 -4.30195 17
      vertex 21.7291 -3.44156 17
    endloop
  endfacet
  facet normal 0 0 -1
    outer loop
      vertex 27.4152 -2.15762 17
      vertex 22.5147 -0.771784 17
      vertex 22.5706 -0.650561 17
    endloop
  endfacet
  facet normal 0 0 -1
    outer loop
      vertex 27.4152 -2.15762 17
      vertex 22.4495 -0.888247 17
      vertex 22.5147 -0.771784 17
    endloop
  endfacet
  facet normal 0 0 -1
    outer loop
      vertex 27.4152 -2.15762 17
      vertex 22.3753 -0.999234 17
      vertex 22.4495 -0.888247 17
    endloop
  endfacet
  facet normal 0 0 -1
    outer loop
      vertex 18.7581 -11.495 17
      vertex 23.4476 -14.3687 17
      vertex 22.248 -16.1641 17
    endloop
  endfacet
  facet normal 0 0 -1
    outer loop
      vertex 27.4152 -2.15762 17
      vertex 22.2927 -1.10406 17
      vertex 22.3753 -0.999234 17
    endloop
  endfacet
  facet normal 0 0 -1
    outer loop
      vertex 27.4152 -2.15762 17
      vertex 21.9322 -1.7261 17
      vertex 22.2927 -1.10406 17
    endloop
  endfacet
  facet normal 0 0 -1
    outer loop
      vertex 22.2927 -1.10406 17
      vertex 21.9322 -1.7261 17
      vertex 22.2021 -1.20208 17
    endloop
  endfacet
  facet normal 0 0 -1
    outer loop
      vertex 22.2021 -1.20208 17
      vertex 21.9322 -1.7261 17
      vertex 22.1041 -1.29269 17
    endloop
  endfacet
  facet normal 0 0 -1
    outer loop
      vertex 21.9992 -1.37533 17
      vertex 21.9322 -1.7261 17
      vertex 21.9445 -1.41188 17
    endloop
  endfacet
  facet normal 0 0 -1
    outer loop
      vertex 22.1041 -1.29269 17
      vertex 21.9322 -1.7261 17
      vertex 21.9992 -1.37533 17
    endloop
  endfacet
  facet normal 0 0 -1
    outer loop
      vertex 26.7402 -6.41975 17
      vertex 21.3921 -5.1358 17
      vertex 21.7291 -3.44156 17
    endloop
  endfacet
  facet normal 0 0 -1
    outer loop
      vertex 26.1541 -8.49797 17
      vertex 20.9232 -6.79837 17
      vertex 21.3921 -5.1358 17
    endloop
  endfacet
  facet normal 0 0 -1
    outer loop
      vertex 17.7984 -12.9313 17
      vertex 22.248 -16.1641 17
      vertex 20.9112 -17.8598 17
    endloop
  endfacet
  facet normal 0 0 -1
    outer loop
      vertex 25.4067 -10.5238 17
      vertex 20.3253 -8.41903 17
      vertex 20.9232 -6.79837 17
    endloop
  endfacet
  facet normal 0 0 -1
    outer loop
      vertex 24.5027 -12.4847 17
      vertex 19.6021 -9.98779 17
      vertex 20.3253 -8.41903 17
    endloop
  endfacet
  facet normal 0 0 -1
    outer loop
      vertex 16.7289 -14.2879 17
      vertex 20.9112 -17.8598 17
      vertex 19.4454 -19.4454 17
    endloop
  endfacet
  facet normal 0 0 -1
    outer loop
      vertex 23.4476 -14.3687 17
      vertex 18.7581 -11.495 17
      vertex 19.6021 -9.98779 17
    endloop
  endfacet
  facet normal 0 0 -1
    outer loop
      vertex 15.5563 -15.5563 17
      vertex 19.4454 -19.4454 17
      vertex 17.8598 -20.9112 17
    endloop
  endfacet
  facet normal 0 0 -1
    outer loop
      vertex 22.248 -16.1641 17
      vertex 17.7984 -12.9313 17
      vertex 18.7581 -11.495 17
    endloop
  endfacet
  facet normal 0 0 -1
    outer loop
      vertex 20.9112 -17.8598 17
      vertex 16.7289 -14.2879 17
      vertex 17.7984 -12.9313 17
    endloop
  endfacet
  facet normal 0 0 -1
    outer loop
      vertex 14.2879 -16.7289 17
      vertex 17.8598 -20.9112 17
      vertex 16.1641 -22.248 17
    endloop
  endfacet
  facet normal 0 0 -1
    outer loop
      vertex 19.4454 -19.4454 17
      vertex 15.5563 -15.5563 17
      vertex 16.7289 -14.2879 17
    endloop
  endfacet
  facet normal 0 0 -1
    outer loop
      vertex 12.9313 -17.7984 17
      vertex 16.1641 -22.248 17
      vertex 14.3687 -23.4476 17
    endloop
  endfacet
  facet normal 0 0 -1
    outer loop
      vertex 17.8598 -20.9112 17
      vertex 14.2879 -16.7289 17
      vertex 15.5563 -15.5563 17
    endloop
  endfacet
  facet normal 0 0 -1
    outer loop
      vertex 16.1641 -22.248 17
      vertex 12.9313 -17.7984 17
      vertex 14.2879 -16.7289 17
    endloop
  endfacet
  facet normal 0 0 -1
    outer loop
      vertex 11.495 -18.7581 17
      vertex 14.3687 -23.4476 17
      vertex 12.4847 -24.5027 17
    endloop
  endfacet
  facet normal 0 0 -1
    outer loop
      vertex 14.3687 -23.4476 17
      vertex 11.495 -18.7581 17
      vertex 12.9313 -17.7984 17
    endloop
  endfacet
  facet normal 0 0 -1
    outer loop
      vertex 9.98779 -19.6021 17
      vertex 12.4847 -24.5027 17
      vertex 10.5238 -25.4067 17
    endloop
  endfacet
  facet normal 0 0 -1
    outer loop
      vertex 12.4847 -24.5027 17
      vertex 9.98779 -19.6021 17
      vertex 11.495 -18.7581 17
    endloop
  endfacet
  facet normal 0 0 -1
    outer loop
      vertex 8.41903 -20.3253 17
      vertex 10.5238 -25.4067 17
      vertex 8.49797 -26.1541 17
    endloop
  endfacet
  facet normal 0 0 -1
    outer loop
      vertex 10.5238 -25.4067 17
      vertex 8.41903 -20.3253 17
      vertex 9.98779 -19.6021 17
    endloop
  endfacet
  facet normal 0 0 -1
    outer loop
      vertex 8.49797 -26.1541 17
      vertex 6.79837 -20.9232 17
      vertex 8.41903 -20.3253 17
    endloop
  endfacet
  facet normal 0 0 -1
    outer loop
      vertex 6.41975 -26.7402 17
      vertex 6.79837 -20.9232 17
      vertex 8.49797 -26.1541 17
    endloop
  endfacet
  facet normal 0 0 -1
    outer loop
      vertex 6.41975 -26.7402 17
      vertex 5.1358 -21.3921 17
      vertex 6.79837 -20.9232 17
    endloop
  endfacet
  facet normal 0 0 -1
    outer loop
      vertex 4.30195 -27.1614 17
      vertex 5.1358 -21.3921 17
      vertex 6.41975 -26.7402 17
    endloop
  endfacet
  facet normal 0 0 -1
    outer loop
      vertex 4.30195 -27.1614 17
      vertex 3.44156 -21.7291 17
      vertex 5.1358 -21.3921 17
    endloop
  endfacet
  facet normal 0 0 -1
    outer loop
      vertex 2.15762 -27.4152 17
      vertex 3.44156 -21.7291 17
      vertex 4.30195 -27.1614 17
    endloop
  endfacet
  facet normal 0 0 -1
    outer loop
      vertex 2.15762 -27.4152 17
      vertex 1.7261 -21.9322 17
      vertex 3.44156 -21.7291 17
    endloop
  endfacet
  facet normal 0 0 -1
    outer loop
      vertex 0 -27.5 17
      vertex 1.7261 -21.9322 17
      vertex 2.15762 -27.4152 17
    endloop
  endfacet
  facet normal 0 0 -1
    outer loop
      vertex 0 -27.5 17
      vertex 0 -22 17
      vertex 1.7261 -21.9322 17
    endloop
  endfacet
  facet normal 0 0 -1
    outer loop
      vertex 0 -27.5 17
      vertex -1.7261 -21.9322 17
      vertex 0 -22 17
    endloop
  endfacet
  facet normal 0 0 -1
    outer loop
      vertex -2.15762 -27.4152 17
      vertex -1.7261 -21.9322 17
      vertex 0 -27.5 17
    endloop
  endfacet
  facet normal 0 0 -1
    outer loop
      vertex -2.15762 -27.4152 17
      vertex -3.44156 -21.7291 17
      vertex -1.7261 -21.9322 17
    endloop
  endfacet
  facet normal 0 0 -1
    outer loop
      vertex -4.30195 -27.1614 17
      vertex -3.44156 -21.7291 17
      vertex -2.15762 -27.4152 17
    endloop
  endfacet
  facet normal 0 0 -1
    outer loop
      vertex -4.30195 -27.1614 17
      vertex -5.1358 -21.3921 17
      vertex -3.44156 -21.7291 17
    endloop
  endfacet
  facet normal 0 0 -1
    outer loop
      vertex -6.41975 -26.7402 17
      vertex -5.1358 -21.3921 17
      vertex -4.30195 -27.1614 17
    endloop
  endfacet
  facet normal 0 0 -1
    outer loop
      vertex -6.41975 -26.7402 17
      vertex -6.79837 -20.9232 17
      vertex -5.1358 -21.3921 17
    endloop
  endfacet
  facet normal 0 0 -1
    outer loop
      vertex -8.49797 -26.1541 17
      vertex -6.79837 -20.9232 17
      vertex -6.41975 -26.7402 17
    endloop
  endfacet
  facet normal -0 0 -1
    outer loop
      vertex -6.79837 -20.9232 17
      vertex -8.49797 -26.1541 17
      vertex -8.41903 -20.3253 17
    endloop
  endfacet
  facet normal 0 0 -1
    outer loop
      vertex -10.5238 -25.4067 17
      vertex -8.41903 -20.3253 17
      vertex -8.49797 -26.1541 17
    endloop
  endfacet
  facet normal 0 0 -1
    outer loop
      vertex -8.41903 -20.3253 17
      vertex -9.80855 -19.7396 17
      vertex -9.75113 -19.7112 17
    endloop
  endfacet
  facet normal 0 -0 -1
    outer loop
      vertex -10.3223 -19.8772 17
      vertex -8.41903 -20.3253 17
      vertex -10.5238 -25.4067 17
    endloop
  endfacet
  facet normal 0 0 -1
    outer loop
      vertex -8.41903 -20.3253 17
      vertex -9.93253 -19.789 17
      vertex -9.80855 -19.7396 17
    endloop
  endfacet
  facet normal 0 0 -1
    outer loop
      vertex -8.41903 -20.3253 17
      vertex -10.06 -19.8286 17
      vertex -9.93253 -19.789 17
    endloop
  endfacet
  facet normal 0 0 -1
    outer loop
      vertex -8.41903 -20.3253 17
      vertex -10.1902 -19.8581 17
      vertex -10.06 -19.8286 17
    endloop
  endfacet
  facet normal 0 0 -1
    outer loop
      vertex -8.41903 -20.3253 17
      vertex -10.3223 -19.8772 17
      vertex -10.1902 -19.8581 17
    endloop
  endfacet
  facet normal 0 0 -1
    outer loop
      vertex -10.3223 -19.8772 17
      vertex -10.5238 -25.4067 17
      vertex -10.4555 -19.886 17
    endloop
  endfacet
  facet normal 0 0 -1
    outer loop
      vertex -12.4847 -24.5027 17
      vertex -10.4555 -19.886 17
      vertex -10.5238 -25.4067 17
    endloop
  endfacet
  facet normal -0 0 -1
    outer loop
      vertex -10.4555 -19.886 17
      vertex -12.4847 -24.5027 17
      vertex -10.589 -19.8842 17
    endloop
  endfacet
  facet normal -0 0 -1
    outer loop
      vertex -10.589 -19.8842 17
      vertex -12.4847 -24.5027 17
      vertex -10.7219 -19.872 17
    endloop
  endfacet
  facet normal -0 0 -1
    outer loop
      vertex -10.7219 -19.872 17
      vertex -12.4847 -24.5027 17
      vertex -10.8534 -19.8494 17
    endloop
  endfacet
  facet normal -0 0 -1
    outer loop
      vertex -10.8534 -19.8494 17
      vertex -12.4847 -24.5027 17
      vertex -10.9828 -19.8165 17
    endloop
  endfacet
  facet normal -0 0 -1
    outer loop
      vertex -10.9828 -19.8165 17
      vertex -12.4847 -24.5027 17
      vertex -11.1092 -19.7736 17
    endloop
  endfacet
  facet normal -0 0 -1
    outer loop
      vertex -11.1092 -19.7736 17
      vertex -12.4847 -24.5027 17
      vertex -11.2319 -19.7209 17
    endloop
  endfacet
  facet normal 0 0 -1
    outer loop
      vertex -14.3687 -23.4476 17
      vertex -11.2319 -19.7209 17
      vertex -12.4847 -24.5027 17
    endloop
  endfacet
  facet normal -0 0 -1
    outer loop
      vertex -11.2319 -19.7209 17
      vertex -14.3687 -23.4476 17
      vertex -11.35 -19.6588 17
    endloop
  endfacet
  facet normal -0 0 -1
    outer loop
      vertex -11.35 -19.6588 17
      vertex -14.3687 -23.4476 17
      vertex -11.4629 -19.5875 17
    endloop
  endfacet
  facet normal -0 0 -1
    outer loop
      vertex -11.4629 -19.5875 17
      vertex -14.3687 -23.4476 17
      vertex -11.5698 -19.5077 17
    endloop
  endfacet
  facet normal -0 0 -1
    outer loop
      vertex -11.5698 -19.5077 17
      vertex -14.3687 -23.4476 17
      vertex -11.6702 -19.4197 17
    endloop
  endfacet
  facet normal -0 0 -1
    outer loop
      vertex -11.6702 -19.4197 17
      vertex -14.3687 -23.4476 17
      vertex -11.7633 -19.3241 17
    endloop
  endfacet
  facet normal -0 0 -1
    outer loop
      vertex -11.7633 -19.3241 17
      vertex -14.3687 -23.4476 17
      vertex -11.8487 -19.2214 17
    endloop
  endfacet
  facet normal 0 0 -1
    outer loop
      vertex -16.1641 -22.248 17
      vertex -11.8487 -19.2214 17
      vertex -14.3687 -23.4476 17
    endloop
  endfacet
  facet normal -0 0 -1
    outer loop
      vertex -11.8487 -19.2214 17
      vertex -16.1641 -22.248 17
      vertex -11.9257 -19.1124 17
    endloop
  endfacet
  facet normal -0 0 -1
    outer loop
      vertex -11.9257 -19.1124 17
      vertex -16.1641 -22.248 17
      vertex -11.994 -18.9977 17
    endloop
  endfacet
  facet normal -0 0 -1
    outer loop
      vertex -11.994 -18.9977 17
      vertex -16.1641 -22.248 17
      vertex -12.053 -18.878 17
    endloop
  endfacet
  facet normal 0 -0 -1
    outer loop
      vertex -12.9313 -17.7984 17
      vertex -12.053 -18.878 17
      vertex -16.1641 -22.248 17
    endloop
  endfacet
  facet normal 0 0 -1
    outer loop
      vertex -12.053 -18.878 17
      vertex -12.9313 -17.7984 17
      vertex -12.1025 -18.754 17
    endloop
  endfacet
  facet normal 0 0 -1
    outer loop
      vertex -12.1025 -18.754 17
      vertex -12.9313 -17.7984 17
      vertex -12.1421 -18.6265 17
    endloop
  endfacet
  facet normal 0 0 -1
    outer loop
      vertex -12.1421 -18.6265 17
      vertex -12.9313 -17.7984 17
      vertex -12.1715 -18.4963 17
    endloop
  endfacet
  facet normal 0 0 -1
    outer loop
      vertex -12.1715 -18.4963 17
      vertex -12.9313 -17.7984 17
      vertex -12.1907 -18.3642 17
    endloop
  endfacet
  facet normal 0 0 -1
    outer loop
      vertex -12.1907 -18.3642 17
      vertex -12.9313 -17.7984 17
      vertex -12.1956 -18.29 17
    endloop
  endfacet
  facet normal -0 0 -1
    outer loop
      vertex -12.9313 -17.7984 17
      vertex -16.1641 -22.248 17
      vertex -14.2879 -16.7289 17
    endloop
  endfacet
  facet normal 0 0 -1
    outer loop
      vertex -17.8598 -20.9112 17
      vertex -14.2879 -16.7289 17
      vertex -16.1641 -22.248 17
    endloop
  endfacet
  facet normal -0 0 -1
    outer loop
      vertex -14.2879 -16.7289 17
      vertex -17.8598 -20.9112 17
      vertex -15.5563 -15.5563 17
    endloop
  endfacet
  facet normal 0 0 -1
    outer loop
      vertex -19.4454 -19.4454 17
      vertex -15.5563 -15.5563 17
      vertex -17.8598 -20.9112 17
    endloop
  endfacet
  facet normal -0 0 -1
    outer loop
      vertex -15.5563 -15.5563 17
      vertex -19.4454 -19.4454 17
      vertex -16.7289 -14.2879 17
    endloop
  endfacet
  facet normal 0 0 -1
    outer loop
      vertex -20.9112 -17.8598 17
      vertex -16.7289 -14.2879 17
      vertex -19.4454 -19.4454 17
    endloop
  endfacet
  facet normal -0 0 -1
    outer loop
      vertex -16.7289 -14.2879 17
      vertex -20.9112 -17.8598 17
      vertex -17.7984 -12.9313 17
    endloop
  endfacet
  facet normal 0 0 -1
    outer loop
      vertex -22.248 -16.1641 17
      vertex -17.7984 -12.9313 17
      vertex -20.9112 -17.8598 17
    endloop
  endfacet
  facet normal -0 0 -1
    outer loop
      vertex -17.7984 -12.9313 17
      vertex -22.248 -16.1641 17
      vertex -18.7581 -11.495 17
    endloop
  endfacet
  facet normal 0 0 -1
    outer loop
      vertex -23.4476 -14.3687 17
      vertex -18.7581 -11.495 17
      vertex -22.248 -16.1641 17
    endloop
  endfacet
  facet normal -0 0 -1
    outer loop
      vertex -18.7581 -11.495 17
      vertex -23.4476 -14.3687 17
      vertex -19.6021 -9.98779 17
    endloop
  endfacet
  facet normal 0 0 -1
    outer loop
      vertex -24.5027 -12.4847 17
      vertex -19.6021 -9.98779 17
      vertex -23.4476 -14.3687 17
    endloop
  endfacet
  facet normal -0 0 -1
    outer loop
      vertex -19.6021 -9.98779 17
      vertex -24.5027 -12.4847 17
      vertex -20.3253 -8.41903 17
    endloop
  endfacet
  facet normal 0 0 -1
    outer loop
      vertex -25.4067 -10.5238 17
      vertex -20.3253 -8.41903 17
      vertex -24.5027 -12.4847 17
    endloop
  endfacet
  facet normal 0 0 -1
    outer loop
      vertex -26.1541 -8.49797 17
      vertex -20.9232 -6.79837 17
      vertex -25.4067 -10.5238 17
    endloop
  endfacet
  facet normal -0 0 -1
    outer loop
      vertex -20.3253 -8.41903 17
      vertex -25.4067 -10.5238 17
      vertex -20.9232 -6.79837 17
    endloop
  endfacet
  facet normal 0 0 -1
    outer loop
      vertex 22.4495 0.888247 17
      vertex 27.4152 2.15762 17
      vertex 22.5147 0.771784 17
    endloop
  endfacet
  facet normal 0 0 -1
    outer loop
      vertex 22.3753 0.999234 17
      vertex 27.4152 2.15762 17
      vertex 22.4495 0.888247 17
    endloop
  endfacet
  facet normal 0 0 -1
    outer loop
      vertex 22.2927 1.10406 17
      vertex 27.4152 2.15762 17
      vertex 22.3753 0.999234 17
    endloop
  endfacet
  facet normal 0 0 -1
    outer loop
      vertex 21.9322 1.7261 17
      vertex 27.4152 2.15762 17
      vertex 22.2927 1.10406 17
    endloop
  endfacet
  facet normal 0 0 -1
    outer loop
      vertex 20.9232 6.79837 17
      vertex 26.1541 8.49797 17
      vertex 21.3921 5.1358 17
    endloop
  endfacet
  facet normal -0 0 -1
    outer loop
      vertex 26.7402 6.41975 17
      vertex 21.3921 5.1358 17
      vertex 26.1541 8.49797 17
    endloop
  endfacet
  facet normal 0 0 -1
    outer loop
      vertex 21.3921 5.1358 17
      vertex 26.7402 6.41975 17
      vertex 21.7291 3.44156 17
    endloop
  endfacet
  facet normal -0 0 -1
    outer loop
      vertex 27.1614 4.30195 17
      vertex 21.7291 3.44156 17
      vertex 26.7402 6.41975 17
    endloop
  endfacet
  facet normal -0 0 -1
    outer loop
      vertex 27.4152 2.15762 17
      vertex 21.9322 1.7261 17
      vertex 27.1614 4.30195 17
    endloop
  endfacet
  facet normal -0 0 -1
    outer loop
      vertex 26.1541 8.49797 17
      vertex 20.9232 6.79837 17
      vertex 25.4067 10.5238 17
    endloop
  endfacet
  facet normal 0 0 -1
    outer loop
      vertex 21.9322 1.7261 17
      vertex 22.2927 1.10406 17
      vertex 22.2021 1.20208 17
    endloop
  endfacet
  facet normal 0 0 -1
    outer loop
      vertex 21.9322 1.7261 17
      vertex 22.2021 1.20208 17
      vertex 22.1041 1.29269 17
    endloop
  endfacet
  facet normal 0 0 -1
    outer loop
      vertex 21.9322 1.7261 17
      vertex 22.1041 1.29269 17
      vertex 21.9992 1.37533 17
    endloop
  endfacet
  facet normal 0 0 -1
    outer loop
      vertex 21.9322 1.7261 17
      vertex 21.9992 1.37533 17
      vertex 21.9445 1.41188 17
    endloop
  endfacet
  facet normal 0 0 -1
    outer loop
      vertex 27.1614 4.30195 17
      vertex 21.9322 1.7261 17
      vertex 21.7291 3.44156 17
    endloop
  endfacet
  facet normal 0 0 -1
    outer loop
      vertex 20.3253 8.41903 17
      vertex 25.4067 10.5238 17
      vertex 20.9232 6.79837 17
    endloop
  endfacet
  facet normal -0 0 -1
    outer loop
      vertex 25.4067 10.5238 17
      vertex 20.3253 8.41903 17
      vertex 24.5027 12.4847 17
    endloop
  endfacet
  facet normal 0 0 -1
    outer loop
      vertex 19.6021 9.98779 17
      vertex 24.5027 12.4847 17
      vertex 20.3253 8.41903 17
    endloop
  endfacet
  facet normal -0 0 -1
    outer loop
      vertex 24.5027 12.4847 17
      vertex 19.6021 9.98779 17
      vertex 23.4476 14.3687 17
    endloop
  endfacet
  facet normal 0 0 -1
    outer loop
      vertex 18.7581 11.495 17
      vertex 23.4476 14.3687 17
      vertex 19.6021 9.98779 17
    endloop
  endfacet
  facet normal -0 0 -1
    outer loop
      vertex 23.4476 14.3687 17
      vertex 18.7581 11.495 17
      vertex 22.248 16.1641 17
    endloop
  endfacet
  facet normal 0 0 -1
    outer loop
      vertex 17.7984 12.9313 17
      vertex 22.248 16.1641 17
      vertex 18.7581 11.495 17
    endloop
  endfacet
  facet normal -0 0 -1
    outer loop
      vertex 22.248 16.1641 17
      vertex 17.7984 12.9313 17
      vertex 20.9112 17.8598 17
    endloop
  endfacet
  facet normal 0 0 -1
    outer loop
      vertex 16.7289 14.2879 17
      vertex 20.9112 17.8598 17
      vertex 17.7984 12.9313 17
    endloop
  endfacet
  facet normal -0 0 -1
    outer loop
      vertex 20.9112 17.8598 17
      vertex 16.7289 14.2879 17
      vertex 19.4454 19.4454 17
    endloop
  endfacet
  facet normal 0 0 -1
    outer loop
      vertex 15.5563 15.5563 17
      vertex 19.4454 19.4454 17
      vertex 16.7289 14.2879 17
    endloop
  endfacet
  facet normal -0 0 -1
    outer loop
      vertex 19.4454 19.4454 17
      vertex 15.5563 15.5563 17
      vertex 17.8598 20.9112 17
    endloop
  endfacet
  facet normal 0 0 -1
    outer loop
      vertex 14.2879 16.7289 17
      vertex 17.8598 20.9112 17
      vertex 15.5563 15.5563 17
    endloop
  endfacet
  facet normal -0 0 -1
    outer loop
      vertex 17.8598 20.9112 17
      vertex 14.2879 16.7289 17
      vertex 16.1641 22.248 17
    endloop
  endfacet
  facet normal 0 0 -1
    outer loop
      vertex 12.9313 17.7984 17
      vertex 16.1641 22.248 17
      vertex 14.2879 16.7289 17
    endloop
  endfacet
  facet normal -0 0 -1
    outer loop
      vertex 16.1641 22.248 17
      vertex 12.9313 17.7984 17
      vertex 14.3687 23.4476 17
    endloop
  endfacet
  facet normal 0 0 -1
    outer loop
      vertex 11.495 18.7581 17
      vertex 14.3687 23.4476 17
      vertex 12.9313 17.7984 17
    endloop
  endfacet
  facet normal -0 0 -1
    outer loop
      vertex 14.3687 23.4476 17
      vertex 11.495 18.7581 17
      vertex 12.4847 24.5027 17
    endloop
  endfacet
  facet normal 0 0 -1
    outer loop
      vertex 9.98779 19.6021 17
      vertex 12.4847 24.5027 17
      vertex 11.495 18.7581 17
    endloop
  endfacet
  facet normal -0 0 -1
    outer loop
      vertex 12.4847 24.5027 17
      vertex 9.98779 19.6021 17
      vertex 10.5238 25.4067 17
    endloop
  endfacet
  facet normal 0 0 -1
    outer loop
      vertex 8.41903 20.3253 17
      vertex 10.5238 25.4067 17
      vertex 9.98779 19.6021 17
    endloop
  endfacet
  facet normal -0 0 -1
    outer loop
      vertex 10.5238 25.4067 17
      vertex 8.41903 20.3253 17
      vertex 8.49797 26.1541 17
    endloop
  endfacet
  facet normal 0 0 -1
    outer loop
      vertex 6.79837 20.9232 17
      vertex 8.49797 26.1541 17
      vertex 8.41903 20.3253 17
    endloop
  endfacet
  facet normal 0 0 -1
    outer loop
      vertex 6.79837 20.9232 17
      vertex 6.41975 26.7402 17
      vertex 8.49797 26.1541 17
    endloop
  endfacet
  facet normal 0 0 -1
    outer loop
      vertex 5.1358 21.3921 17
      vertex 6.41975 26.7402 17
      vertex 6.79837 20.9232 17
    endloop
  endfacet
  facet normal 0 0 -1
    outer loop
      vertex 5.1358 21.3921 17
      vertex 4.30195 27.1614 17
      vertex 6.41975 26.7402 17
    endloop
  endfacet
  facet normal 0 0 -1
    outer loop
      vertex 3.44156 21.7291 17
      vertex 4.30195 27.1614 17
      vertex 5.1358 21.3921 17
    endloop
  endfacet
  facet normal 0 0 -1
    outer loop
      vertex 3.44156 21.7291 17
      vertex 2.15762 27.4152 17
      vertex 4.30195 27.1614 17
    endloop
  endfacet
  facet normal 0 0 -1
    outer loop
      vertex 1.7261 21.9322 17
      vertex 2.15762 27.4152 17
      vertex 3.44156 21.7291 17
    endloop
  endfacet
  facet normal 0 0 -1
    outer loop
      vertex 0 22 17
      vertex 2.15762 27.4152 17
      vertex 1.7261 21.9322 17
    endloop
  endfacet
  facet normal 0 0 -1
    outer loop
      vertex 0 22 17
      vertex 0 27.5 17
      vertex 2.15762 27.4152 17
    endloop
  endfacet
  facet normal 0 0 -1
    outer loop
      vertex -1.7261 21.9322 17
      vertex 0 27.5 17
      vertex 0 22 17
    endloop
  endfacet
  facet normal 0 0 -1
    outer loop
      vertex -1.7261 21.9322 17
      vertex -2.15762 27.4152 17
      vertex 0 27.5 17
    endloop
  endfacet
  facet normal 0 0 -1
    outer loop
      vertex -3.44156 21.7291 17
      vertex -2.15762 27.4152 17
      vertex -1.7261 21.9322 17
    endloop
  endfacet
  facet normal 0 0 -1
    outer loop
      vertex -3.44156 21.7291 17
      vertex -4.30195 27.1614 17
      vertex -2.15762 27.4152 17
    endloop
  endfacet
  facet normal 0 0 -1
    outer loop
      vertex -5.1358 21.3921 17
      vertex -4.30195 27.1614 17
      vertex -3.44156 21.7291 17
    endloop
  endfacet
  facet normal 0 0 -1
    outer loop
      vertex -5.1358 21.3921 17
      vertex -6.41975 26.7402 17
      vertex -4.30195 27.1614 17
    endloop
  endfacet
  facet normal 0 0 -1
    outer loop
      vertex -6.79837 20.9232 17
      vertex -6.41975 26.7402 17
      vertex -5.1358 21.3921 17
    endloop
  endfacet
  facet normal 0 0 -1
    outer loop
      vertex -8.49797 26.1541 17
      vertex -6.79837 20.9232 17
      vertex -8.41903 20.3253 17
    endloop
  endfacet
  facet normal 0 0 -1
    outer loop
      vertex -6.79837 20.9232 17
      vertex -8.49797 26.1541 17
      vertex -6.41975 26.7402 17
    endloop
  endfacet
  facet normal 0 0 -1
    outer loop
      vertex -9.80855 19.7396 17
      vertex -8.41903 20.3253 17
      vertex -9.75113 19.7112 17
    endloop
  endfacet
  facet normal 0 0 -1
    outer loop
      vertex -9.93253 19.789 17
      vertex -8.41903 20.3253 17
      vertex -9.80855 19.7396 17
    endloop
  endfacet
  facet normal 0 0 -1
    outer loop
      vertex -10.06 19.8286 17
      vertex -8.41903 20.3253 17
      vertex -9.93253 19.789 17
    endloop
  endfacet
  facet normal 0 0 -1
    outer loop
      vertex -10.1902 19.8581 17
      vertex -8.41903 20.3253 17
      vertex -10.06 19.8286 17
    endloop
  endfacet
  facet normal 0 0 -1
    outer loop
      vertex -10.3223 19.8772 17
      vertex -8.41903 20.3253 17
      vertex -10.1902 19.8581 17
    endloop
  endfacet
  facet normal -0 0 -1
    outer loop
      vertex -8.41903 20.3253 17
      vertex -10.3223 19.8772 17
      vertex -10.5238 25.4067 17
    endloop
  endfacet
  facet normal 0 0 -1
    outer loop
      vertex -10.5238 25.4067 17
      vertex -10.3223 19.8772 17
      vertex -10.4555 19.886 17
    endloop
  endfacet
  facet normal 0 0 -1
    outer loop
      vertex -8.41903 20.3253 17
      vertex -10.5238 25.4067 17
      vertex -8.49797 26.1541 17
    endloop
  endfacet
  facet normal 0 0 -1
    outer loop
      vertex -12.4847 24.5027 17
      vertex -10.4555 19.886 17
      vertex -10.589 19.8842 17
    endloop
  endfacet
  facet normal 0 0 -1
    outer loop
      vertex -12.4847 24.5027 17
      vertex -10.589 19.8842 17
      vertex -10.7219 19.872 17
    endloop
  endfacet
  facet normal 0 0 -1
    outer loop
      vertex -12.4847 24.5027 17
      vertex -10.7219 19.872 17
      vertex -10.8534 19.8494 17
    endloop
  endfacet
  facet normal 0 0 -1
    outer loop
      vertex -12.4847 24.5027 17
      vertex -10.8534 19.8494 17
      vertex -10.9828 19.8165 17
    endloop
  endfacet
  facet normal 0 0 -1
    outer loop
      vertex -12.4847 24.5027 17
      vertex -10.9828 19.8165 17
      vertex -11.1092 19.7736 17
    endloop
  endfacet
  facet normal 0 0 -1
    outer loop
      vertex -12.4847 24.5027 17
      vertex -11.1092 19.7736 17
      vertex -11.2319 19.7209 17
    endloop
  endfacet
  facet normal 0 0 -1
    outer loop
      vertex -14.3687 23.4476 17
      vertex -11.2319 19.7209 17
      vertex -11.35 19.6588 17
    endloop
  endfacet
  facet normal 0 0 -1
    outer loop
      vertex -14.3687 23.4476 17
      vertex -11.35 19.6588 17
      vertex -11.4629 19.5875 17
    endloop
  endfacet
  facet normal 0 0 -1
    outer loop
      vertex -14.3687 23.4476 17
      vertex -11.4629 19.5875 17
      vertex -11.5698 19.5077 17
    endloop
  endfacet
  facet normal 0 0 -1
    outer loop
      vertex -14.3687 23.4476 17
      vertex -11.5698 19.5077 17
      vertex -11.6702 19.4197 17
    endloop
  endfacet
  facet normal 0 0 -1
    outer loop
      vertex -14.3687 23.4476 17
      vertex -11.6702 19.4197 17
      vertex -11.7633 19.3241 17
    endloop
  endfacet
  facet normal 0 0 -1
    outer loop
      vertex -14.3687 23.4476 17
      vertex -11.7633 19.3241 17
      vertex -11.8487 19.2214 17
    endloop
  endfacet
  facet normal 0 0 -1
    outer loop
      vertex -16.1641 22.248 17
      vertex -11.8487 19.2214 17
      vertex -11.9257 19.1124 17
    endloop
  endfacet
  facet normal 0 0 -1
    outer loop
      vertex -16.1641 22.248 17
      vertex -11.9257 19.1124 17
      vertex -11.994 18.9977 17
    endloop
  endfacet
  facet normal 0 0 -1
    outer loop
      vertex -16.1641 22.248 17
      vertex -11.994 18.9977 17
      vertex -12.053 18.878 17
    endloop
  endfacet
  facet normal 0 0 -1
    outer loop
      vertex -12.9313 17.7984 17
      vertex -12.053 18.878 17
      vertex -12.1025 18.754 17
    endloop
  endfacet
  facet normal 0 0 -1
    outer loop
      vertex -12.9313 17.7984 17
      vertex -12.1025 18.754 17
      vertex -12.1421 18.6265 17
    endloop
  endfacet
  facet normal 0 0 -1
    outer loop
      vertex -10.4555 19.886 17
      vertex -12.4847 24.5027 17
      vertex -10.5238 25.4067 17
    endloop
  endfacet
  facet normal 0 0 -1
    outer loop
      vertex -12.9313 17.7984 17
      vertex -12.1421 18.6265 17
      vertex -12.1715 18.4963 17
    endloop
  endfacet
  facet normal 0 0 -1
    outer loop
      vertex -12.9313 17.7984 17
      vertex -12.1715 18.4963 17
      vertex -12.1907 18.3642 17
    endloop
  endfacet
  facet normal 0 0 -1
    outer loop
      vertex -12.9313 17.7984 17
      vertex -12.1907 18.3642 17
      vertex -12.1956 18.29 17
    endloop
  endfacet
  facet normal -0 0 -1
    outer loop
      vertex -12.053 18.878 17
      vertex -12.9313 17.7984 17
      vertex -16.1641 22.248 17
    endloop
  endfacet
  facet normal 0 0 -1
    outer loop
      vertex -16.1641 22.248 17
      vertex -12.9313 17.7984 17
      vertex -14.2879 16.7289 17
    endloop
  endfacet
  facet normal 0 0 -1
    outer loop
      vertex -11.2319 19.7209 17
      vertex -14.3687 23.4476 17
      vertex -12.4847 24.5027 17
    endloop
  endfacet
  facet normal 0 0 -1
    outer loop
      vertex -17.8598 20.9112 17
      vertex -14.2879 16.7289 17
      vertex -15.5563 15.5563 17
    endloop
  endfacet
  facet normal 0 0 -1
    outer loop
      vertex -11.8487 19.2214 17
      vertex -16.1641 22.248 17
      vertex -14.3687 23.4476 17
    endloop
  endfacet
  facet normal 0 0 -1
    outer loop
      vertex -19.4454 19.4454 17
      vertex -15.5563 15.5563 17
      vertex -16.7289 14.2879 17
    endloop
  endfacet
  facet normal 0 0 -1
    outer loop
      vertex -20.9112 17.8598 17
      vertex -16.7289 14.2879 17
      vertex -17.7984 12.9313 17
    endloop
  endfacet
  facet normal 0 0 -1
    outer loop
      vertex -14.2879 16.7289 17
      vertex -17.8598 20.9112 17
      vertex -16.1641 22.248 17
    endloop
  endfacet
  facet normal 0 0 -1
    outer loop
      vertex -22.248 16.1641 17
      vertex -17.7984 12.9313 17
      vertex -18.7581 11.495 17
    endloop
  endfacet
  facet normal 0 0 -1
    outer loop
      vertex -15.5563 15.5563 17
      vertex -19.4454 19.4454 17
      vertex -17.8598 20.9112 17
    endloop
  endfacet
  facet normal 0 0 -1
    outer loop
      vertex -23.4476 14.3687 17
      vertex -18.7581 11.495 17
      vertex -19.6021 9.98779 17
    endloop
  endfacet
  facet normal 0 0 -1
    outer loop
      vertex -24.5027 12.4847 17
      vertex -19.6021 9.98779 17
      vertex -20.3253 8.41903 17
    endloop
  endfacet
  facet normal 0 0 -1
    outer loop
      vertex -16.7289 14.2879 17
      vertex -20.9112 17.8598 17
      vertex -19.4454 19.4454 17
    endloop
  endfacet
  facet normal 0 0 -1
    outer loop
      vertex -25.4067 10.5238 17
      vertex -20.3253 8.41903 17
      vertex -20.9232 6.79837 17
    endloop
  endfacet
  facet normal 0 0 -1
    outer loop
      vertex -26.1541 8.49797 17
      vertex -20.9232 6.79837 17
      vertex -21.3921 5.1358 17
    endloop
  endfacet
  facet normal 0 0 -1
    outer loop
      vertex -26.7402 6.41975 17
      vertex -21.3921 5.1358 17
      vertex -21.7291 3.44156 17
    endloop
  endfacet
  facet normal 0 0 -1
    outer loop
      vertex -27.1614 4.30195 17
      vertex -21.7291 3.44156 17
      vertex -21.9322 1.7261 17
    endloop
  endfacet
  facet normal 0 0 -1
    outer loop
      vertex -17.7984 12.9313 17
      vertex -22.248 16.1641 17
      vertex -20.9112 17.8598 17
    endloop
  endfacet
  facet normal 0 0 -1
    outer loop
      vertex -27.4152 2.15762 17
      vertex -21.9322 1.7261 17
      vertex -22 0 17
    endloop
  endfacet
  facet normal -0 0 -1
    outer loop
      vertex -20.9232 -6.79837 17
      vertex -26.1541 -8.49797 17
      vertex -21.3921 -5.1358 17
    endloop
  endfacet
  facet normal 0 0 -1
    outer loop
      vertex -26.7402 -6.41975 17
      vertex -21.3921 -5.1358 17
      vertex -26.1541 -8.49797 17
    endloop
  endfacet
  facet normal 0 0 -1
    outer loop
      vertex -18.7581 11.495 17
      vertex -23.4476 14.3687 17
      vertex -22.248 16.1641 17
    endloop
  endfacet
  facet normal -0 0 -1
    outer loop
      vertex -21.3921 -5.1358 17
      vertex -26.7402 -6.41975 17
      vertex -21.7291 -3.44156 17
    endloop
  endfacet
  facet normal 0 0 -1
    outer loop
      vertex -19.6021 9.98779 17
      vertex -24.5027 12.4847 17
      vertex -23.4476 14.3687 17
    endloop
  endfacet
  facet normal 0 0 -1
    outer loop
      vertex -27.1614 -4.30195 17
      vertex -21.7291 -3.44156 17
      vertex -26.7402 -6.41975 17
    endloop
  endfacet
  facet normal 0 0 -1
    outer loop
      vertex -20.3253 8.41903 17
      vertex -25.4067 10.5238 17
      vertex -24.5027 12.4847 17
    endloop
  endfacet
  facet normal -0 0 -1
    outer loop
      vertex -21.7291 -3.44156 17
      vertex -27.1614 -4.30195 17
      vertex -21.9322 -1.7261 17
    endloop
  endfacet
  facet normal 0 0 -1
    outer loop
      vertex -20.9232 6.79837 17
      vertex -26.1541 8.49797 17
      vertex -25.4067 10.5238 17
    endloop
  endfacet
  facet normal 0 0 -1
    outer loop
      vertex -27.4152 -2.15762 17
      vertex -21.9322 -1.7261 17
      vertex -27.1614 -4.30195 17
    endloop
  endfacet
  facet normal 0 0 -1
    outer loop
      vertex -21.3921 5.1358 17
      vertex -26.7402 6.41975 17
      vertex -26.1541 8.49797 17
    endloop
  endfacet
  facet normal -0 0 -1
    outer loop
      vertex -21.9322 -1.7261 17
      vertex -27.4152 -2.15762 17
      vertex -22 0 17
    endloop
  endfacet
  facet normal 0 0 -1
    outer loop
      vertex -21.7291 3.44156 17
      vertex -27.1614 4.30195 17
      vertex -26.7402 6.41975 17
    endloop
  endfacet
  facet normal 0 0 -1
    outer loop
      vertex -27.5 0 17
      vertex -22 0 17
      vertex -27.4152 -2.15762 17
    endloop
  endfacet
  facet normal 0 0 -1
    outer loop
      vertex -21.9322 1.7261 17
      vertex -27.4152 2.15762 17
      vertex -27.1614 4.30195 17
    endloop
  endfacet
  facet normal 0 0 -1
    outer loop
      vertex -22 0 17
      vertex -27.5 0 17
      vertex -27.4152 2.15762 17
    endloop
  endfacet
  facet normal 0 0 -1
    outer loop
      vertex 15.6 0 17
      vertex 19 0 17
      vertex 18.9414 -1.49072 17
    endloop
  endfacet
  facet normal 0 0 -1
    outer loop
      vertex 15.5519 -1.22396 17
      vertex 18.9414 -1.49072 17
      vertex 18.7661 -2.97225 17
    endloop
  endfacet
  facet normal 0 0 -1
    outer loop
      vertex 19 0 17
      vertex 15.6 0 17
      vertex 18.9414 1.49072 17
    endloop
  endfacet
  facet normal 0 0 -1
    outer loop
      vertex 15.4079 -2.44038 17
      vertex 18.7661 -2.97225 17
      vertex 18.475 -4.43546 17
    endloop
  endfacet
  facet normal 0 0 -1
    outer loop
      vertex 15.5519 1.22396 17
      vertex 18.9414 1.49072 17
      vertex 15.6 0 17
    endloop
  endfacet
  facet normal 0 0 -1
    outer loop
      vertex 15.169 -3.64175 17
      vertex 18.475 -4.43546 17
      vertex 18.0701 -5.87132 17
    endloop
  endfacet
  facet normal -0 0 -1
    outer loop
      vertex 18.9414 1.49072 17
      vertex 15.5519 1.22396 17
      vertex 18.7661 2.97225 17
    endloop
  endfacet
  facet normal 0 0 -1
    outer loop
      vertex 14.8365 -4.82066 17
      vertex 18.0701 -5.87132 17
      vertex 17.5537 -7.27098 17
    endloop
  endfacet
  facet normal 0 0 -1
    outer loop
      vertex 15.4079 2.44038 17
      vertex 18.7661 2.97225 17
      vertex 15.5519 1.22396 17
    endloop
  endfacet
  facet normal 0 0 -1
    outer loop
      vertex 14.4125 -5.96986 17
      vertex 17.5537 -7.27098 17
      vertex 16.9291 -8.62582 17
    endloop
  endfacet
  facet normal -0 0 -1
    outer loop
      vertex 18.7661 2.97225 17
      vertex 15.4079 2.44038 17
      vertex 18.475 4.43546 17
    endloop
  endfacet
  facet normal 0 0 -1
    outer loop
      vertex 13.8997 -7.08225 17
      vertex 16.9291 -8.62582 17
      vertex 16.2002 -9.92747 17
    endloop
  endfacet
  facet normal 0 0 -1
    outer loop
      vertex 15.169 3.64175 17
      vertex 18.475 4.43546 17
      vertex 15.4079 2.44038 17
    endloop
  endfacet
  facet normal -0 0 -1
    outer loop
      vertex 18.475 4.43546 17
      vertex 15.169 3.64175 17
      vertex 18.0701 5.87132 17
    endloop
  endfacet
  facet normal 0 0 -1
    outer loop
      vertex 18.9414 -1.49072 17
      vertex 15.5519 -1.22396 17
      vertex 15.6 0 17
    endloop
  endfacet
  facet normal 0 0 -1
    outer loop
      vertex 18.7661 -2.97225 17
      vertex 15.4079 -2.44038 17
      vertex 15.5519 -1.22396 17
    endloop
  endfacet
  facet normal 0 0 -1
    outer loop
      vertex 13.3012 -8.15098 17
      vertex 16.2002 -9.92747 17
      vertex 15.3713 -11.1679 17
    endloop
  endfacet
  facet normal 0 0 -1
    outer loop
      vertex 18.475 -4.43546 17
      vertex 15.169 -3.64175 17
      vertex 15.4079 -2.44038 17
    endloop
  endfacet
  facet normal 0 0 -1
    outer loop
      vertex 18.0701 -5.87132 17
      vertex 14.8365 -4.82066 17
      vertex 15.169 -3.64175 17
    endloop
  endfacet
  facet normal 0 0 -1
    outer loop
      vertex 12.6207 -9.16945 17
      vertex 15.3713 -11.1679 17
      vertex 14.4477 -12.3395 17
    endloop
  endfacet
  facet normal 0 0 -1
    outer loop
      vertex 17.5537 -7.27098 17
      vertex 14.4125 -5.96986 17
      vertex 14.8365 -4.82066 17
    endloop
  endfacet
  facet normal 0 0 -1
    outer loop
      vertex 16.9291 -8.62582 17
      vertex 13.8997 -7.08225 17
      vertex 14.4125 -5.96986 17
    endloop
  endfacet
  facet normal 0 0 -1
    outer loop
      vertex 11.8623 -10.1314 17
      vertex 14.4477 -12.3395 17
      vertex 13.435 -13.435 17
    endloop
  endfacet
  facet normal 0 0 -1
    outer loop
      vertex 16.2002 -9.92747 17
      vertex 13.3012 -8.15098 17
      vertex 13.8997 -7.08225 17
    endloop
  endfacet
  facet normal 0 0 -1
    outer loop
      vertex 15.3713 -11.1679 17
      vertex 12.6207 -9.16945 17
      vertex 13.3012 -8.15098 17
    endloop
  endfacet
  facet normal 0 0 -1
    outer loop
      vertex 11.0309 -11.0309 17
      vertex 13.435 -13.435 17
      vertex 12.3395 -14.4477 17
    endloop
  endfacet
  facet normal 0 0 -1
    outer loop
      vertex 14.4477 -12.3395 17
      vertex 11.8623 -10.1314 17
      vertex 12.6207 -9.16945 17
    endloop
  endfacet
  facet normal 0 0 -1
    outer loop
      vertex 10.1314 -11.8623 17
      vertex 12.3395 -14.4477 17
      vertex 11.1679 -15.3713 17
    endloop
  endfacet
  facet normal 0 0 -1
    outer loop
      vertex 13.435 -13.435 17
      vertex 11.0309 -11.0309 17
      vertex 11.8623 -10.1314 17
    endloop
  endfacet
  facet normal 0 0 -1
    outer loop
      vertex 12.3395 -14.4477 17
      vertex 10.1314 -11.8623 17
      vertex 11.0309 -11.0309 17
    endloop
  endfacet
  facet normal 0 0 -1
    outer loop
      vertex 9.16945 -12.6207 17
      vertex 11.1679 -15.3713 17
      vertex 9.92747 -16.2002 17
    endloop
  endfacet
  facet normal 0 0 -1
    outer loop
      vertex 11.1679 -15.3713 17
      vertex 9.16945 -12.6207 17
      vertex 10.1314 -11.8623 17
    endloop
  endfacet
  facet normal 0 0 -1
    outer loop
      vertex 8.15098 -13.3012 17
      vertex 9.92747 -16.2002 17
      vertex 8.62582 -16.9291 17
    endloop
  endfacet
  facet normal 0 0 -1
    outer loop
      vertex 9.92747 -16.2002 17
      vertex 8.15098 -13.3012 17
      vertex 9.16945 -12.6207 17
    endloop
  endfacet
  facet normal 0 0 -1
    outer loop
      vertex 7.08225 -13.8997 17
      vertex 8.62582 -16.9291 17
      vertex 7.27098 -17.5537 17
    endloop
  endfacet
  facet normal 0 0 -1
    outer loop
      vertex 8.62582 -16.9291 17
      vertex 7.08225 -13.8997 17
      vertex 8.15098 -13.3012 17
    endloop
  endfacet
  facet normal 0 0 -1
    outer loop
      vertex 7.27098 -17.5537 17
      vertex 5.96986 -14.4125 17
      vertex 7.08225 -13.8997 17
    endloop
  endfacet
  facet normal 0 0 -1
    outer loop
      vertex 5.87132 -18.0701 17
      vertex 5.96986 -14.4125 17
      vertex 7.27098 -17.5537 17
    endloop
  endfacet
  facet normal 0 0 -1
    outer loop
      vertex 5.87132 -18.0701 17
      vertex 4.82066 -14.8365 17
      vertex 5.96986 -14.4125 17
    endloop
  endfacet
  facet normal 0 0 -1
    outer loop
      vertex 4.43546 -18.475 17
      vertex 4.82066 -14.8365 17
      vertex 5.87132 -18.0701 17
    endloop
  endfacet
  facet normal 0 0 -1
    outer loop
      vertex 4.43546 -18.475 17
      vertex 3.64175 -15.169 17
      vertex 4.82066 -14.8365 17
    endloop
  endfacet
  facet normal 0 0 -1
    outer loop
      vertex 2.97225 -18.7661 17
      vertex 3.64175 -15.169 17
      vertex 4.43546 -18.475 17
    endloop
  endfacet
  facet normal 0 0 -1
    outer loop
      vertex 2.97225 -18.7661 17
      vertex 2.44038 -15.4079 17
      vertex 3.64175 -15.169 17
    endloop
  endfacet
  facet normal 0 0 -1
    outer loop
      vertex 1.49072 -18.9414 17
      vertex 2.44038 -15.4079 17
      vertex 2.97225 -18.7661 17
    endloop
  endfacet
  facet normal 0 0 -1
    outer loop
      vertex 1.49072 -18.9414 17
      vertex 1.22396 -15.5519 17
      vertex 2.44038 -15.4079 17
    endloop
  endfacet
  facet normal 0 0 -1
    outer loop
      vertex 0 -19 17
      vertex 1.22396 -15.5519 17
      vertex 1.49072 -18.9414 17
    endloop
  endfacet
  facet normal 0 0 -1
    outer loop
      vertex 0 -19 17
      vertex 0 -15.6 17
      vertex 1.22396 -15.5519 17
    endloop
  endfacet
  facet normal 0 0 -1
    outer loop
      vertex 0 -19 17
      vertex -1.22396 -15.5519 17
      vertex 0 -15.6 17
    endloop
  endfacet
  facet normal 0 0 -1
    outer loop
      vertex -1.49072 -18.9414 17
      vertex -1.22396 -15.5519 17
      vertex 0 -19 17
    endloop
  endfacet
  facet normal 0 0 -1
    outer loop
      vertex -1.49072 -18.9414 17
      vertex -2.44038 -15.4079 17
      vertex -1.22396 -15.5519 17
    endloop
  endfacet
  facet normal 0 0 -1
    outer loop
      vertex -2.97225 -18.7661 17
      vertex -2.44038 -15.4079 17
      vertex -1.49072 -18.9414 17
    endloop
  endfacet
  facet normal 0 0 -1
    outer loop
      vertex -2.97225 -18.7661 17
      vertex -3.64175 -15.169 17
      vertex -2.44038 -15.4079 17
    endloop
  endfacet
  facet normal 0 0 -1
    outer loop
      vertex -4.43546 -18.475 17
      vertex -3.64175 -15.169 17
      vertex -2.97225 -18.7661 17
    endloop
  endfacet
  facet normal 0 0 -1
    outer loop
      vertex -4.43546 -18.475 17
      vertex -4.82066 -14.8365 17
      vertex -3.64175 -15.169 17
    endloop
  endfacet
  facet normal 0 0 -1
    outer loop
      vertex -5.87132 -18.0701 17
      vertex -4.82066 -14.8365 17
      vertex -4.43546 -18.475 17
    endloop
  endfacet
  facet normal 0 0 -1
    outer loop
      vertex -5.87132 -18.0701 17
      vertex -5.96986 -14.4125 17
      vertex -4.82066 -14.8365 17
    endloop
  endfacet
  facet normal 0 0 -1
    outer loop
      vertex -7.27098 -17.5537 17
      vertex -5.96986 -14.4125 17
      vertex -5.87132 -18.0701 17
    endloop
  endfacet
  facet normal -0 0 -1
    outer loop
      vertex -5.96986 -14.4125 17
      vertex -7.27098 -17.5537 17
      vertex -7.08225 -13.8997 17
    endloop
  endfacet
  facet normal 0 0 -1
    outer loop
      vertex -8.62582 -16.9291 17
      vertex -7.08225 -13.8997 17
      vertex -7.27098 -17.5537 17
    endloop
  endfacet
  facet normal -0 0 -1
    outer loop
      vertex -7.08225 -13.8997 17
      vertex -8.62582 -16.9291 17
      vertex -8.15098 -13.3012 17
    endloop
  endfacet
  facet normal 0 0 -1
    outer loop
      vertex -9.92747 -16.2002 17
      vertex -8.15098 -13.3012 17
      vertex -8.62582 -16.9291 17
    endloop
  endfacet
  facet normal -0 0 -1
    outer loop
      vertex -8.15098 -13.3012 17
      vertex -9.92747 -16.2002 17
      vertex -9.16945 -12.6207 17
    endloop
  endfacet
  facet normal 0 0 -1
    outer loop
      vertex -11.1679 -15.3713 17
      vertex -9.16945 -12.6207 17
      vertex -9.92747 -16.2002 17
    endloop
  endfacet
  facet normal -0 0 -1
    outer loop
      vertex -9.16945 -12.6207 17
      vertex -11.1679 -15.3713 17
      vertex -10.1314 -11.8623 17
    endloop
  endfacet
  facet normal 0 0 -1
    outer loop
      vertex -12.3395 -14.4477 17
      vertex -10.1314 -11.8623 17
      vertex -11.1679 -15.3713 17
    endloop
  endfacet
  facet normal -0 0 -1
    outer loop
      vertex -10.1314 -11.8623 17
      vertex -12.3395 -14.4477 17
      vertex -11.0309 -11.0309 17
    endloop
  endfacet
  facet normal 0 0 -1
    outer loop
      vertex -13.435 -13.435 17
      vertex -11.0309 -11.0309 17
      vertex -12.3395 -14.4477 17
    endloop
  endfacet
  facet normal -0 0 -1
    outer loop
      vertex -11.0309 -11.0309 17
      vertex -13.435 -13.435 17
      vertex -11.8623 -10.1314 17
    endloop
  endfacet
  facet normal 0 0 -1
    outer loop
      vertex -14.4477 -12.3395 17
      vertex -11.8623 -10.1314 17
      vertex -13.435 -13.435 17
    endloop
  endfacet
  facet normal -0 0 -1
    outer loop
      vertex -11.8623 -10.1314 17
      vertex -14.4477 -12.3395 17
      vertex -12.6207 -9.16945 17
    endloop
  endfacet
  facet normal 0 0 -1
    outer loop
      vertex -15.3713 -11.1679 17
      vertex -12.6207 -9.16945 17
      vertex -14.4477 -12.3395 17
    endloop
  endfacet
  facet normal -0 0 -1
    outer loop
      vertex -12.6207 -9.16945 17
      vertex -15.3713 -11.1679 17
      vertex -13.3012 -8.15098 17
    endloop
  endfacet
  facet normal 0 0 -1
    outer loop
      vertex -16.2002 -9.92747 17
      vertex -13.3012 -8.15098 17
      vertex -15.3713 -11.1679 17
    endloop
  endfacet
  facet normal -0 0 -1
    outer loop
      vertex -13.3012 -8.15098 17
      vertex -16.2002 -9.92747 17
      vertex -13.8997 -7.08225 17
    endloop
  endfacet
  facet normal 0 0 -1
    outer loop
      vertex -16.9291 -8.62582 17
      vertex -13.8997 -7.08225 17
      vertex -16.2002 -9.92747 17
    endloop
  endfacet
  facet normal -0 0 -1
    outer loop
      vertex -13.8997 -7.08225 17
      vertex -16.9291 -8.62582 17
      vertex -14.4125 -5.96986 17
    endloop
  endfacet
  facet normal 0 0 -1
    outer loop
      vertex -17.5537 -7.27098 17
      vertex -14.4125 -5.96986 17
      vertex -16.9291 -8.62582 17
    endloop
  endfacet
  facet normal -0 0 -1
    outer loop
      vertex -14.4125 -5.96986 17
      vertex -17.5537 -7.27098 17
      vertex -14.8365 -4.82066 17
    endloop
  endfacet
  facet normal 0 0 -1
    outer loop
      vertex -18.0701 -5.87132 17
      vertex -14.8365 -4.82066 17
      vertex -17.5537 -7.27098 17
    endloop
  endfacet
  facet normal -0 0 -1
    outer loop
      vertex -14.8365 -4.82066 17
      vertex -18.0701 -5.87132 17
      vertex -15.169 -3.64175 17
    endloop
  endfacet
  facet normal 0 0 -1
    outer loop
      vertex 14.8365 4.82066 17
      vertex 18.0701 5.87132 17
      vertex 15.169 3.64175 17
    endloop
  endfacet
  facet normal -0 0 -1
    outer loop
      vertex 18.0701 5.87132 17
      vertex 14.8365 4.82066 17
      vertex 17.5537 7.27098 17
    endloop
  endfacet
  facet normal 0 0 -1
    outer loop
      vertex 14.4125 5.96986 17
      vertex 17.5537 7.27098 17
      vertex 14.8365 4.82066 17
    endloop
  endfacet
  facet normal -0 0 -1
    outer loop
      vertex 17.5537 7.27098 17
      vertex 14.4125 5.96986 17
      vertex 16.9291 8.62582 17
    endloop
  endfacet
  facet normal 0 0 -1
    outer loop
      vertex 13.8997 7.08225 17
      vertex 16.9291 8.62582 17
      vertex 14.4125 5.96986 17
    endloop
  endfacet
  facet normal -0 0 -1
    outer loop
      vertex 16.9291 8.62582 17
      vertex 13.8997 7.08225 17
      vertex 16.2002 9.92747 17
    endloop
  endfacet
  facet normal 0 0 -1
    outer loop
      vertex 13.3012 8.15098 17
      vertex 16.2002 9.92747 17
      vertex 13.8997 7.08225 17
    endloop
  endfacet
  facet normal -0 0 -1
    outer loop
      vertex 16.2002 9.92747 17
      vertex 13.3012 8.15098 17
      vertex 15.3713 11.1679 17
    endloop
  endfacet
  facet normal 0 0 -1
    outer loop
      vertex 12.6207 9.16945 17
      vertex 15.3713 11.1679 17
      vertex 13.3012 8.15098 17
    endloop
  endfacet
  facet normal -0 0 -1
    outer loop
      vertex 15.3713 11.1679 17
      vertex 12.6207 9.16945 17
      vertex 14.4477 12.3395 17
    endloop
  endfacet
  facet normal 0 0 -1
    outer loop
      vertex 11.8623 10.1314 17
      vertex 14.4477 12.3395 17
      vertex 12.6207 9.16945 17
    endloop
  endfacet
  facet normal -0 0 -1
    outer loop
      vertex 14.4477 12.3395 17
      vertex 11.8623 10.1314 17
      vertex 13.435 13.435 17
    endloop
  endfacet
  facet normal 0 0 -1
    outer loop
      vertex 11.0309 11.0309 17
      vertex 13.435 13.435 17
      vertex 11.8623 10.1314 17
    endloop
  endfacet
  facet normal -0 0 -1
    outer loop
      vertex 13.435 13.435 17
      vertex 11.0309 11.0309 17
      vertex 12.3395 14.4477 17
    endloop
  endfacet
  facet normal 0 0 -1
    outer loop
      vertex 10.1314 11.8623 17
      vertex 12.3395 14.4477 17
      vertex 11.0309 11.0309 17
    endloop
  endfacet
  facet normal -0 0 -1
    outer loop
      vertex 12.3395 14.4477 17
      vertex 10.1314 11.8623 17
      vertex 11.1679 15.3713 17
    endloop
  endfacet
  facet normal 0 0 -1
    outer loop
      vertex 9.16945 12.6207 17
      vertex 11.1679 15.3713 17
      vertex 10.1314 11.8623 17
    endloop
  endfacet
  facet normal -0 0 -1
    outer loop
      vertex 11.1679 15.3713 17
      vertex 9.16945 12.6207 17
      vertex 9.92747 16.2002 17
    endloop
  endfacet
  facet normal 0 0 -1
    outer loop
      vertex 8.15098 13.3012 17
      vertex 9.92747 16.2002 17
      vertex 9.16945 12.6207 17
    endloop
  endfacet
  facet normal -0 0 -1
    outer loop
      vertex 9.92747 16.2002 17
      vertex 8.15098 13.3012 17
      vertex 8.62582 16.9291 17
    endloop
  endfacet
  facet normal 0 0 -1
    outer loop
      vertex 7.08225 13.8997 17
      vertex 8.62582 16.9291 17
      vertex 8.15098 13.3012 17
    endloop
  endfacet
  facet normal -0 0 -1
    outer loop
      vertex 8.62582 16.9291 17
      vertex 7.08225 13.8997 17
      vertex 7.27098 17.5537 17
    endloop
  endfacet
  facet normal 0 0 -1
    outer loop
      vertex 5.96986 14.4125 17
      vertex 7.27098 17.5537 17
      vertex 7.08225 13.8997 17
    endloop
  endfacet
  facet normal 0 0 -1
    outer loop
      vertex 5.96986 14.4125 17
      vertex 5.87132 18.0701 17
      vertex 7.27098 17.5537 17
    endloop
  endfacet
  facet normal 0 0 -1
    outer loop
      vertex 4.82066 14.8365 17
      vertex 5.87132 18.0701 17
      vertex 5.96986 14.4125 17
    endloop
  endfacet
  facet normal 0 0 -1
    outer loop
      vertex 4.82066 14.8365 17
      vertex 4.43546 18.475 17
      vertex 5.87132 18.0701 17
    endloop
  endfacet
  facet normal 0 0 -1
    outer loop
      vertex 3.64175 15.169 17
      vertex 4.43546 18.475 17
      vertex 4.82066 14.8365 17
    endloop
  endfacet
  facet normal 0 0 -1
    outer loop
      vertex 3.64175 15.169 17
      vertex 2.97225 18.7661 17
      vertex 4.43546 18.475 17
    endloop
  endfacet
  facet normal 0 0 -1
    outer loop
      vertex 2.44038 15.4079 17
      vertex 2.97225 18.7661 17
      vertex 3.64175 15.169 17
    endloop
  endfacet
  facet normal 0 0 -1
    outer loop
      vertex 2.44038 15.4079 17
      vertex 1.49072 18.9414 17
      vertex 2.97225 18.7661 17
    endloop
  endfacet
  facet normal 0 0 -1
    outer loop
      vertex 1.22396 15.5519 17
      vertex 1.49072 18.9414 17
      vertex 2.44038 15.4079 17
    endloop
  endfacet
  facet normal 0 0 -1
    outer loop
      vertex 0 15.6 17
      vertex 1.49072 18.9414 17
      vertex 1.22396 15.5519 17
    endloop
  endfacet
  facet normal 0 0 -1
    outer loop
      vertex 0 15.6 17
      vertex 0 19 17
      vertex 1.49072 18.9414 17
    endloop
  endfacet
  facet normal 0 0 -1
    outer loop
      vertex -1.22396 15.5519 17
      vertex 0 19 17
      vertex 0 15.6 17
    endloop
  endfacet
  facet normal 0 0 -1
    outer loop
      vertex -1.22396 15.5519 17
      vertex -1.49072 18.9414 17
      vertex 0 19 17
    endloop
  endfacet
  facet normal 0 0 -1
    outer loop
      vertex -2.44038 15.4079 17
      vertex -1.49072 18.9414 17
      vertex -1.22396 15.5519 17
    endloop
  endfacet
  facet normal 0 0 -1
    outer loop
      vertex -2.44038 15.4079 17
      vertex -2.97225 18.7661 17
      vertex -1.49072 18.9414 17
    endloop
  endfacet
  facet normal 0 0 -1
    outer loop
      vertex -3.64175 15.169 17
      vertex -2.97225 18.7661 17
      vertex -2.44038 15.4079 17
    endloop
  endfacet
  facet normal 0 0 -1
    outer loop
      vertex -3.64175 15.169 17
      vertex -4.43546 18.475 17
      vertex -2.97225 18.7661 17
    endloop
  endfacet
  facet normal 0 0 -1
    outer loop
      vertex -4.82066 14.8365 17
      vertex -4.43546 18.475 17
      vertex -3.64175 15.169 17
    endloop
  endfacet
  facet normal 0 0 -1
    outer loop
      vertex -4.82066 14.8365 17
      vertex -5.87132 18.0701 17
      vertex -4.43546 18.475 17
    endloop
  endfacet
  facet normal 0 0 -1
    outer loop
      vertex -5.96986 14.4125 17
      vertex -5.87132 18.0701 17
      vertex -4.82066 14.8365 17
    endloop
  endfacet
  facet normal 0 0 -1
    outer loop
      vertex -7.27098 17.5537 17
      vertex -5.96986 14.4125 17
      vertex -7.08225 13.8997 17
    endloop
  endfacet
  facet normal 0 0 -1
    outer loop
      vertex -5.96986 14.4125 17
      vertex -7.27098 17.5537 17
      vertex -5.87132 18.0701 17
    endloop
  endfacet
  facet normal 0 0 -1
    outer loop
      vertex -8.62582 16.9291 17
      vertex -7.08225 13.8997 17
      vertex -8.15098 13.3012 17
    endloop
  endfacet
  facet normal 0 0 -1
    outer loop
      vertex -7.08225 13.8997 17
      vertex -8.62582 16.9291 17
      vertex -7.27098 17.5537 17
    endloop
  endfacet
  facet normal 0 0 -1
    outer loop
      vertex -9.92747 16.2002 17
      vertex -8.15098 13.3012 17
      vertex -9.16945 12.6207 17
    endloop
  endfacet
  facet normal 0 0 -1
    outer loop
      vertex -8.15098 13.3012 17
      vertex -9.92747 16.2002 17
      vertex -8.62582 16.9291 17
    endloop
  endfacet
  facet normal 0 0 -1
    outer loop
      vertex -11.1679 15.3713 17
      vertex -9.16945 12.6207 17
      vertex -10.1314 11.8623 17
    endloop
  endfacet
  facet normal 0 0 -1
    outer loop
      vertex -12.3395 14.4477 17
      vertex -10.1314 11.8623 17
      vertex -11.0309 11.0309 17
    endloop
  endfacet
  facet normal 0 0 -1
    outer loop
      vertex -9.16945 12.6207 17
      vertex -11.1679 15.3713 17
      vertex -9.92747 16.2002 17
    endloop
  endfacet
  facet normal 0 0 -1
    outer loop
      vertex -13.435 13.435 17
      vertex -11.0309 11.0309 17
      vertex -11.8623 10.1314 17
    endloop
  endfacet
  facet normal 0 0 -1
    outer loop
      vertex -10.1314 11.8623 17
      vertex -12.3395 14.4477 17
      vertex -11.1679 15.3713 17
    endloop
  endfacet
  facet normal 0 0 -1
    outer loop
      vertex -14.4477 12.3395 17
      vertex -11.8623 10.1314 17
      vertex -12.6207 9.16945 17
    endloop
  endfacet
  facet normal 0 0 -1
    outer loop
      vertex -15.3713 11.1679 17
      vertex -12.6207 9.16945 17
      vertex -13.3012 8.15098 17
    endloop
  endfacet
  facet normal 0 0 -1
    outer loop
      vertex -11.0309 11.0309 17
      vertex -13.435 13.435 17
      vertex -12.3395 14.4477 17
    endloop
  endfacet
  facet normal 0 0 -1
    outer loop
      vertex -16.2002 9.92747 17
      vertex -13.3012 8.15098 17
      vertex -13.8997 7.08225 17
    endloop
  endfacet
  facet normal 0 0 -1
    outer loop
      vertex -16.9291 8.62582 17
      vertex -13.8997 7.08225 17
      vertex -14.4125 5.96986 17
    endloop
  endfacet
  facet normal 0 0 -1
    outer loop
      vertex -11.8623 10.1314 17
      vertex -14.4477 12.3395 17
      vertex -13.435 13.435 17
    endloop
  endfacet
  facet normal 0 0 -1
    outer loop
      vertex -17.5537 7.27098 17
      vertex -14.4125 5.96986 17
      vertex -14.8365 4.82066 17
    endloop
  endfacet
  facet normal 0 0 -1
    outer loop
      vertex -18.0701 5.87132 17
      vertex -14.8365 4.82066 17
      vertex -15.169 3.64175 17
    endloop
  endfacet
  facet normal 0 0 -1
    outer loop
      vertex -12.6207 9.16945 17
      vertex -15.3713 11.1679 17
      vertex -14.4477 12.3395 17
    endloop
  endfacet
  facet normal 0 0 -1
    outer loop
      vertex -18.475 4.43546 17
      vertex -15.169 3.64175 17
      vertex -15.4079 2.44038 17
    endloop
  endfacet
  facet normal 0 0 -1
    outer loop
      vertex -18.7661 2.97225 17
      vertex -15.4079 2.44038 17
      vertex -15.5519 1.22396 17
    endloop
  endfacet
  facet normal 0 0 -1
    outer loop
      vertex -18.9414 1.49072 17
      vertex -15.5519 1.22396 17
      vertex -15.6 0 17
    endloop
  endfacet
  facet normal 0 0 -1
    outer loop
      vertex -18.475 -4.43546 17
      vertex -15.169 -3.64175 17
      vertex -18.0701 -5.87132 17
    endloop
  endfacet
  facet normal 0 0 -1
    outer loop
      vertex -13.3012 8.15098 17
      vertex -16.2002 9.92747 17
      vertex -15.3713 11.1679 17
    endloop
  endfacet
  facet normal -0 0 -1
    outer loop
      vertex -15.169 -3.64175 17
      vertex -18.475 -4.43546 17
      vertex -15.4079 -2.44038 17
    endloop
  endfacet
  facet normal 0 0 -1
    outer loop
      vertex -13.8997 7.08225 17
      vertex -16.9291 8.62582 17
      vertex -16.2002 9.92747 17
    endloop
  endfacet
  facet normal 0 0 -1
    outer loop
      vertex -18.7661 -2.97225 17
      vertex -15.4079 -2.44038 17
      vertex -18.475 -4.43546 17
    endloop
  endfacet
  facet normal 0 0 -1
    outer loop
      vertex -14.4125 5.96986 17
      vertex -17.5537 7.27098 17
      vertex -16.9291 8.62582 17
    endloop
  endfacet
  facet normal -0 0 -1
    outer loop
      vertex -15.4079 -2.44038 17
      vertex -18.7661 -2.97225 17
      vertex -15.5519 -1.22396 17
    endloop
  endfacet
  facet normal 0 0 -1
    outer loop
      vertex -14.8365 4.82066 17
      vertex -18.0701 5.87132 17
      vertex -17.5537 7.27098 17
    endloop
  endfacet
  facet normal 0 0 -1
    outer loop
      vertex -18.9414 -1.49072 17
      vertex -15.5519 -1.22396 17
      vertex -18.7661 -2.97225 17
    endloop
  endfacet
  facet normal 0 0 -1
    outer loop
      vertex -15.169 3.64175 17
      vertex -18.475 4.43546 17
      vertex -18.0701 5.87132 17
    endloop
  endfacet
  facet normal -0 0 -1
    outer loop
      vertex -15.5519 -1.22396 17
      vertex -18.9414 -1.49072 17
      vertex -15.6 0 17
    endloop
  endfacet
  facet normal 0 0 -1
    outer loop
      vertex -15.4079 2.44038 17
      vertex -18.7661 2.97225 17
      vertex -18.475 4.43546 17
    endloop
  endfacet
  facet normal 0 0 -1
    outer loop
      vertex -19 0 17
      vertex -15.6 0 17
      vertex -18.9414 -1.49072 17
    endloop
  endfacet
  facet normal 0 0 -1
    outer loop
      vertex -15.5519 1.22396 17
      vertex -18.9414 1.49072 17
      vertex -18.7661 2.97225 17
    endloop
  endfacet
  facet normal 0 0 -1
    outer loop
      vertex -15.6 0 17
      vertex -19 0 17
      vertex -18.9414 1.49072 17
    endloop
  endfacet
  facet normal 0.83148 0.555555 0
    outer loop
      vertex 23.4476 14.3687 21
      vertex 22.248 16.1641 17
      vertex 22.248 16.1641 21
    endloop
  endfacet
  facet normal 0.83148 0.555555 0
    outer loop
      vertex 22.248 16.1641 17
      vertex 23.4476 14.3687 21
      vertex 23.4476 14.3687 17
    endloop
  endfacet
  facet normal 0.34613 0.938187 -0
    outer loop
      vertex 10.5238 25.4067 17
      vertex 8.49797 26.1541 21
      vertex 10.5238 25.4067 21
    endloop
  endfacet
  facet normal 0.34613 0.938187 0
    outer loop
      vertex 8.49797 26.1541 21
      vertex 10.5238 25.4067 17
      vertex 8.49797 26.1541 17
    endloop
  endfacet
  facet normal 0.117538 0.993068 -0
    outer loop
      vertex 4.30195 27.1614 17
      vertex 2.15762 27.4152 21
      vertex 4.30195 27.1614 21
    endloop
  endfacet
  facet normal 0.117538 0.993068 0
    outer loop
      vertex 2.15762 27.4152 21
      vertex 4.30195 27.1614 17
      vertex 2.15762 27.4152 17
    endloop
  endfacet
  facet normal 0.488625 0.872494 -0
    outer loop
      vertex 14.3687 23.4476 17
      vertex 12.4847 24.5027 21
      vertex 14.3687 23.4476 21
    endloop
  endfacet
  facet normal 0.488625 0.872494 0
    outer loop
      vertex 12.4847 24.5027 21
      vertex 14.3687 23.4476 17
      vertex 12.4847 24.5027 17
    endloop
  endfacet
  facet normal 0.555555 0.83148 -0
    outer loop
      vertex 16.1641 22.248 17
      vertex 14.3687 23.4476 21
      vertex 16.1641 22.248 21
    endloop
  endfacet
  facet normal 0.555555 0.83148 0
    outer loop
      vertex 14.3687 23.4476 21
      vertex 16.1641 22.248 17
      vertex 14.3687 23.4476 17
    endloop
  endfacet
  facet normal 0.619099 0.785313 -0
    outer loop
      vertex 17.8598 20.9112 17
      vertex 16.1641 22.248 21
      vertex 17.8598 20.9112 21
    endloop
  endfacet
  facet normal 0.619099 0.785313 0
    outer loop
      vertex 16.1641 22.248 21
      vertex 17.8598 20.9112 17
      vertex 16.1641 22.248 17
    endloop
  endfacet
  facet normal -0.938187 0.34613 0
    outer loop
      vertex -26.1541 8.49797 17
      vertex -25.4067 10.5238 21
      vertex -25.4067 10.5238 17
    endloop
  endfacet
  facet normal -0.938187 0.34613 0
    outer loop
      vertex -25.4067 10.5238 21
      vertex -26.1541 8.49797 17
      vertex -26.1541 8.49797 21
    endloop
  endfacet
  facet normal -0.993068 0.117538 0
    outer loop
      vertex -27.4152 2.15762 17
      vertex -27.1614 4.30195 21
      vertex -27.1614 4.30195 17
    endloop
  endfacet
  facet normal -0.993068 0.117538 0
    outer loop
      vertex -27.1614 4.30195 21
      vertex -27.4152 2.15762 17
      vertex -27.4152 2.15762 21
    endloop
  endfacet
  facet normal 0 0 1
    outer loop
      vertex -1.76771 -11.1609 21
      vertex -8.80931 -18.0088 21
      vertex -8.80058 -18.142 21
    endloop
  endfacet
  facet normal 0 0 1
    outer loop
      vertex -7.99031 -7.99031 21
      vertex -8.82847 -17.8767 21
      vertex -8.80931 -18.0088 21
    endloop
  endfacet
  facet normal 0 0 1
    outer loop
      vertex -7.99031 -7.99031 21
      vertex -8.85793 -17.7465 21
      vertex -8.82847 -17.8767 21
    endloop
  endfacet
  facet normal 0 0 1
    outer loop
      vertex -7.99031 -7.99031 21
      vertex -8.89751 -17.6191 21
      vertex -8.85793 -17.7465 21
    endloop
  endfacet
  facet normal 0 0 1
    outer loop
      vertex -7.99031 -7.99031 21
      vertex -8.94697 -17.4951 21
      vertex -8.89751 -17.6191 21
    endloop
  endfacet
  facet normal 0 0 1
    outer loop
      vertex -7.99031 -7.99031 21
      vertex -9.00601 -17.3754 21
      vertex -8.94697 -17.4951 21
    endloop
  endfacet
  facet normal 0 0 1
    outer loop
      vertex -7.99031 -7.99031 21
      vertex -9.07426 -17.2606 21
      vertex -9.00601 -17.3754 21
    endloop
  endfacet
  facet normal 0 0 1
    outer loop
      vertex -11.1915 -16.6335 21
      vertex -8.59259 -7.33876 21
      vertex -9.14189 -6.64197 21
    endloop
  endfacet
  facet normal 0 0 1
    outer loop
      vertex -7.99031 -7.99031 21
      vertex -9.1513 -17.1516 21
      vertex -9.07426 -17.2606 21
    endloop
  endfacet
  facet normal 0 0 1
    outer loop
      vertex -7.99031 -7.99031 21
      vertex -9.23665 -17.049 21
      vertex -9.1513 -17.1516 21
    endloop
  endfacet
  facet normal 0 0 1
    outer loop
      vertex -7.99031 -7.99031 21
      vertex -9.3298 -16.9534 21
      vertex -9.23665 -17.049 21
    endloop
  endfacet
  facet normal 0 0 1
    outer loop
      vertex -7.99031 -7.99031 21
      vertex -9.43015 -16.8654 21
      vertex -9.3298 -16.9534 21
    endloop
  endfacet
  facet normal 0 0 1
    outer loop
      vertex -7.99031 -7.99031 21
      vertex -9.53711 -16.7855 21
      vertex -9.43015 -16.8654 21
    endloop
  endfacet
  facet normal 0 0 1
    outer loop
      vertex -11.4259 -16.7608 21
      vertex -9.14189 -6.64197 21
      vertex -9.63483 -5.90423 21
    endloop
  endfacet
  facet normal 0 0 1
    outer loop
      vertex -7.99031 -7.99031 21
      vertex -9.65 -16.7143 21
      vertex -9.53711 -16.7855 21
    endloop
  endfacet
  facet normal 0 0 1
    outer loop
      vertex -7.99031 -7.99031 21
      vertex -9.76813 -16.6521 21
      vertex -9.65 -16.7143 21
    endloop
  endfacet
  facet normal 0 0 1
    outer loop
      vertex -7.99031 -7.99031 21
      vertex -9.89077 -16.5994 21
      vertex -9.76813 -16.6521 21
    endloop
  endfacet
  facet normal 0 0 1
    outer loop
      vertex -7.99031 -7.99031 21
      vertex -10.0172 -16.5565 21
      vertex -9.89077 -16.5994 21
    endloop
  endfacet
  facet normal 0 0 1
    outer loop
      vertex -23.4476 -14.3687 21
      vertex -9.63483 -5.90423 21
      vertex -10.0684 -5.13009 21
    endloop
  endfacet
  facet normal 0 0 1
    outer loop
      vertex -7.99031 -7.99031 21
      vertex -10.1465 -16.5237 21
      vertex -10.0172 -16.5565 21
    endloop
  endfacet
  facet normal 0 0 1
    outer loop
      vertex -7.99031 -7.99031 21
      vertex -10.2781 -16.5011 21
      vertex -10.1465 -16.5237 21
    endloop
  endfacet
  facet normal 0 0 1
    outer loop
      vertex -7.99031 -7.99031 21
      vertex -10.411 -16.4889 21
      vertex -10.2781 -16.5011 21
    endloop
  endfacet
  facet normal 0 0 1
    outer loop
      vertex -24.5027 -12.4847 21
      vertex -10.0684 -5.13009 21
      vertex -10.4398 -4.32432 21
    endloop
  endfacet
  facet normal 0 0 1
    outer loop
      vertex -7.99031 -7.99031 21
      vertex -10.5445 -16.4871 21
      vertex -10.411 -16.4889 21
    endloop
  endfacet
  facet normal 0 0 1
    outer loop
      vertex -7.99031 -7.99031 21
      vertex -10.6777 -16.4958 21
      vertex -10.5445 -16.4871 21
    endloop
  endfacet
  facet normal 0 0 1
    outer loop
      vertex -25.4067 -10.5238 21
      vertex -10.4398 -4.32432 21
      vertex -10.7469 -3.49189 21
    endloop
  endfacet
  facet normal 0 0 1
    outer loop
      vertex -7.99031 -7.99031 21
      vertex -10.8098 -16.515 21
      vertex -10.6777 -16.4958 21
    endloop
  endfacet
  facet normal 0 0 1
    outer loop
      vertex -7.99031 -7.99031 21
      vertex -10.94 -16.5445 21
      vertex -10.8098 -16.515 21
    endloop
  endfacet
  facet normal 0 0 1
    outer loop
      vertex -26.1541 -8.49797 21
      vertex -10.7469 -3.49189 21
      vertex -10.9878 -2.63793 21
    endloop
  endfacet
  facet normal 0 0 1
    outer loop
      vertex -8.59259 -7.33876 21
      vertex -11.0675 -16.584 21
      vertex -10.94 -16.5445 21
    endloop
  endfacet
  facet normal 0 0 1
    outer loop
      vertex -26.7402 -6.41975 21
      vertex -10.9878 -2.63793 21
      vertex -11.1609 -1.76771 21
    endloop
  endfacet
  facet normal 0 0 1
    outer loop
      vertex -8.59259 -7.33876 21
      vertex -11.1915 -16.6335 21
      vertex -11.0675 -16.584 21
    endloop
  endfacet
  facet normal 0 0 1
    outer loop
      vertex -27.1614 -4.30195 21
      vertex -11.1609 -1.76771 21
      vertex -11.2652 -0.886587 21
    endloop
  endfacet
  facet normal 0 0 1
    outer loop
      vertex -27.4152 -2.15762 21
      vertex -11.2652 -0.886587 21
      vertex -11.3 0 21
    endloop
  endfacet
  facet normal 0 0 1
    outer loop
      vertex -9.14189 -6.64197 21
      vertex -11.3112 -16.6925 21
      vertex -11.1915 -16.6335 21
    endloop
  endfacet
  facet normal -0 0 1
    outer loop
      vertex -26.7402 6.41975 21
      vertex -10.9878 2.63793 21
      vertex -26.1541 8.49797 21
    endloop
  endfacet
  facet normal 0 0 1
    outer loop
      vertex -24.5027 12.4847 21
      vertex -11.3112 16.6925 21
      vertex -11.4259 16.7608 21
    endloop
  endfacet
  facet normal 0 -0 1
    outer loop
      vertex -27.4152 -2.15762 21
      vertex -11.3 0 21
      vertex -27.5 0 21
    endloop
  endfacet
  facet normal 0 0 1
    outer loop
      vertex -23.4476 14.3687 21
      vertex -11.4259 16.7608 21
      vertex -11.5349 16.8378 21
    endloop
  endfacet
  facet normal 0 0 1
    outer loop
      vertex -11.2652 -0.886587 21
      vertex -27.4152 -2.15762 21
      vertex -27.1614 -4.30195 21
    endloop
  endfacet
  facet normal 0 0 1
    outer loop
      vertex -23.4476 14.3687 21
      vertex -11.5349 16.8378 21
      vertex -11.6375 16.9232 21
    endloop
  endfacet
  facet normal 0 0 1
    outer loop
      vertex -11.1609 -1.76771 21
      vertex -27.1614 -4.30195 21
      vertex -26.7402 -6.41975 21
    endloop
  endfacet
  facet normal 0 0 1
    outer loop
      vertex -22.248 16.1641 21
      vertex -11.6375 16.9232 21
      vertex -11.7331 17.0163 21
    endloop
  endfacet
  facet normal 0 0 1
    outer loop
      vertex -10.9878 -2.63793 21
      vertex -26.7402 -6.41975 21
      vertex -26.1541 -8.49797 21
    endloop
  endfacet
  facet normal 0 0 1
    outer loop
      vertex -22.248 16.1641 21
      vertex -11.7331 17.0163 21
      vertex -11.8211 17.1167 21
    endloop
  endfacet
  facet normal 0 0 1
    outer loop
      vertex -10.7469 -3.49189 21
      vertex -26.1541 -8.49797 21
      vertex -25.4067 -10.5238 21
    endloop
  endfacet
  facet normal 0 0 1
    outer loop
      vertex -20.9112 17.8598 21
      vertex -11.8211 17.1167 21
      vertex -11.901 17.2236 21
    endloop
  endfacet
  facet normal 0 0 1
    outer loop
      vertex -10.4398 -4.32432 21
      vertex -25.4067 -10.5238 21
      vertex -24.5027 -12.4847 21
    endloop
  endfacet
  facet normal 0 0 1
    outer loop
      vertex -20.9112 17.8598 21
      vertex -11.901 17.2236 21
      vertex -11.9722 17.3365 21
    endloop
  endfacet
  facet normal 0 0 1
    outer loop
      vertex -10.0684 -5.13009 21
      vertex -24.5027 -12.4847 21
      vertex -23.4476 -14.3687 21
    endloop
  endfacet
  facet normal 0 0 1
    outer loop
      vertex -20.9112 17.8598 21
      vertex -11.9722 17.3365 21
      vertex -12.0344 17.4547 21
    endloop
  endfacet
  facet normal 0 0 1
    outer loop
      vertex -9.14189 -6.64197 21
      vertex -11.4259 -16.7608 21
      vertex -11.3112 -16.6925 21
    endloop
  endfacet
  facet normal 0 0 1
    outer loop
      vertex -19.4454 19.4454 21
      vertex -12.0344 17.4547 21
      vertex -12.0871 17.5773 21
    endloop
  endfacet
  facet normal 0 0 1
    outer loop
      vertex -9.63483 -5.90423 21
      vertex -23.4476 -14.3687 21
      vertex -11.5349 -16.8378 21
    endloop
  endfacet
  facet normal 0 0 1
    outer loop
      vertex -19.4454 19.4454 21
      vertex -12.0871 17.5773 21
      vertex -12.13 17.7037 21
    endloop
  endfacet
  facet normal 0 0 1
    outer loop
      vertex -9.63483 -5.90423 21
      vertex -11.5349 -16.8378 21
      vertex -11.4259 -16.7608 21
    endloop
  endfacet
  facet normal 0 0 1
    outer loop
      vertex -19.4454 19.4454 21
      vertex -12.13 17.7037 21
      vertex -12.1629 17.8331 21
    endloop
  endfacet
  facet normal 0 0 1
    outer loop
      vertex -11.5349 -16.8378 21
      vertex -23.4476 -14.3687 21
      vertex -11.6375 -16.9232 21
    endloop
  endfacet
  facet normal 0 0 1
    outer loop
      vertex -19.4454 19.4454 21
      vertex -12.1629 17.8331 21
      vertex -12.1855 17.9646 21
    endloop
  endfacet
  facet normal -0 -0 1
    outer loop
      vertex -22.248 -16.1641 21
      vertex -11.6375 -16.9232 21
      vertex -23.4476 -14.3687 21
    endloop
  endfacet
  facet normal 0 0 1
    outer loop
      vertex -17.8598 20.9112 21
      vertex -12.1855 17.9646 21
      vertex -12.1977 18.0976 21
    endloop
  endfacet
  facet normal 0 0 1
    outer loop
      vertex -11.6375 -16.9232 21
      vertex -22.248 -16.1641 21
      vertex -11.7331 -17.0163 21
    endloop
  endfacet
  facet normal 0 0 1
    outer loop
      vertex -17.8598 20.9112 21
      vertex -12.1977 18.0976 21
      vertex -12.1994 18.231 21
    endloop
  endfacet
  facet normal 0 0 1
    outer loop
      vertex -11.7331 -17.0163 21
      vertex -22.248 -16.1641 21
      vertex -11.8211 -17.1167 21
    endloop
  endfacet
  facet normal 0 0 1
    outer loop
      vertex 23.4476 -14.3687 21
      vertex 9.63483 -5.90423 21
      vertex 22.248 -16.1641 21
    endloop
  endfacet
  facet normal -0 0 1
    outer loop
      vertex 9.14189 -6.64197 21
      vertex 22.248 -16.1641 21
      vertex 9.63483 -5.90423 21
    endloop
  endfacet
  facet normal 0 0 1
    outer loop
      vertex 22.248 -16.1641 21
      vertex 9.14189 -6.64197 21
      vertex 20.9112 -17.8598 21
    endloop
  endfacet
  facet normal -0 0 1
    outer loop
      vertex 8.59259 -7.33876 21
      vertex 20.9112 -17.8598 21
      vertex 9.14189 -6.64197 21
    endloop
  endfacet
  facet normal 0 0 1
    outer loop
      vertex 20.9112 -17.8598 21
      vertex 8.59259 -7.33876 21
      vertex 19.4454 -19.4454 21
    endloop
  endfacet
  facet normal -0 0 1
    outer loop
      vertex 7.99031 -7.99031 21
      vertex 19.4454 -19.4454 21
      vertex 8.59259 -7.33876 21
    endloop
  endfacet
  facet normal 0 0 1
    outer loop
      vertex 19.4454 -19.4454 21
      vertex 7.99031 -7.99031 21
      vertex 17.8598 -20.9112 21
    endloop
  endfacet
  facet normal -0 0 1
    outer loop
      vertex 7.33876 -8.59259 21
      vertex 17.8598 -20.9112 21
      vertex 7.99031 -7.99031 21
    endloop
  endfacet
  facet normal 0 0 1
    outer loop
      vertex 17.8598 -20.9112 21
      vertex 7.33876 -8.59259 21
      vertex 16.1641 -22.248 21
    endloop
  endfacet
  facet normal -0 0 1
    outer loop
      vertex 6.64197 -9.14189 21
      vertex 16.1641 -22.248 21
      vertex 7.33876 -8.59259 21
    endloop
  endfacet
  facet normal 0 0 1
    outer loop
      vertex 16.1641 -22.248 21
      vertex 6.64197 -9.14189 21
      vertex 14.3687 -23.4476 21
    endloop
  endfacet
  facet normal -0 0 1
    outer loop
      vertex 5.90423 -9.63483 21
      vertex 14.3687 -23.4476 21
      vertex 6.64197 -9.14189 21
    endloop
  endfacet
  facet normal 0 0 1
    outer loop
      vertex 14.3687 -23.4476 21
      vertex 5.90423 -9.63483 21
      vertex 12.4847 -24.5027 21
    endloop
  endfacet
  facet normal -0 0 1
    outer loop
      vertex 5.13009 -10.0684 21
      vertex 12.4847 -24.5027 21
      vertex 5.90423 -9.63483 21
    endloop
  endfacet
  facet normal 0 0 1
    outer loop
      vertex 12.4847 -24.5027 21
      vertex 5.13009 -10.0684 21
      vertex 10.5238 -25.4067 21
    endloop
  endfacet
  facet normal -0 0 1
    outer loop
      vertex 4.32432 -10.4398 21
      vertex 10.5238 -25.4067 21
      vertex 5.13009 -10.0684 21
    endloop
  endfacet
  facet normal 0 0 1
    outer loop
      vertex 10.5238 -25.4067 21
      vertex 4.32432 -10.4398 21
      vertex 8.49797 -26.1541 21
    endloop
  endfacet
  facet normal -0 0 1
    outer loop
      vertex 3.49189 -10.7469 21
      vertex 8.49797 -26.1541 21
      vertex 4.32432 -10.4398 21
    endloop
  endfacet
  facet normal 0 0 1
    outer loop
      vertex 8.49797 -26.1541 21
      vertex 3.49189 -10.7469 21
      vertex 6.41975 -26.7402 21
    endloop
  endfacet
  facet normal -0 0 1
    outer loop
      vertex 2.63793 -10.9878 21
      vertex 6.41975 -26.7402 21
      vertex 3.49189 -10.7469 21
    endloop
  endfacet
  facet normal 0 0 1
    outer loop
      vertex 6.41975 -26.7402 21
      vertex 2.63793 -10.9878 21
      vertex 4.30195 -27.1614 21
    endloop
  endfacet
  facet normal -0 0 1
    outer loop
      vertex 1.76771 -11.1609 21
      vertex 4.30195 -27.1614 21
      vertex 2.63793 -10.9878 21
    endloop
  endfacet
  facet normal 0 0 1
    outer loop
      vertex 4.30195 -27.1614 21
      vertex 1.76771 -11.1609 21
      vertex 2.15762 -27.4152 21
    endloop
  endfacet
  facet normal -0 0 1
    outer loop
      vertex 0.886587 -11.2652 21
      vertex 2.15762 -27.4152 21
      vertex 1.76771 -11.1609 21
    endloop
  endfacet
  facet normal -0 0 1
    outer loop
      vertex 0 -11.3 21
      vertex 2.15762 -27.4152 21
      vertex 0.886587 -11.2652 21
    endloop
  endfacet
  facet normal 0 0 1
    outer loop
      vertex 0 -11.3 21
      vertex 0 -27.5 21
      vertex 2.15762 -27.4152 21
    endloop
  endfacet
  facet normal 0 0 1
    outer loop
      vertex -0.886587 -11.2652 21
      vertex 0 -27.5 21
      vertex 0 -11.3 21
    endloop
  endfacet
  facet normal 0 0 1
    outer loop
      vertex -8.80058 -18.142 21
      vertex -0.886587 -11.2652 21
      vertex -1.76771 -11.1609 21
    endloop
  endfacet
  facet normal 0 0 1
    outer loop
      vertex -0.886587 -11.2652 21
      vertex -8.81454 -18.4084 21
      vertex 0 -27.5 21
    endloop
  endfacet
  facet normal 0 0 1
    outer loop
      vertex -8.80931 -18.0088 21
      vertex -1.76771 -11.1609 21
      vertex -2.63793 -10.9878 21
    endloop
  endfacet
  facet normal 0 0 1
    outer loop
      vertex -8.80931 -18.0088 21
      vertex -2.63793 -10.9878 21
      vertex -3.49189 -10.7469 21
    endloop
  endfacet
  facet normal 0 0 1
    outer loop
      vertex -0.886587 -11.2652 21
      vertex -8.80233 -18.2755 21
      vertex -8.81454 -18.4084 21
    endloop
  endfacet
  facet normal 0 0 1
    outer loop
      vertex -8.80931 -18.0088 21
      vertex -3.49189 -10.7469 21
      vertex -4.32432 -10.4398 21
    endloop
  endfacet
  facet normal 0 0 1
    outer loop
      vertex -8.80931 -18.0088 21
      vertex -4.32432 -10.4398 21
      vertex -5.13009 -10.0684 21
    endloop
  endfacet
  facet normal 0 0 1
    outer loop
      vertex -8.80931 -18.0088 21
      vertex -5.13009 -10.0684 21
      vertex -5.90423 -9.63483 21
    endloop
  endfacet
  facet normal 0 0 1
    outer loop
      vertex -0.886587 -11.2652 21
      vertex -8.80058 -18.142 21
      vertex -8.80233 -18.2755 21
    endloop
  endfacet
  facet normal 0 0 1
    outer loop
      vertex -8.80931 -18.0088 21
      vertex -5.90423 -9.63483 21
      vertex -6.64197 -9.14189 21
    endloop
  endfacet
  facet normal 0 0 1
    outer loop
      vertex -8.80931 -18.0088 21
      vertex -6.64197 -9.14189 21
      vertex -7.33876 -8.59259 21
    endloop
  endfacet
  facet normal 0 0 1
    outer loop
      vertex -8.80931 -18.0088 21
      vertex -7.33876 -8.59259 21
      vertex -7.99031 -7.99031 21
    endloop
  endfacet
  facet normal 0 0 1
    outer loop
      vertex 0 -27.5 21
      vertex -8.81454 -18.4084 21
      vertex -2.15762 -27.4152 21
    endloop
  endfacet
  facet normal 0 0 1
    outer loop
      vertex -10.94 -16.5445 21
      vertex -7.99031 -7.99031 21
      vertex -8.59259 -7.33876 21
    endloop
  endfacet
  facet normal -0 0 1
    outer loop
      vertex -8.83715 -18.54 21
      vertex -2.15762 -27.4152 21
      vertex -8.81454 -18.4084 21
    endloop
  endfacet
  facet normal -0 0 1
    outer loop
      vertex -8.87001 -18.6694 21
      vertex -2.15762 -27.4152 21
      vertex -8.83715 -18.54 21
    endloop
  endfacet
  facet normal 0 0 1
    outer loop
      vertex -2.15762 -27.4152 21
      vertex -8.87001 -18.6694 21
      vertex -4.30195 -27.1614 21
    endloop
  endfacet
  facet normal -0 0 1
    outer loop
      vertex -8.91291 -18.7958 21
      vertex -4.30195 -27.1614 21
      vertex -8.87001 -18.6694 21
    endloop
  endfacet
  facet normal -0 0 1
    outer loop
      vertex -8.9656 -18.9184 21
      vertex -4.30195 -27.1614 21
      vertex -8.91291 -18.7958 21
    endloop
  endfacet
  facet normal -0 0 1
    outer loop
      vertex -9.02776 -19.0365 21
      vertex -4.30195 -27.1614 21
      vertex -8.9656 -18.9184 21
    endloop
  endfacet
  facet normal 0 0 1
    outer loop
      vertex -4.30195 -27.1614 21
      vertex -9.02776 -19.0365 21
      vertex -6.41975 -26.7402 21
    endloop
  endfacet
  facet normal -0 0 1
    outer loop
      vertex -9.09898 -19.1494 21
      vertex -6.41975 -26.7402 21
      vertex -9.02776 -19.0365 21
    endloop
  endfacet
  facet normal -0 0 1
    outer loop
      vertex -9.17885 -19.2564 21
      vertex -6.41975 -26.7402 21
      vertex -9.09898 -19.1494 21
    endloop
  endfacet
  facet normal -0 0 1
    outer loop
      vertex -9.26686 -19.3567 21
      vertex -6.41975 -26.7402 21
      vertex -9.17885 -19.2564 21
    endloop
  endfacet
  facet normal 0 0 1
    outer loop
      vertex -6.41975 -26.7402 21
      vertex -9.26686 -19.3567 21
      vertex -8.49797 -26.1541 21
    endloop
  endfacet
  facet normal -0 0 1
    outer loop
      vertex -9.36248 -19.4499 21
      vertex -8.49797 -26.1541 21
      vertex -9.26686 -19.3567 21
    endloop
  endfacet
  facet normal -0 0 1
    outer loop
      vertex -9.46511 -19.5352 21
      vertex -8.49797 -26.1541 21
      vertex -9.36248 -19.4499 21
    endloop
  endfacet
  facet normal -0 0 1
    outer loop
      vertex -9.57411 -19.6123 21
      vertex -8.49797 -26.1541 21
      vertex -9.46511 -19.5352 21
    endloop
  endfacet
  facet normal -0 0 1
    outer loop
      vertex -9.68883 -19.6805 21
      vertex -8.49797 -26.1541 21
      vertex -9.57411 -19.6123 21
    endloop
  endfacet
  facet normal -0 0 1
    outer loop
      vertex -9.80855 -19.7396 21
      vertex -8.49797 -26.1541 21
      vertex -9.68883 -19.6805 21
    endloop
  endfacet
  facet normal 0 0 1
    outer loop
      vertex -10.5238 -25.4067 21
      vertex -9.80855 -19.7396 21
      vertex -9.93253 -19.789 21
    endloop
  endfacet
  facet normal 0 0 1
    outer loop
      vertex -10.5238 -25.4067 21
      vertex -9.93253 -19.789 21
      vertex -10.06 -19.8286 21
    endloop
  endfacet
  facet normal 0 0 1
    outer loop
      vertex -10.5238 -25.4067 21
      vertex -10.06 -19.8286 21
      vertex -10.1902 -19.8581 21
    endloop
  endfacet
  facet normal 0 0 1
    outer loop
      vertex -10.5238 -25.4067 21
      vertex -10.1902 -19.8581 21
      vertex -10.3223 -19.8772 21
    endloop
  endfacet
  facet normal 0 0 1
    outer loop
      vertex -10.5238 -25.4067 21
      vertex -10.3223 -19.8772 21
      vertex -10.4555 -19.886 21
    endloop
  endfacet
  facet normal 0 0 1
    outer loop
      vertex -9.80855 -19.7396 21
      vertex -10.5238 -25.4067 21
      vertex -8.49797 -26.1541 21
    endloop
  endfacet
  facet normal 0 0 1
    outer loop
      vertex -12.4847 -24.5027 21
      vertex -10.4555 -19.886 21
      vertex -10.589 -19.8842 21
    endloop
  endfacet
  facet normal 0 0 1
    outer loop
      vertex -12.4847 -24.5027 21
      vertex -10.589 -19.8842 21
      vertex -10.7219 -19.872 21
    endloop
  endfacet
  facet normal 0 0 1
    outer loop
      vertex -12.4847 -24.5027 21
      vertex -10.7219 -19.872 21
      vertex -10.8534 -19.8494 21
    endloop
  endfacet
  facet normal 0 0 1
    outer loop
      vertex -12.4847 -24.5027 21
      vertex -10.8534 -19.8494 21
      vertex -10.9828 -19.8165 21
    endloop
  endfacet
  facet normal 0 0 1
    outer loop
      vertex -12.4847 -24.5027 21
      vertex -10.9828 -19.8165 21
      vertex -11.1092 -19.7736 21
    endloop
  endfacet
  facet normal 0 0 1
    outer loop
      vertex -12.4847 -24.5027 21
      vertex -11.1092 -19.7736 21
      vertex -11.2319 -19.7209 21
    endloop
  endfacet
  facet normal 0 0 1
    outer loop
      vertex -14.3687 -23.4476 21
      vertex -11.2319 -19.7209 21
      vertex -11.35 -19.6588 21
    endloop
  endfacet
  facet normal 0 0 1
    outer loop
      vertex -14.3687 -23.4476 21
      vertex -11.35 -19.6588 21
      vertex -11.4629 -19.5875 21
    endloop
  endfacet
  facet normal 0 0 1
    outer loop
      vertex -14.3687 -23.4476 21
      vertex -11.4629 -19.5875 21
      vertex -11.5698 -19.5077 21
    endloop
  endfacet
  facet normal 0 0 1
    outer loop
      vertex -14.3687 -23.4476 21
      vertex -11.5698 -19.5077 21
      vertex -11.6702 -19.4197 21
    endloop
  endfacet
  facet normal 0 0 1
    outer loop
      vertex -14.3687 -23.4476 21
      vertex -11.6702 -19.4197 21
      vertex -11.7633 -19.3241 21
    endloop
  endfacet
  facet normal 0 0 1
    outer loop
      vertex -14.3687 -23.4476 21
      vertex -11.7633 -19.3241 21
      vertex -11.8487 -19.2214 21
    endloop
  endfacet
  facet normal 0 0 1
    outer loop
      vertex -16.1641 -22.248 21
      vertex -11.8487 -19.2214 21
      vertex -11.9257 -19.1124 21
    endloop
  endfacet
  facet normal 0 0 1
    outer loop
      vertex -16.1641 -22.248 21
      vertex -11.9257 -19.1124 21
      vertex -11.994 -18.9977 21
    endloop
  endfacet
  facet normal 0 0 1
    outer loop
      vertex -16.1641 -22.248 21
      vertex -11.994 -18.9977 21
      vertex -12.053 -18.878 21
    endloop
  endfacet
  facet normal 0 0 1
    outer loop
      vertex -16.1641 -22.248 21
      vertex -12.053 -18.878 21
      vertex -12.1025 -18.754 21
    endloop
  endfacet
  facet normal 0 0 1
    outer loop
      vertex -16.1641 -22.248 21
      vertex -12.1025 -18.754 21
      vertex -12.1421 -18.6265 21
    endloop
  endfacet
  facet normal 0 0 1
    outer loop
      vertex -10.4555 -19.886 21
      vertex -12.4847 -24.5027 21
      vertex -10.5238 -25.4067 21
    endloop
  endfacet
  facet normal 0 0 1
    outer loop
      vertex -16.1641 -22.248 21
      vertex -12.1421 -18.6265 21
      vertex -12.1715 -18.4963 21
    endloop
  endfacet
  facet normal 0 0 1
    outer loop
      vertex -17.8598 -20.9112 21
      vertex -12.1715 -18.4963 21
      vertex -12.1907 -18.3642 21
    endloop
  endfacet
  facet normal 0 0 1
    outer loop
      vertex -17.8598 -20.9112 21
      vertex -12.1907 -18.3642 21
      vertex -12.1994 -18.231 21
    endloop
  endfacet
  facet normal 0 0 1
    outer loop
      vertex -12.1715 18.4963 21
      vertex -17.8598 20.9112 21
      vertex -12.1907 18.3642 21
    endloop
  endfacet
  facet normal 0 0 1
    outer loop
      vertex -12.1907 18.3642 21
      vertex -17.8598 20.9112 21
      vertex -12.1994 18.231 21
    endloop
  endfacet
  facet normal 0 0 1
    outer loop
      vertex -11.2319 -19.7209 21
      vertex -14.3687 -23.4476 21
      vertex -12.4847 -24.5027 21
    endloop
  endfacet
  facet normal 0 0 1
    outer loop
      vertex -12.1855 17.9646 21
      vertex -17.8598 20.9112 21
      vertex -19.4454 19.4454 21
    endloop
  endfacet
  facet normal 0 0 1
    outer loop
      vertex -11.8487 -19.2214 21
      vertex -16.1641 -22.248 21
      vertex -14.3687 -23.4476 21
    endloop
  endfacet
  facet normal 0 0 1
    outer loop
      vertex -12.0344 17.4547 21
      vertex -19.4454 19.4454 21
      vertex -20.9112 17.8598 21
    endloop
  endfacet
  facet normal 0 0 1
    outer loop
      vertex -12.1715 -18.4963 21
      vertex -17.8598 -20.9112 21
      vertex -16.1641 -22.248 21
    endloop
  endfacet
  facet normal 0 0 1
    outer loop
      vertex -11.8211 17.1167 21
      vertex -20.9112 17.8598 21
      vertex -22.248 16.1641 21
    endloop
  endfacet
  facet normal 0 0 1
    outer loop
      vertex -12.1977 -18.0976 21
      vertex -17.8598 -20.9112 21
      vertex -12.1994 -18.231 21
    endloop
  endfacet
  facet normal 0 0 1
    outer loop
      vertex -11.6375 16.9232 21
      vertex -22.248 16.1641 21
      vertex -23.4476 14.3687 21
    endloop
  endfacet
  facet normal 0 0 1
    outer loop
      vertex -12.1855 -17.9646 21
      vertex -17.8598 -20.9112 21
      vertex -12.1977 -18.0976 21
    endloop
  endfacet
  facet normal 0 0 1
    outer loop
      vertex -11.4259 16.7608 21
      vertex -23.4476 14.3687 21
      vertex -24.5027 12.4847 21
    endloop
  endfacet
  facet normal 0 -0 1
    outer loop
      vertex -17.8598 -20.9112 21
      vertex -12.1855 -17.9646 21
      vertex -19.4454 -19.4454 21
    endloop
  endfacet
  facet normal 0 0 1
    outer loop
      vertex -10.9878 2.63793 21
      vertex -26.7402 6.41975 21
      vertex -11.1609 1.76771 21
    endloop
  endfacet
  facet normal 0 0 1
    outer loop
      vertex -12.1629 -17.8331 21
      vertex -19.4454 -19.4454 21
      vertex -12.1855 -17.9646 21
    endloop
  endfacet
  facet normal -0 0 1
    outer loop
      vertex -27.1614 4.30195 21
      vertex -11.1609 1.76771 21
      vertex -26.7402 6.41975 21
    endloop
  endfacet
  facet normal 0 0 1
    outer loop
      vertex -12.13 -17.7037 21
      vertex -19.4454 -19.4454 21
      vertex -12.1629 -17.8331 21
    endloop
  endfacet
  facet normal 0 0 1
    outer loop
      vertex -11.1609 1.76771 21
      vertex -27.1614 4.30195 21
      vertex -11.2652 0.886587 21
    endloop
  endfacet
  facet normal 0 0 1
    outer loop
      vertex -12.0871 -17.5773 21
      vertex -19.4454 -19.4454 21
      vertex -12.13 -17.7037 21
    endloop
  endfacet
  facet normal -0 0 1
    outer loop
      vertex -27.4152 2.15762 21
      vertex -11.2652 0.886587 21
      vertex -27.1614 4.30195 21
    endloop
  endfacet
  facet normal 0 0 1
    outer loop
      vertex -12.0344 -17.4547 21
      vertex -19.4454 -19.4454 21
      vertex -12.0871 -17.5773 21
    endloop
  endfacet
  facet normal 0 0 1
    outer loop
      vertex -11.2652 0.886587 21
      vertex -27.4152 2.15762 21
      vertex -11.3 0 21
    endloop
  endfacet
  facet normal 0 -0 1
    outer loop
      vertex -19.4454 -19.4454 21
      vertex -12.0344 -17.4547 21
      vertex -20.9112 -17.8598 21
    endloop
  endfacet
  facet normal 0 0 1
    outer loop
      vertex -11.3 0 21
      vertex -27.4152 2.15762 21
      vertex -27.5 0 21
    endloop
  endfacet
  facet normal 0 0 1
    outer loop
      vertex -11.9722 -17.3365 21
      vertex -20.9112 -17.8598 21
      vertex -12.0344 -17.4547 21
    endloop
  endfacet
  facet normal 0 -0 1
    outer loop
      vertex -20.9112 -17.8598 21
      vertex -11.8211 -17.1167 21
      vertex -22.248 -16.1641 21
    endloop
  endfacet
  facet normal 0 0 1
    outer loop
      vertex -11.901 -17.2236 21
      vertex -20.9112 -17.8598 21
      vertex -11.9722 -17.3365 21
    endloop
  endfacet
  facet normal 0 0 1
    outer loop
      vertex -11.8211 -17.1167 21
      vertex -20.9112 -17.8598 21
      vertex -11.901 -17.2236 21
    endloop
  endfacet
  facet normal 0 0 1
    outer loop
      vertex -3.49189 10.7469 21
      vertex -9.07426 17.2606 21
      vertex -4.32432 10.4398 21
    endloop
  endfacet
  facet normal -0 0 1
    outer loop
      vertex -9.1513 17.1516 21
      vertex -4.32432 10.4398 21
      vertex -9.07426 17.2606 21
    endloop
  endfacet
  facet normal -0 0 1
    outer loop
      vertex -9.23665 17.049 21
      vertex -4.32432 10.4398 21
      vertex -9.1513 17.1516 21
    endloop
  endfacet
  facet normal -0 0 1
    outer loop
      vertex -9.3298 16.9534 21
      vertex -4.32432 10.4398 21
      vertex -9.23665 17.049 21
    endloop
  endfacet
  facet normal 0 0 1
    outer loop
      vertex -4.32432 10.4398 21
      vertex -9.3298 16.9534 21
      vertex -5.13009 10.0684 21
    endloop
  endfacet
  facet normal -0 0 1
    outer loop
      vertex -9.43015 16.8654 21
      vertex -5.13009 10.0684 21
      vertex -9.3298 16.9534 21
    endloop
  endfacet
  facet normal -0 0 1
    outer loop
      vertex -9.53711 16.7855 21
      vertex -5.13009 10.0684 21
      vertex -9.43015 16.8654 21
    endloop
  endfacet
  facet normal 0 0 1
    outer loop
      vertex -5.13009 10.0684 21
      vertex -9.53711 16.7855 21
      vertex -5.90423 9.63483 21
    endloop
  endfacet
  facet normal -0 0 1
    outer loop
      vertex -9.65 16.7143 21
      vertex -5.90423 9.63483 21
      vertex -9.53711 16.7855 21
    endloop
  endfacet
  facet normal -0 0 1
    outer loop
      vertex -9.76813 16.6521 21
      vertex -5.90423 9.63483 21
      vertex -9.65 16.7143 21
    endloop
  endfacet
  facet normal -0 0 1
    outer loop
      vertex -9.89077 16.5994 21
      vertex -5.90423 9.63483 21
      vertex -9.76813 16.6521 21
    endloop
  endfacet
  facet normal 0 0 1
    outer loop
      vertex -5.90423 9.63483 21
      vertex -9.89077 16.5994 21
      vertex -6.64197 9.14189 21
    endloop
  endfacet
  facet normal -0 0 1
    outer loop
      vertex -10.0172 16.5565 21
      vertex -6.64197 9.14189 21
      vertex -9.89077 16.5994 21
    endloop
  endfacet
  facet normal -0 0 1
    outer loop
      vertex -10.1465 16.5237 21
      vertex -6.64197 9.14189 21
      vertex -10.0172 16.5565 21
    endloop
  endfacet
  facet normal -0 0 1
    outer loop
      vertex -10.2781 16.5011 21
      vertex -6.64197 9.14189 21
      vertex -10.1465 16.5237 21
    endloop
  endfacet
  facet normal 0 0 1
    outer loop
      vertex -6.64197 9.14189 21
      vertex -10.2781 16.5011 21
      vertex -7.33876 8.59259 21
    endloop
  endfacet
  facet normal -0 0 1
    outer loop
      vertex -10.411 16.4889 21
      vertex -7.33876 8.59259 21
      vertex -10.2781 16.5011 21
    endloop
  endfacet
  facet normal -0 0 1
    outer loop
      vertex -10.5445 16.4871 21
      vertex -7.33876 8.59259 21
      vertex -10.411 16.4889 21
    endloop
  endfacet
  facet normal 0 0 1
    outer loop
      vertex -7.33876 8.59259 21
      vertex -10.5445 16.4871 21
      vertex -7.99031 7.99031 21
    endloop
  endfacet
  facet normal 0 0 1
    outer loop
      vertex -10.6777 16.4958 21
      vertex -7.99031 7.99031 21
      vertex -10.5445 16.4871 21
    endloop
  endfacet
  facet normal 0 0 1
    outer loop
      vertex -10.8098 16.515 21
      vertex -7.99031 7.99031 21
      vertex -10.6777 16.4958 21
    endloop
  endfacet
  facet normal 0 0 1
    outer loop
      vertex -10.94 16.5445 21
      vertex -7.99031 7.99031 21
      vertex -10.8098 16.515 21
    endloop
  endfacet
  facet normal 0 0 1
    outer loop
      vertex -7.99031 7.99031 21
      vertex -10.94 16.5445 21
      vertex -8.59259 7.33876 21
    endloop
  endfacet
  facet normal 0 0 1
    outer loop
      vertex -11.0675 16.584 21
      vertex -8.59259 7.33876 21
      vertex -10.94 16.5445 21
    endloop
  endfacet
  facet normal 0 0 1
    outer loop
      vertex -11.1915 16.6335 21
      vertex -8.59259 7.33876 21
      vertex -11.0675 16.584 21
    endloop
  endfacet
  facet normal 0 0 1
    outer loop
      vertex -8.59259 7.33876 21
      vertex -11.1915 16.6335 21
      vertex -9.14189 6.64197 21
    endloop
  endfacet
  facet normal 0 0 1
    outer loop
      vertex -11.3112 16.6925 21
      vertex -9.14189 6.64197 21
      vertex -11.1915 16.6335 21
    endloop
  endfacet
  facet normal 0 0 1
    outer loop
      vertex -9.14189 6.64197 21
      vertex -11.3112 16.6925 21
      vertex -9.63483 5.90423 21
    endloop
  endfacet
  facet normal -0 0 1
    outer loop
      vertex -24.5027 12.4847 21
      vertex -9.63483 5.90423 21
      vertex -11.3112 16.6925 21
    endloop
  endfacet
  facet normal 0 0 1
    outer loop
      vertex -9.63483 5.90423 21
      vertex -24.5027 12.4847 21
      vertex -10.0684 5.13009 21
    endloop
  endfacet
  facet normal 0 0 1
    outer loop
      vertex -10.0684 5.13009 21
      vertex -24.5027 12.4847 21
      vertex -10.4398 4.32432 21
    endloop
  endfacet
  facet normal -0 0 1
    outer loop
      vertex -25.4067 10.5238 21
      vertex -10.4398 4.32432 21
      vertex -24.5027 12.4847 21
    endloop
  endfacet
  facet normal 0 0 1
    outer loop
      vertex -10.4398 4.32432 21
      vertex -25.4067 10.5238 21
      vertex -10.7469 3.49189 21
    endloop
  endfacet
  facet normal -0 0 1
    outer loop
      vertex -26.1541 8.49797 21
      vertex -10.7469 3.49189 21
      vertex -25.4067 10.5238 21
    endloop
  endfacet
  facet normal 0 0 1
    outer loop
      vertex -10.7469 3.49189 21
      vertex -26.1541 8.49797 21
      vertex -10.9878 2.63793 21
    endloop
  endfacet
  facet normal -0 0 1
    outer loop
      vertex 22.653 0.396856 21
      vertex 27.5 0 21
      vertex 27.4152 2.15762 21
    endloop
  endfacet
  facet normal 0 0 1
    outer loop
      vertex 22.2927 1.10406 21
      vertex 27.4152 2.15762 21
      vertex 27.1614 4.30195 21
    endloop
  endfacet
  facet normal 0 0 1
    outer loop
      vertex 27.5 0 21
      vertex 22.6791 0.265938 21
      vertex 22.6948 0.13338 21
    endloop
  endfacet
  facet normal 0 0 1
    outer loop
      vertex 21.7718 1.51471 21
      vertex 27.1614 4.30195 21
      vertex 26.7402 6.41975 21
    endloop
  endfacet
  facet normal 0 0 1
    outer loop
      vertex 27.5 0 21
      vertex 22.6948 0.13338 21
      vertex 22.7 0 21
    endloop
  endfacet
  facet normal 0 0 1
    outer loop
      vertex 21.2659 1.67907 21
      vertex 26.7402 6.41975 21
      vertex 26.1541 8.49797 21
    endloop
  endfacet
  facet normal 0 0 1
    outer loop
      vertex 22.6791 -0.265938 21
      vertex 27.5 0 21
      vertex 22.6948 -0.13338 21
    endloop
  endfacet
  facet normal 0 0 1
    outer loop
      vertex 20.8666 1.69476 21
      vertex 26.1541 8.49797 21
      vertex 25.4067 10.5238 21
    endloop
  endfacet
  facet normal 0 0 1
    outer loop
      vertex 22.653 -0.396856 21
      vertex 27.5 0 21
      vertex 22.6791 -0.265938 21
    endloop
  endfacet
  facet normal 0 0 1
    outer loop
      vertex 20.4747 1.6168 21
      vertex 25.4067 10.5238 21
      vertex 24.5027 12.4847 21
    endloop
  endfacet
  facet normal 0 0 1
    outer loop
      vertex 27.5 0 21
      vertex 22.653 -0.396856 21
      vertex 27.4152 -2.15762 21
    endloop
  endfacet
  facet normal 0 0 1
    outer loop
      vertex 10.0684 5.13009 21
      vertex 24.5027 12.4847 21
      vertex 23.4476 14.3687 21
    endloop
  endfacet
  facet normal -0 0 1
    outer loop
      vertex 22.6168 -0.525329 21
      vertex 27.4152 -2.15762 21
      vertex 22.653 -0.396856 21
    endloop
  endfacet
  facet normal -0 0 1
    outer loop
      vertex 22.5147 -0.771784 21
      vertex 27.4152 -2.15762 21
      vertex 22.5706 -0.650561 21
    endloop
  endfacet
  facet normal -0 0 1
    outer loop
      vertex 22.5706 -0.650561 21
      vertex 27.4152 -2.15762 21
      vertex 22.6168 -0.525329 21
    endloop
  endfacet
  facet normal 0 0 1
    outer loop
      vertex 22.6948 -0.13338 21
      vertex 27.5 0 21
      vertex 22.7 0 21
    endloop
  endfacet
  facet normal 0 0 1
    outer loop
      vertex 27.5 0 21
      vertex 22.653 0.396856 21
      vertex 22.6791 0.265938 21
    endloop
  endfacet
  facet normal 0 0 1
    outer loop
      vertex 27.4152 2.15762 21
      vertex 22.6168 0.525329 21
      vertex 22.653 0.396856 21
    endloop
  endfacet
  facet normal 0 0 1
    outer loop
      vertex 27.4152 2.15762 21
      vertex 22.5706 0.650561 21
      vertex 22.6168 0.525329 21
    endloop
  endfacet
  facet normal 0 0 1
    outer loop
      vertex 27.4152 2.15762 21
      vertex 22.5147 0.771784 21
      vertex 22.5706 0.650561 21
    endloop
  endfacet
  facet normal 0 0 1
    outer loop
      vertex 27.4152 2.15762 21
      vertex 22.4495 0.888247 21
      vertex 22.5147 0.771784 21
    endloop
  endfacet
  facet normal 0 0 1
    outer loop
      vertex 27.4152 2.15762 21
      vertex 22.3753 0.999234 21
      vertex 22.4495 0.888247 21
    endloop
  endfacet
  facet normal 0 0 1
    outer loop
      vertex 27.4152 2.15762 21
      vertex 22.2927 1.10406 21
      vertex 22.3753 0.999234 21
    endloop
  endfacet
  facet normal 0 0 1
    outer loop
      vertex 9.63483 5.90423 21
      vertex 23.4476 14.3687 21
      vertex 22.248 16.1641 21
    endloop
  endfacet
  facet normal 0 0 1
    outer loop
      vertex 27.1614 4.30195 21
      vertex 22.2021 1.20208 21
      vertex 22.2927 1.10406 21
    endloop
  endfacet
  facet normal 0 0 1
    outer loop
      vertex 27.1614 4.30195 21
      vertex 22.1041 1.29269 21
      vertex 22.2021 1.20208 21
    endloop
  endfacet
  facet normal 0 0 1
    outer loop
      vertex 27.1614 4.30195 21
      vertex 21.9992 1.37533 21
      vertex 22.1041 1.29269 21
    endloop
  endfacet
  facet normal 0 0 1
    outer loop
      vertex 27.1614 4.30195 21
      vertex 21.8882 1.44949 21
      vertex 21.9992 1.37533 21
    endloop
  endfacet
  facet normal 0 0 1
    outer loop
      vertex 27.1614 4.30195 21
      vertex 21.7718 1.51471 21
      vertex 21.8882 1.44949 21
    endloop
  endfacet
  facet normal 0 0 1
    outer loop
      vertex 26.7402 6.41975 21
      vertex 21.6506 1.57059 21
      vertex 21.7718 1.51471 21
    endloop
  endfacet
  facet normal 0 0 1
    outer loop
      vertex 26.7402 6.41975 21
      vertex 21.5253 1.6168 21
      vertex 21.6506 1.57059 21
    endloop
  endfacet
  facet normal 0 0 1
    outer loop
      vertex 26.7402 6.41975 21
      vertex 21.3969 1.65303 21
      vertex 21.5253 1.6168 21
    endloop
  endfacet
  facet normal 0 0 1
    outer loop
      vertex 26.7402 6.41975 21
      vertex 21.2659 1.67907 21
      vertex 21.3969 1.65303 21
    endloop
  endfacet
  facet normal 0 0 1
    outer loop
      vertex 26.1541 8.49797 21
      vertex 21.1334 1.69476 21
      vertex 21.2659 1.67907 21
    endloop
  endfacet
  facet normal 0 0 1
    outer loop
      vertex 26.1541 8.49797 21
      vertex 21 1.7 21
      vertex 21.1334 1.69476 21
    endloop
  endfacet
  facet normal 0 0 1
    outer loop
      vertex 9.14189 6.64197 21
      vertex 22.248 16.1641 21
      vertex 20.9112 17.8598 21
    endloop
  endfacet
  facet normal 0 0 1
    outer loop
      vertex 26.1541 8.49797 21
      vertex 20.8666 1.69476 21
      vertex 21 1.7 21
    endloop
  endfacet
  facet normal 0 0 1
    outer loop
      vertex 25.4067 10.5238 21
      vertex 20.7341 1.67907 21
      vertex 20.8666 1.69476 21
    endloop
  endfacet
  facet normal 0 0 1
    outer loop
      vertex 25.4067 10.5238 21
      vertex 20.6031 1.65303 21
      vertex 20.7341 1.67907 21
    endloop
  endfacet
  facet normal 0 0 1
    outer loop
      vertex 25.4067 10.5238 21
      vertex 20.4747 1.6168 21
      vertex 20.6031 1.65303 21
    endloop
  endfacet
  facet normal 0 0 1
    outer loop
      vertex 24.5027 12.4847 21
      vertex 20.3494 1.57059 21
      vertex 20.4747 1.6168 21
    endloop
  endfacet
  facet normal 0 0 1
    outer loop
      vertex 24.5027 12.4847 21
      vertex 10.0684 5.13009 21
      vertex 20.3494 1.57059 21
    endloop
  endfacet
  facet normal 0 0 1
    outer loop
      vertex 20.3494 1.57059 21
      vertex 10.0684 5.13009 21
      vertex 20.2282 1.51471 21
    endloop
  endfacet
  facet normal 0 0 1
    outer loop
      vertex 20.2282 1.51471 21
      vertex 10.0684 5.13009 21
      vertex 20.1118 1.44949 21
    endloop
  endfacet
  facet normal -0 -0 1
    outer loop
      vertex 10.4398 4.32432 21
      vertex 20.1118 1.44949 21
      vertex 10.0684 5.13009 21
    endloop
  endfacet
  facet normal 0 0 1
    outer loop
      vertex 20.1118 1.44949 21
      vertex 10.4398 4.32432 21
      vertex 20.0008 1.37533 21
    endloop
  endfacet
  facet normal 0 0 1
    outer loop
      vertex 20.0008 1.37533 21
      vertex 10.4398 4.32432 21
      vertex 19.8959 1.29269 21
    endloop
  endfacet
  facet normal -0 -0 1
    outer loop
      vertex 10.7469 3.49189 21
      vertex 19.8959 1.29269 21
      vertex 10.4398 4.32432 21
    endloop
  endfacet
  facet normal 0 0 1
    outer loop
      vertex 19.8959 1.29269 21
      vertex 10.7469 3.49189 21
      vertex 19.7979 1.20208 21
    endloop
  endfacet
  facet normal 0 0 1
    outer loop
      vertex 19.7979 1.20208 21
      vertex 10.7469 3.49189 21
      vertex 19.7073 1.10406 21
    endloop
  endfacet
  facet normal 0 0 1
    outer loop
      vertex 8.59259 7.33876 21
      vertex 20.9112 17.8598 21
      vertex 19.4454 19.4454 21
    endloop
  endfacet
  facet normal -0 -0 1
    outer loop
      vertex 10.9878 2.63793 21
      vertex 19.7073 1.10406 21
      vertex 10.7469 3.49189 21
    endloop
  endfacet
  facet normal 0 0 1
    outer loop
      vertex 19.7073 1.10406 21
      vertex 10.9878 2.63793 21
      vertex 19.6247 0.999234 21
    endloop
  endfacet
  facet normal 0 0 1
    outer loop
      vertex 19.6247 0.999234 21
      vertex 10.9878 2.63793 21
      vertex 19.5505 0.888247 21
    endloop
  endfacet
  facet normal 0 0 1
    outer loop
      vertex 19.5505 0.888247 21
      vertex 10.9878 2.63793 21
      vertex 19.4853 0.771784 21
    endloop
  endfacet
  facet normal -0 -0 1
    outer loop
      vertex 11.1609 1.76771 21
      vertex 19.4853 0.771784 21
      vertex 10.9878 2.63793 21
    endloop
  endfacet
  facet normal 0 0 1
    outer loop
      vertex 19.4853 0.771784 21
      vertex 11.1609 1.76771 21
      vertex 19.4294 0.650561 21
    endloop
  endfacet
  facet normal 0 0 1
    outer loop
      vertex 7.99031 7.99031 21
      vertex 19.4454 19.4454 21
      vertex 17.8598 20.9112 21
    endloop
  endfacet
  facet normal -0 0 1
    outer loop
      vertex 22.4495 -0.888247 21
      vertex 27.4152 -2.15762 21
      vertex 22.5147 -0.771784 21
    endloop
  endfacet
  facet normal -0 0 1
    outer loop
      vertex 22.3753 -0.999234 21
      vertex 27.4152 -2.15762 21
      vertex 22.4495 -0.888247 21
    endloop
  endfacet
  facet normal -0 0 1
    outer loop
      vertex 22.2927 -1.10406 21
      vertex 27.4152 -2.15762 21
      vertex 22.3753 -0.999234 21
    endloop
  endfacet
  facet normal 0 0 1
    outer loop
      vertex 27.4152 -2.15762 21
      vertex 22.2927 -1.10406 21
      vertex 27.1614 -4.30195 21
    endloop
  endfacet
  facet normal -0 0 1
    outer loop
      vertex 22.2021 -1.20208 21
      vertex 27.1614 -4.30195 21
      vertex 22.2927 -1.10406 21
    endloop
  endfacet
  facet normal -0 0 1
    outer loop
      vertex 22.1041 -1.29269 21
      vertex 27.1614 -4.30195 21
      vertex 22.2021 -1.20208 21
    endloop
  endfacet
  facet normal -0 0 1
    outer loop
      vertex 21.9992 -1.37533 21
      vertex 27.1614 -4.30195 21
      vertex 22.1041 -1.29269 21
    endloop
  endfacet
  facet normal -0 0 1
    outer loop
      vertex 21.8882 -1.44949 21
      vertex 27.1614 -4.30195 21
      vertex 21.9992 -1.37533 21
    endloop
  endfacet
  facet normal -0 0 1
    outer loop
      vertex 21.7718 -1.51471 21
      vertex 27.1614 -4.30195 21
      vertex 21.8882 -1.44949 21
    endloop
  endfacet
  facet normal 0 0 1
    outer loop
      vertex 27.1614 -4.30195 21
      vertex 21.7718 -1.51471 21
      vertex 26.7402 -6.41975 21
    endloop
  endfacet
  facet normal -0 0 1
    outer loop
      vertex 21.6506 -1.57059 21
      vertex 26.7402 -6.41975 21
      vertex 21.7718 -1.51471 21
    endloop
  endfacet
  facet normal -0 0 1
    outer loop
      vertex 21.5253 -1.6168 21
      vertex 26.7402 -6.41975 21
      vertex 21.6506 -1.57059 21
    endloop
  endfacet
  facet normal -0 0 1
    outer loop
      vertex 21.3969 -1.65303 21
      vertex 26.7402 -6.41975 21
      vertex 21.5253 -1.6168 21
    endloop
  endfacet
  facet normal -0 0 1
    outer loop
      vertex 21.2659 -1.67907 21
      vertex 26.7402 -6.41975 21
      vertex 21.3969 -1.65303 21
    endloop
  endfacet
  facet normal 0 0 1
    outer loop
      vertex 26.7402 -6.41975 21
      vertex 21.2659 -1.67907 21
      vertex 26.1541 -8.49797 21
    endloop
  endfacet
  facet normal -0 0 1
    outer loop
      vertex 21.1334 -1.69476 21
      vertex 26.1541 -8.49797 21
      vertex 21.2659 -1.67907 21
    endloop
  endfacet
  facet normal -0 0 1
    outer loop
      vertex 21 -1.7 21
      vertex 26.1541 -8.49797 21
      vertex 21.1334 -1.69476 21
    endloop
  endfacet
  facet normal 0 0 1
    outer loop
      vertex 20.8666 -1.69476 21
      vertex 26.1541 -8.49797 21
      vertex 21 -1.7 21
    endloop
  endfacet
  facet normal 0 0 1
    outer loop
      vertex 26.1541 -8.49797 21
      vertex 20.8666 -1.69476 21
      vertex 25.4067 -10.5238 21
    endloop
  endfacet
  facet normal 0 0 1
    outer loop
      vertex 20.7341 -1.67907 21
      vertex 25.4067 -10.5238 21
      vertex 20.8666 -1.69476 21
    endloop
  endfacet
  facet normal 0 0 1
    outer loop
      vertex 20.6031 -1.65303 21
      vertex 25.4067 -10.5238 21
      vertex 20.7341 -1.67907 21
    endloop
  endfacet
  facet normal 0 0 1
    outer loop
      vertex 20.4747 -1.6168 21
      vertex 25.4067 -10.5238 21
      vertex 20.6031 -1.65303 21
    endloop
  endfacet
  facet normal 0 0 1
    outer loop
      vertex 25.4067 -10.5238 21
      vertex 20.4747 -1.6168 21
      vertex 24.5027 -12.4847 21
    endloop
  endfacet
  facet normal 0 0 1
    outer loop
      vertex 20.3494 -1.57059 21
      vertex 24.5027 -12.4847 21
      vertex 20.4747 -1.6168 21
    endloop
  endfacet
  facet normal 0 0 1
    outer loop
      vertex 10.0684 -5.13009 21
      vertex 20.2282 -1.51471 21
      vertex 10.4398 -4.32432 21
    endloop
  endfacet
  facet normal 0 0 1
    outer loop
      vertex 20.1118 -1.44949 21
      vertex 10.4398 -4.32432 21
      vertex 20.2282 -1.51471 21
    endloop
  endfacet
  facet normal 0 0 1
    outer loop
      vertex 10.4398 -4.32432 21
      vertex 19.8959 -1.29269 21
      vertex 10.7469 -3.49189 21
    endloop
  endfacet
  facet normal 0 0 1
    outer loop
      vertex 19.7979 -1.20208 21
      vertex 10.7469 -3.49189 21
      vertex 19.8959 -1.29269 21
    endloop
  endfacet
  facet normal 0 0 1
    outer loop
      vertex 19.7073 -1.10406 21
      vertex 10.7469 -3.49189 21
      vertex 19.7979 -1.20208 21
    endloop
  endfacet
  facet normal 0 0 1
    outer loop
      vertex 10.7469 -3.49189 21
      vertex 19.7073 -1.10406 21
      vertex 10.9878 -2.63793 21
    endloop
  endfacet
  facet normal 0 0 1
    outer loop
      vertex 19.6247 -0.999234 21
      vertex 10.9878 -2.63793 21
      vertex 19.7073 -1.10406 21
    endloop
  endfacet
  facet normal 0 0 1
    outer loop
      vertex 19.5505 -0.888247 21
      vertex 10.9878 -2.63793 21
      vertex 19.6247 -0.999234 21
    endloop
  endfacet
  facet normal 0 0 1
    outer loop
      vertex 10.9878 -2.63793 21
      vertex 19.5505 -0.888247 21
      vertex 11.1609 -1.76771 21
    endloop
  endfacet
  facet normal 0 0 1
    outer loop
      vertex 19.4853 -0.771784 21
      vertex 11.1609 -1.76771 21
      vertex 19.5505 -0.888247 21
    endloop
  endfacet
  facet normal 0 0 1
    outer loop
      vertex 19.4294 -0.650561 21
      vertex 11.1609 -1.76771 21
      vertex 19.4853 -0.771784 21
    endloop
  endfacet
  facet normal 0 0 1
    outer loop
      vertex 19.3832 -0.525329 21
      vertex 11.1609 -1.76771 21
      vertex 19.4294 -0.650561 21
    endloop
  endfacet
  facet normal 0 0 1
    outer loop
      vertex 19.8959 -1.29269 21
      vertex 10.4398 -4.32432 21
      vertex 20.0008 -1.37533 21
    endloop
  endfacet
  facet normal 0 0 1
    outer loop
      vertex 11.1609 -1.76771 21
      vertex 19.3832 -0.525329 21
      vertex 11.2652 -0.886587 21
    endloop
  endfacet
  facet normal 0 0 1
    outer loop
      vertex 19.347 -0.396856 21
      vertex 11.2652 -0.886587 21
      vertex 19.3832 -0.525329 21
    endloop
  endfacet
  facet normal 0 0 1
    outer loop
      vertex 19.3209 -0.265938 21
      vertex 11.2652 -0.886587 21
      vertex 19.347 -0.396856 21
    endloop
  endfacet
  facet normal 0 0 1
    outer loop
      vertex 19.3052 -0.13338 21
      vertex 11.2652 -0.886587 21
      vertex 19.3209 -0.265938 21
    endloop
  endfacet
  facet normal 0 0 1
    outer loop
      vertex 11.2652 -0.886587 21
      vertex 19.3052 -0.13338 21
      vertex 11.3 0 21
    endloop
  endfacet
  facet normal -0 0 1
    outer loop
      vertex 11.3 0 21
      vertex 19.3052 -0.13338 21
      vertex 19.3 0 21
    endloop
  endfacet
  facet normal 0 0 1
    outer loop
      vertex 19.4294 0.650561 21
      vertex 11.1609 1.76771 21
      vertex 19.3832 0.525329 21
    endloop
  endfacet
  facet normal 0 0 1
    outer loop
      vertex 20.0008 -1.37533 21
      vertex 10.4398 -4.32432 21
      vertex 20.1118 -1.44949 21
    endloop
  endfacet
  facet normal 0 0 1
    outer loop
      vertex 7.33876 8.59259 21
      vertex 17.8598 20.9112 21
      vertex 16.1641 22.248 21
    endloop
  endfacet
  facet normal 0 0 1
    outer loop
      vertex 20.2282 -1.51471 21
      vertex 10.0684 -5.13009 21
      vertex 20.3494 -1.57059 21
    endloop
  endfacet
  facet normal 0 0 1
    outer loop
      vertex 6.64197 9.14189 21
      vertex 16.1641 22.248 21
      vertex 14.3687 23.4476 21
    endloop
  endfacet
  facet normal 0 0 1
    outer loop
      vertex 20.3494 -1.57059 21
      vertex 10.0684 -5.13009 21
      vertex 24.5027 -12.4847 21
    endloop
  endfacet
  facet normal 0 0 1
    outer loop
      vertex 5.90423 9.63483 21
      vertex 14.3687 23.4476 21
      vertex 12.4847 24.5027 21
    endloop
  endfacet
  facet normal 0 0 1
    outer loop
      vertex 24.5027 -12.4847 21
      vertex 10.0684 -5.13009 21
      vertex 23.4476 -14.3687 21
    endloop
  endfacet
  facet normal -0 0 1
    outer loop
      vertex 9.63483 -5.90423 21
      vertex 23.4476 -14.3687 21
      vertex 10.0684 -5.13009 21
    endloop
  endfacet
  facet normal 0 0 1
    outer loop
      vertex 19.3052 0.13338 21
      vertex 11.3 0 21
      vertex 19.3 0 21
    endloop
  endfacet
  facet normal 0 -0 1
    outer loop
      vertex 11.3 0 21
      vertex 19.3052 0.13338 21
      vertex 11.2652 0.886587 21
    endloop
  endfacet
  facet normal 0 0 1
    outer loop
      vertex 19.3209 0.265938 21
      vertex 11.2652 0.886587 21
      vertex 19.3052 0.13338 21
    endloop
  endfacet
  facet normal 0 0 1
    outer loop
      vertex 19.347 0.396856 21
      vertex 11.2652 0.886587 21
      vertex 19.3209 0.265938 21
    endloop
  endfacet
  facet normal 0 0 1
    outer loop
      vertex 5.13009 10.0684 21
      vertex 12.4847 24.5027 21
      vertex 10.5238 25.4067 21
    endloop
  endfacet
  facet normal 0 0 1
    outer loop
      vertex 19.3832 0.525329 21
      vertex 11.2652 0.886587 21
      vertex 19.347 0.396856 21
    endloop
  endfacet
  facet normal -0 -0 1
    outer loop
      vertex 11.2652 0.886587 21
      vertex 19.3832 0.525329 21
      vertex 11.1609 1.76771 21
    endloop
  endfacet
  facet normal 0 0 1
    outer loop
      vertex 23.4476 14.3687 21
      vertex 9.63483 5.90423 21
      vertex 10.0684 5.13009 21
    endloop
  endfacet
  facet normal 0 0 1
    outer loop
      vertex 22.248 16.1641 21
      vertex 9.14189 6.64197 21
      vertex 9.63483 5.90423 21
    endloop
  endfacet
  facet normal 0 0 1
    outer loop
      vertex 20.9112 17.8598 21
      vertex 8.59259 7.33876 21
      vertex 9.14189 6.64197 21
    endloop
  endfacet
  facet normal 0 0 1
    outer loop
      vertex 4.32432 10.4398 21
      vertex 10.5238 25.4067 21
      vertex 8.49797 26.1541 21
    endloop
  endfacet
  facet normal 0 0 1
    outer loop
      vertex 19.4454 19.4454 21
      vertex 7.99031 7.99031 21
      vertex 8.59259 7.33876 21
    endloop
  endfacet
  facet normal 0 0 1
    outer loop
      vertex 17.8598 20.9112 21
      vertex 7.33876 8.59259 21
      vertex 7.99031 7.99031 21
    endloop
  endfacet
  facet normal 0 0 1
    outer loop
      vertex 16.1641 22.248 21
      vertex 6.64197 9.14189 21
      vertex 7.33876 8.59259 21
    endloop
  endfacet
  facet normal 0 0 1
    outer loop
      vertex 3.49189 10.7469 21
      vertex 8.49797 26.1541 21
      vertex 6.41975 26.7402 21
    endloop
  endfacet
  facet normal 0 0 1
    outer loop
      vertex 14.3687 23.4476 21
      vertex 5.90423 9.63483 21
      vertex 6.64197 9.14189 21
    endloop
  endfacet
  facet normal 0 0 1
    outer loop
      vertex 12.4847 24.5027 21
      vertex 5.13009 10.0684 21
      vertex 5.90423 9.63483 21
    endloop
  endfacet
  facet normal 0 0 1
    outer loop
      vertex 10.5238 25.4067 21
      vertex 4.32432 10.4398 21
      vertex 5.13009 10.0684 21
    endloop
  endfacet
  facet normal 0 0 1
    outer loop
      vertex 2.63793 10.9878 21
      vertex 6.41975 26.7402 21
      vertex 4.30195 27.1614 21
    endloop
  endfacet
  facet normal 0 0 1
    outer loop
      vertex 8.49797 26.1541 21
      vertex 3.49189 10.7469 21
      vertex 4.32432 10.4398 21
    endloop
  endfacet
  facet normal 0 0 1
    outer loop
      vertex 6.41975 26.7402 21
      vertex 2.63793 10.9878 21
      vertex 3.49189 10.7469 21
    endloop
  endfacet
  facet normal 0 0 1
    outer loop
      vertex 1.76771 11.1609 21
      vertex 4.30195 27.1614 21
      vertex 2.15762 27.4152 21
    endloop
  endfacet
  facet normal 0 0 1
    outer loop
      vertex 4.30195 27.1614 21
      vertex 1.76771 11.1609 21
      vertex 2.63793 10.9878 21
    endloop
  endfacet
  facet normal 0 0 1
    outer loop
      vertex 2.15762 27.4152 21
      vertex 0.886587 11.2652 21
      vertex 1.76771 11.1609 21
    endloop
  endfacet
  facet normal 0 0 1
    outer loop
      vertex 0 27.5 21
      vertex 0.886587 11.2652 21
      vertex 2.15762 27.4152 21
    endloop
  endfacet
  facet normal 0 0 1
    outer loop
      vertex 0 27.5 21
      vertex 0 11.3 21
      vertex 0.886587 11.2652 21
    endloop
  endfacet
  facet normal 0 0 1
    outer loop
      vertex 0 27.5 21
      vertex -0.886587 11.2652 21
      vertex 0 11.3 21
    endloop
  endfacet
  facet normal -0 0 1
    outer loop
      vertex -8.81454 18.4084 21
      vertex -0.886587 11.2652 21
      vertex 0 27.5 21
    endloop
  endfacet
  facet normal 0 0 1
    outer loop
      vertex -8.81454 18.4084 21
      vertex 0 27.5 21
      vertex -2.15762 27.4152 21
    endloop
  endfacet
  facet normal -0 -0 1
    outer loop
      vertex -8.80233 18.2755 21
      vertex -0.886587 11.2652 21
      vertex -8.81454 18.4084 21
    endloop
  endfacet
  facet normal 0 0 1
    outer loop
      vertex -0.886587 11.2652 21
      vertex -8.80058 18.142 21
      vertex -1.76771 11.1609 21
    endloop
  endfacet
  facet normal 0 0 1
    outer loop
      vertex -8.87001 18.6694 21
      vertex -2.15762 27.4152 21
      vertex -4.30195 27.1614 21
    endloop
  endfacet
  facet normal -0 0 1
    outer loop
      vertex -8.80931 18.0088 21
      vertex -1.76771 11.1609 21
      vertex -8.80058 18.142 21
    endloop
  endfacet
  facet normal -0 0 1
    outer loop
      vertex -8.82847 17.8767 21
      vertex -1.76771 11.1609 21
      vertex -8.80931 18.0088 21
    endloop
  endfacet
  facet normal -0 0 1
    outer loop
      vertex -8.85793 17.7465 21
      vertex -2.63793 10.9878 21
      vertex -8.82847 17.8767 21
    endloop
  endfacet
  facet normal 0 0 1
    outer loop
      vertex -9.02776 19.0365 21
      vertex -4.30195 27.1614 21
      vertex -6.41975 26.7402 21
    endloop
  endfacet
  facet normal 0 0 1
    outer loop
      vertex -1.76771 11.1609 21
      vertex -8.82847 17.8767 21
      vertex -2.63793 10.9878 21
    endloop
  endfacet
  facet normal -0 0 1
    outer loop
      vertex -8.94697 17.4951 21
      vertex -2.63793 10.9878 21
      vertex -8.89751 17.6191 21
    endloop
  endfacet
  facet normal 0 0 1
    outer loop
      vertex -2.63793 10.9878 21
      vertex -8.94697 17.4951 21
      vertex -3.49189 10.7469 21
    endloop
  endfacet
  facet normal 0 0 1
    outer loop
      vertex -9.26686 19.3567 21
      vertex -6.41975 26.7402 21
      vertex -8.49797 26.1541 21
    endloop
  endfacet
  facet normal -0 0 1
    outer loop
      vertex -9.00601 17.3754 21
      vertex -3.49189 10.7469 21
      vertex -8.94697 17.4951 21
    endloop
  endfacet
  facet normal -0 0 1
    outer loop
      vertex -9.07426 17.2606 21
      vertex -3.49189 10.7469 21
      vertex -9.00601 17.3754 21
    endloop
  endfacet
  facet normal -0 0 1
    outer loop
      vertex -8.89751 17.6191 21
      vertex -2.63793 10.9878 21
      vertex -8.85793 17.7465 21
    endloop
  endfacet
  facet normal -0 -0 1
    outer loop
      vertex -8.80058 18.142 21
      vertex -0.886587 11.2652 21
      vertex -8.80233 18.2755 21
    endloop
  endfacet
  facet normal 0 0 1
    outer loop
      vertex -2.15762 27.4152 21
      vertex -8.83715 18.54 21
      vertex -8.81454 18.4084 21
    endloop
  endfacet
  facet normal 0 0 1
    outer loop
      vertex -2.15762 27.4152 21
      vertex -8.87001 18.6694 21
      vertex -8.83715 18.54 21
    endloop
  endfacet
  facet normal 0 0 1
    outer loop
      vertex -4.30195 27.1614 21
      vertex -8.91291 18.7958 21
      vertex -8.87001 18.6694 21
    endloop
  endfacet
  facet normal 0 0 1
    outer loop
      vertex -4.30195 27.1614 21
      vertex -8.9656 18.9184 21
      vertex -8.91291 18.7958 21
    endloop
  endfacet
  facet normal 0 0 1
    outer loop
      vertex -4.30195 27.1614 21
      vertex -9.02776 19.0365 21
      vertex -8.9656 18.9184 21
    endloop
  endfacet
  facet normal 0 0 1
    outer loop
      vertex -6.41975 26.7402 21
      vertex -9.09898 19.1494 21
      vertex -9.02776 19.0365 21
    endloop
  endfacet
  facet normal 0 0 1
    outer loop
      vertex -6.41975 26.7402 21
      vertex -9.17885 19.2564 21
      vertex -9.09898 19.1494 21
    endloop
  endfacet
  facet normal 0 0 1
    outer loop
      vertex -6.41975 26.7402 21
      vertex -9.26686 19.3567 21
      vertex -9.17885 19.2564 21
    endloop
  endfacet
  facet normal 0 0 1
    outer loop
      vertex -8.49797 26.1541 21
      vertex -9.36248 19.4499 21
      vertex -9.26686 19.3567 21
    endloop
  endfacet
  facet normal 0 0 1
    outer loop
      vertex -8.49797 26.1541 21
      vertex -9.46511 19.5352 21
      vertex -9.36248 19.4499 21
    endloop
  endfacet
  facet normal 0 0 1
    outer loop
      vertex -8.49797 26.1541 21
      vertex -9.57411 19.6123 21
      vertex -9.46511 19.5352 21
    endloop
  endfacet
  facet normal 0 0 1
    outer loop
      vertex -8.49797 26.1541 21
      vertex -9.68883 19.6805 21
      vertex -9.57411 19.6123 21
    endloop
  endfacet
  facet normal 0 0 1
    outer loop
      vertex -8.49797 26.1541 21
      vertex -9.80855 19.7396 21
      vertex -9.68883 19.6805 21
    endloop
  endfacet
  facet normal -0 0 1
    outer loop
      vertex -10.5238 25.4067 21
      vertex -9.80855 19.7396 21
      vertex -8.49797 26.1541 21
    endloop
  endfacet
  facet normal 0 0 1
    outer loop
      vertex -9.80855 19.7396 21
      vertex -10.5238 25.4067 21
      vertex -9.93253 19.789 21
    endloop
  endfacet
  facet normal 0 0 1
    outer loop
      vertex -9.93253 19.789 21
      vertex -10.5238 25.4067 21
      vertex -10.06 19.8286 21
    endloop
  endfacet
  facet normal 0 0 1
    outer loop
      vertex -10.06 19.8286 21
      vertex -10.5238 25.4067 21
      vertex -10.1902 19.8581 21
    endloop
  endfacet
  facet normal 0 0 1
    outer loop
      vertex -10.1902 19.8581 21
      vertex -10.5238 25.4067 21
      vertex -10.3223 19.8772 21
    endloop
  endfacet
  facet normal 0 0 1
    outer loop
      vertex -10.3223 19.8772 21
      vertex -10.5238 25.4067 21
      vertex -10.4555 19.886 21
    endloop
  endfacet
  facet normal -0 0 1
    outer loop
      vertex -12.4847 24.5027 21
      vertex -10.4555 19.886 21
      vertex -10.5238 25.4067 21
    endloop
  endfacet
  facet normal 0 0 1
    outer loop
      vertex -10.4555 19.886 21
      vertex -12.4847 24.5027 21
      vertex -10.589 19.8842 21
    endloop
  endfacet
  facet normal 0 0 1
    outer loop
      vertex -10.589 19.8842 21
      vertex -12.4847 24.5027 21
      vertex -10.7219 19.872 21
    endloop
  endfacet
  facet normal 0 0 1
    outer loop
      vertex -10.7219 19.872 21
      vertex -12.4847 24.5027 21
      vertex -10.8534 19.8494 21
    endloop
  endfacet
  facet normal 0 0 1
    outer loop
      vertex -10.8534 19.8494 21
      vertex -12.4847 24.5027 21
      vertex -10.9828 19.8165 21
    endloop
  endfacet
  facet normal 0 0 1
    outer loop
      vertex -10.9828 19.8165 21
      vertex -12.4847 24.5027 21
      vertex -11.1092 19.7736 21
    endloop
  endfacet
  facet normal 0 0 1
    outer loop
      vertex -11.1092 19.7736 21
      vertex -12.4847 24.5027 21
      vertex -11.2319 19.7209 21
    endloop
  endfacet
  facet normal -0 0 1
    outer loop
      vertex -14.3687 23.4476 21
      vertex -11.2319 19.7209 21
      vertex -12.4847 24.5027 21
    endloop
  endfacet
  facet normal 0 0 1
    outer loop
      vertex -11.2319 19.7209 21
      vertex -14.3687 23.4476 21
      vertex -11.35 19.6588 21
    endloop
  endfacet
  facet normal 0 0 1
    outer loop
      vertex -11.35 19.6588 21
      vertex -14.3687 23.4476 21
      vertex -11.4629 19.5875 21
    endloop
  endfacet
  facet normal 0 0 1
    outer loop
      vertex -11.4629 19.5875 21
      vertex -14.3687 23.4476 21
      vertex -11.5698 19.5077 21
    endloop
  endfacet
  facet normal 0 0 1
    outer loop
      vertex -11.5698 19.5077 21
      vertex -14.3687 23.4476 21
      vertex -11.6702 19.4197 21
    endloop
  endfacet
  facet normal 0 0 1
    outer loop
      vertex -11.6702 19.4197 21
      vertex -14.3687 23.4476 21
      vertex -11.7633 19.3241 21
    endloop
  endfacet
  facet normal 0 0 1
    outer loop
      vertex -11.7633 19.3241 21
      vertex -14.3687 23.4476 21
      vertex -11.8487 19.2214 21
    endloop
  endfacet
  facet normal -0 0 1
    outer loop
      vertex -16.1641 22.248 21
      vertex -11.8487 19.2214 21
      vertex -14.3687 23.4476 21
    endloop
  endfacet
  facet normal 0 0 1
    outer loop
      vertex -11.8487 19.2214 21
      vertex -16.1641 22.248 21
      vertex -11.9257 19.1124 21
    endloop
  endfacet
  facet normal 0 0 1
    outer loop
      vertex -11.9257 19.1124 21
      vertex -16.1641 22.248 21
      vertex -11.994 18.9977 21
    endloop
  endfacet
  facet normal -0 0 1
    outer loop
      vertex -17.8598 20.9112 21
      vertex -12.1715 18.4963 21
      vertex -16.1641 22.248 21
    endloop
  endfacet
  facet normal 0 0 1
    outer loop
      vertex -12.1421 18.6265 21
      vertex -16.1641 22.248 21
      vertex -12.1715 18.4963 21
    endloop
  endfacet
  facet normal 0 0 1
    outer loop
      vertex -12.1025 18.754 21
      vertex -16.1641 22.248 21
      vertex -12.1421 18.6265 21
    endloop
  endfacet
  facet normal 0 0 1
    outer loop
      vertex -12.053 18.878 21
      vertex -16.1641 22.248 21
      vertex -12.1025 18.754 21
    endloop
  endfacet
  facet normal 0 0 1
    outer loop
      vertex -11.994 18.9977 21
      vertex -16.1641 22.248 21
      vertex -12.053 18.878 21
    endloop
  endfacet
  facet normal -0.555555 0.83148 0
    outer loop
      vertex -14.3687 23.4476 17
      vertex -16.1641 22.248 21
      vertex -14.3687 23.4476 21
    endloop
  endfacet
  facet normal -0.555555 0.83148 0
    outer loop
      vertex -16.1641 22.248 21
      vertex -14.3687 23.4476 17
      vertex -16.1641 22.248 17
    endloop
  endfacet
  facet normal -0.271432 0.962457 0
    outer loop
      vertex -6.41975 26.7402 17
      vertex -8.49797 26.1541 21
      vertex -6.41975 26.7402 21
    endloop
  endfacet
  facet normal -0.271432 0.962457 0
    outer loop
      vertex -8.49797 26.1541 21
      vertex -6.41975 26.7402 17
      vertex -8.49797 26.1541 17
    endloop
  endfacet
  facet normal -0.0392722 0.999229 0
    outer loop
      vertex 0 27.5 17
      vertex -2.15762 27.4152 21
      vertex 0 27.5 21
    endloop
  endfacet
  facet normal -0.0392722 0.999229 0
    outer loop
      vertex -2.15762 27.4152 21
      vertex 0 27.5 17
      vertex -2.15762 27.4152 17
    endloop
  endfacet
  facet normal 0.0392722 -0.999229 0
    outer loop
      vertex 0 -27.5 17
      vertex 2.15762 -27.4152 21
      vertex 0 -27.5 21
    endloop
  endfacet
  facet normal 0.0392722 -0.999229 0
    outer loop
      vertex 2.15762 -27.4152 21
      vertex 0 -27.5 17
      vertex 2.15762 -27.4152 17
    endloop
  endfacet
  facet normal 0.195065 -0.98079 0
    outer loop
      vertex 4.30195 -27.1614 17
      vertex 6.41975 -26.7402 21
      vertex 4.30195 -27.1614 21
    endloop
  endfacet
  facet normal 0.195065 -0.98079 0
    outer loop
      vertex 6.41975 -26.7402 21
      vertex 4.30195 -27.1614 17
      vertex 6.41975 -26.7402 17
    endloop
  endfacet
  facet normal 0.34613 -0.938187 0
    outer loop
      vertex 8.49797 -26.1541 17
      vertex 10.5238 -25.4067 21
      vertex 8.49797 -26.1541 21
    endloop
  endfacet
  facet normal 0.34613 -0.938187 0
    outer loop
      vertex 10.5238 -25.4067 21
      vertex 8.49797 -26.1541 17
      vertex 10.5238 -25.4067 17
    endloop
  endfacet
  facet normal 0.555555 -0.83148 0
    outer loop
      vertex 14.3687 -23.4476 17
      vertex 16.1641 -22.248 21
      vertex 14.3687 -23.4476 21
    endloop
  endfacet
  facet normal 0.555555 -0.83148 0
    outer loop
      vertex 16.1641 -22.248 21
      vertex 14.3687 -23.4476 17
      vertex 16.1641 -22.248 17
    endloop
  endfacet
  facet normal 0.488625 -0.872494 0
    outer loop
      vertex 12.4847 -24.5027 17
      vertex 14.3687 -23.4476 21
      vertex 12.4847 -24.5027 21
    endloop
  endfacet
  facet normal 0.488625 -0.872494 0
    outer loop
      vertex 14.3687 -23.4476 21
      vertex 12.4847 -24.5027 17
      vertex 14.3687 -23.4476 17
    endloop
  endfacet
  facet normal 0.785313 -0.619099 0
    outer loop
      vertex 20.9112 -17.8598 21
      vertex 22.248 -16.1641 17
      vertex 22.248 -16.1641 21
    endloop
  endfacet
  facet normal 0.785313 -0.619099 0
    outer loop
      vertex 22.248 -16.1641 17
      vertex 20.9112 -17.8598 21
      vertex 20.9112 -17.8598 17
    endloop
  endfacet
  facet normal 0.908141 -0.418665 0
    outer loop
      vertex 24.5027 -12.4847 21
      vertex 25.4067 -10.5238 17
      vertex 25.4067 -10.5238 21
    endloop
  endfacet
  facet normal 0.908141 -0.418665 0
    outer loop
      vertex 25.4067 -10.5238 17
      vertex 24.5027 -12.4847 21
      vertex 24.5027 -12.4847 17
    endloop
  endfacet
  facet normal 0.98079 -0.195065 0
    outer loop
      vertex 26.7402 -6.41975 21
      vertex 27.1614 -4.30195 17
      vertex 27.1614 -4.30195 21
    endloop
  endfacet
  facet normal 0.98079 -0.195065 0
    outer loop
      vertex 27.1614 -4.30195 17
      vertex 26.7402 -6.41975 21
      vertex 26.7402 -6.41975 17
    endloop
  endfacet
  facet normal 0.938187 -0.34613 0
    outer loop
      vertex 25.4067 -10.5238 21
      vertex 26.1541 -8.49797 17
      vertex 26.1541 -8.49797 21
    endloop
  endfacet
  facet normal 0.938187 -0.34613 0
    outer loop
      vertex 26.1541 -8.49797 17
      vertex 25.4067 -10.5238 21
      vertex 25.4067 -10.5238 17
    endloop
  endfacet
  facet normal -0.619099 -0.785313 0
    outer loop
      vertex -17.8598 -20.9112 17
      vertex -16.1641 -22.248 21
      vertex -17.8598 -20.9112 21
    endloop
  endfacet
  facet normal -0.619099 -0.785313 -0
    outer loop
      vertex -16.1641 -22.248 21
      vertex -17.8598 -20.9112 17
      vertex -16.1641 -22.248 17
    endloop
  endfacet
  facet normal -0.418665 -0.908141 0
    outer loop
      vertex -12.4847 -24.5027 17
      vertex -10.5238 -25.4067 21
      vertex -12.4847 -24.5027 21
    endloop
  endfacet
  facet normal -0.418665 -0.908141 -0
    outer loop
      vertex -10.5238 -25.4067 21
      vertex -12.4847 -24.5027 17
      vertex -10.5238 -25.4067 17
    endloop
  endfacet
  facet normal -0.271432 -0.962457 0
    outer loop
      vertex -8.49797 -26.1541 17
      vertex -6.41975 -26.7402 21
      vertex -8.49797 -26.1541 21
    endloop
  endfacet
  facet normal -0.271432 -0.962457 -0
    outer loop
      vertex -6.41975 -26.7402 21
      vertex -8.49797 -26.1541 17
      vertex -6.41975 -26.7402 17
    endloop
  endfacet
  facet normal -0.117538 -0.993068 0
    outer loop
      vertex -4.30195 -27.1614 17
      vertex -2.15762 -27.4152 21
      vertex -4.30195 -27.1614 21
    endloop
  endfacet
  facet normal -0.117538 -0.993068 -0
    outer loop
      vertex -2.15762 -27.4152 21
      vertex -4.30195 -27.1614 17
      vertex -2.15762 -27.4152 17
    endloop
  endfacet
  facet normal -0.83148 -0.555555 0
    outer loop
      vertex -22.248 -16.1641 17
      vertex -23.4476 -14.3687 21
      vertex -23.4476 -14.3687 17
    endloop
  endfacet
  facet normal -0.83148 -0.555555 0
    outer loop
      vertex -23.4476 -14.3687 21
      vertex -22.248 -16.1641 17
      vertex -22.248 -16.1641 21
    endloop
  endfacet
  facet normal -0.872494 -0.488625 0
    outer loop
      vertex -23.4476 -14.3687 17
      vertex -24.5027 -12.4847 21
      vertex -24.5027 -12.4847 17
    endloop
  endfacet
  facet normal -0.872494 -0.488625 0
    outer loop
      vertex -24.5027 -12.4847 21
      vertex -23.4476 -14.3687 17
      vertex -23.4476 -14.3687 21
    endloop
  endfacet
  facet normal -0.938187 -0.34613 0
    outer loop
      vertex -25.4067 -10.5238 17
      vertex -26.1541 -8.49797 21
      vertex -26.1541 -8.49797 17
    endloop
  endfacet
  facet normal -0.938187 -0.34613 0
    outer loop
      vertex -26.1541 -8.49797 21
      vertex -25.4067 -10.5238 17
      vertex -25.4067 -10.5238 21
    endloop
  endfacet
  facet normal -0.98079 -0.195065 0
    outer loop
      vertex -26.7402 -6.41975 17
      vertex -27.1614 -4.30195 21
      vertex -27.1614 -4.30195 17
    endloop
  endfacet
  facet normal -0.98079 -0.195065 0
    outer loop
      vertex -27.1614 -4.30195 21
      vertex -26.7402 -6.41975 17
      vertex -26.7402 -6.41975 21
    endloop
  endfacet
  facet normal -0.999229 -0.0392722 0
    outer loop
      vertex -27.4152 -2.15762 17
      vertex -27.5 0 21
      vertex -27.5 0 17
    endloop
  endfacet
  facet normal -0.999229 -0.0392722 0
    outer loop
      vertex -27.5 0 21
      vertex -27.4152 -2.15762 17
      vertex -27.4152 -2.15762 21
    endloop
  endfacet
  facet normal -0.83148 0.555555 0
    outer loop
      vertex -23.4476 14.3687 17
      vertex -22.248 16.1641 21
      vertex -22.248 16.1641 17
    endloop
  endfacet
  facet normal -0.83148 0.555555 0
    outer loop
      vertex -22.248 16.1641 21
      vertex -23.4476 14.3687 17
      vertex -23.4476 14.3687 21
    endloop
  endfacet
  facet normal -0.785313 0.619099 0
    outer loop
      vertex -22.248 16.1641 17
      vertex -20.9112 17.8598 21
      vertex -20.9112 17.8598 17
    endloop
  endfacet
  facet normal -0.785313 0.619099 0
    outer loop
      vertex -20.9112 17.8598 21
      vertex -22.248 16.1641 17
      vertex -22.248 16.1641 21
    endloop
  endfacet
  facet normal 0.117538 -0.993068 0
    outer loop
      vertex 2.15762 -27.4152 17
      vertex 4.30195 -27.1614 21
      vertex 2.15762 -27.4152 21
    endloop
  endfacet
  facet normal 0.117538 -0.993068 0
    outer loop
      vertex 4.30195 -27.1614 21
      vertex 2.15762 -27.4152 17
      vertex 4.30195 -27.1614 17
    endloop
  endfacet
  facet normal 0.619099 -0.785313 0
    outer loop
      vertex 16.1641 -22.248 17
      vertex 17.8598 -20.9112 21
      vertex 16.1641 -22.248 21
    endloop
  endfacet
  facet normal 0.619099 -0.785313 0
    outer loop
      vertex 17.8598 -20.9112 21
      vertex 16.1641 -22.248 17
      vertex 17.8598 -20.9112 17
    endloop
  endfacet
  facet normal 0.83148 -0.555555 0
    outer loop
      vertex 22.248 -16.1641 21
      vertex 23.4476 -14.3687 17
      vertex 23.4476 -14.3687 21
    endloop
  endfacet
  facet normal 0.83148 -0.555555 0
    outer loop
      vertex 23.4476 -14.3687 17
      vertex 22.248 -16.1641 21
      vertex 22.248 -16.1641 17
    endloop
  endfacet
  facet normal 0.993068 -0.117538 0
    outer loop
      vertex 27.1614 -4.30195 21
      vertex 27.4152 -2.15762 17
      vertex 27.4152 -2.15762 21
    endloop
  endfacet
  facet normal 0.993068 -0.117538 0
    outer loop
      vertex 27.4152 -2.15762 17
      vertex 27.1614 -4.30195 21
      vertex 27.1614 -4.30195 17
    endloop
  endfacet
  facet normal 0.962457 -0.271432 0
    outer loop
      vertex 26.1541 -8.49797 21
      vertex 26.7402 -6.41975 17
      vertex 26.7402 -6.41975 21
    endloop
  endfacet
  facet normal 0.962457 -0.271432 0
    outer loop
      vertex 26.7402 -6.41975 17
      vertex 26.1541 -8.49797 21
      vertex 26.1541 -8.49797 17
    endloop
  endfacet
  facet normal -0.555555 -0.83148 0
    outer loop
      vertex -16.1641 -22.248 17
      vertex -14.3687 -23.4476 21
      vertex -16.1641 -22.248 21
    endloop
  endfacet
  facet normal -0.555555 -0.83148 -0
    outer loop
      vertex -14.3687 -23.4476 21
      vertex -16.1641 -22.248 17
      vertex -14.3687 -23.4476 17
    endloop
  endfacet
  facet normal -0.785313 -0.619099 0
    outer loop
      vertex -20.9112 -17.8598 17
      vertex -22.248 -16.1641 21
      vertex -22.248 -16.1641 17
    endloop
  endfacet
  facet normal -0.785313 -0.619099 0
    outer loop
      vertex -22.248 -16.1641 21
      vertex -20.9112 -17.8598 17
      vertex -20.9112 -17.8598 21
    endloop
  endfacet
  facet normal -0.993068 -0.117538 0
    outer loop
      vertex -27.1614 -4.30195 17
      vertex -27.4152 -2.15762 21
      vertex -27.4152 -2.15762 17
    endloop
  endfacet
  facet normal -0.993068 -0.117538 0
    outer loop
      vertex -27.4152 -2.15762 21
      vertex -27.1614 -4.30195 17
      vertex -27.1614 -4.30195 21
    endloop
  endfacet
  facet normal 0.999229 -0.0392722 0
    outer loop
      vertex 27.4152 -2.15762 21
      vertex 27.5 0 17
      vertex 27.5 0 21
    endloop
  endfacet
  facet normal 0.999229 -0.0392722 0
    outer loop
      vertex 27.5 0 17
      vertex 27.4152 -2.15762 21
      vertex 27.4152 -2.15762 17
    endloop
  endfacet
  facet normal 0.999229 0.0392684 0
    outer loop
      vertex 15.6 0 17
      vertex 15.5519 1.22396 0
      vertex 15.5519 1.22396 17
    endloop
  endfacet
  facet normal 0.999229 0.0392684 0
    outer loop
      vertex 15.5519 1.22396 0
      vertex 15.6 0 17
      vertex 15.6 0 0
    endloop
  endfacet
  facet normal -0.999229 0.0392684 0
    outer loop
      vertex -15.6 0 0
      vertex -15.5519 1.22396 17
      vertex -15.5519 1.22396 0
    endloop
  endfacet
  facet normal -0.999229 0.0392684 0
    outer loop
      vertex -15.5519 1.22396 17
      vertex -15.6 0 0
      vertex -15.6 0 17
    endloop
  endfacet
  facet normal -0.0392684 0.999229 0
    outer loop
      vertex 0 15.6 0
      vertex -1.22396 15.5519 17
      vertex 0 15.6 17
    endloop
  endfacet
  facet normal -0.0392684 0.999229 0
    outer loop
      vertex -1.22396 15.5519 17
      vertex 0 15.6 0
      vertex -1.22396 15.5519 0
    endloop
  endfacet
  facet normal 0.0392684 -0.999229 0
    outer loop
      vertex 0 -15.6 0
      vertex 1.22396 -15.5519 17
      vertex 0 -15.6 17
    endloop
  endfacet
  facet normal 0.0392684 -0.999229 0
    outer loop
      vertex 1.22396 -15.5519 17
      vertex 0 -15.6 0
      vertex 1.22396 -15.5519 0
    endloop
  endfacet
  facet normal 0.678761 0.734359 -0
    outer loop
      vertex 11.0309 11.0309 0
      vertex 10.1314 11.8623 17
      vertex 11.0309 11.0309 17
    endloop
  endfacet
  facet normal 0.678761 0.734359 0
    outer loop
      vertex 10.1314 11.8623 17
      vertex 11.0309 11.0309 0
      vertex 10.1314 11.8623 0
    endloop
  endfacet
  facet normal -0.678761 0.734359 0
    outer loop
      vertex -10.1314 11.8623 0
      vertex -11.0309 11.0309 17
      vertex -10.1314 11.8623 17
    endloop
  endfacet
  facet normal -0.678761 0.734359 0
    outer loop
      vertex -11.0309 11.0309 17
      vertex -10.1314 11.8623 0
      vertex -11.0309 11.0309 0
    endloop
  endfacet
  facet normal -0.346144 0.938181 0
    outer loop
      vertex -4.82066 14.8365 0
      vertex -5.96986 14.4125 17
      vertex -4.82066 14.8365 17
    endloop
  endfacet
  facet normal -0.346144 0.938181 0
    outer loop
      vertex -5.96986 14.4125 17
      vertex -4.82066 14.8365 0
      vertex -5.96986 14.4125 0
    endloop
  endfacet
  facet normal 0.908149 0.418647 0
    outer loop
      vertex 14.4125 5.96986 17
      vertex 13.8997 7.08225 0
      vertex 13.8997 7.08225 17
    endloop
  endfacet
  facet normal 0.908149 0.418647 0
    outer loop
      vertex 13.8997 7.08225 0
      vertex 14.4125 5.96986 17
      vertex 14.4125 5.96986 0
    endloop
  endfacet
  facet normal 0.346144 0.938181 -0
    outer loop
      vertex 5.96986 14.4125 0
      vertex 4.82066 14.8365 17
      vertex 5.96986 14.4125 17
    endloop
  endfacet
  facet normal 0.346144 0.938181 0
    outer loop
      vertex 4.82066 14.8365 17
      vertex 5.96986 14.4125 0
      vertex 4.82066 14.8365 0
    endloop
  endfacet
  facet normal 0.555559 0.831477 -0
    outer loop
      vertex 9.16945 12.6207 0
      vertex 8.15098 13.3012 17
      vertex 9.16945 12.6207 17
    endloop
  endfacet
  facet normal 0.555559 0.831477 0
    outer loop
      vertex 8.15098 13.3012 17
      vertex 9.16945 12.6207 0
      vertex 8.15098 13.3012 0
    endloop
  endfacet
  facet normal -0.908149 0.418647 0
    outer loop
      vertex -14.4125 5.96986 0
      vertex -13.8997 7.08225 17
      vertex -13.8997 7.08225 0
    endloop
  endfacet
  facet normal -0.908149 0.418647 0
    outer loop
      vertex -13.8997 7.08225 17
      vertex -14.4125 5.96986 0
      vertex -14.4125 5.96986 17
    endloop
  endfacet
  facet normal -0.195037 0.980796 0
    outer loop
      vertex -2.44038 15.4079 0
      vertex -3.64175 15.169 17
      vertex -2.44038 15.4079 17
    endloop
  endfacet
  facet normal -0.195037 0.980796 0
    outer loop
      vertex -3.64175 15.169 17
      vertex -2.44038 15.4079 0
      vertex -3.64175 15.169 0
    endloop
  endfacet
  facet normal 0.980796 -0.195037 0
    outer loop
      vertex 15.169 -3.64175 17
      vertex 15.4079 -2.44038 0
      vertex 15.4079 -2.44038 17
    endloop
  endfacet
  facet normal 0.980796 -0.195037 0
    outer loop
      vertex 15.4079 -2.44038 0
      vertex 15.169 -3.64175 17
      vertex 15.169 -3.64175 0
    endloop
  endfacet
  facet normal 0.346144 -0.938181 0
    outer loop
      vertex 4.82066 -14.8365 0
      vertex 5.96986 -14.4125 17
      vertex 4.82066 -14.8365 17
    endloop
  endfacet
  facet normal 0.346144 -0.938181 0
    outer loop
      vertex 5.96986 -14.4125 17
      vertex 4.82066 -14.8365 0
      vertex 5.96986 -14.4125 0
    endloop
  endfacet
  facet normal 0.962452 0.27145 0
    outer loop
      vertex 15.169 3.64175 17
      vertex 14.8365 4.82066 0
      vertex 14.8365 4.82066 17
    endloop
  endfacet
  facet normal 0.962452 0.27145 0
    outer loop
      vertex 14.8365 4.82066 0
      vertex 15.169 3.64175 17
      vertex 15.169 3.64175 0
    endloop
  endfacet
  facet normal 0.993066 0.117559 0
    outer loop
      vertex 15.5519 1.22396 17
      vertex 15.4079 2.44038 0
      vertex 15.4079 2.44038 17
    endloop
  endfacet
  facet normal 0.993066 0.117559 0
    outer loop
      vertex 15.4079 2.44038 0
      vertex 15.5519 1.22396 17
      vertex 15.5519 1.22396 0
    endloop
  endfacet
  facet normal 0.938181 0.346144 0
    outer loop
      vertex 14.8365 4.82066 17
      vertex 14.4125 5.96986 0
      vertex 14.4125 5.96986 17
    endloop
  endfacet
  facet normal 0.938181 0.346144 0
    outer loop
      vertex 14.4125 5.96986 0
      vertex 14.8365 4.82066 17
      vertex 14.8365 4.82066 0
    endloop
  endfacet
  facet normal 0.831477 0.555559 0
    outer loop
      vertex 13.3012 8.15098 17
      vertex 12.6207 9.16945 0
      vertex 12.6207 9.16945 17
    endloop
  endfacet
  facet normal 0.831477 0.555559 0
    outer loop
      vertex 12.6207 9.16945 0
      vertex 13.3012 8.15098 17
      vertex 13.3012 8.15098 0
    endloop
  endfacet
  facet normal 0.872502 0.48861 0
    outer loop
      vertex 13.8997 7.08225 17
      vertex 13.3012 8.15098 0
      vertex 13.3012 8.15098 17
    endloop
  endfacet
  facet normal 0.872502 0.48861 0
    outer loop
      vertex 13.3012 8.15098 0
      vertex 13.8997 7.08225 17
      vertex 13.8997 7.08225 0
    endloop
  endfacet
  facet normal 0.117559 0.993066 -0
    outer loop
      vertex 2.44038 15.4079 0
      vertex 1.22396 15.5519 17
      vertex 2.44038 15.4079 17
    endloop
  endfacet
  facet normal 0.117559 0.993066 0
    outer loop
      vertex 1.22396 15.5519 17
      vertex 2.44038 15.4079 0
      vertex 1.22396 15.5519 0
    endloop
  endfacet
  facet normal 0.0392684 0.999229 -0
    outer loop
      vertex 1.22396 15.5519 0
      vertex 0 15.6 17
      vertex 1.22396 15.5519 17
    endloop
  endfacet
  facet normal 0.0392684 0.999229 0
    outer loop
      vertex 0 15.6 17
      vertex 1.22396 15.5519 0
      vertex 0 15.6 0
    endloop
  endfacet
  facet normal 0.619124 0.785293 -0
    outer loop
      vertex 10.1314 11.8623 0
      vertex 9.16945 12.6207 17
      vertex 10.1314 11.8623 17
    endloop
  endfacet
  facet normal 0.619124 0.785293 0
    outer loop
      vertex 9.16945 12.6207 17
      vertex 10.1314 11.8623 0
      vertex 9.16945 12.6207 0
    endloop
  endfacet
  facet normal -0.980796 0.195037 0
    outer loop
      vertex -15.4079 2.44038 0
      vertex -15.169 3.64175 17
      vertex -15.169 3.64175 0
    endloop
  endfacet
  facet normal -0.980796 0.195037 0
    outer loop
      vertex -15.169 3.64175 17
      vertex -15.4079 2.44038 0
      vertex -15.4079 2.44038 17
    endloop
  endfacet
  facet normal -0.831477 0.555559 0
    outer loop
      vertex -13.3012 8.15098 0
      vertex -12.6207 9.16945 17
      vertex -12.6207 9.16945 0
    endloop
  endfacet
  facet normal -0.831477 0.555559 0
    outer loop
      vertex -12.6207 9.16945 17
      vertex -13.3012 8.15098 0
      vertex -13.3012 8.15098 17
    endloop
  endfacet
  facet normal -0.872502 0.48861 0
    outer loop
      vertex -13.8997 7.08225 0
      vertex -13.3012 8.15098 17
      vertex -13.3012 8.15098 0
    endloop
  endfacet
  facet normal -0.872502 0.48861 0
    outer loop
      vertex -13.3012 8.15098 17
      vertex -13.8997 7.08225 0
      vertex -13.8997 7.08225 17
    endloop
  endfacet
  facet normal -0.938181 0.346144 0
    outer loop
      vertex -14.8365 4.82066 0
      vertex -14.4125 5.96986 17
      vertex -14.4125 5.96986 0
    endloop
  endfacet
  facet normal -0.938181 0.346144 0
    outer loop
      vertex -14.4125 5.96986 17
      vertex -14.8365 4.82066 0
      vertex -14.8365 4.82066 17
    endloop
  endfacet
  facet normal -0.993066 0.117559 0
    outer loop
      vertex -15.5519 1.22396 0
      vertex -15.4079 2.44038 17
      vertex -15.4079 2.44038 0
    endloop
  endfacet
  facet normal -0.993066 0.117559 0
    outer loop
      vertex -15.4079 2.44038 17
      vertex -15.5519 1.22396 0
      vertex -15.5519 1.22396 17
    endloop
  endfacet
  facet normal -0.48861 0.872502 0
    outer loop
      vertex -7.08225 13.8997 0
      vertex -8.15098 13.3012 17
      vertex -7.08225 13.8997 17
    endloop
  endfacet
  facet normal -0.48861 0.872502 0
    outer loop
      vertex -8.15098 13.3012 17
      vertex -7.08225 13.8997 0
      vertex -8.15098 13.3012 0
    endloop
  endfacet
  facet normal -0.418647 0.908149 0
    outer loop
      vertex -5.96986 14.4125 0
      vertex -7.08225 13.8997 17
      vertex -5.96986 14.4125 17
    endloop
  endfacet
  facet normal -0.418647 0.908149 0
    outer loop
      vertex -7.08225 13.8997 17
      vertex -5.96986 14.4125 0
      vertex -7.08225 13.8997 0
    endloop
  endfacet
  facet normal -0.555559 0.831477 0
    outer loop
      vertex -8.15098 13.3012 0
      vertex -9.16945 12.6207 17
      vertex -8.15098 13.3012 17
    endloop
  endfacet
  facet normal -0.555559 0.831477 0
    outer loop
      vertex -9.16945 12.6207 17
      vertex -8.15098 13.3012 0
      vertex -9.16945 12.6207 0
    endloop
  endfacet
  facet normal -0.27145 0.962452 0
    outer loop
      vertex -3.64175 15.169 0
      vertex -4.82066 14.8365 17
      vertex -3.64175 15.169 17
    endloop
  endfacet
  facet normal -0.27145 0.962452 0
    outer loop
      vertex -4.82066 14.8365 17
      vertex -3.64175 15.169 0
      vertex -4.82066 14.8365 0
    endloop
  endfacet
  facet normal -0.117559 0.993066 0
    outer loop
      vertex -1.22396 15.5519 0
      vertex -2.44038 15.4079 17
      vertex -1.22396 15.5519 17
    endloop
  endfacet
  facet normal -0.117559 0.993066 0
    outer loop
      vertex -2.44038 15.4079 17
      vertex -1.22396 15.5519 0
      vertex -2.44038 15.4079 0
    endloop
  endfacet
  facet normal 0.734359 -0.678761 0
    outer loop
      vertex 11.0309 -11.0309 17
      vertex 11.8623 -10.1314 0
      vertex 11.8623 -10.1314 17
    endloop
  endfacet
  facet normal 0.734359 -0.678761 0
    outer loop
      vertex 11.8623 -10.1314 0
      vertex 11.0309 -11.0309 17
      vertex 11.0309 -11.0309 0
    endloop
  endfacet
  facet normal -0.678761 -0.734359 0
    outer loop
      vertex -11.0309 -11.0309 0
      vertex -10.1314 -11.8623 17
      vertex -11.0309 -11.0309 17
    endloop
  endfacet
  facet normal -0.678761 -0.734359 -0
    outer loop
      vertex -10.1314 -11.8623 17
      vertex -11.0309 -11.0309 0
      vertex -10.1314 -11.8623 0
    endloop
  endfacet
  facet normal -0.908149 -0.418647 0
    outer loop
      vertex -13.8997 -7.08225 0
      vertex -14.4125 -5.96986 17
      vertex -14.4125 -5.96986 0
    endloop
  endfacet
  facet normal -0.908149 -0.418647 0
    outer loop
      vertex -14.4125 -5.96986 17
      vertex -13.8997 -7.08225 0
      vertex -13.8997 -7.08225 17
    endloop
  endfacet
  facet normal -0.831477 -0.555559 0
    outer loop
      vertex -12.6207 -9.16945 0
      vertex -13.3012 -8.15098 17
      vertex -13.3012 -8.15098 0
    endloop
  endfacet
  facet normal -0.831477 -0.555559 0
    outer loop
      vertex -13.3012 -8.15098 17
      vertex -12.6207 -9.16945 0
      vertex -12.6207 -9.16945 17
    endloop
  endfacet
  facet normal -0 0 -1
    outer loop
      vertex -0.75 11.2705 0
      vertex -0.886587 11.2652 0
      vertex -0.75 14.3 0
    endloop
  endfacet
  facet normal 0 0 -1
    outer loop
      vertex 14.3 -0.75 0
      vertex 15.6 0 0
      vertex 15.5519 -1.22396 0
    endloop
  endfacet
  facet normal 0 0 -1
    outer loop
      vertex 14.3 -0.75 0
      vertex 15.5519 -1.22396 0
      vertex 15.4079 -2.44038 0
    endloop
  endfacet
  facet normal 0 0 -1
    outer loop
      vertex 14.3 0.75 0
      vertex 15.6 0 0
      vertex 14.3 -0.75 0
    endloop
  endfacet
  facet normal 0 0 -1
    outer loop
      vertex 14.3 -0.75 0
      vertex 15.4079 -2.44038 0
      vertex 15.169 -3.64175 0
    endloop
  endfacet
  facet normal 0 0 -1
    outer loop
      vertex 15.6 0 0
      vertex 14.3 0.75 0
      vertex 15.5519 1.22396 0
    endloop
  endfacet
  facet normal 0 0 -1
    outer loop
      vertex 10.9878 -2.63793 0
      vertex 15.169 -3.64175 0
      vertex 14.8365 -4.82066 0
    endloop
  endfacet
  facet normal -0 0 -1
    outer loop
      vertex 15.5519 1.22396 0
      vertex 14.3 0.75 0
      vertex 15.4079 2.44038 0
    endloop
  endfacet
  facet normal 0 0 -1
    outer loop
      vertex 10.7469 -3.49189 0
      vertex 14.8365 -4.82066 0
      vertex 14.4125 -5.96986 0
    endloop
  endfacet
  facet normal -0 0 -1
    outer loop
      vertex 15.4079 2.44038 0
      vertex 14.3 0.75 0
      vertex 15.169 3.64175 0
    endloop
  endfacet
  facet normal 0 0 -1
    outer loop
      vertex 10.9878 2.63793 0
      vertex 15.169 3.64175 0
      vertex 14.3 0.75 0
    endloop
  endfacet
  facet normal 0 0 -1
    outer loop
      vertex 10.4398 -4.32432 0
      vertex 14.4125 -5.96986 0
      vertex 13.8997 -7.08225 0
    endloop
  endfacet
  facet normal 0 0 -1
    outer loop
      vertex 10.0684 -5.13009 0
      vertex 13.8997 -7.08225 0
      vertex 13.3012 -8.15098 0
    endloop
  endfacet
  facet normal 0 0 -1
    outer loop
      vertex 9.63483 -5.90423 0
      vertex 13.3012 -8.15098 0
      vertex 12.6207 -9.16945 0
    endloop
  endfacet
  facet normal 0 0 -1
    outer loop
      vertex 9.14189 -6.64197 0
      vertex 12.6207 -9.16945 0
      vertex 11.8623 -10.1314 0
    endloop
  endfacet
  facet normal 0 0 -1
    outer loop
      vertex 14.4125 -5.96986 0
      vertex 10.4398 -4.32432 0
      vertex 10.7469 -3.49189 0
    endloop
  endfacet
  facet normal -0 0 -1
    outer loop
      vertex 14.3 -0.75 0
      vertex 11.2652 -0.886587 0
      vertex 11.2705 -0.75 0
    endloop
  endfacet
  facet normal 0 0 -1
    outer loop
      vertex 14.3 -0.75 0
      vertex 11.1609 -1.76771 0
      vertex 11.2652 -0.886587 0
    endloop
  endfacet
  facet normal 0 0 -1
    outer loop
      vertex 8.59259 -7.33876 0
      vertex 11.8623 -10.1314 0
      vertex 11.0309 -11.0309 0
    endloop
  endfacet
  facet normal 0 0 -1
    outer loop
      vertex 14.3 -0.75 0
      vertex 10.9878 -2.63793 0
      vertex 11.1609 -1.76771 0
    endloop
  endfacet
  facet normal 0 0 -1
    outer loop
      vertex 15.169 -3.64175 0
      vertex 10.9878 -2.63793 0
      vertex 14.3 -0.75 0
    endloop
  endfacet
  facet normal 0 0 -1
    outer loop
      vertex 14.8365 -4.82066 0
      vertex 10.7469 -3.49189 0
      vertex 10.9878 -2.63793 0
    endloop
  endfacet
  facet normal 0 0 -1
    outer loop
      vertex 7.99031 -7.99031 0
      vertex 11.0309 -11.0309 0
      vertex 10.1314 -11.8623 0
    endloop
  endfacet
  facet normal 0 0 -1
    outer loop
      vertex 13.8997 -7.08225 0
      vertex 10.0684 -5.13009 0
      vertex 10.4398 -4.32432 0
    endloop
  endfacet
  facet normal 0 0 -1
    outer loop
      vertex 13.3012 -8.15098 0
      vertex 9.63483 -5.90423 0
      vertex 10.0684 -5.13009 0
    endloop
  endfacet
  facet normal 0 0 -1
    outer loop
      vertex 7.33876 -8.59259 0
      vertex 10.1314 -11.8623 0
      vertex 9.16945 -12.6207 0
    endloop
  endfacet
  facet normal 0 0 -1
    outer loop
      vertex 12.6207 -9.16945 0
      vertex 9.14189 -6.64197 0
      vertex 9.63483 -5.90423 0
    endloop
  endfacet
  facet normal 0 0 -1
    outer loop
      vertex 11.8623 -10.1314 0
      vertex 8.59259 -7.33876 0
      vertex 9.14189 -6.64197 0
    endloop
  endfacet
  facet normal 0 0 -1
    outer loop
      vertex 6.64197 -9.14189 0
      vertex 9.16945 -12.6207 0
      vertex 8.15098 -13.3012 0
    endloop
  endfacet
  facet normal 0 0 -1
    outer loop
      vertex 11.0309 -11.0309 0
      vertex 7.99031 -7.99031 0
      vertex 8.59259 -7.33876 0
    endloop
  endfacet
  facet normal 0 0 -1
    outer loop
      vertex 10.1314 -11.8623 0
      vertex 7.33876 -8.59259 0
      vertex 7.99031 -7.99031 0
    endloop
  endfacet
  facet normal 0 0 -1
    outer loop
      vertex 5.90423 -9.63483 0
      vertex 8.15098 -13.3012 0
      vertex 7.08225 -13.8997 0
    endloop
  endfacet
  facet normal 0 0 -1
    outer loop
      vertex 9.16945 -12.6207 0
      vertex 6.64197 -9.14189 0
      vertex 7.33876 -8.59259 0
    endloop
  endfacet
  facet normal 0 0 -1
    outer loop
      vertex 5.13009 -10.0684 0
      vertex 7.08225 -13.8997 0
      vertex 5.96986 -14.4125 0
    endloop
  endfacet
  facet normal 0 0 -1
    outer loop
      vertex 8.15098 -13.3012 0
      vertex 5.90423 -9.63483 0
      vertex 6.64197 -9.14189 0
    endloop
  endfacet
  facet normal 0 0 -1
    outer loop
      vertex 7.08225 -13.8997 0
      vertex 5.13009 -10.0684 0
      vertex 5.90423 -9.63483 0
    endloop
  endfacet
  facet normal 0 0 -1
    outer loop
      vertex 4.32432 -10.4398 0
      vertex 5.96986 -14.4125 0
      vertex 4.82066 -14.8365 0
    endloop
  endfacet
  facet normal 0 0 -1
    outer loop
      vertex 5.96986 -14.4125 0
      vertex 4.32432 -10.4398 0
      vertex 5.13009 -10.0684 0
    endloop
  endfacet
  facet normal 0 0 -1
    outer loop
      vertex 3.49189 -10.7469 0
      vertex 4.82066 -14.8365 0
      vertex 3.64175 -15.169 0
    endloop
  endfacet
  facet normal 0 0 -1
    outer loop
      vertex 4.82066 -14.8365 0
      vertex 3.49189 -10.7469 0
      vertex 4.32432 -10.4398 0
    endloop
  endfacet
  facet normal 0 0 -1
    outer loop
      vertex 3.64175 -15.169 0
      vertex 2.63793 -10.9878 0
      vertex 3.49189 -10.7469 0
    endloop
  endfacet
  facet normal 0 0 -1
    outer loop
      vertex 0.75 -14.3 0
      vertex 3.64175 -15.169 0
      vertex 2.44038 -15.4079 0
    endloop
  endfacet
  facet normal 0 0 -1
    outer loop
      vertex 3.64175 -15.169 0
      vertex 0.75 -14.3 0
      vertex 2.63793 -10.9878 0
    endloop
  endfacet
  facet normal 0 0 -1
    outer loop
      vertex 0.75 -14.3 0
      vertex 2.44038 -15.4079 0
      vertex 1.22396 -15.5519 0
    endloop
  endfacet
  facet normal 0 0 -1
    outer loop
      vertex 2.63793 -10.9878 0
      vertex 0.75 -14.3 0
      vertex 1.76771 -11.1609 0
    endloop
  endfacet
  facet normal 0 0 -1
    outer loop
      vertex 1.76771 -11.1609 0
      vertex 0.75 -14.3 0
      vertex 0.886587 -11.2652 0
    endloop
  endfacet
  facet normal 0 0 -1
    outer loop
      vertex 0 -15.6 0
      vertex 0.75 -14.3 0
      vertex 1.22396 -15.5519 0
    endloop
  endfacet
  facet normal 0 0 -1
    outer loop
      vertex 0 -15.6 0
      vertex -0.75 -14.3 0
      vertex 0.75 -14.3 0
    endloop
  endfacet
  facet normal 0 0 -1
    outer loop
      vertex -0.75 -14.3 0
      vertex -0.886587 -11.2652 0
      vertex -0.75 -11.2705 0
    endloop
  endfacet
  facet normal 0 0 -1
    outer loop
      vertex -1.22396 -15.5519 0
      vertex -0.75 -14.3 0
      vertex 0 -15.6 0
    endloop
  endfacet
  facet normal 0 0 -1
    outer loop
      vertex -2.44038 -15.4079 0
      vertex -0.75 -14.3 0
      vertex -1.22396 -15.5519 0
    endloop
  endfacet
  facet normal 0 0 -1
    outer loop
      vertex -0.75 -14.3 0
      vertex -1.76771 -11.1609 0
      vertex -0.886587 -11.2652 0
    endloop
  endfacet
  facet normal 0 0 -1
    outer loop
      vertex -3.64175 -15.169 0
      vertex -0.75 -14.3 0
      vertex -2.44038 -15.4079 0
    endloop
  endfacet
  facet normal 0 0 -1
    outer loop
      vertex -0.75 -14.3 0
      vertex -2.63793 -10.9878 0
      vertex -1.76771 -11.1609 0
    endloop
  endfacet
  facet normal -0 0 -1
    outer loop
      vertex -0.75 -14.3 0
      vertex -3.64175 -15.169 0
      vertex -2.63793 -10.9878 0
    endloop
  endfacet
  facet normal -0 0 -1
    outer loop
      vertex -2.63793 -10.9878 0
      vertex -3.64175 -15.169 0
      vertex -3.49189 -10.7469 0
    endloop
  endfacet
  facet normal 0 0 -1
    outer loop
      vertex -4.82066 -14.8365 0
      vertex -3.49189 -10.7469 0
      vertex -3.64175 -15.169 0
    endloop
  endfacet
  facet normal -0 0 -1
    outer loop
      vertex -3.49189 -10.7469 0
      vertex -4.82066 -14.8365 0
      vertex -4.32432 -10.4398 0
    endloop
  endfacet
  facet normal 0 0 -1
    outer loop
      vertex -5.96986 -14.4125 0
      vertex -4.32432 -10.4398 0
      vertex -4.82066 -14.8365 0
    endloop
  endfacet
  facet normal -0 0 -1
    outer loop
      vertex -4.32432 -10.4398 0
      vertex -5.96986 -14.4125 0
      vertex -5.13009 -10.0684 0
    endloop
  endfacet
  facet normal 0 0 -1
    outer loop
      vertex -7.08225 -13.8997 0
      vertex -5.13009 -10.0684 0
      vertex -5.96986 -14.4125 0
    endloop
  endfacet
  facet normal -0 0 -1
    outer loop
      vertex -5.13009 -10.0684 0
      vertex -7.08225 -13.8997 0
      vertex -5.90423 -9.63483 0
    endloop
  endfacet
  facet normal 0 0 -1
    outer loop
      vertex -8.15098 -13.3012 0
      vertex -5.90423 -9.63483 0
      vertex -7.08225 -13.8997 0
    endloop
  endfacet
  facet normal -0 0 -1
    outer loop
      vertex -5.90423 -9.63483 0
      vertex -8.15098 -13.3012 0
      vertex -6.64197 -9.14189 0
    endloop
  endfacet
  facet normal 0 0 -1
    outer loop
      vertex -9.16945 -12.6207 0
      vertex -6.64197 -9.14189 0
      vertex -8.15098 -13.3012 0
    endloop
  endfacet
  facet normal -0 0 -1
    outer loop
      vertex -6.64197 -9.14189 0
      vertex -9.16945 -12.6207 0
      vertex -7.33876 -8.59259 0
    endloop
  endfacet
  facet normal 0 0 -1
    outer loop
      vertex -10.1314 -11.8623 0
      vertex -7.33876 -8.59259 0
      vertex -9.16945 -12.6207 0
    endloop
  endfacet
  facet normal -0 0 -1
    outer loop
      vertex -7.33876 -8.59259 0
      vertex -10.1314 -11.8623 0
      vertex -7.99031 -7.99031 0
    endloop
  endfacet
  facet normal 0 0 -1
    outer loop
      vertex -11.0309 -11.0309 0
      vertex -7.99031 -7.99031 0
      vertex -10.1314 -11.8623 0
    endloop
  endfacet
  facet normal -0 0 -1
    outer loop
      vertex -7.99031 -7.99031 0
      vertex -11.0309 -11.0309 0
      vertex -8.59259 -7.33876 0
    endloop
  endfacet
  facet normal 0 0 -1
    outer loop
      vertex -11.8623 -10.1314 0
      vertex -8.59259 -7.33876 0
      vertex -11.0309 -11.0309 0
    endloop
  endfacet
  facet normal -0 0 -1
    outer loop
      vertex -8.59259 -7.33876 0
      vertex -11.8623 -10.1314 0
      vertex -9.14189 -6.64197 0
    endloop
  endfacet
  facet normal 0 0 -1
    outer loop
      vertex -12.6207 -9.16945 0
      vertex -9.14189 -6.64197 0
      vertex -11.8623 -10.1314 0
    endloop
  endfacet
  facet normal -0 0 -1
    outer loop
      vertex -9.14189 -6.64197 0
      vertex -12.6207 -9.16945 0
      vertex -9.63483 -5.90423 0
    endloop
  endfacet
  facet normal 0 0 -1
    outer loop
      vertex -13.3012 -8.15098 0
      vertex -9.63483 -5.90423 0
      vertex -12.6207 -9.16945 0
    endloop
  endfacet
  facet normal -0 0 -1
    outer loop
      vertex -9.63483 -5.90423 0
      vertex -13.3012 -8.15098 0
      vertex -10.0684 -5.13009 0
    endloop
  endfacet
  facet normal 0 0 -1
    outer loop
      vertex -13.8997 -7.08225 0
      vertex -10.0684 -5.13009 0
      vertex -13.3012 -8.15098 0
    endloop
  endfacet
  facet normal -0 0 -1
    outer loop
      vertex -10.0684 -5.13009 0
      vertex -13.8997 -7.08225 0
      vertex -10.4398 -4.32432 0
    endloop
  endfacet
  facet normal 0 0 -1
    outer loop
      vertex -14.4125 -5.96986 0
      vertex -10.4398 -4.32432 0
      vertex -13.8997 -7.08225 0
    endloop
  endfacet
  facet normal -0 0 -1
    outer loop
      vertex -10.4398 -4.32432 0
      vertex -14.4125 -5.96986 0
      vertex -10.7469 -3.49189 0
    endloop
  endfacet
  facet normal 0 0 -1
    outer loop
      vertex -14.8365 -4.82066 0
      vertex -10.7469 -3.49189 0
      vertex -14.4125 -5.96986 0
    endloop
  endfacet
  facet normal -0 0 -1
    outer loop
      vertex -10.7469 -3.49189 0
      vertex -14.8365 -4.82066 0
      vertex -10.9878 -2.63793 0
    endloop
  endfacet
  facet normal 0 0 -1
    outer loop
      vertex -15.169 -3.64175 0
      vertex -10.9878 -2.63793 0
      vertex -14.8365 -4.82066 0
    endloop
  endfacet
  facet normal 0 -0 -1
    outer loop
      vertex -14.3 -0.75 0
      vertex -10.9878 -2.63793 0
      vertex -15.169 -3.64175 0
    endloop
  endfacet
  facet normal 0 0 -1
    outer loop
      vertex -11.1609 -1.76771 0
      vertex -14.3 -0.75 0
      vertex -11.2652 -0.886587 0
    endloop
  endfacet
  facet normal 0 0 -1
    outer loop
      vertex -10.9878 -2.63793 0
      vertex -14.3 -0.75 0
      vertex -11.1609 -1.76771 0
    endloop
  endfacet
  facet normal -0 0 -1
    outer loop
      vertex 15.169 3.64175 0
      vertex 10.9878 2.63793 0
      vertex 14.8365 4.82066 0
    endloop
  endfacet
  facet normal 0 0 -1
    outer loop
      vertex 10.7469 3.49189 0
      vertex 14.8365 4.82066 0
      vertex 10.9878 2.63793 0
    endloop
  endfacet
  facet normal 0 0 -1
    outer loop
      vertex 10.4398 4.32432 0
      vertex 14.4125 5.96986 0
      vertex 10.7469 3.49189 0
    endloop
  endfacet
  facet normal -0 0 -1
    outer loop
      vertex 14.4125 5.96986 0
      vertex 10.4398 4.32432 0
      vertex 13.8997 7.08225 0
    endloop
  endfacet
  facet normal 0 0 -1
    outer loop
      vertex 10.0684 5.13009 0
      vertex 13.8997 7.08225 0
      vertex 10.4398 4.32432 0
    endloop
  endfacet
  facet normal 0 0 -1
    outer loop
      vertex 11.2652 0.886587 0
      vertex 14.3 0.75 0
      vertex 11.2705 0.75 0
    endloop
  endfacet
  facet normal 0 0 -1
    outer loop
      vertex 11.1609 1.76771 0
      vertex 14.3 0.75 0
      vertex 11.2652 0.886587 0
    endloop
  endfacet
  facet normal 0 0 -1
    outer loop
      vertex 10.9878 2.63793 0
      vertex 14.3 0.75 0
      vertex 11.1609 1.76771 0
    endloop
  endfacet
  facet normal -0 0 -1
    outer loop
      vertex 14.8365 4.82066 0
      vertex 10.7469 3.49189 0
      vertex 14.4125 5.96986 0
    endloop
  endfacet
  facet normal -0 0 -1
    outer loop
      vertex 13.8997 7.08225 0
      vertex 10.0684 5.13009 0
      vertex 13.3012 8.15098 0
    endloop
  endfacet
  facet normal 0 0 -1
    outer loop
      vertex 9.63483 5.90423 0
      vertex 13.3012 8.15098 0
      vertex 10.0684 5.13009 0
    endloop
  endfacet
  facet normal -0 0 -1
    outer loop
      vertex 13.3012 8.15098 0
      vertex 9.63483 5.90423 0
      vertex 12.6207 9.16945 0
    endloop
  endfacet
  facet normal 0 0 -1
    outer loop
      vertex 9.14189 6.64197 0
      vertex 12.6207 9.16945 0
      vertex 9.63483 5.90423 0
    endloop
  endfacet
  facet normal -0 0 -1
    outer loop
      vertex 12.6207 9.16945 0
      vertex 9.14189 6.64197 0
      vertex 11.8623 10.1314 0
    endloop
  endfacet
  facet normal 0 0 -1
    outer loop
      vertex 8.59259 7.33876 0
      vertex 11.8623 10.1314 0
      vertex 9.14189 6.64197 0
    endloop
  endfacet
  facet normal -0 0 -1
    outer loop
      vertex 11.8623 10.1314 0
      vertex 8.59259 7.33876 0
      vertex 11.0309 11.0309 0
    endloop
  endfacet
  facet normal 0 0 -1
    outer loop
      vertex 7.99031 7.99031 0
      vertex 11.0309 11.0309 0
      vertex 8.59259 7.33876 0
    endloop
  endfacet
  facet normal -0 0 -1
    outer loop
      vertex 11.0309 11.0309 0
      vertex 7.99031 7.99031 0
      vertex 10.1314 11.8623 0
    endloop
  endfacet
  facet normal 0 0 -1
    outer loop
      vertex 7.33876 8.59259 0
      vertex 10.1314 11.8623 0
      vertex 7.99031 7.99031 0
    endloop
  endfacet
  facet normal -0 0 -1
    outer loop
      vertex 10.1314 11.8623 0
      vertex 7.33876 8.59259 0
      vertex 9.16945 12.6207 0
    endloop
  endfacet
  facet normal 0 0 -1
    outer loop
      vertex 6.64197 9.14189 0
      vertex 9.16945 12.6207 0
      vertex 7.33876 8.59259 0
    endloop
  endfacet
  facet normal -0 0 -1
    outer loop
      vertex 9.16945 12.6207 0
      vertex 6.64197 9.14189 0
      vertex 8.15098 13.3012 0
    endloop
  endfacet
  facet normal 0 0 -1
    outer loop
      vertex 5.90423 9.63483 0
      vertex 8.15098 13.3012 0
      vertex 6.64197 9.14189 0
    endloop
  endfacet
  facet normal -0 0 -1
    outer loop
      vertex 8.15098 13.3012 0
      vertex 5.90423 9.63483 0
      vertex 7.08225 13.8997 0
    endloop
  endfacet
  facet normal 0 0 -1
    outer loop
      vertex 5.13009 10.0684 0
      vertex 7.08225 13.8997 0
      vertex 5.90423 9.63483 0
    endloop
  endfacet
  facet normal -0 0 -1
    outer loop
      vertex 7.08225 13.8997 0
      vertex 5.13009 10.0684 0
      vertex 5.96986 14.4125 0
    endloop
  endfacet
  facet normal 0 0 -1
    outer loop
      vertex 4.32432 10.4398 0
      vertex 5.96986 14.4125 0
      vertex 5.13009 10.0684 0
    endloop
  endfacet
  facet normal -0 0 -1
    outer loop
      vertex 5.96986 14.4125 0
      vertex 4.32432 10.4398 0
      vertex 4.82066 14.8365 0
    endloop
  endfacet
  facet normal 0 0 -1
    outer loop
      vertex 3.49189 10.7469 0
      vertex 4.82066 14.8365 0
      vertex 4.32432 10.4398 0
    endloop
  endfacet
  facet normal -0 0 -1
    outer loop
      vertex 4.82066 14.8365 0
      vertex 3.49189 10.7469 0
      vertex 3.64175 15.169 0
    endloop
  endfacet
  facet normal 0 0 -1
    outer loop
      vertex 2.63793 10.9878 0
      vertex 3.64175 15.169 0
      vertex 3.49189 10.7469 0
    endloop
  endfacet
  facet normal 0 0 -1
    outer loop
      vertex 0.75 14.3 0
      vertex 3.64175 15.169 0
      vertex 2.63793 10.9878 0
    endloop
  endfacet
  facet normal 0 0 -1
    outer loop
      vertex 0.75 14.3 0
      vertex 2.63793 10.9878 0
      vertex 1.76771 11.1609 0
    endloop
  endfacet
  facet normal -0 0 -1
    outer loop
      vertex 3.64175 15.169 0
      vertex 0.75 14.3 0
      vertex 2.44038 15.4079 0
    endloop
  endfacet
  facet normal 0 0 -1
    outer loop
      vertex 0.75 14.3 0
      vertex 1.76771 11.1609 0
      vertex 0.886587 11.2652 0
    endloop
  endfacet
  facet normal 0 0 -1
    outer loop
      vertex 0.75 14.3 0
      vertex 0.886587 11.2652 0
      vertex 0.75 11.2705 0
    endloop
  endfacet
  facet normal -0 0 -1
    outer loop
      vertex 2.44038 15.4079 0
      vertex 0.75 14.3 0
      vertex 1.22396 15.5519 0
    endloop
  endfacet
  facet normal 0 0 -1
    outer loop
      vertex 0.75 14.3 0
      vertex 0 15.6 0
      vertex 1.22396 15.5519 0
    endloop
  endfacet
  facet normal 0 0 -1
    outer loop
      vertex -0.75 14.3 0
      vertex 0 15.6 0
      vertex 0.75 14.3 0
    endloop
  endfacet
  facet normal 0 0 -1
    outer loop
      vertex -0.75 14.3 0
      vertex -1.22396 15.5519 0
      vertex 0 15.6 0
    endloop
  endfacet
  facet normal 0 0 -1
    outer loop
      vertex -1.76771 11.1609 0
      vertex -0.75 14.3 0
      vertex -0.886587 11.2652 0
    endloop
  endfacet
  facet normal 0 0 -1
    outer loop
      vertex -2.63793 10.9878 0
      vertex -0.75 14.3 0
      vertex -1.76771 11.1609 0
    endloop
  endfacet
  facet normal 0 0 -1
    outer loop
      vertex -0.75 14.3 0
      vertex -2.44038 15.4079 0
      vertex -1.22396 15.5519 0
    endloop
  endfacet
  facet normal 0 0 -1
    outer loop
      vertex -3.64175 15.169 0
      vertex -0.75 14.3 0
      vertex -2.63793 10.9878 0
    endloop
  endfacet
  facet normal 0 0 -1
    outer loop
      vertex -3.64175 15.169 0
      vertex -2.63793 10.9878 0
      vertex -3.49189 10.7469 0
    endloop
  endfacet
  facet normal 0 0 -1
    outer loop
      vertex -0.75 14.3 0
      vertex -3.64175 15.169 0
      vertex -2.44038 15.4079 0
    endloop
  endfacet
  facet normal 0 0 -1
    outer loop
      vertex -4.82066 14.8365 0
      vertex -3.49189 10.7469 0
      vertex -4.32432 10.4398 0
    endloop
  endfacet
  facet normal 0 0 -1
    outer loop
      vertex -3.49189 10.7469 0
      vertex -4.82066 14.8365 0
      vertex -3.64175 15.169 0
    endloop
  endfacet
  facet normal 0 0 -1
    outer loop
      vertex -5.96986 14.4125 0
      vertex -4.32432 10.4398 0
      vertex -5.13009 10.0684 0
    endloop
  endfacet
  facet normal 0 0 -1
    outer loop
      vertex -7.08225 13.8997 0
      vertex -5.13009 10.0684 0
      vertex -5.90423 9.63483 0
    endloop
  endfacet
  facet normal 0 0 -1
    outer loop
      vertex -4.32432 10.4398 0
      vertex -5.96986 14.4125 0
      vertex -4.82066 14.8365 0
    endloop
  endfacet
  facet normal 0 0 -1
    outer loop
      vertex -8.15098 13.3012 0
      vertex -5.90423 9.63483 0
      vertex -6.64197 9.14189 0
    endloop
  endfacet
  facet normal 0 0 -1
    outer loop
      vertex -5.13009 10.0684 0
      vertex -7.08225 13.8997 0
      vertex -5.96986 14.4125 0
    endloop
  endfacet
  facet normal 0 0 -1
    outer loop
      vertex -9.16945 12.6207 0
      vertex -6.64197 9.14189 0
      vertex -7.33876 8.59259 0
    endloop
  endfacet
  facet normal 0 0 -1
    outer loop
      vertex -10.1314 11.8623 0
      vertex -7.33876 8.59259 0
      vertex -7.99031 7.99031 0
    endloop
  endfacet
  facet normal 0 0 -1
    outer loop
      vertex -5.90423 9.63483 0
      vertex -8.15098 13.3012 0
      vertex -7.08225 13.8997 0
    endloop
  endfacet
  facet normal 0 0 -1
    outer loop
      vertex -11.0309 11.0309 0
      vertex -7.99031 7.99031 0
      vertex -8.59259 7.33876 0
    endloop
  endfacet
  facet normal 0 0 -1
    outer loop
      vertex -11.8623 10.1314 0
      vertex -8.59259 7.33876 0
      vertex -9.14189 6.64197 0
    endloop
  endfacet
  facet normal 0 0 -1
    outer loop
      vertex -6.64197 9.14189 0
      vertex -9.16945 12.6207 0
      vertex -8.15098 13.3012 0
    endloop
  endfacet
  facet normal 0 0 -1
    outer loop
      vertex -12.6207 9.16945 0
      vertex -9.14189 6.64197 0
      vertex -9.63483 5.90423 0
    endloop
  endfacet
  facet normal 0 0 -1
    outer loop
      vertex -13.3012 8.15098 0
      vertex -9.63483 5.90423 0
      vertex -10.0684 5.13009 0
    endloop
  endfacet
  facet normal 0 0 -1
    outer loop
      vertex -7.33876 8.59259 0
      vertex -10.1314 11.8623 0
      vertex -9.16945 12.6207 0
    endloop
  endfacet
  facet normal 0 0 -1
    outer loop
      vertex -13.8997 7.08225 0
      vertex -10.0684 5.13009 0
      vertex -10.4398 4.32432 0
    endloop
  endfacet
  facet normal 0 0 -1
    outer loop
      vertex -14.4125 5.96986 0
      vertex -10.4398 4.32432 0
      vertex -10.7469 3.49189 0
    endloop
  endfacet
  facet normal 0 0 -1
    outer loop
      vertex -14.8365 4.82066 0
      vertex -10.7469 3.49189 0
      vertex -10.9878 2.63793 0
    endloop
  endfacet
  facet normal 0 0 -1
    outer loop
      vertex -7.99031 7.99031 0
      vertex -11.0309 11.0309 0
      vertex -10.1314 11.8623 0
    endloop
  endfacet
  facet normal 0 0 -1
    outer loop
      vertex -14.3 0.75 0
      vertex -10.9878 2.63793 0
      vertex -11.1609 1.76771 0
    endloop
  endfacet
  facet normal 0 0 -1
    outer loop
      vertex -14.3 0.75 0
      vertex -11.1609 1.76771 0
      vertex -11.2652 0.886587 0
    endloop
  endfacet
  facet normal 0 0 -1
    outer loop
      vertex -14.3 0.75 0
      vertex -11.2652 0.886587 0
      vertex -11.2705 0.75 0
    endloop
  endfacet
  facet normal 0 0 -1
    outer loop
      vertex -8.59259 7.33876 0
      vertex -11.8623 10.1314 0
      vertex -11.0309 11.0309 0
    endloop
  endfacet
  facet normal 0 0 -1
    outer loop
      vertex -9.14189 6.64197 0
      vertex -12.6207 9.16945 0
      vertex -11.8623 10.1314 0
    endloop
  endfacet
  facet normal 0 0 -1
    outer loop
      vertex -9.63483 5.90423 0
      vertex -13.3012 8.15098 0
      vertex -12.6207 9.16945 0
    endloop
  endfacet
  facet normal 0 0 -1
    outer loop
      vertex -10.0684 5.13009 0
      vertex -13.8997 7.08225 0
      vertex -13.3012 8.15098 0
    endloop
  endfacet
  facet normal -0 0 -1
    outer loop
      vertex -10.9878 2.63793 0
      vertex -14.3 0.75 0
      vertex -15.169 3.64175 0
    endloop
  endfacet
  facet normal 0 0 -1
    outer loop
      vertex -10.4398 4.32432 0
      vertex -14.4125 5.96986 0
      vertex -13.8997 7.08225 0
    endloop
  endfacet
  facet normal 0 0 -1
    outer loop
      vertex -11.2652 -0.886587 0
      vertex -14.3 -0.75 0
      vertex -11.2705 -0.75 0
    endloop
  endfacet
  facet normal 0 0 -1
    outer loop
      vertex -15.4079 -2.44038 0
      vertex -14.3 -0.75 0
      vertex -15.169 -3.64175 0
    endloop
  endfacet
  facet normal 0 0 -1
    outer loop
      vertex -10.7469 3.49189 0
      vertex -14.8365 4.82066 0
      vertex -14.4125 5.96986 0
    endloop
  endfacet
  facet normal 0 0 -1
    outer loop
      vertex -15.5519 -1.22396 0
      vertex -14.3 -0.75 0
      vertex -15.4079 -2.44038 0
    endloop
  endfacet
  facet normal 0 0 -1
    outer loop
      vertex -10.9878 2.63793 0
      vertex -15.169 3.64175 0
      vertex -14.8365 4.82066 0
    endloop
  endfacet
  facet normal 0 0 -1
    outer loop
      vertex -15.6 0 0
      vertex -14.3 -0.75 0
      vertex -15.5519 -1.22396 0
    endloop
  endfacet
  facet normal 0 0 -1
    outer loop
      vertex -14.3 0.75 0
      vertex -15.4079 2.44038 0
      vertex -15.169 3.64175 0
    endloop
  endfacet
  facet normal 0 0 -1
    outer loop
      vertex -14.3 -0.75 0
      vertex -15.6 0 0
      vertex -14.3 0.75 0
    endloop
  endfacet
  facet normal 0 0 -1
    outer loop
      vertex -14.3 0.75 0
      vertex -15.5519 1.22396 0
      vertex -15.4079 2.44038 0
    endloop
  endfacet
  facet normal -0 0 -1
    outer loop
      vertex -14.3 0.75 0
      vertex -15.6 0 0
      vertex -15.5519 1.22396 0
    endloop
  endfacet
  facet normal 0 0 -1
    outer loop
      vertex 0.886587 -11.2652 0
      vertex 0.75 -14.3 0
      vertex 0.75 -11.2705 0
    endloop
  endfacet
  facet normal 0.980796 0.195037 0
    outer loop
      vertex 15.4079 2.44038 17
      vertex 15.169 3.64175 0
      vertex 15.169 3.64175 17
    endloop
  endfacet
  facet normal 0.980796 0.195037 0
    outer loop
      vertex 15.169 3.64175 0
      vertex 15.4079 2.44038 17
      vertex 15.4079 2.44038 0
    endloop
  endfacet
  facet normal 0.785293 0.619124 0
    outer loop
      vertex 12.6207 9.16945 17
      vertex 11.8623 10.1314 0
      vertex 11.8623 10.1314 17
    endloop
  endfacet
  facet normal 0.785293 0.619124 0
    outer loop
      vertex 11.8623 10.1314 0
      vertex 12.6207 9.16945 17
      vertex 12.6207 9.16945 0
    endloop
  endfacet
  facet normal 0.734359 0.678761 0
    outer loop
      vertex 11.8623 10.1314 17
      vertex 11.0309 11.0309 0
      vertex 11.0309 11.0309 17
    endloop
  endfacet
  facet normal 0.734359 0.678761 0
    outer loop
      vertex 11.0309 11.0309 0
      vertex 11.8623 10.1314 17
      vertex 11.8623 10.1314 0
    endloop
  endfacet
  facet normal 0.195037 0.980796 -0
    outer loop
      vertex 3.64175 15.169 0
      vertex 2.44038 15.4079 17
      vertex 3.64175 15.169 17
    endloop
  endfacet
  facet normal 0.195037 0.980796 0
    outer loop
      vertex 2.44038 15.4079 17
      vertex 3.64175 15.169 0
      vertex 2.44038 15.4079 0
    endloop
  endfacet
  facet normal 0.27145 0.962452 -0
    outer loop
      vertex 4.82066 14.8365 0
      vertex 3.64175 15.169 17
      vertex 4.82066 14.8365 17
    endloop
  endfacet
  facet normal 0.27145 0.962452 0
    outer loop
      vertex 3.64175 15.169 17
      vertex 4.82066 14.8365 0
      vertex 3.64175 15.169 0
    endloop
  endfacet
  facet normal 0.48861 0.872502 -0
    outer loop
      vertex 8.15098 13.3012 0
      vertex 7.08225 13.8997 17
      vertex 8.15098 13.3012 17
    endloop
  endfacet
  facet normal 0.48861 0.872502 0
    outer loop
      vertex 7.08225 13.8997 17
      vertex 8.15098 13.3012 0
      vertex 7.08225 13.8997 0
    endloop
  endfacet
  facet normal 0.418647 0.908149 -0
    outer loop
      vertex 7.08225 13.8997 0
      vertex 5.96986 14.4125 17
      vertex 7.08225 13.8997 17
    endloop
  endfacet
  facet normal 0.418647 0.908149 0
    outer loop
      vertex 5.96986 14.4125 17
      vertex 7.08225 13.8997 0
      vertex 5.96986 14.4125 0
    endloop
  endfacet
  facet normal -0.785293 0.619124 0
    outer loop
      vertex -12.6207 9.16945 0
      vertex -11.8623 10.1314 17
      vertex -11.8623 10.1314 0
    endloop
  endfacet
  facet normal -0.785293 0.619124 0
    outer loop
      vertex -11.8623 10.1314 17
      vertex -12.6207 9.16945 0
      vertex -12.6207 9.16945 17
    endloop
  endfacet
  facet normal -0.734359 0.678761 0
    outer loop
      vertex -11.8623 10.1314 0
      vertex -11.0309 11.0309 17
      vertex -11.0309 11.0309 0
    endloop
  endfacet
  facet normal -0.734359 0.678761 0
    outer loop
      vertex -11.0309 11.0309 17
      vertex -11.8623 10.1314 0
      vertex -11.8623 10.1314 17
    endloop
  endfacet
  facet normal -0.962452 0.27145 0
    outer loop
      vertex -15.169 3.64175 0
      vertex -14.8365 4.82066 17
      vertex -14.8365 4.82066 0
    endloop
  endfacet
  facet normal -0.962452 0.27145 0
    outer loop
      vertex -14.8365 4.82066 17
      vertex -15.169 3.64175 0
      vertex -15.169 3.64175 17
    endloop
  endfacet
  facet normal -0.619124 0.785293 0
    outer loop
      vertex -9.16945 12.6207 0
      vertex -10.1314 11.8623 17
      vertex -9.16945 12.6207 17
    endloop
  endfacet
  facet normal -0.619124 0.785293 0
    outer loop
      vertex -10.1314 11.8623 17
      vertex -9.16945 12.6207 0
      vertex -10.1314 11.8623 0
    endloop
  endfacet
  facet normal 0.872502 -0.48861 0
    outer loop
      vertex 13.3012 -8.15098 17
      vertex 13.8997 -7.08225 0
      vertex 13.8997 -7.08225 17
    endloop
  endfacet
  facet normal 0.872502 -0.48861 0
    outer loop
      vertex 13.8997 -7.08225 0
      vertex 13.3012 -8.15098 17
      vertex 13.3012 -8.15098 0
    endloop
  endfacet
  facet normal 0.938181 -0.346144 0
    outer loop
      vertex 14.4125 -5.96986 17
      vertex 14.8365 -4.82066 0
      vertex 14.8365 -4.82066 17
    endloop
  endfacet
  facet normal 0.938181 -0.346144 0
    outer loop
      vertex 14.8365 -4.82066 0
      vertex 14.4125 -5.96986 17
      vertex 14.4125 -5.96986 0
    endloop
  endfacet
  facet normal 0.993066 -0.117559 0
    outer loop
      vertex 15.4079 -2.44038 17
      vertex 15.5519 -1.22396 0
      vertex 15.5519 -1.22396 17
    endloop
  endfacet
  facet normal 0.993066 -0.117559 0
    outer loop
      vertex 15.5519 -1.22396 0
      vertex 15.4079 -2.44038 17
      vertex 15.4079 -2.44038 0
    endloop
  endfacet
  facet normal 0.999229 -0.0392684 0
    outer loop
      vertex 15.5519 -1.22396 17
      vertex 15.6 0 0
      vertex 15.6 0 17
    endloop
  endfacet
  facet normal 0.999229 -0.0392684 0
    outer loop
      vertex 15.6 0 0
      vertex 15.5519 -1.22396 17
      vertex 15.5519 -1.22396 0
    endloop
  endfacet
  facet normal 0.785293 -0.619124 0
    outer loop
      vertex 11.8623 -10.1314 17
      vertex 12.6207 -9.16945 0
      vertex 12.6207 -9.16945 17
    endloop
  endfacet
  facet normal 0.785293 -0.619124 0
    outer loop
      vertex 12.6207 -9.16945 0
      vertex 11.8623 -10.1314 17
      vertex 11.8623 -10.1314 0
    endloop
  endfacet
  facet normal 0.48861 -0.872502 0
    outer loop
      vertex 7.08225 -13.8997 0
      vertex 8.15098 -13.3012 17
      vertex 7.08225 -13.8997 17
    endloop
  endfacet
  facet normal 0.48861 -0.872502 0
    outer loop
      vertex 8.15098 -13.3012 17
      vertex 7.08225 -13.8997 0
      vertex 8.15098 -13.3012 0
    endloop
  endfacet
  facet normal -0.785293 -0.619124 0
    outer loop
      vertex -11.8623 -10.1314 0
      vertex -12.6207 -9.16945 17
      vertex -12.6207 -9.16945 0
    endloop
  endfacet
  facet normal -0.785293 -0.619124 0
    outer loop
      vertex -12.6207 -9.16945 17
      vertex -11.8623 -10.1314 0
      vertex -11.8623 -10.1314 17
    endloop
  endfacet
  facet normal -0.980796 -0.195037 0
    outer loop
      vertex -15.169 -3.64175 0
      vertex -15.4079 -2.44038 17
      vertex -15.4079 -2.44038 0
    endloop
  endfacet
  facet normal -0.980796 -0.195037 0
    outer loop
      vertex -15.4079 -2.44038 17
      vertex -15.169 -3.64175 0
      vertex -15.169 -3.64175 17
    endloop
  endfacet
  facet normal -0.938181 -0.346144 0
    outer loop
      vertex -14.4125 -5.96986 0
      vertex -14.8365 -4.82066 17
      vertex -14.8365 -4.82066 0
    endloop
  endfacet
  facet normal -0.938181 -0.346144 0
    outer loop
      vertex -14.8365 -4.82066 17
      vertex -14.4125 -5.96986 0
      vertex -14.4125 -5.96986 17
    endloop
  endfacet
  facet normal 0.117559 -0.993066 0
    outer loop
      vertex 1.22396 -15.5519 0
      vertex 2.44038 -15.4079 17
      vertex 1.22396 -15.5519 17
    endloop
  endfacet
  facet normal 0.117559 -0.993066 0
    outer loop
      vertex 2.44038 -15.4079 17
      vertex 1.22396 -15.5519 0
      vertex 2.44038 -15.4079 0
    endloop
  endfacet
  facet normal 0.27145 -0.962452 0
    outer loop
      vertex 3.64175 -15.169 0
      vertex 4.82066 -14.8365 17
      vertex 3.64175 -15.169 17
    endloop
  endfacet
  facet normal 0.27145 -0.962452 0
    outer loop
      vertex 4.82066 -14.8365 17
      vertex 3.64175 -15.169 0
      vertex 4.82066 -14.8365 0
    endloop
  endfacet
  facet normal 0.418647 -0.908149 0
    outer loop
      vertex 5.96986 -14.4125 0
      vertex 7.08225 -13.8997 17
      vertex 5.96986 -14.4125 17
    endloop
  endfacet
  facet normal 0.418647 -0.908149 0
    outer loop
      vertex 7.08225 -13.8997 17
      vertex 5.96986 -14.4125 0
      vertex 7.08225 -13.8997 0
    endloop
  endfacet
  facet normal 0.962452 -0.27145 0
    outer loop
      vertex 14.8365 -4.82066 17
      vertex 15.169 -3.64175 0
      vertex 15.169 -3.64175 17
    endloop
  endfacet
  facet normal 0.962452 -0.27145 0
    outer loop
      vertex 15.169 -3.64175 0
      vertex 14.8365 -4.82066 17
      vertex 14.8365 -4.82066 0
    endloop
  endfacet
  facet normal 0.831477 -0.555559 0
    outer loop
      vertex 12.6207 -9.16945 17
      vertex 13.3012 -8.15098 0
      vertex 13.3012 -8.15098 17
    endloop
  endfacet
  facet normal 0.831477 -0.555559 0
    outer loop
      vertex 13.3012 -8.15098 0
      vertex 12.6207 -9.16945 17
      vertex 12.6207 -9.16945 0
    endloop
  endfacet
  facet normal -0.346144 -0.938181 0
    outer loop
      vertex -5.96986 -14.4125 0
      vertex -4.82066 -14.8365 17
      vertex -5.96986 -14.4125 17
    endloop
  endfacet
  facet normal -0.346144 -0.938181 -0
    outer loop
      vertex -4.82066 -14.8365 17
      vertex -5.96986 -14.4125 0
      vertex -4.82066 -14.8365 0
    endloop
  endfacet
  facet normal -0.117559 -0.993066 0
    outer loop
      vertex -2.44038 -15.4079 0
      vertex -1.22396 -15.5519 17
      vertex -2.44038 -15.4079 17
    endloop
  endfacet
  facet normal -0.117559 -0.993066 -0
    outer loop
      vertex -1.22396 -15.5519 17
      vertex -2.44038 -15.4079 0
      vertex -1.22396 -15.5519 0
    endloop
  endfacet
  facet normal -0.48861 -0.872502 0
    outer loop
      vertex -8.15098 -13.3012 0
      vertex -7.08225 -13.8997 17
      vertex -8.15098 -13.3012 17
    endloop
  endfacet
  facet normal -0.48861 -0.872502 -0
    outer loop
      vertex -7.08225 -13.8997 17
      vertex -8.15098 -13.3012 0
      vertex -7.08225 -13.8997 0
    endloop
  endfacet
  facet normal -0.872502 -0.48861 0
    outer loop
      vertex -13.3012 -8.15098 0
      vertex -13.8997 -7.08225 17
      vertex -13.8997 -7.08225 0
    endloop
  endfacet
  facet normal -0.872502 -0.48861 0
    outer loop
      vertex -13.8997 -7.08225 17
      vertex -13.3012 -8.15098 0
      vertex -13.3012 -8.15098 17
    endloop
  endfacet
  facet normal -0.734359 -0.678761 0
    outer loop
      vertex -11.0309 -11.0309 0
      vertex -11.8623 -10.1314 17
      vertex -11.8623 -10.1314 0
    endloop
  endfacet
  facet normal -0.734359 -0.678761 0
    outer loop
      vertex -11.8623 -10.1314 17
      vertex -11.0309 -11.0309 0
      vertex -11.0309 -11.0309 17
    endloop
  endfacet
  facet normal -0.993066 -0.117559 0
    outer loop
      vertex -15.4079 -2.44038 0
      vertex -15.5519 -1.22396 17
      vertex -15.5519 -1.22396 0
    endloop
  endfacet
  facet normal -0.993066 -0.117559 0
    outer loop
      vertex -15.5519 -1.22396 17
      vertex -15.4079 -2.44038 0
      vertex -15.4079 -2.44038 17
    endloop
  endfacet
  facet normal -0.999229 -0.0392684 0
    outer loop
      vertex -15.5519 -1.22396 0
      vertex -15.6 0 17
      vertex -15.6 0 0
    endloop
  endfacet
  facet normal -0.999229 -0.0392684 0
    outer loop
      vertex -15.6 0 17
      vertex -15.5519 -1.22396 0
      vertex -15.5519 -1.22396 17
    endloop
  endfacet
  facet normal 0.195037 -0.980796 0
    outer loop
      vertex 2.44038 -15.4079 0
      vertex 3.64175 -15.169 17
      vertex 2.44038 -15.4079 17
    endloop
  endfacet
  facet normal 0.195037 -0.980796 0
    outer loop
      vertex 3.64175 -15.169 17
      vertex 2.44038 -15.4079 0
      vertex 3.64175 -15.169 0
    endloop
  endfacet
  facet normal 0.908149 -0.418647 0
    outer loop
      vertex 13.8997 -7.08225 17
      vertex 14.4125 -5.96986 0
      vertex 14.4125 -5.96986 17
    endloop
  endfacet
  facet normal 0.908149 -0.418647 0
    outer loop
      vertex 14.4125 -5.96986 0
      vertex 13.8997 -7.08225 17
      vertex 13.8997 -7.08225 0
    endloop
  endfacet
  facet normal 0.678761 -0.734359 0
    outer loop
      vertex 10.1314 -11.8623 0
      vertex 11.0309 -11.0309 17
      vertex 10.1314 -11.8623 17
    endloop
  endfacet
  facet normal 0.678761 -0.734359 0
    outer loop
      vertex 11.0309 -11.0309 17
      vertex 10.1314 -11.8623 0
      vertex 11.0309 -11.0309 0
    endloop
  endfacet
  facet normal 0.555559 -0.831477 0
    outer loop
      vertex 8.15098 -13.3012 0
      vertex 9.16945 -12.6207 17
      vertex 8.15098 -13.3012 17
    endloop
  endfacet
  facet normal 0.555559 -0.831477 0
    outer loop
      vertex 9.16945 -12.6207 17
      vertex 8.15098 -13.3012 0
      vertex 9.16945 -12.6207 0
    endloop
  endfacet
  facet normal -0.0392684 -0.999229 0
    outer loop
      vertex -1.22396 -15.5519 0
      vertex 0 -15.6 17
      vertex -1.22396 -15.5519 17
    endloop
  endfacet
  facet normal -0.0392684 -0.999229 -0
    outer loop
      vertex 0 -15.6 17
      vertex -1.22396 -15.5519 0
      vertex 0 -15.6 0
    endloop
  endfacet
  facet normal -0.27145 -0.962452 0
    outer loop
      vertex -4.82066 -14.8365 0
      vertex -3.64175 -15.169 17
      vertex -4.82066 -14.8365 17
    endloop
  endfacet
  facet normal -0.27145 -0.962452 -0
    outer loop
      vertex -3.64175 -15.169 17
      vertex -4.82066 -14.8365 0
      vertex -3.64175 -15.169 0
    endloop
  endfacet
  facet normal -0.619124 -0.785293 0
    outer loop
      vertex -10.1314 -11.8623 0
      vertex -9.16945 -12.6207 17
      vertex -10.1314 -11.8623 17
    endloop
  endfacet
  facet normal -0.619124 -0.785293 -0
    outer loop
      vertex -9.16945 -12.6207 17
      vertex -10.1314 -11.8623 0
      vertex -9.16945 -12.6207 0
    endloop
  endfacet
  facet normal -0.555559 -0.831477 0
    outer loop
      vertex -9.16945 -12.6207 0
      vertex -8.15098 -13.3012 17
      vertex -9.16945 -12.6207 17
    endloop
  endfacet
  facet normal -0.555559 -0.831477 -0
    outer loop
      vertex -8.15098 -13.3012 17
      vertex -9.16945 -12.6207 0
      vertex -8.15098 -13.3012 0
    endloop
  endfacet
  facet normal -0.418647 -0.908149 0
    outer loop
      vertex -7.08225 -13.8997 0
      vertex -5.96986 -14.4125 17
      vertex -7.08225 -13.8997 17
    endloop
  endfacet
  facet normal -0.418647 -0.908149 -0
    outer loop
      vertex -5.96986 -14.4125 17
      vertex -7.08225 -13.8997 0
      vertex -5.96986 -14.4125 0
    endloop
  endfacet
  facet normal -0.962452 -0.27145 0
    outer loop
      vertex -14.8365 -4.82066 0
      vertex -15.169 -3.64175 17
      vertex -15.169 -3.64175 0
    endloop
  endfacet
  facet normal -0.962452 -0.27145 0
    outer loop
      vertex -15.169 -3.64175 17
      vertex -14.8365 -4.82066 0
      vertex -14.8365 -4.82066 17
    endloop
  endfacet
  facet normal 0.619124 -0.785293 0
    outer loop
      vertex 9.16945 -12.6207 0
      vertex 10.1314 -11.8623 17
      vertex 9.16945 -12.6207 17
    endloop
  endfacet
  facet normal 0.619124 -0.785293 0
    outer loop
      vertex 10.1314 -11.8623 17
      vertex 9.16945 -12.6207 0
      vertex 10.1314 -11.8623 0
    endloop
  endfacet
  facet normal -0.195037 -0.980796 0
    outer loop
      vertex -3.64175 -15.169 0
      vertex -2.44038 -15.4079 17
      vertex -3.64175 -15.169 17
    endloop
  endfacet
  facet normal -0.195037 -0.980796 -0
    outer loop
      vertex -2.44038 -15.4079 17
      vertex -3.64175 -15.169 0
      vertex -2.44038 -15.4079 0
    endloop
  endfacet
  facet normal -0.678833 -0.734293 0
    outer loop
      vertex 14.2879 16.7289 17
      vertex 15.5563 15.5563 18.19
      vertex 14.2879 16.7289 18.19
    endloop
  endfacet
  facet normal -0.678833 -0.734293 -0
    outer loop
      vertex 15.5563 15.5563 18.19
      vertex 14.2879 16.7289 17
      vertex 15.5563 15.5563 17
    endloop
  endfacet
  facet normal 0.346121 -0.93819 0
    outer loop
      vertex -8.41903 20.3253 17
      vertex -6.79837 20.9232 18.19
      vertex -8.41903 20.3253 18.19
    endloop
  endfacet
  facet normal 0.346121 -0.93819 0
    outer loop
      vertex -6.79837 20.9232 18.19
      vertex -8.41903 20.3253 17
      vertex -6.79837 20.9232 17
    endloop
  endfacet
  facet normal 0.908145 -0.418656 0
    outer loop
      vertex -20.3253 8.41903 18.19
      vertex -19.6021 9.98779 17
      vertex -19.6021 9.98779 18.19
    endloop
  endfacet
  facet normal 0.908145 -0.418656 0
    outer loop
      vertex -19.6021 9.98779 17
      vertex -20.3253 8.41903 18.19
      vertex -20.3253 8.41903 17
    endloop
  endfacet
  facet normal -0.993064 0.117573 0
    outer loop
      vertex 21.7291 -3.44156 17
      vertex 21.9322 -1.7261 18.19
      vertex 21.9322 -1.7261 17
    endloop
  endfacet
  facet normal -0.993064 0.117573 0
    outer loop
      vertex 21.9322 -1.7261 18.19
      vertex 21.7291 -3.44156 17
      vertex 21.7291 -3.44156 18.19
    endloop
  endfacet
  facet normal 0.418656 0.908145 -0
    outer loop
      vertex -8.41903 -20.3253 17
      vertex -9.75113 -19.7112 18.19
      vertex -8.41903 -20.3253 18.19
    endloop
  endfacet
  facet normal 0.418656 0.908145 0
    outer loop
      vertex -9.75113 -19.7112 18.19
      vertex -8.41903 -20.3253 17
      vertex -9.75113 -19.7112 17
    endloop
  endfacet
  facet normal -0.872515 -0.488587 0
    outer loop
      vertex 19.6021 9.98779 17
      vertex 18.7581 11.495 18.19
      vertex 18.7581 11.495 17
    endloop
  endfacet
  facet normal -0.872515 -0.488587 0
    outer loop
      vertex 18.7581 11.495 18.19
      vertex 19.6021 9.98779 17
      vertex 19.6021 9.98779 18.19
    endloop
  endfacet
  facet normal -0.418656 -0.908145 0
    outer loop
      vertex 8.41903 20.3253 17
      vertex 9.98779 19.6021 18.19
      vertex 8.41903 20.3253 18.19
    endloop
  endfacet
  facet normal -0.418656 -0.908145 -0
    outer loop
      vertex 9.98779 19.6021 18.19
      vertex 8.41903 20.3253 17
      vertex 9.98779 19.6021 17
    endloop
  endfacet
  facet normal -0.117573 -0.993064 0
    outer loop
      vertex 1.7261 21.9322 17
      vertex 3.44156 21.7291 18.19
      vertex 1.7261 21.9322 18.19
    endloop
  endfacet
  facet normal -0.117573 -0.993064 -0
    outer loop
      vertex 3.44156 21.7291 18.19
      vertex 1.7261 21.9322 17
      vertex 3.44156 21.7291 17
    endloop
  endfacet
  facet normal 0.993064 -0.117573 0
    outer loop
      vertex -21.9322 1.7261 18.19
      vertex -21.7291 3.44156 17
      vertex -21.7291 3.44156 18.19
    endloop
  endfacet
  facet normal 0.993064 -0.117573 0
    outer loop
      vertex -21.7291 3.44156 17
      vertex -21.9322 1.7261 18.19
      vertex -21.9322 1.7261 17
    endloop
  endfacet
  facet normal 0.734293 -0.678833 0
    outer loop
      vertex -16.7289 14.2879 18.19
      vertex -15.5563 15.5563 17
      vertex -15.5563 15.5563 18.19
    endloop
  endfacet
  facet normal 0.734293 -0.678833 0
    outer loop
      vertex -15.5563 15.5563 17
      vertex -16.7289 14.2879 18.19
      vertex -16.7289 14.2879 17
    endloop
  endfacet
  facet normal 0.117573 -0.993064 0
    outer loop
      vertex -3.44156 21.7291 17
      vertex -1.7261 21.9322 18.19
      vertex -3.44156 21.7291 18.19
    endloop
  endfacet
  facet normal 0.117573 -0.993064 0
    outer loop
      vertex -1.7261 21.9322 18.19
      vertex -3.44156 21.7291 17
      vertex -1.7261 21.9322 17
    endloop
  endfacet
  facet normal -0.93819 0.346121 0
    outer loop
      vertex 20.3253 -8.41903 17
      vertex 20.9232 -6.79837 18.19
      vertex 20.9232 -6.79837 17
    endloop
  endfacet
  facet normal -0.93819 0.346121 0
    outer loop
      vertex 20.9232 -6.79837 18.19
      vertex 20.3253 -8.41903 17
      vertex 20.3253 -8.41903 18.19
    endloop
  endfacet
  facet normal 0.117573 0.993064 -0
    outer loop
      vertex -1.7261 -21.9322 17
      vertex -3.44156 -21.7291 18.19
      vertex -1.7261 -21.9322 18.19
    endloop
  endfacet
  facet normal 0.117573 0.993064 0
    outer loop
      vertex -3.44156 -21.7291 18.19
      vertex -1.7261 -21.9322 17
      vertex -3.44156 -21.7291 17
    endloop
  endfacet
  facet normal 0.678833 0.734293 -0
    outer loop
      vertex -14.2879 -16.7289 17
      vertex -15.5563 -15.5563 18.19
      vertex -14.2879 -16.7289 18.19
    endloop
  endfacet
  facet normal 0.678833 0.734293 0
    outer loop
      vertex -15.5563 -15.5563 18.19
      vertex -14.2879 -16.7289 17
      vertex -15.5563 -15.5563 17
    endloop
  endfacet
  facet normal -0.993064 -0.117573 0
    outer loop
      vertex 21.9322 1.7261 17
      vertex 21.7291 3.44156 18.19
      vertex 21.7291 3.44156 17
    endloop
  endfacet
  facet normal -0.993064 -0.117573 0
    outer loop
      vertex 21.7291 3.44156 18.19
      vertex 21.9322 1.7261 17
      vertex 21.9322 1.7261 18.19
    endloop
  endfacet
  facet normal -0.980786 -0.195087 0
    outer loop
      vertex 21.7291 3.44156 17
      vertex 21.3921 5.1358 18.19
      vertex 21.3921 5.1358 17
    endloop
  endfacet
  facet normal -0.980786 -0.195087 0
    outer loop
      vertex 21.3921 5.1358 18.19
      vertex 21.7291 3.44156 17
      vertex 21.7291 3.44156 18.19
    endloop
  endfacet
  facet normal -0.962454 -0.271444 0
    outer loop
      vertex 21.3921 5.1358 17
      vertex 20.9232 6.79837 18.19
      vertex 20.9232 6.79837 17
    endloop
  endfacet
  facet normal -0.962454 -0.271444 0
    outer loop
      vertex 20.9232 6.79837 18.19
      vertex 21.3921 5.1358 17
      vertex 21.3921 5.1358 18.19
    endloop
  endfacet
  facet normal -0.785305 -0.619109 0
    outer loop
      vertex 17.7984 12.9313 17
      vertex 16.7289 14.2879 18.19
      vertex 16.7289 14.2879 17
    endloop
  endfacet
  facet normal -0.785305 -0.619109 0
    outer loop
      vertex 16.7289 14.2879 18.19
      vertex 17.7984 12.9313 17
      vertex 17.7984 12.9313 18.19
    endloop
  endfacet
  facet normal -0.831471 -0.555568 0
    outer loop
      vertex 18.7581 11.495 17
      vertex 17.7984 12.9313 18.19
      vertex 17.7984 12.9313 17
    endloop
  endfacet
  facet normal -0.831471 -0.555568 0
    outer loop
      vertex 17.7984 12.9313 18.19
      vertex 18.7581 11.495 17
      vertex 18.7581 11.495 18.19
    endloop
  endfacet
  facet normal -0.734293 -0.678833 0
    outer loop
      vertex 16.7289 14.2879 17
      vertex 15.5563 15.5563 18.19
      vertex 15.5563 15.5563 17
    endloop
  endfacet
  facet normal -0.734293 -0.678833 0
    outer loop
      vertex 15.5563 15.5563 18.19
      vertex 16.7289 14.2879 17
      vertex 16.7289 14.2879 18.19
    endloop
  endfacet
  facet normal -0.555568 -0.831471 0
    outer loop
      vertex 11.495 18.7581 17
      vertex 12.9313 17.7984 18.19
      vertex 11.495 18.7581 18.19
    endloop
  endfacet
  facet normal -0.555568 -0.831471 -0
    outer loop
      vertex 12.9313 17.7984 18.19
      vertex 11.495 18.7581 17
      vertex 12.9313 17.7984 17
    endloop
  endfacet
  facet normal -0.039249 -0.999229 0
    outer loop
      vertex 0 22 17
      vertex 1.7261 21.9322 18.19
      vertex 0 22 18.19
    endloop
  endfacet
  facet normal -0.039249 -0.999229 -0
    outer loop
      vertex 1.7261 21.9322 18.19
      vertex 0 22 17
      vertex 1.7261 21.9322 17
    endloop
  endfacet
  facet normal -0.488587 -0.872515 0
    outer loop
      vertex 9.98779 19.6021 17
      vertex 11.495 18.7581 18.19
      vertex 9.98779 19.6021 18.19
    endloop
  endfacet
  facet normal -0.488587 -0.872515 -0
    outer loop
      vertex 11.495 18.7581 18.19
      vertex 9.98779 19.6021 17
      vertex 11.495 18.7581 17
    endloop
  endfacet
  facet normal -0.346121 -0.93819 0
    outer loop
      vertex 6.79837 20.9232 17
      vertex 8.41903 20.3253 18.19
      vertex 6.79837 20.9232 18.19
    endloop
  endfacet
  facet normal -0.346121 -0.93819 -0
    outer loop
      vertex 8.41903 20.3253 18.19
      vertex 6.79837 20.9232 17
      vertex 8.41903 20.3253 17
    endloop
  endfacet
  facet normal -0.195087 -0.980786 0
    outer loop
      vertex 3.44156 21.7291 17
      vertex 5.1358 21.3921 18.19
      vertex 3.44156 21.7291 18.19
    endloop
  endfacet
  facet normal -0.195087 -0.980786 -0
    outer loop
      vertex 5.1358 21.3921 18.19
      vertex 3.44156 21.7291 17
      vertex 5.1358 21.3921 17
    endloop
  endfacet
  facet normal 0.999229 -0.039249 0
    outer loop
      vertex -22 0 18.19
      vertex -21.9322 1.7261 17
      vertex -21.9322 1.7261 18.19
    endloop
  endfacet
  facet normal 0.999229 -0.039249 0
    outer loop
      vertex -21.9322 1.7261 17
      vertex -22 0 18.19
      vertex -22 0 17
    endloop
  endfacet
  facet normal 0.93819 -0.346121 0
    outer loop
      vertex -20.9232 6.79837 18.19
      vertex -20.3253 8.41903 17
      vertex -20.3253 8.41903 18.19
    endloop
  endfacet
  facet normal 0.93819 -0.346121 0
    outer loop
      vertex -20.3253 8.41903 17
      vertex -20.9232 6.79837 18.19
      vertex -20.9232 6.79837 17
    endloop
  endfacet
  facet normal 0.980786 -0.195087 0
    outer loop
      vertex -21.7291 3.44156 18.19
      vertex -21.3921 5.1358 17
      vertex -21.3921 5.1358 18.19
    endloop
  endfacet
  facet normal 0.980786 -0.195087 0
    outer loop
      vertex -21.3921 5.1358 17
      vertex -21.7291 3.44156 18.19
      vertex -21.7291 3.44156 17
    endloop
  endfacet
  facet normal 0.872515 -0.488587 0
    outer loop
      vertex -19.6021 9.98779 18.19
      vertex -18.7581 11.495 17
      vertex -18.7581 11.495 18.19
    endloop
  endfacet
  facet normal 0.872515 -0.488587 0
    outer loop
      vertex -18.7581 11.495 17
      vertex -19.6021 9.98779 18.19
      vertex -19.6021 9.98779 17
    endloop
  endfacet
  facet normal 0.831471 -0.555568 0
    outer loop
      vertex -18.7581 11.495 18.19
      vertex -17.7984 12.9313 17
      vertex -17.7984 12.9313 18.19
    endloop
  endfacet
  facet normal 0.831471 -0.555568 0
    outer loop
      vertex -17.7984 12.9313 17
      vertex -18.7581 11.495 18.19
      vertex -18.7581 11.495 17
    endloop
  endfacet
  facet normal 0.039249 -0.999229 0
    outer loop
      vertex -1.7261 21.9322 17
      vertex 0 22 18.19
      vertex -1.7261 21.9322 18.19
    endloop
  endfacet
  facet normal 0.039249 -0.999229 0
    outer loop
      vertex 0 22 18.19
      vertex -1.7261 21.9322 17
      vertex 0 22 17
    endloop
  endfacet
  facet normal 0.418656 -0.908145 0
    outer loop
      vertex -9.75113 19.7112 17
      vertex -8.41903 20.3253 18.19
      vertex -9.75113 19.7112 18.19
    endloop
  endfacet
  facet normal 0.418656 -0.908145 0
    outer loop
      vertex -8.41903 20.3253 18.19
      vertex -9.75113 19.7112 17
      vertex -8.41903 20.3253 17
    endloop
  endfacet
  facet normal 0.678833 -0.734293 0
    outer loop
      vertex -15.5563 15.5563 17
      vertex -14.2879 16.7289 18.19
      vertex -15.5563 15.5563 18.19
    endloop
  endfacet
  facet normal 0.678833 -0.734293 0
    outer loop
      vertex -14.2879 16.7289 18.19
      vertex -15.5563 15.5563 17
      vertex -14.2879 16.7289 17
    endloop
  endfacet
  facet normal -0.999235 -0.0391146 0
    outer loop
      vertex 21.9445 1.41188 17
      vertex 21.9322 1.7261 18.19
      vertex 21.9322 1.7261 17
    endloop
  endfacet
  facet normal -0.999235 -0.0391146 0
    outer loop
      vertex 21.9322 1.7261 18.19
      vertex 21.9445 1.41188 17
      vertex 21.9445 1.41188 18.19
    endloop
  endfacet
  facet normal -0.962454 0.271444 0
    outer loop
      vertex 20.9232 -6.79837 17
      vertex 21.3921 -5.1358 18.19
      vertex 21.3921 -5.1358 17
    endloop
  endfacet
  facet normal -0.962454 0.271444 0
    outer loop
      vertex 21.3921 -5.1358 18.19
      vertex 20.9232 -6.79837 17
      vertex 20.9232 -6.79837 18.19
    endloop
  endfacet
  facet normal -0.785305 0.619109 0
    outer loop
      vertex 16.7289 -14.2879 17
      vertex 17.7984 -12.9313 18.19
      vertex 17.7984 -12.9313 17
    endloop
  endfacet
  facet normal -0.785305 0.619109 0
    outer loop
      vertex 17.7984 -12.9313 18.19
      vertex 16.7289 -14.2879 17
      vertex 16.7289 -14.2879 18.19
    endloop
  endfacet
  facet normal -0.195087 0.980786 0
    outer loop
      vertex 5.1358 -21.3921 17
      vertex 3.44156 -21.7291 18.19
      vertex 5.1358 -21.3921 18.19
    endloop
  endfacet
  facet normal -0.195087 0.980786 0
    outer loop
      vertex 3.44156 -21.7291 18.19
      vertex 5.1358 -21.3921 17
      vertex 3.44156 -21.7291 17
    endloop
  endfacet
  facet normal -0.271444 0.962454 0
    outer loop
      vertex 6.79837 -20.9232 17
      vertex 5.1358 -21.3921 18.19
      vertex 6.79837 -20.9232 18.19
    endloop
  endfacet
  facet normal -0.271444 0.962454 0
    outer loop
      vertex 5.1358 -21.3921 18.19
      vertex 6.79837 -20.9232 17
      vertex 5.1358 -21.3921 17
    endloop
  endfacet
  facet normal -0.488587 0.872515 0
    outer loop
      vertex 11.495 -18.7581 17
      vertex 9.98779 -19.6021 18.19
      vertex 11.495 -18.7581 18.19
    endloop
  endfacet
  facet normal -0.488587 0.872515 0
    outer loop
      vertex 9.98779 -19.6021 18.19
      vertex 11.495 -18.7581 17
      vertex 9.98779 -19.6021 17
    endloop
  endfacet
  facet normal 0.039249 0.999229 -0
    outer loop
      vertex 0 -22 17
      vertex -1.7261 -21.9322 18.19
      vertex 0 -22 18.19
    endloop
  endfacet
  facet normal 0.039249 0.999229 0
    outer loop
      vertex -1.7261 -21.9322 18.19
      vertex 0 -22 17
      vertex -1.7261 -21.9322 17
    endloop
  endfacet
  facet normal 0.346121 0.93819 -0
    outer loop
      vertex -6.79837 -20.9232 17
      vertex -8.41903 -20.3253 18.19
      vertex -6.79837 -20.9232 18.19
    endloop
  endfacet
  facet normal 0.346121 0.93819 0
    outer loop
      vertex -8.41903 -20.3253 18.19
      vertex -6.79837 -20.9232 17
      vertex -8.41903 -20.3253 17
    endloop
  endfacet
  facet normal 0.195087 0.980786 -0
    outer loop
      vertex -3.44156 -21.7291 17
      vertex -5.1358 -21.3921 18.19
      vertex -3.44156 -21.7291 18.19
    endloop
  endfacet
  facet normal 0.195087 0.980786 0
    outer loop
      vertex -5.1358 -21.3921 18.19
      vertex -3.44156 -21.7291 17
      vertex -5.1358 -21.3921 17
    endloop
  endfacet
  facet normal 0.555587 0.831459 -0
    outer loop
      vertex -12.1956 -18.29 17
      vertex -12.9313 -17.7984 18.19
      vertex -12.1956 -18.29 18.19
    endloop
  endfacet
  facet normal 0.555587 0.831459 0
    outer loop
      vertex -12.9313 -17.7984 18.19
      vertex -12.1956 -18.29 17
      vertex -12.9313 -17.7984 17
    endloop
  endfacet
  facet normal 0.999229 0.039249 0
    outer loop
      vertex -21.9322 -1.7261 18.19
      vertex -22 0 17
      vertex -22 0 18.19
    endloop
  endfacet
  facet normal 0.999229 0.039249 0
    outer loop
      vertex -22 0 17
      vertex -21.9322 -1.7261 18.19
      vertex -21.9322 -1.7261 17
    endloop
  endfacet
  facet normal 0.908145 0.418656 0
    outer loop
      vertex -19.6021 -9.98779 18.19
      vertex -20.3253 -8.41903 17
      vertex -20.3253 -8.41903 18.19
    endloop
  endfacet
  facet normal 0.908145 0.418656 0
    outer loop
      vertex -20.3253 -8.41903 17
      vertex -19.6021 -9.98779 18.19
      vertex -19.6021 -9.98779 17
    endloop
  endfacet
  facet normal -0.908145 -0.418656 0
    outer loop
      vertex 20.3253 8.41903 17
      vertex 19.6021 9.98779 18.19
      vertex 19.6021 9.98779 17
    endloop
  endfacet
  facet normal -0.908145 -0.418656 0
    outer loop
      vertex 19.6021 9.98779 18.19
      vertex 20.3253 8.41903 17
      vertex 20.3253 8.41903 18.19
    endloop
  endfacet
  facet normal -0.93819 -0.346121 0
    outer loop
      vertex 20.9232 6.79837 17
      vertex 20.3253 8.41903 18.19
      vertex 20.3253 8.41903 17
    endloop
  endfacet
  facet normal -0.93819 -0.346121 0
    outer loop
      vertex 20.3253 8.41903 18.19
      vertex 20.9232 6.79837 17
      vertex 20.9232 6.79837 18.19
    endloop
  endfacet
  facet normal -0.619109 -0.785305 0
    outer loop
      vertex 12.9313 17.7984 17
      vertex 14.2879 16.7289 18.19
      vertex 12.9313 17.7984 18.19
    endloop
  endfacet
  facet normal -0.619109 -0.785305 -0
    outer loop
      vertex 14.2879 16.7289 18.19
      vertex 12.9313 17.7984 17
      vertex 14.2879 16.7289 17
    endloop
  endfacet
  facet normal -0.271444 -0.962454 0
    outer loop
      vertex 5.1358 21.3921 17
      vertex 6.79837 20.9232 18.19
      vertex 5.1358 21.3921 18.19
    endloop
  endfacet
  facet normal -0.271444 -0.962454 -0
    outer loop
      vertex 6.79837 20.9232 18.19
      vertex 5.1358 21.3921 17
      vertex 6.79837 20.9232 17
    endloop
  endfacet
  facet normal 0 0 -1
    outer loop
      vertex -12.9313 -17.7984 18.19
      vertex -12.1994 -18.231 18.19
      vertex -12.1956 -18.29 18.19
    endloop
  endfacet
  facet normal 0 0 -1
    outer loop
      vertex -11.901 -17.2236 18.19
      vertex -14.2879 -16.7289 18.19
      vertex -11.8211 -17.1167 18.19
    endloop
  endfacet
  facet normal 0 0 -1
    outer loop
      vertex -11.8211 -17.1167 18.19
      vertex -14.2879 -16.7289 18.19
      vertex -12.3395 -14.4477 18.19
    endloop
  endfacet
  facet normal -0 0 -1
    outer loop
      vertex -12.3395 -14.4477 18.19
      vertex -14.2879 -16.7289 18.19
      vertex -13.435 -13.435 18.19
    endloop
  endfacet
  facet normal 0 0 -1
    outer loop
      vertex -15.5563 -15.5563 18.19
      vertex -13.435 -13.435 18.19
      vertex -14.2879 -16.7289 18.19
    endloop
  endfacet
  facet normal -0 0 -1
    outer loop
      vertex -13.435 -13.435 18.19
      vertex -15.5563 -15.5563 18.19
      vertex -14.4477 -12.3395 18.19
    endloop
  endfacet
  facet normal 0 0 -1
    outer loop
      vertex -16.7289 -14.2879 18.19
      vertex -14.4477 -12.3395 18.19
      vertex -15.5563 -15.5563 18.19
    endloop
  endfacet
  facet normal -0 0 -1
    outer loop
      vertex -14.4477 -12.3395 18.19
      vertex -16.7289 -14.2879 18.19
      vertex -15.3713 -11.1679 18.19
    endloop
  endfacet
  facet normal 0 0 -1
    outer loop
      vertex -17.7984 -12.9313 18.19
      vertex -15.3713 -11.1679 18.19
      vertex -16.7289 -14.2879 18.19
    endloop
  endfacet
  facet normal -0 0 -1
    outer loop
      vertex -15.3713 -11.1679 18.19
      vertex -17.7984 -12.9313 18.19
      vertex -16.2002 -9.92747 18.19
    endloop
  endfacet
  facet normal 0 0 -1
    outer loop
      vertex -18.7581 -11.495 18.19
      vertex -16.2002 -9.92747 18.19
      vertex -17.7984 -12.9313 18.19
    endloop
  endfacet
  facet normal -0 0 -1
    outer loop
      vertex -16.2002 -9.92747 18.19
      vertex -18.7581 -11.495 18.19
      vertex -16.9291 -8.62582 18.19
    endloop
  endfacet
  facet normal 0 0 -1
    outer loop
      vertex -19.6021 -9.98779 18.19
      vertex -16.9291 -8.62582 18.19
      vertex -18.7581 -11.495 18.19
    endloop
  endfacet
  facet normal -0 0 -1
    outer loop
      vertex -16.9291 -8.62582 18.19
      vertex -19.6021 -9.98779 18.19
      vertex -17.5537 -7.27098 18.19
    endloop
  endfacet
  facet normal 0 0 -1
    outer loop
      vertex -20.3253 -8.41903 18.19
      vertex -17.5537 -7.27098 18.19
      vertex -19.6021 -9.98779 18.19
    endloop
  endfacet
  facet normal -0 0 -1
    outer loop
      vertex -17.5537 -7.27098 18.19
      vertex -20.3253 -8.41903 18.19
      vertex -18.0701 -5.87132 18.19
    endloop
  endfacet
  facet normal 0 0 -1
    outer loop
      vertex -20.9232 -6.79837 18.19
      vertex -18.0701 -5.87132 18.19
      vertex -20.3253 -8.41903 18.19
    endloop
  endfacet
  facet normal -0 0 -1
    outer loop
      vertex -18.0701 -5.87132 18.19
      vertex -20.9232 -6.79837 18.19
      vertex -18.475 -4.43546 18.19
    endloop
  endfacet
  facet normal 0 0 -1
    outer loop
      vertex -21.3921 -5.1358 18.19
      vertex -18.475 -4.43546 18.19
      vertex -20.9232 -6.79837 18.19
    endloop
  endfacet
  facet normal 0 0 -1
    outer loop
      vertex -7.27098 17.5537 18.19
      vertex -8.80931 18.0088 18.19
      vertex -8.80058 18.142 18.19
    endloop
  endfacet
  facet normal 0 0 -1
    outer loop
      vertex -7.27098 17.5537 18.19
      vertex -8.82847 17.8767 18.19
      vertex -8.80931 18.0088 18.19
    endloop
  endfacet
  facet normal 0 0 -1
    outer loop
      vertex -7.27098 17.5537 18.19
      vertex -8.85793 17.7465 18.19
      vertex -8.82847 17.8767 18.19
    endloop
  endfacet
  facet normal 0 0 -1
    outer loop
      vertex -8.62582 16.9291 18.19
      vertex -8.89751 17.6191 18.19
      vertex -8.85793 17.7465 18.19
    endloop
  endfacet
  facet normal 0 0 -1
    outer loop
      vertex -8.62582 16.9291 18.19
      vertex -8.94697 17.4951 18.19
      vertex -8.89751 17.6191 18.19
    endloop
  endfacet
  facet normal 0 0 -1
    outer loop
      vertex -8.62582 16.9291 18.19
      vertex -9.00601 17.3754 18.19
      vertex -8.94697 17.4951 18.19
    endloop
  endfacet
  facet normal 0 0 -1
    outer loop
      vertex -8.62582 16.9291 18.19
      vertex -9.07426 17.2606 18.19
      vertex -9.00601 17.3754 18.19
    endloop
  endfacet
  facet normal 0 0 -1
    outer loop
      vertex -8.62582 16.9291 18.19
      vertex -9.1513 17.1516 18.19
      vertex -9.07426 17.2606 18.19
    endloop
  endfacet
  facet normal 0 0 -1
    outer loop
      vertex -8.62582 16.9291 18.19
      vertex -9.23665 17.049 18.19
      vertex -9.1513 17.1516 18.19
    endloop
  endfacet
  facet normal 0 0 -1
    outer loop
      vertex -8.62582 16.9291 18.19
      vertex -9.3298 16.9534 18.19
      vertex -9.23665 17.049 18.19
    endloop
  endfacet
  facet normal -0 0 -1
    outer loop
      vertex -8.62582 16.9291 18.19
      vertex -9.43015 16.8654 18.19
      vertex -9.3298 16.9534 18.19
    endloop
  endfacet
  facet normal 0 0 -1
    outer loop
      vertex -8.62582 16.9291 18.19
      vertex -9.53711 16.7855 18.19
      vertex -9.43015 16.8654 18.19
    endloop
  endfacet
  facet normal 0 0 -1
    outer loop
      vertex -9.92747 16.2002 18.19
      vertex -9.53711 16.7855 18.19
      vertex -8.62582 16.9291 18.19
    endloop
  endfacet
  facet normal 0 0 -1
    outer loop
      vertex -9.53711 16.7855 18.19
      vertex -9.92747 16.2002 18.19
      vertex -9.65 16.7143 18.19
    endloop
  endfacet
  facet normal 0 0 -1
    outer loop
      vertex -9.65 16.7143 18.19
      vertex -9.92747 16.2002 18.19
      vertex -9.76813 16.6521 18.19
    endloop
  endfacet
  facet normal 0 0 -1
    outer loop
      vertex -9.76813 16.6521 18.19
      vertex -9.92747 16.2002 18.19
      vertex -9.89077 16.5994 18.19
    endloop
  endfacet
  facet normal 0 0 -1
    outer loop
      vertex -9.92747 16.2002 18.19
      vertex -10.0172 16.5565 18.19
      vertex -9.89077 16.5994 18.19
    endloop
  endfacet
  facet normal 0 0 -1
    outer loop
      vertex -9.92747 16.2002 18.19
      vertex -10.1465 16.5237 18.19
      vertex -10.0172 16.5565 18.19
    endloop
  endfacet
  facet normal 0 0 -1
    outer loop
      vertex -9.92747 16.2002 18.19
      vertex -10.2781 16.5011 18.19
      vertex -10.1465 16.5237 18.19
    endloop
  endfacet
  facet normal 0 0 -1
    outer loop
      vertex -9.92747 16.2002 18.19
      vertex -10.411 16.4889 18.19
      vertex -10.2781 16.5011 18.19
    endloop
  endfacet
  facet normal 0 0 -1
    outer loop
      vertex -9.92747 16.2002 18.19
      vertex -10.5445 16.4871 18.19
      vertex -10.411 16.4889 18.19
    endloop
  endfacet
  facet normal 0 0 -1
    outer loop
      vertex -11.1679 15.3713 18.19
      vertex -10.5445 16.4871 18.19
      vertex -9.92747 16.2002 18.19
    endloop
  endfacet
  facet normal -0 0 -1
    outer loop
      vertex -10.5445 16.4871 18.19
      vertex -11.1679 15.3713 18.19
      vertex -10.6777 16.4958 18.19
    endloop
  endfacet
  facet normal -0 0 -1
    outer loop
      vertex -10.6777 16.4958 18.19
      vertex -11.1679 15.3713 18.19
      vertex -10.8098 16.515 18.19
    endloop
  endfacet
  facet normal -0 0 -1
    outer loop
      vertex -10.8098 16.515 18.19
      vertex -11.1679 15.3713 18.19
      vertex -10.94 16.5445 18.19
    endloop
  endfacet
  facet normal -0 0 -1
    outer loop
      vertex -10.94 16.5445 18.19
      vertex -11.1679 15.3713 18.19
      vertex -11.0675 16.584 18.19
    endloop
  endfacet
  facet normal 0 0 -1
    outer loop
      vertex -11.1679 15.3713 18.19
      vertex -11.1915 16.6335 18.19
      vertex -11.0675 16.584 18.19
    endloop
  endfacet
  facet normal 0 0 -1
    outer loop
      vertex -11.1679 15.3713 18.19
      vertex -11.3112 16.6925 18.19
      vertex -11.1915 16.6335 18.19
    endloop
  endfacet
  facet normal 0 0 -1
    outer loop
      vertex -11.1679 15.3713 18.19
      vertex -11.4259 16.7608 18.19
      vertex -11.3112 16.6925 18.19
    endloop
  endfacet
  facet normal 0 0 -1
    outer loop
      vertex -11.1679 15.3713 18.19
      vertex -11.5349 16.8378 18.19
      vertex -11.4259 16.7608 18.19
    endloop
  endfacet
  facet normal 0 0 -1
    outer loop
      vertex -11.1679 15.3713 18.19
      vertex -11.6375 16.9232 18.19
      vertex -11.5349 16.8378 18.19
    endloop
  endfacet
  facet normal 0 0 -1
    outer loop
      vertex -12.3395 14.4477 18.19
      vertex -11.6375 16.9232 18.19
      vertex -11.1679 15.3713 18.19
    endloop
  endfacet
  facet normal -0 0 -1
    outer loop
      vertex -11.6375 16.9232 18.19
      vertex -12.3395 14.4477 18.19
      vertex -11.7331 17.0163 18.19
    endloop
  endfacet
  facet normal 0 0 -1
    outer loop
      vertex -14.2879 16.7289 18.19
      vertex -11.7331 17.0163 18.19
      vertex -12.3395 14.4477 18.19
    endloop
  endfacet
  facet normal -0 0 -1
    outer loop
      vertex -11.7331 17.0163 18.19
      vertex -14.2879 16.7289 18.19
      vertex -11.8211 17.1167 18.19
    endloop
  endfacet
  facet normal -0 0 -1
    outer loop
      vertex -11.8211 17.1167 18.19
      vertex -14.2879 16.7289 18.19
      vertex -11.901 17.2236 18.19
    endloop
  endfacet
  facet normal 0 -0 -1
    outer loop
      vertex -12.9313 17.7984 18.19
      vertex -11.901 17.2236 18.19
      vertex -14.2879 16.7289 18.19
    endloop
  endfacet
  facet normal -0 0 -1
    outer loop
      vertex -12.1855 17.9646 18.19
      vertex -12.9313 17.7984 18.19
      vertex -12.1977 18.0976 18.19
    endloop
  endfacet
  facet normal -0 0 -1
    outer loop
      vertex -12.1629 17.8331 18.19
      vertex -12.9313 17.7984 18.19
      vertex -12.1855 17.9646 18.19
    endloop
  endfacet
  facet normal 0 0 -1
    outer loop
      vertex -12.13 17.7037 18.19
      vertex -12.9313 17.7984 18.19
      vertex -12.1629 17.8331 18.19
    endloop
  endfacet
  facet normal 0 0 -1
    outer loop
      vertex -12.0871 17.5773 18.19
      vertex -12.9313 17.7984 18.19
      vertex -12.13 17.7037 18.19
    endloop
  endfacet
  facet normal 0 0 -1
    outer loop
      vertex -12.0344 17.4547 18.19
      vertex -12.9313 17.7984 18.19
      vertex -12.0871 17.5773 18.19
    endloop
  endfacet
  facet normal 0 0 -1
    outer loop
      vertex -11.901 17.2236 18.19
      vertex -12.9313 17.7984 18.19
      vertex -11.9722 17.3365 18.19
    endloop
  endfacet
  facet normal 0 0 -1
    outer loop
      vertex 21.9322 -1.7261 18.19
      vertex 21.8882 -1.44949 18.19
      vertex 21.9445 -1.41188 18.19
    endloop
  endfacet
  facet normal 0 0 -1
    outer loop
      vertex 21.9322 -1.7261 18.19
      vertex 21.7718 -1.51471 18.19
      vertex 21.8882 -1.44949 18.19
    endloop
  endfacet
  facet normal 0 0 -1
    outer loop
      vertex 21.3969 -1.65303 18.19
      vertex 21.9322 -1.7261 18.19
      vertex 21.7291 -3.44156 18.19
    endloop
  endfacet
  facet normal 0 0 -1
    outer loop
      vertex 21.9322 -1.7261 18.19
      vertex 21.6506 -1.57059 18.19
      vertex 21.7718 -1.51471 18.19
    endloop
  endfacet
  facet normal 0 0 -1
    outer loop
      vertex 21.9322 -1.7261 18.19
      vertex 21.5253 -1.6168 18.19
      vertex 21.6506 -1.57059 18.19
    endloop
  endfacet
  facet normal 0 0 -1
    outer loop
      vertex 21.9322 -1.7261 18.19
      vertex 21.3969 -1.65303 18.19
      vertex 21.5253 -1.6168 18.19
    endloop
  endfacet
  facet normal 0 0 -1
    outer loop
      vertex 18.7661 -2.97225 18.19
      vertex 21.7291 -3.44156 18.19
      vertex 21.3921 -5.1358 18.19
    endloop
  endfacet
  facet normal 0 0 -1
    outer loop
      vertex 21.7291 -3.44156 18.19
      vertex 21.2659 -1.67907 18.19
      vertex 21.3969 -1.65303 18.19
    endloop
  endfacet
  facet normal 0 0 -1
    outer loop
      vertex 21.7291 -3.44156 18.19
      vertex 21.1334 -1.69476 18.19
      vertex 21.2659 -1.67907 18.19
    endloop
  endfacet
  facet normal 0 0 -1
    outer loop
      vertex 21.7291 -3.44156 18.19
      vertex 21 -1.7 18.19
      vertex 21.1334 -1.69476 18.19
    endloop
  endfacet
  facet normal 0 0 -1
    outer loop
      vertex 18.475 -4.43546 18.19
      vertex 21.3921 -5.1358 18.19
      vertex 20.9232 -6.79837 18.19
    endloop
  endfacet
  facet normal 0 -0 -1
    outer loop
      vertex 18.7661 -2.97225 18.19
      vertex 21.3921 -5.1358 18.19
      vertex 18.475 -4.43546 18.19
    endloop
  endfacet
  facet normal 0 -0 -1
    outer loop
      vertex 20.6031 -1.65303 18.19
      vertex 21.7291 -3.44156 18.19
      vertex 18.7661 -2.97225 18.19
    endloop
  endfacet
  facet normal 0 0 -1
    outer loop
      vertex 21.7291 -3.44156 18.19
      vertex 20.8666 -1.69476 18.19
      vertex 21 -1.7 18.19
    endloop
  endfacet
  facet normal 0 0 -1
    outer loop
      vertex 21.7291 -3.44156 18.19
      vertex 20.7341 -1.67907 18.19
      vertex 20.8666 -1.69476 18.19
    endloop
  endfacet
  facet normal -0 0 -1
    outer loop
      vertex 20.6031 -1.65303 18.19
      vertex 18.7661 -2.97225 18.19
      vertex 20.4747 -1.6168 18.19
    endloop
  endfacet
  facet normal 0 0 -1
    outer loop
      vertex 18.0701 -5.87132 18.19
      vertex 20.9232 -6.79837 18.19
      vertex 20.3253 -8.41903 18.19
    endloop
  endfacet
  facet normal 0 0 -1
    outer loop
      vertex 21.7291 -3.44156 18.19
      vertex 20.6031 -1.65303 18.19
      vertex 20.7341 -1.67907 18.19
    endloop
  endfacet
  facet normal -0 0 -1
    outer loop
      vertex 20.4747 -1.6168 18.19
      vertex 18.7661 -2.97225 18.19
      vertex 20.3494 -1.57059 18.19
    endloop
  endfacet
  facet normal -0 0 -1
    outer loop
      vertex 20.3494 -1.57059 18.19
      vertex 18.7661 -2.97225 18.19
      vertex 20.2282 -1.51471 18.19
    endloop
  endfacet
  facet normal -0 0 -1
    outer loop
      vertex 20.2282 -1.51471 18.19
      vertex 18.7661 -2.97225 18.19
      vertex 20.1118 -1.44949 18.19
    endloop
  endfacet
  facet normal 0 -0 -1
    outer loop
      vertex 18.9414 -1.49072 18.19
      vertex 20.1118 -1.44949 18.19
      vertex 18.7661 -2.97225 18.19
    endloop
  endfacet
  facet normal -0 0 -1
    outer loop
      vertex 20.0008 -1.37533 18.19
      vertex 18.9414 -1.49072 18.19
      vertex 19.8959 -1.29269 18.19
    endloop
  endfacet
  facet normal -0 0 -1
    outer loop
      vertex 19.8959 -1.29269 18.19
      vertex 18.9414 -1.49072 18.19
      vertex 19.7979 -1.20208 18.19
    endloop
  endfacet
  facet normal 0 0 -1
    outer loop
      vertex 17.5537 -7.27098 18.19
      vertex 20.3253 -8.41903 18.19
      vertex 19.6021 -9.98779 18.19
    endloop
  endfacet
  facet normal -0 0 -1
    outer loop
      vertex 20.1118 -1.44949 18.19
      vertex 18.9414 -1.49072 18.19
      vertex 20.0008 -1.37533 18.19
    endloop
  endfacet
  facet normal -0 0 -1
    outer loop
      vertex 19.7073 -1.10406 18.19
      vertex 18.9414 -1.49072 18.19
      vertex 19.6247 -0.999234 18.19
    endloop
  endfacet
  facet normal -0 0 -1
    outer loop
      vertex 19.6247 -0.999234 18.19
      vertex 18.9414 -1.49072 18.19
      vertex 19.5505 -0.888247 18.19
    endloop
  endfacet
  facet normal -0 0 -1
    outer loop
      vertex 19.5505 -0.888247 18.19
      vertex 18.9414 -1.49072 18.19
      vertex 19.4853 -0.771784 18.19
    endloop
  endfacet
  facet normal -0 0 -1
    outer loop
      vertex 19.4853 -0.771784 18.19
      vertex 18.9414 -1.49072 18.19
      vertex 19.4294 -0.650561 18.19
    endloop
  endfacet
  facet normal -0 0 -1
    outer loop
      vertex 19.4294 -0.650561 18.19
      vertex 18.9414 -1.49072 18.19
      vertex 19.3832 -0.525329 18.19
    endloop
  endfacet
  facet normal 0 -0 -1
    outer loop
      vertex 19 0 18.19
      vertex 19.3832 -0.525329 18.19
      vertex 18.9414 -1.49072 18.19
    endloop
  endfacet
  facet normal 0 0 -1
    outer loop
      vertex 19.3832 -0.525329 18.19
      vertex 19 0 18.19
      vertex 19.347 -0.396856 18.19
    endloop
  endfacet
  facet normal 0 0 -1
    outer loop
      vertex 19.347 -0.396856 18.19
      vertex 19 0 18.19
      vertex 19.3209 -0.265938 18.19
    endloop
  endfacet
  facet normal 0 0 -1
    outer loop
      vertex 19.3052 -0.13338 18.19
      vertex 19 0 18.19
      vertex 19.3 0 18.19
    endloop
  endfacet
  facet normal 0 0 -1
    outer loop
      vertex 19.3209 -0.265938 18.19
      vertex 19 0 18.19
      vertex 19.3052 -0.13338 18.19
    endloop
  endfacet
  facet normal 0 0 -1
    outer loop
      vertex 16.9291 -8.62582 18.19
      vertex 19.6021 -9.98779 18.19
      vertex 18.7581 -11.495 18.19
    endloop
  endfacet
  facet normal -0 0 -1
    outer loop
      vertex 19.7979 -1.20208 18.19
      vertex 18.9414 -1.49072 18.19
      vertex 19.7073 -1.10406 18.19
    endloop
  endfacet
  facet normal 0 0 -1
    outer loop
      vertex 20.9232 -6.79837 18.19
      vertex 18.0701 -5.87132 18.19
      vertex 18.475 -4.43546 18.19
    endloop
  endfacet
  facet normal 0 0 -1
    outer loop
      vertex 16.2002 -9.92747 18.19
      vertex 18.7581 -11.495 18.19
      vertex 17.7984 -12.9313 18.19
    endloop
  endfacet
  facet normal 0 0 -1
    outer loop
      vertex 20.3253 -8.41903 18.19
      vertex 17.5537 -7.27098 18.19
      vertex 18.0701 -5.87132 18.19
    endloop
  endfacet
  facet normal 0 0 -1
    outer loop
      vertex 19.6021 -9.98779 18.19
      vertex 16.9291 -8.62582 18.19
      vertex 17.5537 -7.27098 18.19
    endloop
  endfacet
  facet normal 0 0 -1
    outer loop
      vertex 15.3713 -11.1679 18.19
      vertex 17.7984 -12.9313 18.19
      vertex 16.7289 -14.2879 18.19
    endloop
  endfacet
  facet normal 0 0 -1
    outer loop
      vertex 18.7581 -11.495 18.19
      vertex 16.2002 -9.92747 18.19
      vertex 16.9291 -8.62582 18.19
    endloop
  endfacet
  facet normal 0 0 -1
    outer loop
      vertex 14.4477 -12.3395 18.19
      vertex 16.7289 -14.2879 18.19
      vertex 15.5563 -15.5563 18.19
    endloop
  endfacet
  facet normal 0 0 -1
    outer loop
      vertex 17.7984 -12.9313 18.19
      vertex 15.3713 -11.1679 18.19
      vertex 16.2002 -9.92747 18.19
    endloop
  endfacet
  facet normal 0 0 -1
    outer loop
      vertex 16.7289 -14.2879 18.19
      vertex 14.4477 -12.3395 18.19
      vertex 15.3713 -11.1679 18.19
    endloop
  endfacet
  facet normal 0 0 -1
    outer loop
      vertex 13.435 -13.435 18.19
      vertex 15.5563 -15.5563 18.19
      vertex 14.2879 -16.7289 18.19
    endloop
  endfacet
  facet normal 0 0 -1
    outer loop
      vertex 15.5563 -15.5563 18.19
      vertex 13.435 -13.435 18.19
      vertex 14.4477 -12.3395 18.19
    endloop
  endfacet
  facet normal 0 0 -1
    outer loop
      vertex 12.3395 -14.4477 18.19
      vertex 14.2879 -16.7289 18.19
      vertex 12.9313 -17.7984 18.19
    endloop
  endfacet
  facet normal 0 0 -1
    outer loop
      vertex 14.2879 -16.7289 18.19
      vertex 12.3395 -14.4477 18.19
      vertex 13.435 -13.435 18.19
    endloop
  endfacet
  facet normal 0 0 -1
    outer loop
      vertex 11.1679 -15.3713 18.19
      vertex 12.9313 -17.7984 18.19
      vertex 11.495 -18.7581 18.19
    endloop
  endfacet
  facet normal 0 0 -1
    outer loop
      vertex 12.9313 -17.7984 18.19
      vertex 11.1679 -15.3713 18.19
      vertex 12.3395 -14.4477 18.19
    endloop
  endfacet
  facet normal 0 0 -1
    outer loop
      vertex 9.92747 -16.2002 18.19
      vertex 11.495 -18.7581 18.19
      vertex 9.98779 -19.6021 18.19
    endloop
  endfacet
  facet normal 0 0 -1
    outer loop
      vertex 11.495 -18.7581 18.19
      vertex 9.92747 -16.2002 18.19
      vertex 11.1679 -15.3713 18.19
    endloop
  endfacet
  facet normal 0 0 -1
    outer loop
      vertex 9.98779 -19.6021 18.19
      vertex 8.62582 -16.9291 18.19
      vertex 9.92747 -16.2002 18.19
    endloop
  endfacet
  facet normal 0 0 -1
    outer loop
      vertex 8.41903 -20.3253 18.19
      vertex 8.62582 -16.9291 18.19
      vertex 9.98779 -19.6021 18.19
    endloop
  endfacet
  facet normal 0 0 -1
    outer loop
      vertex 8.41903 -20.3253 18.19
      vertex 7.27098 -17.5537 18.19
      vertex 8.62582 -16.9291 18.19
    endloop
  endfacet
  facet normal 0 0 -1
    outer loop
      vertex 6.79837 -20.9232 18.19
      vertex 7.27098 -17.5537 18.19
      vertex 8.41903 -20.3253 18.19
    endloop
  endfacet
  facet normal 0 0 -1
    outer loop
      vertex 6.79837 -20.9232 18.19
      vertex 5.87132 -18.0701 18.19
      vertex 7.27098 -17.5537 18.19
    endloop
  endfacet
  facet normal 0 0 -1
    outer loop
      vertex 5.1358 -21.3921 18.19
      vertex 5.87132 -18.0701 18.19
      vertex 6.79837 -20.9232 18.19
    endloop
  endfacet
  facet normal 0 0 -1
    outer loop
      vertex 5.1358 -21.3921 18.19
      vertex 4.43546 -18.475 18.19
      vertex 5.87132 -18.0701 18.19
    endloop
  endfacet
  facet normal 0 0 -1
    outer loop
      vertex 3.44156 -21.7291 18.19
      vertex 4.43546 -18.475 18.19
      vertex 5.1358 -21.3921 18.19
    endloop
  endfacet
  facet normal 0 0 -1
    outer loop
      vertex 3.44156 -21.7291 18.19
      vertex 2.97225 -18.7661 18.19
      vertex 4.43546 -18.475 18.19
    endloop
  endfacet
  facet normal 0 0 -1
    outer loop
      vertex 1.7261 -21.9322 18.19
      vertex 2.97225 -18.7661 18.19
      vertex 3.44156 -21.7291 18.19
    endloop
  endfacet
  facet normal 0 0 -1
    outer loop
      vertex 1.7261 -21.9322 18.19
      vertex 1.49072 -18.9414 18.19
      vertex 2.97225 -18.7661 18.19
    endloop
  endfacet
  facet normal 0 0 -1
    outer loop
      vertex 0 -22 18.19
      vertex 1.49072 -18.9414 18.19
      vertex 1.7261 -21.9322 18.19
    endloop
  endfacet
  facet normal 0 0 -1
    outer loop
      vertex 0 -22 18.19
      vertex 0 -19 18.19
      vertex 1.49072 -18.9414 18.19
    endloop
  endfacet
  facet normal 0 0 -1
    outer loop
      vertex 0 -22 18.19
      vertex -1.49072 -18.9414 18.19
      vertex 0 -19 18.19
    endloop
  endfacet
  facet normal 0 0 -1
    outer loop
      vertex -1.7261 -21.9322 18.19
      vertex -1.49072 -18.9414 18.19
      vertex 0 -22 18.19
    endloop
  endfacet
  facet normal 0 0 -1
    outer loop
      vertex -1.7261 -21.9322 18.19
      vertex -2.97225 -18.7661 18.19
      vertex -1.49072 -18.9414 18.19
    endloop
  endfacet
  facet normal 0 0 -1
    outer loop
      vertex -3.44156 -21.7291 18.19
      vertex -2.97225 -18.7661 18.19
      vertex -1.7261 -21.9322 18.19
    endloop
  endfacet
  facet normal 0 0 -1
    outer loop
      vertex -3.44156 -21.7291 18.19
      vertex -4.43546 -18.475 18.19
      vertex -2.97225 -18.7661 18.19
    endloop
  endfacet
  facet normal 0 0 -1
    outer loop
      vertex -5.1358 -21.3921 18.19
      vertex -4.43546 -18.475 18.19
      vertex -3.44156 -21.7291 18.19
    endloop
  endfacet
  facet normal 0 0 -1
    outer loop
      vertex -5.1358 -21.3921 18.19
      vertex -5.87132 -18.0701 18.19
      vertex -4.43546 -18.475 18.19
    endloop
  endfacet
  facet normal 0 0 -1
    outer loop
      vertex -6.79837 -20.9232 18.19
      vertex -5.87132 -18.0701 18.19
      vertex -5.1358 -21.3921 18.19
    endloop
  endfacet
  facet normal 0 0 -1
    outer loop
      vertex -6.79837 -20.9232 18.19
      vertex -7.27098 -17.5537 18.19
      vertex -5.87132 -18.0701 18.19
    endloop
  endfacet
  facet normal 0 0 -1
    outer loop
      vertex -8.41903 -20.3253 18.19
      vertex -7.27098 -17.5537 18.19
      vertex -6.79837 -20.9232 18.19
    endloop
  endfacet
  facet normal 0 0 -1
    outer loop
      vertex -8.87001 -18.6694 18.19
      vertex -7.27098 -17.5537 18.19
      vertex -8.41903 -20.3253 18.19
    endloop
  endfacet
  facet normal 0 0 -1
    outer loop
      vertex -8.80931 -18.0088 18.19
      vertex -7.27098 -17.5537 18.19
      vertex -8.80058 -18.142 18.19
    endloop
  endfacet
  facet normal 0 0 -1
    outer loop
      vertex -7.27098 -17.5537 18.19
      vertex -8.80233 -18.2755 18.19
      vertex -8.80058 -18.142 18.19
    endloop
  endfacet
  facet normal 0 0 -1
    outer loop
      vertex -7.27098 -17.5537 18.19
      vertex -8.81454 -18.4084 18.19
      vertex -8.80233 -18.2755 18.19
    endloop
  endfacet
  facet normal 0 0 -1
    outer loop
      vertex -7.27098 -17.5537 18.19
      vertex -8.83715 -18.54 18.19
      vertex -8.81454 -18.4084 18.19
    endloop
  endfacet
  facet normal 0 0 -1
    outer loop
      vertex -7.27098 -17.5537 18.19
      vertex -8.87001 -18.6694 18.19
      vertex -8.83715 -18.54 18.19
    endloop
  endfacet
  facet normal 0 0 -1
    outer loop
      vertex -8.41903 -20.3253 18.19
      vertex -8.91291 -18.7958 18.19
      vertex -8.87001 -18.6694 18.19
    endloop
  endfacet
  facet normal 0 0 -1
    outer loop
      vertex -8.41903 -20.3253 18.19
      vertex -8.9656 -18.9184 18.19
      vertex -8.91291 -18.7958 18.19
    endloop
  endfacet
  facet normal 0 0 -1
    outer loop
      vertex -8.41903 -20.3253 18.19
      vertex -9.02776 -19.0365 18.19
      vertex -8.9656 -18.9184 18.19
    endloop
  endfacet
  facet normal 0 0 -1
    outer loop
      vertex -8.41903 -20.3253 18.19
      vertex -9.09898 -19.1494 18.19
      vertex -9.02776 -19.0365 18.19
    endloop
  endfacet
  facet normal 0 0 -1
    outer loop
      vertex -8.41903 -20.3253 18.19
      vertex -9.17885 -19.2564 18.19
      vertex -9.09898 -19.1494 18.19
    endloop
  endfacet
  facet normal 0 0 -1
    outer loop
      vertex -8.41903 -20.3253 18.19
      vertex -9.26686 -19.3567 18.19
      vertex -9.17885 -19.2564 18.19
    endloop
  endfacet
  facet normal 0 0 -1
    outer loop
      vertex -8.41903 -20.3253 18.19
      vertex -9.36248 -19.4499 18.19
      vertex -9.26686 -19.3567 18.19
    endloop
  endfacet
  facet normal 0 0 -1
    outer loop
      vertex -8.41903 -20.3253 18.19
      vertex -9.46511 -19.5352 18.19
      vertex -9.36248 -19.4499 18.19
    endloop
  endfacet
  facet normal 0 0 -1
    outer loop
      vertex -8.41903 -20.3253 18.19
      vertex -9.57411 -19.6123 18.19
      vertex -9.46511 -19.5352 18.19
    endloop
  endfacet
  facet normal 0 0 -1
    outer loop
      vertex -8.41903 -20.3253 18.19
      vertex -9.68883 -19.6805 18.19
      vertex -9.57411 -19.6123 18.19
    endloop
  endfacet
  facet normal 0 -0 -1
    outer loop
      vertex -9.68883 -19.6805 18.19
      vertex -8.41903 -20.3253 18.19
      vertex -9.75113 -19.7112 18.19
    endloop
  endfacet
  facet normal 0 0 -1
    outer loop
      vertex 21.8882 1.44949 18.19
      vertex 21.9322 1.7261 18.19
      vertex 21.9445 1.41188 18.19
    endloop
  endfacet
  facet normal 0 0 -1
    outer loop
      vertex 21.7718 1.51471 18.19
      vertex 21.9322 1.7261 18.19
      vertex 21.8882 1.44949 18.19
    endloop
  endfacet
  facet normal 0 0 -1
    outer loop
      vertex 21.6506 1.57059 18.19
      vertex 21.9322 1.7261 18.19
      vertex 21.7718 1.51471 18.19
    endloop
  endfacet
  facet normal 0 0 -1
    outer loop
      vertex 21.5253 1.6168 18.19
      vertex 21.9322 1.7261 18.19
      vertex 21.6506 1.57059 18.19
    endloop
  endfacet
  facet normal 0 0 -1
    outer loop
      vertex 21.3969 1.65303 18.19
      vertex 21.9322 1.7261 18.19
      vertex 21.5253 1.6168 18.19
    endloop
  endfacet
  facet normal -0 0 -1
    outer loop
      vertex 21.9322 1.7261 18.19
      vertex 21.3969 1.65303 18.19
      vertex 21.7291 3.44156 18.19
    endloop
  endfacet
  facet normal 0 0 -1
    outer loop
      vertex 21.2659 1.67907 18.19
      vertex 21.7291 3.44156 18.19
      vertex 21.3969 1.65303 18.19
    endloop
  endfacet
  facet normal 0 0 -1
    outer loop
      vertex 21.1334 1.69476 18.19
      vertex 21.7291 3.44156 18.19
      vertex 21.2659 1.67907 18.19
    endloop
  endfacet
  facet normal 0 0 -1
    outer loop
      vertex 21 1.7 18.19
      vertex 21.7291 3.44156 18.19
      vertex 21.1334 1.69476 18.19
    endloop
  endfacet
  facet normal 0 0 -1
    outer loop
      vertex 20.8666 1.69476 18.19
      vertex 21.7291 3.44156 18.19
      vertex 21 1.7 18.19
    endloop
  endfacet
  facet normal 0 0 -1
    outer loop
      vertex 20.7341 1.67907 18.19
      vertex 21.7291 3.44156 18.19
      vertex 20.8666 1.69476 18.19
    endloop
  endfacet
  facet normal 0 0 -1
    outer loop
      vertex 20.6031 1.65303 18.19
      vertex 21.7291 3.44156 18.19
      vertex 20.7341 1.67907 18.19
    endloop
  endfacet
  facet normal -0 0 -1
    outer loop
      vertex 21.7291 3.44156 18.19
      vertex 18.7661 2.97225 18.19
      vertex 21.3921 5.1358 18.19
    endloop
  endfacet
  facet normal 0 0 -1
    outer loop
      vertex 21.7291 3.44156 18.19
      vertex 20.6031 1.65303 18.19
      vertex 18.7661 2.97225 18.19
    endloop
  endfacet
  facet normal 0 0 -1
    outer loop
      vertex 18.7661 2.97225 18.19
      vertex 20.6031 1.65303 18.19
      vertex 20.4747 1.6168 18.19
    endloop
  endfacet
  facet normal 0 0 -1
    outer loop
      vertex 18.7661 2.97225 18.19
      vertex 20.4747 1.6168 18.19
      vertex 20.3494 1.57059 18.19
    endloop
  endfacet
  facet normal 0 0 -1
    outer loop
      vertex 21.3921 5.1358 18.19
      vertex 18.7661 2.97225 18.19
      vertex 18.475 4.43546 18.19
    endloop
  endfacet
  facet normal 0 0 -1
    outer loop
      vertex 18.7661 2.97225 18.19
      vertex 20.3494 1.57059 18.19
      vertex 20.2282 1.51471 18.19
    endloop
  endfacet
  facet normal 0 0 -1
    outer loop
      vertex 18.7661 2.97225 18.19
      vertex 20.2282 1.51471 18.19
      vertex 20.1118 1.44949 18.19
    endloop
  endfacet
  facet normal 0 0 -1
    outer loop
      vertex 18.9414 1.49072 18.19
      vertex 20.1118 1.44949 18.19
      vertex 20.0008 1.37533 18.19
    endloop
  endfacet
  facet normal 0 0 -1
    outer loop
      vertex 18.9414 1.49072 18.19
      vertex 20.0008 1.37533 18.19
      vertex 19.8959 1.29269 18.19
    endloop
  endfacet
  facet normal 0 0 -1
    outer loop
      vertex 18.9414 1.49072 18.19
      vertex 19.8959 1.29269 18.19
      vertex 19.7979 1.20208 18.19
    endloop
  endfacet
  facet normal 0 0 -1
    outer loop
      vertex 18.9414 1.49072 18.19
      vertex 19.7979 1.20208 18.19
      vertex 19.7073 1.10406 18.19
    endloop
  endfacet
  facet normal 0 0 -1
    outer loop
      vertex 18.9414 1.49072 18.19
      vertex 19.7073 1.10406 18.19
      vertex 19.6247 0.999234 18.19
    endloop
  endfacet
  facet normal -0 0 -1
    outer loop
      vertex 21.3921 5.1358 18.19
      vertex 18.475 4.43546 18.19
      vertex 20.9232 6.79837 18.19
    endloop
  endfacet
  facet normal 0 0 -1
    outer loop
      vertex 18.9414 1.49072 18.19
      vertex 19.6247 0.999234 18.19
      vertex 19.5505 0.888247 18.19
    endloop
  endfacet
  facet normal 0 0 -1
    outer loop
      vertex 18.9414 1.49072 18.19
      vertex 19.5505 0.888247 18.19
      vertex 19.4853 0.771784 18.19
    endloop
  endfacet
  facet normal 0 0 -1
    outer loop
      vertex 18.9414 1.49072 18.19
      vertex 19.4853 0.771784 18.19
      vertex 19.4294 0.650561 18.19
    endloop
  endfacet
  facet normal 0 0 -1
    outer loop
      vertex 18.9414 1.49072 18.19
      vertex 19.4294 0.650561 18.19
      vertex 19.3832 0.525329 18.19
    endloop
  endfacet
  facet normal 0 0 -1
    outer loop
      vertex 19 0 18.19
      vertex 19.3832 0.525329 18.19
      vertex 19.347 0.396856 18.19
    endloop
  endfacet
  facet normal 0 0 -1
    outer loop
      vertex 19 0 18.19
      vertex 19.347 0.396856 18.19
      vertex 19.3209 0.265938 18.19
    endloop
  endfacet
  facet normal 0 0 -1
    outer loop
      vertex 19 0 18.19
      vertex 19.3209 0.265938 18.19
      vertex 19.3052 0.13338 18.19
    endloop
  endfacet
  facet normal 0 0 -1
    outer loop
      vertex 19 0 18.19
      vertex 19.3052 0.13338 18.19
      vertex 19.3 0 18.19
    endloop
  endfacet
  facet normal -0 0 -1
    outer loop
      vertex 19.3832 0.525329 18.19
      vertex 19 0 18.19
      vertex 18.9414 1.49072 18.19
    endloop
  endfacet
  facet normal 0 0 -1
    outer loop
      vertex 20.1118 1.44949 18.19
      vertex 18.9414 1.49072 18.19
      vertex 18.7661 2.97225 18.19
    endloop
  endfacet
  facet normal 0 0 -1
    outer loop
      vertex 18.0701 5.87132 18.19
      vertex 20.9232 6.79837 18.19
      vertex 18.475 4.43546 18.19
    endloop
  endfacet
  facet normal -0 0 -1
    outer loop
      vertex 20.9232 6.79837 18.19
      vertex 18.0701 5.87132 18.19
      vertex 20.3253 8.41903 18.19
    endloop
  endfacet
  facet normal 0 0 -1
    outer loop
      vertex 17.5537 7.27098 18.19
      vertex 20.3253 8.41903 18.19
      vertex 18.0701 5.87132 18.19
    endloop
  endfacet
  facet normal -0 0 -1
    outer loop
      vertex 20.3253 8.41903 18.19
      vertex 17.5537 7.27098 18.19
      vertex 19.6021 9.98779 18.19
    endloop
  endfacet
  facet normal 0 0 -1
    outer loop
      vertex 16.9291 8.62582 18.19
      vertex 19.6021 9.98779 18.19
      vertex 17.5537 7.27098 18.19
    endloop
  endfacet
  facet normal -0 0 -1
    outer loop
      vertex 19.6021 9.98779 18.19
      vertex 16.9291 8.62582 18.19
      vertex 18.7581 11.495 18.19
    endloop
  endfacet
  facet normal 0 0 -1
    outer loop
      vertex 16.2002 9.92747 18.19
      vertex 18.7581 11.495 18.19
      vertex 16.9291 8.62582 18.19
    endloop
  endfacet
  facet normal -0 0 -1
    outer loop
      vertex 18.7581 11.495 18.19
      vertex 16.2002 9.92747 18.19
      vertex 17.7984 12.9313 18.19
    endloop
  endfacet
  facet normal 0 0 -1
    outer loop
      vertex 15.3713 11.1679 18.19
      vertex 17.7984 12.9313 18.19
      vertex 16.2002 9.92747 18.19
    endloop
  endfacet
  facet normal -0 0 -1
    outer loop
      vertex 17.7984 12.9313 18.19
      vertex 15.3713 11.1679 18.19
      vertex 16.7289 14.2879 18.19
    endloop
  endfacet
  facet normal 0 0 -1
    outer loop
      vertex 14.4477 12.3395 18.19
      vertex 16.7289 14.2879 18.19
      vertex 15.3713 11.1679 18.19
    endloop
  endfacet
  facet normal -0 0 -1
    outer loop
      vertex 16.7289 14.2879 18.19
      vertex 14.4477 12.3395 18.19
      vertex 15.5563 15.5563 18.19
    endloop
  endfacet
  facet normal 0 0 -1
    outer loop
      vertex 13.435 13.435 18.19
      vertex 15.5563 15.5563 18.19
      vertex 14.4477 12.3395 18.19
    endloop
  endfacet
  facet normal -0 0 -1
    outer loop
      vertex 15.5563 15.5563 18.19
      vertex 13.435 13.435 18.19
      vertex 14.2879 16.7289 18.19
    endloop
  endfacet
  facet normal 0 0 -1
    outer loop
      vertex 12.3395 14.4477 18.19
      vertex 14.2879 16.7289 18.19
      vertex 13.435 13.435 18.19
    endloop
  endfacet
  facet normal -0 0 -1
    outer loop
      vertex 14.2879 16.7289 18.19
      vertex 12.3395 14.4477 18.19
      vertex 12.9313 17.7984 18.19
    endloop
  endfacet
  facet normal 0 0 -1
    outer loop
      vertex 11.1679 15.3713 18.19
      vertex 12.9313 17.7984 18.19
      vertex 12.3395 14.4477 18.19
    endloop
  endfacet
  facet normal -0 0 -1
    outer loop
      vertex 12.9313 17.7984 18.19
      vertex 11.1679 15.3713 18.19
      vertex 11.495 18.7581 18.19
    endloop
  endfacet
  facet normal 0 0 -1
    outer loop
      vertex 9.92747 16.2002 18.19
      vertex 11.495 18.7581 18.19
      vertex 11.1679 15.3713 18.19
    endloop
  endfacet
  facet normal -0 0 -1
    outer loop
      vertex 11.495 18.7581 18.19
      vertex 9.92747 16.2002 18.19
      vertex 9.98779 19.6021 18.19
    endloop
  endfacet
  facet normal 0 0 -1
    outer loop
      vertex 8.62582 16.9291 18.19
      vertex 9.98779 19.6021 18.19
      vertex 9.92747 16.2002 18.19
    endloop
  endfacet
  facet normal 0 0 -1
    outer loop
      vertex 8.62582 16.9291 18.19
      vertex 8.41903 20.3253 18.19
      vertex 9.98779 19.6021 18.19
    endloop
  endfacet
  facet normal 0 0 -1
    outer loop
      vertex 7.27098 17.5537 18.19
      vertex 8.41903 20.3253 18.19
      vertex 8.62582 16.9291 18.19
    endloop
  endfacet
  facet normal 0 0 -1
    outer loop
      vertex 7.27098 17.5537 18.19
      vertex 6.79837 20.9232 18.19
      vertex 8.41903 20.3253 18.19
    endloop
  endfacet
  facet normal 0 0 -1
    outer loop
      vertex 5.87132 18.0701 18.19
      vertex 6.79837 20.9232 18.19
      vertex 7.27098 17.5537 18.19
    endloop
  endfacet
  facet normal 0 0 -1
    outer loop
      vertex 5.87132 18.0701 18.19
      vertex 5.1358 21.3921 18.19
      vertex 6.79837 20.9232 18.19
    endloop
  endfacet
  facet normal 0 0 -1
    outer loop
      vertex 4.43546 18.475 18.19
      vertex 5.1358 21.3921 18.19
      vertex 5.87132 18.0701 18.19
    endloop
  endfacet
  facet normal 0 0 -1
    outer loop
      vertex 4.43546 18.475 18.19
      vertex 3.44156 21.7291 18.19
      vertex 5.1358 21.3921 18.19
    endloop
  endfacet
  facet normal 0 0 -1
    outer loop
      vertex 2.97225 18.7661 18.19
      vertex 3.44156 21.7291 18.19
      vertex 4.43546 18.475 18.19
    endloop
  endfacet
  facet normal 0 0 -1
    outer loop
      vertex 2.97225 18.7661 18.19
      vertex 1.7261 21.9322 18.19
      vertex 3.44156 21.7291 18.19
    endloop
  endfacet
  facet normal 0 0 -1
    outer loop
      vertex 1.49072 18.9414 18.19
      vertex 1.7261 21.9322 18.19
      vertex 2.97225 18.7661 18.19
    endloop
  endfacet
  facet normal 0 0 -1
    outer loop
      vertex 0 19 18.19
      vertex 1.7261 21.9322 18.19
      vertex 1.49072 18.9414 18.19
    endloop
  endfacet
  facet normal 0 0 -1
    outer loop
      vertex 0 19 18.19
      vertex 0 22 18.19
      vertex 1.7261 21.9322 18.19
    endloop
  endfacet
  facet normal 0 0 -1
    outer loop
      vertex -1.49072 18.9414 18.19
      vertex 0 22 18.19
      vertex 0 19 18.19
    endloop
  endfacet
  facet normal 0 0 -1
    outer loop
      vertex -1.49072 18.9414 18.19
      vertex -1.7261 21.9322 18.19
      vertex 0 22 18.19
    endloop
  endfacet
  facet normal 0 0 -1
    outer loop
      vertex -2.97225 18.7661 18.19
      vertex -1.7261 21.9322 18.19
      vertex -1.49072 18.9414 18.19
    endloop
  endfacet
  facet normal 0 0 -1
    outer loop
      vertex -2.97225 18.7661 18.19
      vertex -3.44156 21.7291 18.19
      vertex -1.7261 21.9322 18.19
    endloop
  endfacet
  facet normal 0 0 -1
    outer loop
      vertex -4.43546 18.475 18.19
      vertex -3.44156 21.7291 18.19
      vertex -2.97225 18.7661 18.19
    endloop
  endfacet
  facet normal 0 0 -1
    outer loop
      vertex -4.43546 18.475 18.19
      vertex -5.1358 21.3921 18.19
      vertex -3.44156 21.7291 18.19
    endloop
  endfacet
  facet normal 0 0 -1
    outer loop
      vertex -5.87132 18.0701 18.19
      vertex -5.1358 21.3921 18.19
      vertex -4.43546 18.475 18.19
    endloop
  endfacet
  facet normal 0 0 -1
    outer loop
      vertex -5.87132 18.0701 18.19
      vertex -6.79837 20.9232 18.19
      vertex -5.1358 21.3921 18.19
    endloop
  endfacet
  facet normal 0 0 -1
    outer loop
      vertex -7.27098 17.5537 18.19
      vertex -6.79837 20.9232 18.19
      vertex -5.87132 18.0701 18.19
    endloop
  endfacet
  facet normal 0 0 -1
    outer loop
      vertex -7.27098 17.5537 18.19
      vertex -8.41903 20.3253 18.19
      vertex -6.79837 20.9232 18.19
    endloop
  endfacet
  facet normal 0 0 -1
    outer loop
      vertex -8.85793 17.7465 18.19
      vertex -7.27098 17.5537 18.19
      vertex -8.62582 16.9291 18.19
    endloop
  endfacet
  facet normal 0 0 -1
    outer loop
      vertex -8.80233 18.2755 18.19
      vertex -7.27098 17.5537 18.19
      vertex -8.80058 18.142 18.19
    endloop
  endfacet
  facet normal 0 0 -1
    outer loop
      vertex -8.81454 18.4084 18.19
      vertex -7.27098 17.5537 18.19
      vertex -8.80233 18.2755 18.19
    endloop
  endfacet
  facet normal 0 0 -1
    outer loop
      vertex -8.83715 18.54 18.19
      vertex -7.27098 17.5537 18.19
      vertex -8.81454 18.4084 18.19
    endloop
  endfacet
  facet normal 0 0 -1
    outer loop
      vertex -8.87001 18.6694 18.19
      vertex -7.27098 17.5537 18.19
      vertex -8.83715 18.54 18.19
    endloop
  endfacet
  facet normal 0 0 -1
    outer loop
      vertex -7.27098 17.5537 18.19
      vertex -8.87001 18.6694 18.19
      vertex -8.41903 20.3253 18.19
    endloop
  endfacet
  facet normal 0 0 -1
    outer loop
      vertex -8.91291 18.7958 18.19
      vertex -8.41903 20.3253 18.19
      vertex -8.87001 18.6694 18.19
    endloop
  endfacet
  facet normal 0 0 -1
    outer loop
      vertex -8.9656 18.9184 18.19
      vertex -8.41903 20.3253 18.19
      vertex -8.91291 18.7958 18.19
    endloop
  endfacet
  facet normal 0 0 -1
    outer loop
      vertex -9.02776 19.0365 18.19
      vertex -8.41903 20.3253 18.19
      vertex -8.9656 18.9184 18.19
    endloop
  endfacet
  facet normal 0 0 -1
    outer loop
      vertex -9.09898 19.1494 18.19
      vertex -8.41903 20.3253 18.19
      vertex -9.02776 19.0365 18.19
    endloop
  endfacet
  facet normal 0 0 -1
    outer loop
      vertex -9.17885 19.2564 18.19
      vertex -8.41903 20.3253 18.19
      vertex -9.09898 19.1494 18.19
    endloop
  endfacet
  facet normal 0 0 -1
    outer loop
      vertex -9.26686 19.3567 18.19
      vertex -8.41903 20.3253 18.19
      vertex -9.17885 19.2564 18.19
    endloop
  endfacet
  facet normal 0 0 -1
    outer loop
      vertex -9.36248 19.4499 18.19
      vertex -8.41903 20.3253 18.19
      vertex -9.26686 19.3567 18.19
    endloop
  endfacet
  facet normal 0 0 -1
    outer loop
      vertex -9.46511 19.5352 18.19
      vertex -8.41903 20.3253 18.19
      vertex -9.36248 19.4499 18.19
    endloop
  endfacet
  facet normal 0 0 -1
    outer loop
      vertex -9.57411 19.6123 18.19
      vertex -8.41903 20.3253 18.19
      vertex -9.46511 19.5352 18.19
    endloop
  endfacet
  facet normal 0 0 -1
    outer loop
      vertex -9.68883 19.6805 18.19
      vertex -8.41903 20.3253 18.19
      vertex -9.57411 19.6123 18.19
    endloop
  endfacet
  facet normal 0 0 -1
    outer loop
      vertex -8.41903 20.3253 18.19
      vertex -9.68883 19.6805 18.19
      vertex -9.75113 19.7112 18.19
    endloop
  endfacet
  facet normal 0 0 -1
    outer loop
      vertex -8.82847 -17.8767 18.19
      vertex -7.27098 -17.5537 18.19
      vertex -8.80931 -18.0088 18.19
    endloop
  endfacet
  facet normal 0 0 -1
    outer loop
      vertex -8.85793 -17.7465 18.19
      vertex -7.27098 -17.5537 18.19
      vertex -8.82847 -17.8767 18.19
    endloop
  endfacet
  facet normal -0 0 -1
    outer loop
      vertex -7.27098 -17.5537 18.19
      vertex -8.85793 -17.7465 18.19
      vertex -8.62582 -16.9291 18.19
    endloop
  endfacet
  facet normal 0 0 -1
    outer loop
      vertex -8.89751 -17.6191 18.19
      vertex -8.62582 -16.9291 18.19
      vertex -8.85793 -17.7465 18.19
    endloop
  endfacet
  facet normal 0 0 -1
    outer loop
      vertex -8.94697 -17.4951 18.19
      vertex -8.62582 -16.9291 18.19
      vertex -8.89751 -17.6191 18.19
    endloop
  endfacet
  facet normal 0 0 -1
    outer loop
      vertex -9.00601 -17.3754 18.19
      vertex -8.62582 -16.9291 18.19
      vertex -8.94697 -17.4951 18.19
    endloop
  endfacet
  facet normal 0 0 -1
    outer loop
      vertex -9.07426 -17.2606 18.19
      vertex -8.62582 -16.9291 18.19
      vertex -9.00601 -17.3754 18.19
    endloop
  endfacet
  facet normal 0 0 -1
    outer loop
      vertex -9.1513 -17.1516 18.19
      vertex -8.62582 -16.9291 18.19
      vertex -9.07426 -17.2606 18.19
    endloop
  endfacet
  facet normal 0 0 -1
    outer loop
      vertex -9.23665 -17.049 18.19
      vertex -8.62582 -16.9291 18.19
      vertex -9.1513 -17.1516 18.19
    endloop
  endfacet
  facet normal 0 0 -1
    outer loop
      vertex -9.3298 -16.9534 18.19
      vertex -8.62582 -16.9291 18.19
      vertex -9.23665 -17.049 18.19
    endloop
  endfacet
  facet normal 0 0 -1
    outer loop
      vertex -9.43015 -16.8654 18.19
      vertex -8.62582 -16.9291 18.19
      vertex -9.3298 -16.9534 18.19
    endloop
  endfacet
  facet normal 0 0 -1
    outer loop
      vertex -9.53711 -16.7855 18.19
      vertex -8.62582 -16.9291 18.19
      vertex -9.43015 -16.8654 18.19
    endloop
  endfacet
  facet normal 0 0 -1
    outer loop
      vertex -9.92747 -16.2002 18.19
      vertex -9.53711 -16.7855 18.19
      vertex -9.65 -16.7143 18.19
    endloop
  endfacet
  facet normal 0 0 -1
    outer loop
      vertex -9.92747 -16.2002 18.19
      vertex -9.65 -16.7143 18.19
      vertex -9.76813 -16.6521 18.19
    endloop
  endfacet
  facet normal 0 0 -1
    outer loop
      vertex -9.92747 -16.2002 18.19
      vertex -9.76813 -16.6521 18.19
      vertex -9.89077 -16.5994 18.19
    endloop
  endfacet
  facet normal 0 0 -1
    outer loop
      vertex -9.53711 -16.7855 18.19
      vertex -9.92747 -16.2002 18.19
      vertex -8.62582 -16.9291 18.19
    endloop
  endfacet
  facet normal 0 0 -1
    outer loop
      vertex -10.0172 -16.5565 18.19
      vertex -9.92747 -16.2002 18.19
      vertex -9.89077 -16.5994 18.19
    endloop
  endfacet
  facet normal 0 0 -1
    outer loop
      vertex -10.1465 -16.5237 18.19
      vertex -9.92747 -16.2002 18.19
      vertex -10.0172 -16.5565 18.19
    endloop
  endfacet
  facet normal 0 0 -1
    outer loop
      vertex -10.2781 -16.5011 18.19
      vertex -9.92747 -16.2002 18.19
      vertex -10.1465 -16.5237 18.19
    endloop
  endfacet
  facet normal 0 0 -1
    outer loop
      vertex -10.411 -16.4889 18.19
      vertex -9.92747 -16.2002 18.19
      vertex -10.2781 -16.5011 18.19
    endloop
  endfacet
  facet normal 0 0 -1
    outer loop
      vertex -10.5445 -16.4871 18.19
      vertex -9.92747 -16.2002 18.19
      vertex -10.411 -16.4889 18.19
    endloop
  endfacet
  facet normal 0 0 -1
    outer loop
      vertex -11.1679 -15.3713 18.19
      vertex -10.5445 -16.4871 18.19
      vertex -10.6777 -16.4958 18.19
    endloop
  endfacet
  facet normal 0 0 -1
    outer loop
      vertex -11.1679 -15.3713 18.19
      vertex -10.6777 -16.4958 18.19
      vertex -10.8098 -16.515 18.19
    endloop
  endfacet
  facet normal 0 0 -1
    outer loop
      vertex -11.1679 -15.3713 18.19
      vertex -10.8098 -16.515 18.19
      vertex -10.94 -16.5445 18.19
    endloop
  endfacet
  facet normal 0 0 -1
    outer loop
      vertex -11.1679 -15.3713 18.19
      vertex -10.94 -16.5445 18.19
      vertex -11.0675 -16.584 18.19
    endloop
  endfacet
  facet normal 0 0 -1
    outer loop
      vertex -10.5445 -16.4871 18.19
      vertex -11.1679 -15.3713 18.19
      vertex -9.92747 -16.2002 18.19
    endloop
  endfacet
  facet normal 0 0 -1
    outer loop
      vertex -11.1915 -16.6335 18.19
      vertex -11.1679 -15.3713 18.19
      vertex -11.0675 -16.584 18.19
    endloop
  endfacet
  facet normal 0 0 -1
    outer loop
      vertex -11.3112 -16.6925 18.19
      vertex -11.1679 -15.3713 18.19
      vertex -11.1915 -16.6335 18.19
    endloop
  endfacet
  facet normal 0 0 -1
    outer loop
      vertex -11.4259 -16.7608 18.19
      vertex -11.1679 -15.3713 18.19
      vertex -11.3112 -16.6925 18.19
    endloop
  endfacet
  facet normal 0 0 -1
    outer loop
      vertex -11.5349 -16.8378 18.19
      vertex -11.1679 -15.3713 18.19
      vertex -11.4259 -16.7608 18.19
    endloop
  endfacet
  facet normal 0 0 -1
    outer loop
      vertex -11.6375 -16.9232 18.19
      vertex -11.1679 -15.3713 18.19
      vertex -11.5349 -16.8378 18.19
    endloop
  endfacet
  facet normal 0 0 -1
    outer loop
      vertex -12.3395 -14.4477 18.19
      vertex -11.6375 -16.9232 18.19
      vertex -11.7331 -17.0163 18.19
    endloop
  endfacet
  facet normal 0 0 -1
    outer loop
      vertex -12.3395 -14.4477 18.19
      vertex -11.7331 -17.0163 18.19
      vertex -11.8211 -17.1167 18.19
    endloop
  endfacet
  facet normal 0 0 -1
    outer loop
      vertex -14.2879 -16.7289 18.19
      vertex -11.901 -17.2236 18.19
      vertex -12.9313 -17.7984 18.19
    endloop
  endfacet
  facet normal 0 0 -1
    outer loop
      vertex -12.9313 -17.7984 18.19
      vertex -11.901 -17.2236 18.19
      vertex -11.9722 -17.3365 18.19
    endloop
  endfacet
  facet normal 0 0 -1
    outer loop
      vertex -12.9313 -17.7984 18.19
      vertex -11.9722 -17.3365 18.19
      vertex -12.0344 -17.4547 18.19
    endloop
  endfacet
  facet normal 0 0 -1
    outer loop
      vertex -12.9313 -17.7984 18.19
      vertex -12.0344 -17.4547 18.19
      vertex -12.0871 -17.5773 18.19
    endloop
  endfacet
  facet normal 0 0 -1
    outer loop
      vertex -11.6375 -16.9232 18.19
      vertex -12.3395 -14.4477 18.19
      vertex -11.1679 -15.3713 18.19
    endloop
  endfacet
  facet normal 0 0 -1
    outer loop
      vertex -12.9313 -17.7984 18.19
      vertex -12.0871 -17.5773 18.19
      vertex -12.13 -17.7037 18.19
    endloop
  endfacet
  facet normal 0 0 -1
    outer loop
      vertex -12.9313 -17.7984 18.19
      vertex -12.13 -17.7037 18.19
      vertex -12.1629 -17.8331 18.19
    endloop
  endfacet
  facet normal 0 0 -1
    outer loop
      vertex -12.9313 -17.7984 18.19
      vertex -12.1629 -17.8331 18.19
      vertex -12.1855 -17.9646 18.19
    endloop
  endfacet
  facet normal 0 0 -1
    outer loop
      vertex -12.9313 -17.7984 18.19
      vertex -12.1855 -17.9646 18.19
      vertex -12.1977 -18.0976 18.19
    endloop
  endfacet
  facet normal 0 0 -1
    outer loop
      vertex -12.9313 -17.7984 18.19
      vertex -12.1977 -18.0976 18.19
      vertex -12.1994 -18.231 18.19
    endloop
  endfacet
  facet normal -0 0 -1
    outer loop
      vertex -12.1994 18.231 18.19
      vertex -12.9313 17.7984 18.19
      vertex -12.1956 18.29 18.19
    endloop
  endfacet
  facet normal -0 0 -1
    outer loop
      vertex -12.1977 18.0976 18.19
      vertex -12.9313 17.7984 18.19
      vertex -12.1994 18.231 18.19
    endloop
  endfacet
  facet normal 0 0 -1
    outer loop
      vertex -14.2879 16.7289 18.19
      vertex -12.3395 14.4477 18.19
      vertex -13.435 13.435 18.19
    endloop
  endfacet
  facet normal 0 0 -1
    outer loop
      vertex -11.9722 17.3365 18.19
      vertex -12.9313 17.7984 18.19
      vertex -12.0344 17.4547 18.19
    endloop
  endfacet
  facet normal 0 0 -1
    outer loop
      vertex -15.5563 15.5563 18.19
      vertex -13.435 13.435 18.19
      vertex -14.4477 12.3395 18.19
    endloop
  endfacet
  facet normal 0 0 -1
    outer loop
      vertex -16.7289 14.2879 18.19
      vertex -14.4477 12.3395 18.19
      vertex -15.3713 11.1679 18.19
    endloop
  endfacet
  facet normal 0 0 -1
    outer loop
      vertex -13.435 13.435 18.19
      vertex -15.5563 15.5563 18.19
      vertex -14.2879 16.7289 18.19
    endloop
  endfacet
  facet normal 0 0 -1
    outer loop
      vertex -17.7984 12.9313 18.19
      vertex -15.3713 11.1679 18.19
      vertex -16.2002 9.92747 18.19
    endloop
  endfacet
  facet normal 0 0 -1
    outer loop
      vertex -14.4477 12.3395 18.19
      vertex -16.7289 14.2879 18.19
      vertex -15.5563 15.5563 18.19
    endloop
  endfacet
  facet normal 0 0 -1
    outer loop
      vertex -18.7581 11.495 18.19
      vertex -16.2002 9.92747 18.19
      vertex -16.9291 8.62582 18.19
    endloop
  endfacet
  facet normal 0 0 -1
    outer loop
      vertex -19.6021 9.98779 18.19
      vertex -16.9291 8.62582 18.19
      vertex -17.5537 7.27098 18.19
    endloop
  endfacet
  facet normal 0 0 -1
    outer loop
      vertex -15.3713 11.1679 18.19
      vertex -17.7984 12.9313 18.19
      vertex -16.7289 14.2879 18.19
    endloop
  endfacet
  facet normal 0 0 -1
    outer loop
      vertex -20.3253 8.41903 18.19
      vertex -17.5537 7.27098 18.19
      vertex -18.0701 5.87132 18.19
    endloop
  endfacet
  facet normal 0 0 -1
    outer loop
      vertex -20.9232 6.79837 18.19
      vertex -18.0701 5.87132 18.19
      vertex -18.475 4.43546 18.19
    endloop
  endfacet
  facet normal 0 0 -1
    outer loop
      vertex -16.2002 9.92747 18.19
      vertex -18.7581 11.495 18.19
      vertex -17.7984 12.9313 18.19
    endloop
  endfacet
  facet normal 0 0 -1
    outer loop
      vertex -21.3921 5.1358 18.19
      vertex -18.475 4.43546 18.19
      vertex -18.7661 2.97225 18.19
    endloop
  endfacet
  facet normal 0 0 -1
    outer loop
      vertex -21.7291 3.44156 18.19
      vertex -18.7661 2.97225 18.19
      vertex -18.9414 1.49072 18.19
    endloop
  endfacet
  facet normal 0 0 -1
    outer loop
      vertex -21.9322 1.7261 18.19
      vertex -18.9414 1.49072 18.19
      vertex -19 0 18.19
    endloop
  endfacet
  facet normal -0 0 -1
    outer loop
      vertex -18.475 -4.43546 18.19
      vertex -21.3921 -5.1358 18.19
      vertex -18.7661 -2.97225 18.19
    endloop
  endfacet
  facet normal 0 0 -1
    outer loop
      vertex -16.9291 8.62582 18.19
      vertex -19.6021 9.98779 18.19
      vertex -18.7581 11.495 18.19
    endloop
  endfacet
  facet normal 0 0 -1
    outer loop
      vertex -21.7291 -3.44156 18.19
      vertex -18.7661 -2.97225 18.19
      vertex -21.3921 -5.1358 18.19
    endloop
  endfacet
  facet normal 0 0 -1
    outer loop
      vertex -17.5537 7.27098 18.19
      vertex -20.3253 8.41903 18.19
      vertex -19.6021 9.98779 18.19
    endloop
  endfacet
  facet normal -0 0 -1
    outer loop
      vertex -18.7661 -2.97225 18.19
      vertex -21.7291 -3.44156 18.19
      vertex -18.9414 -1.49072 18.19
    endloop
  endfacet
  facet normal 0 0 -1
    outer loop
      vertex -18.0701 5.87132 18.19
      vertex -20.9232 6.79837 18.19
      vertex -20.3253 8.41903 18.19
    endloop
  endfacet
  facet normal 0 0 -1
    outer loop
      vertex -21.9322 -1.7261 18.19
      vertex -18.9414 -1.49072 18.19
      vertex -21.7291 -3.44156 18.19
    endloop
  endfacet
  facet normal 0 0 -1
    outer loop
      vertex -18.475 4.43546 18.19
      vertex -21.3921 5.1358 18.19
      vertex -20.9232 6.79837 18.19
    endloop
  endfacet
  facet normal -0 0 -1
    outer loop
      vertex -18.9414 -1.49072 18.19
      vertex -21.9322 -1.7261 18.19
      vertex -19 0 18.19
    endloop
  endfacet
  facet normal 0 0 -1
    outer loop
      vertex -18.7661 2.97225 18.19
      vertex -21.7291 3.44156 18.19
      vertex -21.3921 5.1358 18.19
    endloop
  endfacet
  facet normal 0 0 -1
    outer loop
      vertex -22 0 18.19
      vertex -19 0 18.19
      vertex -21.9322 -1.7261 18.19
    endloop
  endfacet
  facet normal 0 0 -1
    outer loop
      vertex -18.9414 1.49072 18.19
      vertex -21.9322 1.7261 18.19
      vertex -21.7291 3.44156 18.19
    endloop
  endfacet
  facet normal 0 0 -1
    outer loop
      vertex -19 0 18.19
      vertex -22 0 18.19
      vertex -21.9322 1.7261 18.19
    endloop
  endfacet
  facet normal 0.962454 -0.271444 0
    outer loop
      vertex -21.3921 5.1358 18.19
      vertex -20.9232 6.79837 17
      vertex -20.9232 6.79837 18.19
    endloop
  endfacet
  facet normal 0.962454 -0.271444 0
    outer loop
      vertex -20.9232 6.79837 17
      vertex -21.3921 5.1358 18.19
      vertex -21.3921 5.1358 17
    endloop
  endfacet
  facet normal 0.785305 -0.619109 0
    outer loop
      vertex -17.7984 12.9313 18.19
      vertex -16.7289 14.2879 17
      vertex -16.7289 14.2879 18.19
    endloop
  endfacet
  facet normal 0.785305 -0.619109 0
    outer loop
      vertex -16.7289 14.2879 17
      vertex -17.7984 12.9313 18.19
      vertex -17.7984 12.9313 17
    endloop
  endfacet
  facet normal 0.195087 -0.980786 0
    outer loop
      vertex -5.1358 21.3921 17
      vertex -3.44156 21.7291 18.19
      vertex -5.1358 21.3921 18.19
    endloop
  endfacet
  facet normal 0.195087 -0.980786 0
    outer loop
      vertex -3.44156 21.7291 18.19
      vertex -5.1358 21.3921 17
      vertex -3.44156 21.7291 17
    endloop
  endfacet
  facet normal 0.271444 -0.962454 0
    outer loop
      vertex -6.79837 20.9232 17
      vertex -5.1358 21.3921 18.19
      vertex -6.79837 20.9232 18.19
    endloop
  endfacet
  facet normal 0.271444 -0.962454 0
    outer loop
      vertex -5.1358 21.3921 18.19
      vertex -6.79837 20.9232 17
      vertex -5.1358 21.3921 17
    endloop
  endfacet
  facet normal 0.619109 -0.785305 0
    outer loop
      vertex -14.2879 16.7289 17
      vertex -12.9313 17.7984 18.19
      vertex -14.2879 16.7289 18.19
    endloop
  endfacet
  facet normal 0.619109 -0.785305 0
    outer loop
      vertex -12.9313 17.7984 18.19
      vertex -14.2879 16.7289 17
      vertex -12.9313 17.7984 17
    endloop
  endfacet
  facet normal 0.555587 -0.831459 0
    outer loop
      vertex -12.9313 17.7984 17
      vertex -12.1956 18.29 18.19
      vertex -12.9313 17.7984 18.19
    endloop
  endfacet
  facet normal 0.555587 -0.831459 0
    outer loop
      vertex -12.1956 18.29 18.19
      vertex -12.9313 17.7984 17
      vertex -12.1956 18.29 17
    endloop
  endfacet
  facet normal -0.999235 0.0391146 0
    outer loop
      vertex 21.9322 -1.7261 17
      vertex 21.9445 -1.41188 18.19
      vertex 21.9445 -1.41188 17
    endloop
  endfacet
  facet normal -0.999235 0.0391146 0
    outer loop
      vertex 21.9445 -1.41188 18.19
      vertex 21.9322 -1.7261 17
      vertex 21.9322 -1.7261 18.19
    endloop
  endfacet
  facet normal -0.039249 0.999229 0
    outer loop
      vertex 1.7261 -21.9322 17
      vertex 0 -22 18.19
      vertex 1.7261 -21.9322 18.19
    endloop
  endfacet
  facet normal -0.039249 0.999229 0
    outer loop
      vertex 0 -22 18.19
      vertex 1.7261 -21.9322 17
      vertex 0 -22 17
    endloop
  endfacet
  facet normal -0.980786 0.195087 0
    outer loop
      vertex 21.3921 -5.1358 17
      vertex 21.7291 -3.44156 18.19
      vertex 21.7291 -3.44156 17
    endloop
  endfacet
  facet normal -0.980786 0.195087 0
    outer loop
      vertex 21.7291 -3.44156 18.19
      vertex 21.3921 -5.1358 17
      vertex 21.3921 -5.1358 18.19
    endloop
  endfacet
  facet normal -0.117573 0.993064 0
    outer loop
      vertex 3.44156 -21.7291 17
      vertex 1.7261 -21.9322 18.19
      vertex 3.44156 -21.7291 18.19
    endloop
  endfacet
  facet normal -0.117573 0.993064 0
    outer loop
      vertex 1.7261 -21.9322 18.19
      vertex 3.44156 -21.7291 17
      vertex 1.7261 -21.9322 17
    endloop
  endfacet
  facet normal -0.346121 0.93819 0
    outer loop
      vertex 8.41903 -20.3253 17
      vertex 6.79837 -20.9232 18.19
      vertex 8.41903 -20.3253 18.19
    endloop
  endfacet
  facet normal -0.346121 0.93819 0
    outer loop
      vertex 6.79837 -20.9232 18.19
      vertex 8.41903 -20.3253 17
      vertex 6.79837 -20.9232 17
    endloop
  endfacet
  facet normal -0.619109 0.785305 0
    outer loop
      vertex 14.2879 -16.7289 17
      vertex 12.9313 -17.7984 18.19
      vertex 14.2879 -16.7289 18.19
    endloop
  endfacet
  facet normal -0.619109 0.785305 0
    outer loop
      vertex 12.9313 -17.7984 18.19
      vertex 14.2879 -16.7289 17
      vertex 12.9313 -17.7984 17
    endloop
  endfacet
  facet normal -0.734293 0.678833 0
    outer loop
      vertex 15.5563 -15.5563 17
      vertex 16.7289 -14.2879 18.19
      vertex 16.7289 -14.2879 17
    endloop
  endfacet
  facet normal -0.734293 0.678833 0
    outer loop
      vertex 16.7289 -14.2879 18.19
      vertex 15.5563 -15.5563 17
      vertex 15.5563 -15.5563 18.19
    endloop
  endfacet
  facet normal -0.555568 0.831471 0
    outer loop
      vertex 12.9313 -17.7984 17
      vertex 11.495 -18.7581 18.19
      vertex 12.9313 -17.7984 18.19
    endloop
  endfacet
  facet normal -0.555568 0.831471 0
    outer loop
      vertex 11.495 -18.7581 18.19
      vertex 12.9313 -17.7984 17
      vertex 11.495 -18.7581 17
    endloop
  endfacet
  facet normal 0.271444 0.962454 -0
    outer loop
      vertex -5.1358 -21.3921 17
      vertex -6.79837 -20.9232 18.19
      vertex -5.1358 -21.3921 18.19
    endloop
  endfacet
  facet normal 0.271444 0.962454 0
    outer loop
      vertex -6.79837 -20.9232 18.19
      vertex -5.1358 -21.3921 17
      vertex -6.79837 -20.9232 17
    endloop
  endfacet
  facet normal 0.619109 0.785305 -0
    outer loop
      vertex -12.9313 -17.7984 17
      vertex -14.2879 -16.7289 18.19
      vertex -12.9313 -17.7984 18.19
    endloop
  endfacet
  facet normal 0.619109 0.785305 0
    outer loop
      vertex -14.2879 -16.7289 18.19
      vertex -12.9313 -17.7984 17
      vertex -14.2879 -16.7289 17
    endloop
  endfacet
  facet normal 0.980786 0.195087 0
    outer loop
      vertex -21.3921 -5.1358 18.19
      vertex -21.7291 -3.44156 17
      vertex -21.7291 -3.44156 18.19
    endloop
  endfacet
  facet normal 0.980786 0.195087 0
    outer loop
      vertex -21.7291 -3.44156 17
      vertex -21.3921 -5.1358 18.19
      vertex -21.3921 -5.1358 17
    endloop
  endfacet
  facet normal 0.93819 0.346121 0
    outer loop
      vertex -20.3253 -8.41903 18.19
      vertex -20.9232 -6.79837 17
      vertex -20.9232 -6.79837 18.19
    endloop
  endfacet
  facet normal 0.93819 0.346121 0
    outer loop
      vertex -20.9232 -6.79837 17
      vertex -20.3253 -8.41903 18.19
      vertex -20.3253 -8.41903 17
    endloop
  endfacet
  facet normal 0.993064 0.117573 0
    outer loop
      vertex -21.7291 -3.44156 18.19
      vertex -21.9322 -1.7261 17
      vertex -21.9322 -1.7261 18.19
    endloop
  endfacet
  facet normal 0.993064 0.117573 0
    outer loop
      vertex -21.9322 -1.7261 17
      vertex -21.7291 -3.44156 18.19
      vertex -21.7291 -3.44156 17
    endloop
  endfacet
  facet normal 0.872515 0.488587 0
    outer loop
      vertex -18.7581 -11.495 18.19
      vertex -19.6021 -9.98779 17
      vertex -19.6021 -9.98779 18.19
    endloop
  endfacet
  facet normal 0.872515 0.488587 0
    outer loop
      vertex -19.6021 -9.98779 17
      vertex -18.7581 -11.495 18.19
      vertex -18.7581 -11.495 17
    endloop
  endfacet
  facet normal 0.734293 0.678833 0
    outer loop
      vertex -15.5563 -15.5563 18.19
      vertex -16.7289 -14.2879 17
      vertex -16.7289 -14.2879 18.19
    endloop
  endfacet
  facet normal 0.734293 0.678833 0
    outer loop
      vertex -16.7289 -14.2879 17
      vertex -15.5563 -15.5563 18.19
      vertex -15.5563 -15.5563 17
    endloop
  endfacet
  facet normal 0.831471 0.555568 0
    outer loop
      vertex -17.7984 -12.9313 18.19
      vertex -18.7581 -11.495 17
      vertex -18.7581 -11.495 18.19
    endloop
  endfacet
  facet normal 0.831471 0.555568 0
    outer loop
      vertex -18.7581 -11.495 17
      vertex -17.7984 -12.9313 18.19
      vertex -17.7984 -12.9313 17
    endloop
  endfacet
  facet normal -0.908145 0.418656 0
    outer loop
      vertex 19.6021 -9.98779 17
      vertex 20.3253 -8.41903 18.19
      vertex 20.3253 -8.41903 17
    endloop
  endfacet
  facet normal -0.908145 0.418656 0
    outer loop
      vertex 20.3253 -8.41903 18.19
      vertex 19.6021 -9.98779 17
      vertex 19.6021 -9.98779 18.19
    endloop
  endfacet
  facet normal -0.872515 0.488587 0
    outer loop
      vertex 18.7581 -11.495 17
      vertex 19.6021 -9.98779 18.19
      vertex 19.6021 -9.98779 17
    endloop
  endfacet
  facet normal -0.872515 0.488587 0
    outer loop
      vertex 19.6021 -9.98779 18.19
      vertex 18.7581 -11.495 17
      vertex 18.7581 -11.495 18.19
    endloop
  endfacet
  facet normal -0.418656 0.908145 0
    outer loop
      vertex 9.98779 -19.6021 17
      vertex 8.41903 -20.3253 18.19
      vertex 9.98779 -19.6021 18.19
    endloop
  endfacet
  facet normal -0.418656 0.908145 0
    outer loop
      vertex 8.41903 -20.3253 18.19
      vertex 9.98779 -19.6021 17
      vertex 8.41903 -20.3253 17
    endloop
  endfacet
  facet normal -0.678833 0.734293 0
    outer loop
      vertex 15.5563 -15.5563 17
      vertex 14.2879 -16.7289 18.19
      vertex 15.5563 -15.5563 18.19
    endloop
  endfacet
  facet normal -0.678833 0.734293 0
    outer loop
      vertex 14.2879 -16.7289 18.19
      vertex 15.5563 -15.5563 17
      vertex 14.2879 -16.7289 17
    endloop
  endfacet
  facet normal 0.962454 0.271444 0
    outer loop
      vertex -20.9232 -6.79837 18.19
      vertex -21.3921 -5.1358 17
      vertex -21.3921 -5.1358 18.19
    endloop
  endfacet
  facet normal 0.962454 0.271444 0
    outer loop
      vertex -21.3921 -5.1358 17
      vertex -20.9232 -6.79837 18.19
      vertex -20.9232 -6.79837 17
    endloop
  endfacet
  facet normal 0.785305 0.619109 0
    outer loop
      vertex -16.7289 -14.2879 18.19
      vertex -17.7984 -12.9313 17
      vertex -17.7984 -12.9313 18.19
    endloop
  endfacet
  facet normal 0.785305 0.619109 0
    outer loop
      vertex -17.7984 -12.9313 17
      vertex -16.7289 -14.2879 18.19
      vertex -16.7289 -14.2879 17
    endloop
  endfacet
  facet normal -0.831471 0.555568 0
    outer loop
      vertex 17.7984 -12.9313 17
      vertex 18.7581 -11.495 18.19
      vertex 18.7581 -11.495 17
    endloop
  endfacet
  facet normal -0.831471 0.555568 0
    outer loop
      vertex 18.7581 -11.495 18.19
      vertex 17.7984 -12.9313 17
      vertex 17.7984 -12.9313 18.19
    endloop
  endfacet
  facet normal 0.980779 0.195122 0
    outer loop
      vertex 18.7661 2.97225 18.19
      vertex 18.475 4.43546 17
      vertex 18.475 4.43546 18.19
    endloop
  endfacet
  facet normal 0.980779 0.195122 0
    outer loop
      vertex 18.475 4.43546 17
      vertex 18.7661 2.97225 18.19
      vertex 18.7661 2.97225 17
    endloop
  endfacet
  facet normal 0.999228 0.0392795 0
    outer loop
      vertex 19 0 18.19
      vertex 18.9414 1.49072 17
      vertex 18.9414 1.49072 18.19
    endloop
  endfacet
  facet normal 0.999228 0.0392795 0
    outer loop
      vertex 18.9414 1.49072 17
      vertex 19 0 18.19
      vertex 19 0 17
    endloop
  endfacet
  facet normal -0.999228 0.0392795 0
    outer loop
      vertex -19 0 17
      vertex -18.9414 1.49072 18.19
      vertex -18.9414 1.49072 17
    endloop
  endfacet
  facet normal -0.999228 0.0392795 0
    outer loop
      vertex -18.9414 1.49072 18.19
      vertex -19 0 17
      vertex -19 0 18.19
    endloop
  endfacet
  facet normal 0.0392795 0.999228 -0
    outer loop
      vertex 1.49072 18.9414 17
      vertex 0 19 18.19
      vertex 1.49072 18.9414 18.19
    endloop
  endfacet
  facet normal 0.0392795 0.999228 0
    outer loop
      vertex 0 19 18.19
      vertex 1.49072 18.9414 17
      vertex 0 19 17
    endloop
  endfacet
  facet normal 0.678812 0.734312 -0
    outer loop
      vertex 13.435 13.435 17
      vertex 12.3395 14.4477 18.19
      vertex 13.435 13.435 18.19
    endloop
  endfacet
  facet normal 0.678812 0.734312 0
    outer loop
      vertex 12.3395 14.4477 18.19
      vertex 13.435 13.435 17
      vertex 12.3395 14.4477 17
    endloop
  endfacet
  facet normal -0.678812 0.734312 0
    outer loop
      vertex -12.3395 14.4477 17
      vertex -13.435 13.435 18.19
      vertex -12.3395 14.4477 18.19
    endloop
  endfacet
  facet normal -0.678812 0.734312 0
    outer loop
      vertex -13.435 13.435 18.19
      vertex -12.3395 14.4477 17
      vertex -13.435 13.435 17
    endloop
  endfacet
  facet normal -0.734312 -0.678812 0
    outer loop
      vertex -13.435 -13.435 17
      vertex -14.4477 -12.3395 18.19
      vertex -14.4477 -12.3395 17
    endloop
  endfacet
  facet normal -0.734312 -0.678812 0
    outer loop
      vertex -14.4477 -12.3395 18.19
      vertex -13.435 -13.435 17
      vertex -13.435 -13.435 18.19
    endloop
  endfacet
  facet normal 0.962465 0.271407 0
    outer loop
      vertex 18.475 4.43546 18.19
      vertex 18.0701 5.87132 17
      vertex 18.0701 5.87132 18.19
    endloop
  endfacet
  facet normal 0.962465 0.271407 0
    outer loop
      vertex 18.0701 5.87132 17
      vertex 18.475 4.43546 18.19
      vertex 18.475 4.43546 17
    endloop
  endfacet
  facet normal 0.418665 0.908141 -0
    outer loop
      vertex 8.62582 16.9291 17
      vertex 7.27098 17.5537 18.19
      vertex 8.62582 16.9291 18.19
    endloop
  endfacet
  facet normal 0.418665 0.908141 0
    outer loop
      vertex 7.27098 17.5537 18.19
      vertex 8.62582 16.9291 17
      vertex 7.27098 17.5537 17
    endloop
  endfacet
  facet normal -0.785322 0.619088 0
    outer loop
      vertex -15.3713 11.1679 17
      vertex -14.4477 12.3395 18.19
      vertex -14.4477 12.3395 17
    endloop
  endfacet
  facet normal -0.785322 0.619088 0
    outer loop
      vertex -14.4477 12.3395 18.19
      vertex -15.3713 11.1679 17
      vertex -15.3713 11.1679 18.19
    endloop
  endfacet
  facet normal 0.908141 -0.418665 0
    outer loop
      vertex 16.9291 -8.62582 18.19
      vertex 17.5537 -7.27098 17
      vertex 17.5537 -7.27098 18.19
    endloop
  endfacet
  facet normal 0.908141 -0.418665 0
    outer loop
      vertex 17.5537 -7.27098 17
      vertex 16.9291 -8.62582 18.19
      vertex 16.9291 -8.62582 17
    endloop
  endfacet
  facet normal 0.271407 -0.962465 0
    outer loop
      vertex 4.43546 -18.475 17
      vertex 5.87132 -18.0701 18.19
      vertex 4.43546 -18.475 18.19
    endloop
  endfacet
  facet normal 0.271407 -0.962465 0
    outer loop
      vertex 5.87132 -18.0701 18.19
      vertex 4.43546 -18.475 17
      vertex 5.87132 -18.0701 17
    endloop
  endfacet
  facet normal 0.734312 -0.678812 0
    outer loop
      vertex 13.435 -13.435 18.19
      vertex 14.4477 -12.3395 17
      vertex 14.4477 -12.3395 18.19
    endloop
  endfacet
  facet normal 0.734312 -0.678812 0
    outer loop
      vertex 14.4477 -12.3395 17
      vertex 13.435 -13.435 18.19
      vertex 13.435 -13.435 17
    endloop
  endfacet
  facet normal 0.962465 -0.271407 0
    outer loop
      vertex 18.0701 -5.87132 18.19
      vertex 18.475 -4.43546 17
      vertex 18.475 -4.43546 18.19
    endloop
  endfacet
  facet normal 0.962465 -0.271407 0
    outer loop
      vertex 18.475 -4.43546 17
      vertex 18.0701 -5.87132 18.19
      vertex 18.0701 -5.87132 17
    endloop
  endfacet
  facet normal -0.34614 -0.938183 0
    outer loop
      vertex -7.27098 -17.5537 17
      vertex -5.87132 -18.0701 18.19
      vertex -7.27098 -17.5537 18.19
    endloop
  endfacet
  facet normal -0.34614 -0.938183 -0
    outer loop
      vertex -5.87132 -18.0701 18.19
      vertex -7.27098 -17.5537 17
      vertex -5.87132 -18.0701 17
    endloop
  endfacet
  facet normal -0.980779 -0.195122 0
    outer loop
      vertex -18.475 -4.43546 17
      vertex -18.7661 -2.97225 18.19
      vertex -18.7661 -2.97225 17
    endloop
  endfacet
  facet normal -0.980779 -0.195122 0
    outer loop
      vertex -18.7661 -2.97225 18.19
      vertex -18.475 -4.43546 17
      vertex -18.475 -4.43546 18.19
    endloop
  endfacet
  facet normal 0.908141 0.418665 0
    outer loop
      vertex 17.5537 7.27098 18.19
      vertex 16.9291 8.62582 17
      vertex 16.9291 8.62582 18.19
    endloop
  endfacet
  facet normal 0.908141 0.418665 0
    outer loop
      vertex 16.9291 8.62582 17
      vertex 17.5537 7.27098 18.19
      vertex 17.5537 7.27098 17
    endloop
  endfacet
  facet normal 0.938183 0.34614 0
    outer loop
      vertex 18.0701 5.87132 18.19
      vertex 17.5537 7.27098 17
      vertex 17.5537 7.27098 18.19
    endloop
  endfacet
  facet normal 0.938183 0.34614 0
    outer loop
      vertex 17.5537 7.27098 17
      vertex 18.0701 5.87132 18.19
      vertex 18.0701 5.87132 17
    endloop
  endfacet
  facet normal 0.785322 0.619088 0
    outer loop
      vertex 15.3713 11.1679 18.19
      vertex 14.4477 12.3395 17
      vertex 14.4477 12.3395 18.19
    endloop
  endfacet
  facet normal 0.785322 0.619088 0
    outer loop
      vertex 14.4477 12.3395 17
      vertex 15.3713 11.1679 18.19
      vertex 15.3713 11.1679 17
    endloop
  endfacet
  facet normal 0.271407 0.962465 -0
    outer loop
      vertex 5.87132 18.0701 17
      vertex 4.43546 18.475 18.19
      vertex 5.87132 18.0701 18.19
    endloop
  endfacet
  facet normal 0.271407 0.962465 0
    outer loop
      vertex 4.43546 18.475 18.19
      vertex 5.87132 18.0701 17
      vertex 4.43546 18.475 17
    endloop
  endfacet
  facet normal 0.195122 0.980779 -0
    outer loop
      vertex 4.43546 18.475 17
      vertex 2.97225 18.7661 18.19
      vertex 4.43546 18.475 18.19
    endloop
  endfacet
  facet normal 0.195122 0.980779 0
    outer loop
      vertex 2.97225 18.7661 18.19
      vertex 4.43546 18.475 17
      vertex 2.97225 18.7661 17
    endloop
  endfacet
  facet normal 0.117504 0.993072 -0
    outer loop
      vertex 2.97225 18.7661 17
      vertex 1.49072 18.9414 18.19
      vertex 2.97225 18.7661 18.19
    endloop
  endfacet
  facet normal 0.117504 0.993072 0
    outer loop
      vertex 1.49072 18.9414 18.19
      vertex 2.97225 18.7661 17
      vertex 1.49072 18.9414 17
    endloop
  endfacet
  facet normal 0.619088 0.785322 -0
    outer loop
      vertex 12.3395 14.4477 17
      vertex 11.1679 15.3713 18.19
      vertex 12.3395 14.4477 18.19
    endloop
  endfacet
  facet normal 0.619088 0.785322 0
    outer loop
      vertex 11.1679 15.3713 18.19
      vertex 12.3395 14.4477 17
      vertex 11.1679 15.3713 17
    endloop
  endfacet
  facet normal 0.488591 0.872513 -0
    outer loop
      vertex 9.92747 16.2002 17
      vertex 8.62582 16.9291 18.19
      vertex 9.92747 16.2002 18.19
    endloop
  endfacet
  facet normal 0.488591 0.872513 0
    outer loop
      vertex 8.62582 16.9291 18.19
      vertex 9.92747 16.2002 17
      vertex 8.62582 16.9291 17
    endloop
  endfacet
  facet normal 0.555603 0.831448 -0
    outer loop
      vertex 11.1679 15.3713 17
      vertex 9.92747 16.2002 18.19
      vertex 11.1679 15.3713 18.19
    endloop
  endfacet
  facet normal 0.555603 0.831448 0
    outer loop
      vertex 9.92747 16.2002 18.19
      vertex 11.1679 15.3713 17
      vertex 9.92747 16.2002 17
    endloop
  endfacet
  facet normal -0.962465 0.271407 0
    outer loop
      vertex -18.475 4.43546 17
      vertex -18.0701 5.87132 18.19
      vertex -18.0701 5.87132 17
    endloop
  endfacet
  facet normal -0.962465 0.271407 0
    outer loop
      vertex -18.0701 5.87132 18.19
      vertex -18.475 4.43546 17
      vertex -18.475 4.43546 18.19
    endloop
  endfacet
  facet normal -0.734312 0.678812 0
    outer loop
      vertex -14.4477 12.3395 17
      vertex -13.435 13.435 18.19
      vertex -13.435 13.435 17
    endloop
  endfacet
  facet normal -0.734312 0.678812 0
    outer loop
      vertex -13.435 13.435 18.19
      vertex -14.4477 12.3395 17
      vertex -14.4477 12.3395 18.19
    endloop
  endfacet
  facet normal -0.908141 0.418665 0
    outer loop
      vertex -17.5537 7.27098 17
      vertex -16.9291 8.62582 18.19
      vertex -16.9291 8.62582 17
    endloop
  endfacet
  facet normal -0.908141 0.418665 0
    outer loop
      vertex -16.9291 8.62582 18.19
      vertex -17.5537 7.27098 17
      vertex -17.5537 7.27098 18.19
    endloop
  endfacet
  facet normal -0.872513 0.488591 0
    outer loop
      vertex -16.9291 8.62582 17
      vertex -16.2002 9.92747 18.19
      vertex -16.2002 9.92747 17
    endloop
  endfacet
  facet normal -0.872513 0.488591 0
    outer loop
      vertex -16.2002 9.92747 18.19
      vertex -16.9291 8.62582 17
      vertex -16.9291 8.62582 18.19
    endloop
  endfacet
  facet normal -0.980779 0.195122 0
    outer loop
      vertex -18.7661 2.97225 17
      vertex -18.475 4.43546 18.19
      vertex -18.475 4.43546 17
    endloop
  endfacet
  facet normal -0.980779 0.195122 0
    outer loop
      vertex -18.475 4.43546 18.19
      vertex -18.7661 2.97225 17
      vertex -18.7661 2.97225 18.19
    endloop
  endfacet
  facet normal -0.993072 0.117504 0
    outer loop
      vertex -18.9414 1.49072 17
      vertex -18.7661 2.97225 18.19
      vertex -18.7661 2.97225 17
    endloop
  endfacet
  facet normal -0.993072 0.117504 0
    outer loop
      vertex -18.7661 2.97225 18.19
      vertex -18.9414 1.49072 17
      vertex -18.9414 1.49072 18.19
    endloop
  endfacet
  facet normal -0.488591 0.872513 0
    outer loop
      vertex -8.62582 16.9291 17
      vertex -9.92747 16.2002 18.19
      vertex -8.62582 16.9291 18.19
    endloop
  endfacet
  facet normal -0.488591 0.872513 0
    outer loop
      vertex -9.92747 16.2002 18.19
      vertex -8.62582 16.9291 17
      vertex -9.92747 16.2002 17
    endloop
  endfacet
  facet normal -0.0392795 0.999228 0
    outer loop
      vertex 0 19 17
      vertex -1.49072 18.9414 18.19
      vertex 0 19 18.19
    endloop
  endfacet
  facet normal -0.0392795 0.999228 0
    outer loop
      vertex -1.49072 18.9414 18.19
      vertex 0 19 17
      vertex -1.49072 18.9414 17
    endloop
  endfacet
  facet normal -0.195122 0.980779 0
    outer loop
      vertex -2.97225 18.7661 17
      vertex -4.43546 18.475 18.19
      vertex -2.97225 18.7661 18.19
    endloop
  endfacet
  facet normal -0.195122 0.980779 0
    outer loop
      vertex -4.43546 18.475 18.19
      vertex -2.97225 18.7661 17
      vertex -4.43546 18.475 17
    endloop
  endfacet
  facet normal -0.117504 0.993072 0
    outer loop
      vertex -1.49072 18.9414 17
      vertex -2.97225 18.7661 18.19
      vertex -1.49072 18.9414 18.19
    endloop
  endfacet
  facet normal -0.117504 0.993072 0
    outer loop
      vertex -2.97225 18.7661 18.19
      vertex -1.49072 18.9414 17
      vertex -2.97225 18.7661 17
    endloop
  endfacet
  facet normal 0.0392795 -0.999228 0
    outer loop
      vertex 0 -19 17
      vertex 1.49072 -18.9414 18.19
      vertex 0 -19 18.19
    endloop
  endfacet
  facet normal 0.0392795 -0.999228 0
    outer loop
      vertex 1.49072 -18.9414 18.19
      vertex 0 -19 17
      vertex 1.49072 -18.9414 17
    endloop
  endfacet
  facet normal 0.678812 -0.734312 0
    outer loop
      vertex 12.3395 -14.4477 17
      vertex 13.435 -13.435 18.19
      vertex 12.3395 -14.4477 18.19
    endloop
  endfacet
  facet normal 0.678812 -0.734312 0
    outer loop
      vertex 13.435 -13.435 18.19
      vertex 12.3395 -14.4477 17
      vertex 13.435 -13.435 17
    endloop
  endfacet
  facet normal 0.619088 -0.785322 0
    outer loop
      vertex 11.1679 -15.3713 17
      vertex 12.3395 -14.4477 18.19
      vertex 11.1679 -15.3713 18.19
    endloop
  endfacet
  facet normal 0.619088 -0.785322 0
    outer loop
      vertex 12.3395 -14.4477 18.19
      vertex 11.1679 -15.3713 17
      vertex 12.3395 -14.4477 17
    endloop
  endfacet
  facet normal 0.785322 -0.619088 0
    outer loop
      vertex 14.4477 -12.3395 18.19
      vertex 15.3713 -11.1679 17
      vertex 15.3713 -11.1679 18.19
    endloop
  endfacet
  facet normal 0.785322 -0.619088 0
    outer loop
      vertex 15.3713 -11.1679 17
      vertex 14.4477 -12.3395 18.19
      vertex 14.4477 -12.3395 17
    endloop
  endfacet
  facet normal 0.993072 -0.117504 0
    outer loop
      vertex 18.7661 -2.97225 18.19
      vertex 18.9414 -1.49072 17
      vertex 18.9414 -1.49072 18.19
    endloop
  endfacet
  facet normal 0.993072 -0.117504 0
    outer loop
      vertex 18.9414 -1.49072 17
      vertex 18.7661 -2.97225 18.19
      vertex 18.7661 -2.97225 17
    endloop
  endfacet
  facet normal -0.117504 -0.993072 0
    outer loop
      vertex -2.97225 -18.7661 17
      vertex -1.49072 -18.9414 18.19
      vertex -2.97225 -18.7661 18.19
    endloop
  endfacet
  facet normal -0.117504 -0.993072 -0
    outer loop
      vertex -1.49072 -18.9414 18.19
      vertex -2.97225 -18.7661 17
      vertex -1.49072 -18.9414 17
    endloop
  endfacet
  facet normal -0.678812 -0.734312 0
    outer loop
      vertex -13.435 -13.435 17
      vertex -12.3395 -14.4477 18.19
      vertex -13.435 -13.435 18.19
    endloop
  endfacet
  facet normal -0.678812 -0.734312 -0
    outer loop
      vertex -12.3395 -14.4477 18.19
      vertex -13.435 -13.435 17
      vertex -12.3395 -14.4477 17
    endloop
  endfacet
  facet normal -0.0392795 -0.999228 0
    outer loop
      vertex -1.49072 -18.9414 17
      vertex 0 -19 18.19
      vertex -1.49072 -18.9414 18.19
    endloop
  endfacet
  facet normal -0.0392795 -0.999228 -0
    outer loop
      vertex 0 -19 18.19
      vertex -1.49072 -18.9414 17
      vertex 0 -19 17
    endloop
  endfacet
  facet normal -0.619088 -0.785322 0
    outer loop
      vertex -12.3395 -14.4477 17
      vertex -11.1679 -15.3713 18.19
      vertex -12.3395 -14.4477 18.19
    endloop
  endfacet
  facet normal -0.619088 -0.785322 -0
    outer loop
      vertex -11.1679 -15.3713 18.19
      vertex -12.3395 -14.4477 17
      vertex -11.1679 -15.3713 17
    endloop
  endfacet
  facet normal -0.908141 -0.418665 0
    outer loop
      vertex -16.9291 -8.62582 17
      vertex -17.5537 -7.27098 18.19
      vertex -17.5537 -7.27098 17
    endloop
  endfacet
  facet normal -0.908141 -0.418665 0
    outer loop
      vertex -17.5537 -7.27098 18.19
      vertex -16.9291 -8.62582 17
      vertex -16.9291 -8.62582 18.19
    endloop
  endfacet
  facet normal -0.785322 -0.619088 0
    outer loop
      vertex -14.4477 -12.3395 17
      vertex -15.3713 -11.1679 18.19
      vertex -15.3713 -11.1679 17
    endloop
  endfacet
  facet normal -0.785322 -0.619088 0
    outer loop
      vertex -15.3713 -11.1679 18.19
      vertex -14.4477 -12.3395 17
      vertex -14.4477 -12.3395 18.19
    endloop
  endfacet
  facet normal -0.999228 -0.0392795 0
    outer loop
      vertex -18.9414 -1.49072 17
      vertex -19 0 18.19
      vertex -19 0 17
    endloop
  endfacet
  facet normal -0.999228 -0.0392795 0
    outer loop
      vertex -19 0 18.19
      vertex -18.9414 -1.49072 17
      vertex -18.9414 -1.49072 18.19
    endloop
  endfacet
  facet normal 0.993072 0.117504 0
    outer loop
      vertex 18.9414 1.49072 18.19
      vertex 18.7661 2.97225 17
      vertex 18.7661 2.97225 18.19
    endloop
  endfacet
  facet normal 0.993072 0.117504 0
    outer loop
      vertex 18.7661 2.97225 17
      vertex 18.9414 1.49072 18.19
      vertex 18.9414 1.49072 17
    endloop
  endfacet
  facet normal 0.734312 0.678812 0
    outer loop
      vertex 14.4477 12.3395 18.19
      vertex 13.435 13.435 17
      vertex 13.435 13.435 18.19
    endloop
  endfacet
  facet normal 0.734312 0.678812 0
    outer loop
      vertex 13.435 13.435 17
      vertex 14.4477 12.3395 18.19
      vertex 14.4477 12.3395 17
    endloop
  endfacet
  facet normal 0.872513 0.488591 0
    outer loop
      vertex 16.9291 8.62582 18.19
      vertex 16.2002 9.92747 17
      vertex 16.2002 9.92747 18.19
    endloop
  endfacet
  facet normal 0.872513 0.488591 0
    outer loop
      vertex 16.2002 9.92747 17
      vertex 16.9291 8.62582 18.19
      vertex 16.9291 8.62582 17
    endloop
  endfacet
  facet normal 0.831448 0.555603 0
    outer loop
      vertex 16.2002 9.92747 18.19
      vertex 15.3713 11.1679 17
      vertex 15.3713 11.1679 18.19
    endloop
  endfacet
  facet normal 0.831448 0.555603 0
    outer loop
      vertex 15.3713 11.1679 17
      vertex 16.2002 9.92747 18.19
      vertex 16.2002 9.92747 17
    endloop
  endfacet
  facet normal -0.619088 0.785322 0
    outer loop
      vertex -11.1679 15.3713 17
      vertex -12.3395 14.4477 18.19
      vertex -11.1679 15.3713 18.19
    endloop
  endfacet
  facet normal -0.619088 0.785322 0
    outer loop
      vertex -12.3395 14.4477 18.19
      vertex -11.1679 15.3713 17
      vertex -12.3395 14.4477 17
    endloop
  endfacet
  facet normal -0.418665 0.908141 0
    outer loop
      vertex -7.27098 17.5537 17
      vertex -8.62582 16.9291 18.19
      vertex -7.27098 17.5537 18.19
    endloop
  endfacet
  facet normal -0.418665 0.908141 0
    outer loop
      vertex -8.62582 16.9291 18.19
      vertex -7.27098 17.5537 17
      vertex -8.62582 16.9291 17
    endloop
  endfacet
  facet normal -0.555603 0.831448 0
    outer loop
      vertex -9.92747 16.2002 17
      vertex -11.1679 15.3713 18.19
      vertex -9.92747 16.2002 18.19
    endloop
  endfacet
  facet normal -0.555603 0.831448 0
    outer loop
      vertex -11.1679 15.3713 18.19
      vertex -9.92747 16.2002 17
      vertex -11.1679 15.3713 17
    endloop
  endfacet
  facet normal -0.34614 0.938183 0
    outer loop
      vertex -5.87132 18.0701 17
      vertex -7.27098 17.5537 18.19
      vertex -5.87132 18.0701 18.19
    endloop
  endfacet
  facet normal -0.34614 0.938183 0
    outer loop
      vertex -7.27098 17.5537 18.19
      vertex -5.87132 18.0701 17
      vertex -7.27098 17.5537 17
    endloop
  endfacet
  facet normal 0.418665 -0.908141 0
    outer loop
      vertex 7.27098 -17.5537 17
      vertex 8.62582 -16.9291 18.19
      vertex 7.27098 -17.5537 18.19
    endloop
  endfacet
  facet normal 0.418665 -0.908141 0
    outer loop
      vertex 8.62582 -16.9291 18.19
      vertex 7.27098 -17.5537 17
      vertex 8.62582 -16.9291 17
    endloop
  endfacet
  facet normal 0.34614 -0.938183 0
    outer loop
      vertex 5.87132 -18.0701 17
      vertex 7.27098 -17.5537 18.19
      vertex 5.87132 -18.0701 18.19
    endloop
  endfacet
  facet normal 0.34614 -0.938183 0
    outer loop
      vertex 7.27098 -17.5537 18.19
      vertex 5.87132 -18.0701 17
      vertex 7.27098 -17.5537 17
    endloop
  endfacet
  facet normal 0.488591 -0.872513 0
    outer loop
      vertex 8.62582 -16.9291 17
      vertex 9.92747 -16.2002 18.19
      vertex 8.62582 -16.9291 18.19
    endloop
  endfacet
  facet normal 0.488591 -0.872513 0
    outer loop
      vertex 9.92747 -16.2002 18.19
      vertex 8.62582 -16.9291 17
      vertex 9.92747 -16.2002 17
    endloop
  endfacet
  facet normal 0.555603 -0.831448 0
    outer loop
      vertex 9.92747 -16.2002 17
      vertex 11.1679 -15.3713 18.19
      vertex 9.92747 -16.2002 18.19
    endloop
  endfacet
  facet normal 0.555603 -0.831448 0
    outer loop
      vertex 11.1679 -15.3713 18.19
      vertex 9.92747 -16.2002 17
      vertex 11.1679 -15.3713 17
    endloop
  endfacet
  facet normal 0.938183 -0.34614 0
    outer loop
      vertex 17.5537 -7.27098 18.19
      vertex 18.0701 -5.87132 17
      vertex 18.0701 -5.87132 18.19
    endloop
  endfacet
  facet normal 0.938183 -0.34614 0
    outer loop
      vertex 18.0701 -5.87132 17
      vertex 17.5537 -7.27098 18.19
      vertex 17.5537 -7.27098 17
    endloop
  endfacet
  facet normal 0.999228 -0.0392795 0
    outer loop
      vertex 18.9414 -1.49072 18.19
      vertex 19 0 17
      vertex 19 0 18.19
    endloop
  endfacet
  facet normal 0.999228 -0.0392795 0
    outer loop
      vertex 19 0 17
      vertex 18.9414 -1.49072 18.19
      vertex 18.9414 -1.49072 17
    endloop
  endfacet
  facet normal -0.195122 -0.980779 0
    outer loop
      vertex -4.43546 -18.475 17
      vertex -2.97225 -18.7661 18.19
      vertex -4.43546 -18.475 18.19
    endloop
  endfacet
  facet normal -0.195122 -0.980779 -0
    outer loop
      vertex -2.97225 -18.7661 18.19
      vertex -4.43546 -18.475 17
      vertex -2.97225 -18.7661 17
    endloop
  endfacet
  facet normal -0.271407 -0.962465 0
    outer loop
      vertex -5.87132 -18.0701 17
      vertex -4.43546 -18.475 18.19
      vertex -5.87132 -18.0701 18.19
    endloop
  endfacet
  facet normal -0.271407 -0.962465 -0
    outer loop
      vertex -4.43546 -18.475 18.19
      vertex -5.87132 -18.0701 17
      vertex -4.43546 -18.475 17
    endloop
  endfacet
  facet normal -0.418665 -0.908141 0
    outer loop
      vertex -8.62582 -16.9291 17
      vertex -7.27098 -17.5537 18.19
      vertex -8.62582 -16.9291 18.19
    endloop
  endfacet
  facet normal -0.418665 -0.908141 -0
    outer loop
      vertex -7.27098 -17.5537 18.19
      vertex -8.62582 -16.9291 17
      vertex -7.27098 -17.5537 17
    endloop
  endfacet
  facet normal -0.555603 -0.831448 0
    outer loop
      vertex -11.1679 -15.3713 17
      vertex -9.92747 -16.2002 18.19
      vertex -11.1679 -15.3713 18.19
    endloop
  endfacet
  facet normal -0.555603 -0.831448 -0
    outer loop
      vertex -9.92747 -16.2002 18.19
      vertex -11.1679 -15.3713 17
      vertex -9.92747 -16.2002 17
    endloop
  endfacet
  facet normal -0.488591 -0.872513 0
    outer loop
      vertex -9.92747 -16.2002 17
      vertex -8.62582 -16.9291 18.19
      vertex -9.92747 -16.2002 18.19
    endloop
  endfacet
  facet normal -0.488591 -0.872513 -0
    outer loop
      vertex -8.62582 -16.9291 18.19
      vertex -9.92747 -16.2002 17
      vertex -8.62582 -16.9291 17
    endloop
  endfacet
  facet normal -0.872513 -0.488591 0
    outer loop
      vertex -16.2002 -9.92747 17
      vertex -16.9291 -8.62582 18.19
      vertex -16.9291 -8.62582 17
    endloop
  endfacet
  facet normal -0.872513 -0.488591 0
    outer loop
      vertex -16.9291 -8.62582 18.19
      vertex -16.2002 -9.92747 17
      vertex -16.2002 -9.92747 18.19
    endloop
  endfacet
  facet normal -0.831448 -0.555603 0
    outer loop
      vertex -15.3713 -11.1679 17
      vertex -16.2002 -9.92747 18.19
      vertex -16.2002 -9.92747 17
    endloop
  endfacet
  facet normal -0.831448 -0.555603 0
    outer loop
      vertex -16.2002 -9.92747 18.19
      vertex -15.3713 -11.1679 17
      vertex -15.3713 -11.1679 18.19
    endloop
  endfacet
  facet normal -0.993072 -0.117504 0
    outer loop
      vertex -18.7661 -2.97225 17
      vertex -18.9414 -1.49072 18.19
      vertex -18.9414 -1.49072 17
    endloop
  endfacet
  facet normal -0.993072 -0.117504 0
    outer loop
      vertex -18.9414 -1.49072 18.19
      vertex -18.7661 -2.97225 17
      vertex -18.7661 -2.97225 18.19
    endloop
  endfacet
  facet normal -0.962465 -0.271407 0
    outer loop
      vertex -18.0701 -5.87132 17
      vertex -18.475 -4.43546 18.19
      vertex -18.475 -4.43546 17
    endloop
  endfacet
  facet normal -0.962465 -0.271407 0
    outer loop
      vertex -18.475 -4.43546 18.19
      vertex -18.0701 -5.87132 17
      vertex -18.0701 -5.87132 18.19
    endloop
  endfacet
  facet normal -0.938183 -0.34614 0
    outer loop
      vertex -17.5537 -7.27098 17
      vertex -18.0701 -5.87132 18.19
      vertex -18.0701 -5.87132 17
    endloop
  endfacet
  facet normal -0.938183 -0.34614 0
    outer loop
      vertex -18.0701 -5.87132 18.19
      vertex -17.5537 -7.27098 17
      vertex -17.5537 -7.27098 18.19
    endloop
  endfacet
  facet normal 0.34614 0.938183 -0
    outer loop
      vertex 7.27098 17.5537 17
      vertex 5.87132 18.0701 18.19
      vertex 7.27098 17.5537 18.19
    endloop
  endfacet
  facet normal 0.34614 0.938183 0
    outer loop
      vertex 5.87132 18.0701 18.19
      vertex 7.27098 17.5537 17
      vertex 5.87132 18.0701 17
    endloop
  endfacet
  facet normal -0.831448 0.555603 0
    outer loop
      vertex -16.2002 9.92747 17
      vertex -15.3713 11.1679 18.19
      vertex -15.3713 11.1679 17
    endloop
  endfacet
  facet normal -0.831448 0.555603 0
    outer loop
      vertex -15.3713 11.1679 18.19
      vertex -16.2002 9.92747 17
      vertex -16.2002 9.92747 18.19
    endloop
  endfacet
  facet normal -0.938183 0.34614 0
    outer loop
      vertex -18.0701 5.87132 17
      vertex -17.5537 7.27098 18.19
      vertex -17.5537 7.27098 17
    endloop
  endfacet
  facet normal -0.938183 0.34614 0
    outer loop
      vertex -17.5537 7.27098 18.19
      vertex -18.0701 5.87132 17
      vertex -18.0701 5.87132 18.19
    endloop
  endfacet
  facet normal -0.271407 0.962465 0
    outer loop
      vertex -4.43546 18.475 17
      vertex -5.87132 18.0701 18.19
      vertex -4.43546 18.475 18.19
    endloop
  endfacet
  facet normal -0.271407 0.962465 0
    outer loop
      vertex -5.87132 18.0701 18.19
      vertex -4.43546 18.475 17
      vertex -5.87132 18.0701 17
    endloop
  endfacet
  facet normal 0.195122 -0.980779 0
    outer loop
      vertex 2.97225 -18.7661 17
      vertex 4.43546 -18.475 18.19
      vertex 2.97225 -18.7661 18.19
    endloop
  endfacet
  facet normal 0.195122 -0.980779 0
    outer loop
      vertex 4.43546 -18.475 18.19
      vertex 2.97225 -18.7661 17
      vertex 4.43546 -18.475 17
    endloop
  endfacet
  facet normal 0.117504 -0.993072 0
    outer loop
      vertex 1.49072 -18.9414 17
      vertex 2.97225 -18.7661 18.19
      vertex 1.49072 -18.9414 18.19
    endloop
  endfacet
  facet normal 0.117504 -0.993072 0
    outer loop
      vertex 2.97225 -18.7661 18.19
      vertex 1.49072 -18.9414 17
      vertex 2.97225 -18.7661 17
    endloop
  endfacet
  facet normal 0.872513 -0.488591 0
    outer loop
      vertex 16.2002 -9.92747 18.19
      vertex 16.9291 -8.62582 17
      vertex 16.9291 -8.62582 18.19
    endloop
  endfacet
  facet normal 0.872513 -0.488591 0
    outer loop
      vertex 16.9291 -8.62582 17
      vertex 16.2002 -9.92747 18.19
      vertex 16.2002 -9.92747 17
    endloop
  endfacet
  facet normal 0.831448 -0.555603 0
    outer loop
      vertex 15.3713 -11.1679 18.19
      vertex 16.2002 -9.92747 17
      vertex 16.2002 -9.92747 18.19
    endloop
  endfacet
  facet normal 0.831448 -0.555603 0
    outer loop
      vertex 16.2002 -9.92747 17
      vertex 15.3713 -11.1679 18.19
      vertex 15.3713 -11.1679 17
    endloop
  endfacet
  facet normal 0.980779 -0.195122 0
    outer loop
      vertex 18.475 -4.43546 18.19
      vertex 18.7661 -2.97225 17
      vertex 18.7661 -2.97225 18.19
    endloop
  endfacet
  facet normal 0.980779 -0.195122 0
    outer loop
      vertex 18.7661 -2.97225 17
      vertex 18.475 -4.43546 18.19
      vertex 18.475 -4.43546 17
    endloop
  endfacet
  facet normal -0.999241 -0.0389568 0
    outer loop
      vertex 22.7 0 17
      vertex 22.6948 0.13338 21
      vertex 22.6948 0.13338 17
    endloop
  endfacet
  facet normal -0.999241 -0.0389568 0
    outer loop
      vertex 22.6948 0.13338 21
      vertex 22.7 0 17
      vertex 22.7 0 21
    endloop
  endfacet
  facet normal 0.999241 -0.0389568 0
    outer loop
      vertex 19.3 0 21
      vertex 19.3052 0.13338 18.19
      vertex 19.3052 0.13338 21
    endloop
  endfacet
  facet normal 0.999241 -0.0389568 0
    outer loop
      vertex 19.3052 0.13338 18.19
      vertex 19.3 0 21
      vertex 19.3 0 18.19
    endloop
  endfacet
  facet normal 0.0392501 -0.999229 0
    outer loop
      vertex 20.8666 1.69476 18.19
      vertex 21 1.7 21
      vertex 20.8666 1.69476 21
    endloop
  endfacet
  facet normal 0.0392501 -0.999229 0
    outer loop
      vertex 21 1.7 21
      vertex 20.8666 1.69476 18.19
      vertex 21 1.7 18.19
    endloop
  endfacet
  facet normal -0.67888 -0.734249 0
    outer loop
      vertex 22.1041 1.29269 17
      vertex 22.2021 1.20208 21
      vertex 22.1041 1.29269 21
    endloop
  endfacet
  facet normal -0.67888 -0.734249 -0
    outer loop
      vertex 22.2021 1.20208 21
      vertex 22.1041 1.29269 17
      vertex 22.2021 1.20208 17
    endloop
  endfacet
  facet normal 0.734355 -0.678765 0
    outer loop
      vertex 19.7073 1.10406 21
      vertex 19.7979 1.20208 18.19
      vertex 19.7979 1.20208 21
    endloop
  endfacet
  facet normal 0.734355 -0.678765 0
    outer loop
      vertex 19.7979 1.20208 18.19
      vertex 19.7073 1.10406 21
      vertex 19.7073 1.10406 18.19
    endloop
  endfacet
  facet normal 0.418697 -0.908126 0
    outer loop
      vertex 20.2282 1.51471 18.19
      vertex 20.3494 1.57059 21
      vertex 20.2282 1.51471 21
    endloop
  endfacet
  facet normal 0.418697 -0.908126 0
    outer loop
      vertex 20.3494 1.57059 21
      vertex 20.2282 1.51471 18.19
      vertex 20.3494 1.57059 18.19
    endloop
  endfacet
  facet normal -0.908099 -0.418755 0
    outer loop
      vertex 22.5706 0.650561 17
      vertex 22.5147 0.771784 21
      vertex 22.5147 0.771784 17
    endloop
  endfacet
  facet normal -0.908099 -0.418755 0
    outer loop
      vertex 22.5147 0.771784 21
      vertex 22.5706 0.650561 17
      vertex 22.5706 0.650561 21
    endloop
  endfacet
  facet normal -0.346014 -0.938229 0
    outer loop
      vertex 21.5253 1.6168 18.19
      vertex 21.6506 1.57059 21
      vertex 21.5253 1.6168 21
    endloop
  endfacet
  facet normal -0.346014 -0.938229 -0
    outer loop
      vertex 21.6506 1.57059 21
      vertex 21.5253 1.6168 18.19
      vertex 21.6506 1.57059 18.19
    endloop
  endfacet
  facet normal -0.555484 -0.831527 0
    outer loop
      vertex 21.9445 1.41188 18.19
      vertex 21.8882 1.44949 21
      vertex 21.8882 1.44949 18.19
    endloop
  endfacet
  facet normal -0.55553 -0.831497 -1.32758e-06
    outer loop
      vertex 21.8882 1.44949 21
      vertex 21.9445 1.41188 18.19
      vertex 21.9992 1.37533 21
    endloop
  endfacet
  facet normal -0.555577 -0.831465 0
    outer loop
      vertex 21.9992 1.37533 17
      vertex 21.9445 1.41188 18.19
      vertex 21.9445 1.41188 17
    endloop
  endfacet
  facet normal -0.555577 -0.831465 0
    outer loop
      vertex 21.9445 1.41188 18.19
      vertex 21.9992 1.37533 17
      vertex 21.9992 1.37533 21
    endloop
  endfacet
  facet normal 0.908099 -0.418755 0
    outer loop
      vertex 19.4294 0.650561 21
      vertex 19.4853 0.771784 18.19
      vertex 19.4853 0.771784 21
    endloop
  endfacet
  facet normal 0.908099 -0.418755 0
    outer loop
      vertex 19.4853 0.771784 18.19
      vertex 19.4294 0.650561 21
      vertex 19.4294 0.650561 18.19
    endloop
  endfacet
  facet normal 0.271562 -0.962421 0
    outer loop
      vertex 20.4747 1.6168 18.19
      vertex 20.6031 1.65303 21
      vertex 20.4747 1.6168 21
    endloop
  endfacet
  facet normal 0.271562 -0.962421 0
    outer loop
      vertex 20.6031 1.65303 21
      vertex 20.4747 1.6168 18.19
      vertex 20.6031 1.65303 18.19
    endloop
  endfacet
  facet normal 0.0392501 0.999229 -0
    outer loop
      vertex 21 -1.7 18.19
      vertex 20.8666 -1.69476 21
      vertex 21 -1.7 21
    endloop
  endfacet
  facet normal 0.0392501 0.999229 0
    outer loop
      vertex 20.8666 -1.69476 21
      vertex 21 -1.7 18.19
      vertex 20.8666 -1.69476 18.19
    endloop
  endfacet
  facet normal -0.418697 0.908126 0
    outer loop
      vertex 21.7718 -1.51471 18.19
      vertex 21.6506 -1.57059 21
      vertex 21.7718 -1.51471 21
    endloop
  endfacet
  facet normal -0.418697 0.908126 0
    outer loop
      vertex 21.6506 -1.57059 21
      vertex 21.7718 -1.51471 18.19
      vertex 21.6506 -1.57059 18.19
    endloop
  endfacet
  facet normal -0.96252 -0.27121 0
    outer loop
      vertex 22.653 0.396856 17
      vertex 22.6168 0.525329 21
      vertex 22.6168 0.525329 17
    endloop
  endfacet
  facet normal -0.96252 -0.27121 0
    outer loop
      vertex 22.6168 0.525329 21
      vertex 22.653 0.396856 17
      vertex 22.653 0.396856 21
    endloop
  endfacet
  facet normal -0.938193 -0.346114 0
    outer loop
      vertex 22.6168 0.525329 17
      vertex 22.5706 0.650561 21
      vertex 22.5706 0.650561 17
    endloop
  endfacet
  facet normal -0.938193 -0.346114 0
    outer loop
      vertex 22.5706 0.650561 21
      vertex 22.6168 0.525329 17
      vertex 22.6168 0.525329 21
    endloop
  endfacet
  facet normal -0.785456 -0.618918 0
    outer loop
      vertex 22.3753 0.999234 17
      vertex 22.2927 1.10406 21
      vertex 22.2927 1.10406 17
    endloop
  endfacet
  facet normal -0.785456 -0.618918 0
    outer loop
      vertex 22.2927 1.10406 21
      vertex 22.3753 0.999234 17
      vertex 22.3753 0.999234 21
    endloop
  endfacet
  facet normal -0.734355 -0.678765 0
    outer loop
      vertex 22.2927 1.10406 17
      vertex 22.2021 1.20208 21
      vertex 22.2021 1.20208 17
    endloop
  endfacet
  facet normal -0.734355 -0.678765 0
    outer loop
      vertex 22.2021 1.20208 21
      vertex 22.2927 1.10406 17
      vertex 22.2927 1.10406 21
    endloop
  endfacet
  facet normal -0.872568 -0.488493 0
    outer loop
      vertex 22.5147 0.771784 17
      vertex 22.4495 0.888247 21
      vertex 22.4495 0.888247 17
    endloop
  endfacet
  facet normal -0.872568 -0.488493 0
    outer loop
      vertex 22.4495 0.888247 21
      vertex 22.5147 0.771784 17
      vertex 22.5147 0.771784 21
    endloop
  endfacet
  facet normal -0.117594 -0.993062 0
    outer loop
      vertex 21.1334 1.69476 18.19
      vertex 21.2659 1.67907 21
      vertex 21.1334 1.69476 21
    endloop
  endfacet
  facet normal -0.117594 -0.993062 -0
    outer loop
      vertex 21.2659 1.67907 21
      vertex 21.1334 1.69476 18.19
      vertex 21.2659 1.67907 18.19
    endloop
  endfacet
  facet normal -0.271562 -0.962421 0
    outer loop
      vertex 21.3969 1.65303 18.19
      vertex 21.5253 1.6168 21
      vertex 21.3969 1.65303 21
    endloop
  endfacet
  facet normal -0.271562 -0.962421 -0
    outer loop
      vertex 21.5253 1.6168 21
      vertex 21.3969 1.65303 18.19
      vertex 21.5253 1.6168 18.19
    endloop
  endfacet
  facet normal -0.0392501 -0.999229 0
    outer loop
      vertex 21 1.7 18.19
      vertex 21.1334 1.69476 21
      vertex 21 1.7 21
    endloop
  endfacet
  facet normal -0.0392501 -0.999229 -0
    outer loop
      vertex 21.1334 1.69476 21
      vertex 21 1.7 18.19
      vertex 21.1334 1.69476 18.19
    endloop
  endfacet
  facet normal -0.618833 -0.785523 0
    outer loop
      vertex 21.9992 1.37533 17
      vertex 22.1041 1.29269 21
      vertex 21.9992 1.37533 21
    endloop
  endfacet
  facet normal -0.618833 -0.785523 -0
    outer loop
      vertex 22.1041 1.29269 21
      vertex 21.9992 1.37533 17
      vertex 22.1041 1.29269 17
    endloop
  endfacet
  facet normal 0.96252 -0.27121 0
    outer loop
      vertex 19.347 0.396856 21
      vertex 19.3832 0.525329 18.19
      vertex 19.3832 0.525329 21
    endloop
  endfacet
  facet normal 0.96252 -0.27121 0
    outer loop
      vertex 19.3832 0.525329 18.19
      vertex 19.347 0.396856 21
      vertex 19.347 0.396856 18.19
    endloop
  endfacet
  facet normal 0.831328 -0.555782 0
    outer loop
      vertex 19.5505 0.888247 21
      vertex 19.6247 0.999234 18.19
      vertex 19.6247 0.999234 21
    endloop
  endfacet
  facet normal 0.831328 -0.555782 0
    outer loop
      vertex 19.6247 0.999234 18.19
      vertex 19.5505 0.888247 21
      vertex 19.5505 0.888247 18.19
    endloop
  endfacet
  facet normal 0.785456 -0.618918 0
    outer loop
      vertex 19.6247 0.999234 21
      vertex 19.7073 1.10406 18.19
      vertex 19.7073 1.10406 21
    endloop
  endfacet
  facet normal 0.785456 -0.618918 0
    outer loop
      vertex 19.7073 1.10406 18.19
      vertex 19.6247 0.999234 21
      vertex 19.6247 0.999234 18.19
    endloop
  endfacet
  facet normal 0.872568 -0.488493 0
    outer loop
      vertex 19.4853 0.771784 21
      vertex 19.5505 0.888247 18.19
      vertex 19.5505 0.888247 21
    endloop
  endfacet
  facet normal 0.872568 -0.488493 0
    outer loop
      vertex 19.5505 0.888247 18.19
      vertex 19.4853 0.771784 21
      vertex 19.4853 0.771784 18.19
    endloop
  endfacet
  facet normal 0.938193 -0.346114 0
    outer loop
      vertex 19.3832 0.525329 21
      vertex 19.4294 0.650561 18.19
      vertex 19.4294 0.650561 21
    endloop
  endfacet
  facet normal 0.938193 -0.346114 0
    outer loop
      vertex 19.4294 0.650561 18.19
      vertex 19.3832 0.525329 21
      vertex 19.3832 0.525329 18.19
    endloop
  endfacet
  facet normal 0.618833 -0.785523 0
    outer loop
      vertex 19.8959 1.29269 18.19
      vertex 20.0008 1.37533 21
      vertex 19.8959 1.29269 21
    endloop
  endfacet
  facet normal 0.618833 -0.785523 0
    outer loop
      vertex 20.0008 1.37533 21
      vertex 19.8959 1.29269 18.19
      vertex 20.0008 1.37533 18.19
    endloop
  endfacet
  facet normal 0.488809 -0.872391 0
    outer loop
      vertex 20.1118 1.44949 18.19
      vertex 20.2282 1.51471 21
      vertex 20.1118 1.44949 21
    endloop
  endfacet
  facet normal 0.488809 -0.872391 0
    outer loop
      vertex 20.2282 1.51471 21
      vertex 20.1118 1.44949 18.19
      vertex 20.2282 1.51471 18.19
    endloop
  endfacet
  facet normal 0.67888 -0.734249 0
    outer loop
      vertex 19.7979 1.20208 18.19
      vertex 19.8959 1.29269 21
      vertex 19.7979 1.20208 21
    endloop
  endfacet
  facet normal 0.67888 -0.734249 0
    outer loop
      vertex 19.8959 1.29269 21
      vertex 19.7979 1.20208 18.19
      vertex 19.8959 1.29269 18.19
    endloop
  endfacet
  facet normal 0.346014 -0.938229 0
    outer loop
      vertex 20.3494 1.57059 18.19
      vertex 20.4747 1.6168 21
      vertex 20.3494 1.57059 21
    endloop
  endfacet
  facet normal 0.346014 -0.938229 0
    outer loop
      vertex 20.4747 1.6168 21
      vertex 20.3494 1.57059 18.19
      vertex 20.4747 1.6168 18.19
    endloop
  endfacet
  facet normal 0.117594 -0.993062 0
    outer loop
      vertex 20.7341 1.67907 18.19
      vertex 20.8666 1.69476 21
      vertex 20.7341 1.67907 21
    endloop
  endfacet
  facet normal 0.117594 -0.993062 0
    outer loop
      vertex 20.8666 1.69476 21
      vertex 20.7341 1.67907 18.19
      vertex 20.8666 1.69476 18.19
    endloop
  endfacet
  facet normal -0.488809 0.872391 0
    outer loop
      vertex 21.8882 -1.44949 18.19
      vertex 21.7718 -1.51471 21
      vertex 21.8882 -1.44949 21
    endloop
  endfacet
  facet normal -0.488809 0.872391 0
    outer loop
      vertex 21.7718 -1.51471 21
      vertex 21.8882 -1.44949 18.19
      vertex 21.7718 -1.51471 18.19
    endloop
  endfacet
  facet normal -0.785456 0.618918 0
    outer loop
      vertex 22.2927 -1.10406 17
      vertex 22.3753 -0.999234 21
      vertex 22.3753 -0.999234 17
    endloop
  endfacet
  facet normal -0.785456 0.618918 0
    outer loop
      vertex 22.3753 -0.999234 21
      vertex 22.2927 -1.10406 17
      vertex 22.2927 -1.10406 21
    endloop
  endfacet
  facet normal 0.734355 0.678765 0
    outer loop
      vertex 19.7979 -1.20208 21
      vertex 19.7073 -1.10406 18.19
      vertex 19.7073 -1.10406 21
    endloop
  endfacet
  facet normal 0.734355 0.678765 0
    outer loop
      vertex 19.7073 -1.10406 18.19
      vertex 19.7979 -1.20208 21
      vertex 19.7979 -1.20208 18.19
    endloop
  endfacet
  facet normal -0.980701 -0.195514 0
    outer loop
      vertex 22.6791 0.265938 17
      vertex 22.653 0.396856 21
      vertex 22.653 0.396856 17
    endloop
  endfacet
  facet normal -0.980701 -0.195514 0
    outer loop
      vertex 22.653 0.396856 21
      vertex 22.6791 0.265938 17
      vertex 22.6791 0.265938 21
    endloop
  endfacet
  facet normal -0.993059 -0.117617 0
    outer loop
      vertex 22.6948 0.13338 17
      vertex 22.6791 0.265938 21
      vertex 22.6791 0.265938 17
    endloop
  endfacet
  facet normal -0.993059 -0.117617 0
    outer loop
      vertex 22.6791 0.265938 21
      vertex 22.6948 0.13338 17
      vertex 22.6948 0.13338 21
    endloop
  endfacet
  facet normal -0.831328 -0.555782 0
    outer loop
      vertex 22.4495 0.888247 17
      vertex 22.3753 0.999234 21
      vertex 22.3753 0.999234 17
    endloop
  endfacet
  facet normal -0.831328 -0.555782 0
    outer loop
      vertex 22.3753 0.999234 21
      vertex 22.4495 0.888247 17
      vertex 22.4495 0.888247 21
    endloop
  endfacet
  facet normal -0.194964 -0.98081 0
    outer loop
      vertex 21.2659 1.67907 18.19
      vertex 21.3969 1.65303 21
      vertex 21.2659 1.67907 21
    endloop
  endfacet
  facet normal -0.194964 -0.98081 -0
    outer loop
      vertex 21.3969 1.65303 21
      vertex 21.2659 1.67907 18.19
      vertex 21.3969 1.65303 18.19
    endloop
  endfacet
  facet normal -0.488809 -0.872391 0
    outer loop
      vertex 21.7718 1.51471 18.19
      vertex 21.8882 1.44949 21
      vertex 21.7718 1.51471 21
    endloop
  endfacet
  facet normal -0.488809 -0.872391 -0
    outer loop
      vertex 21.8882 1.44949 21
      vertex 21.7718 1.51471 18.19
      vertex 21.8882 1.44949 18.19
    endloop
  endfacet
  facet normal -0.418697 -0.908126 0
    outer loop
      vertex 21.6506 1.57059 18.19
      vertex 21.7718 1.51471 21
      vertex 21.6506 1.57059 21
    endloop
  endfacet
  facet normal -0.418697 -0.908126 -0
    outer loop
      vertex 21.7718 1.51471 21
      vertex 21.6506 1.57059 18.19
      vertex 21.7718 1.51471 18.19
    endloop
  endfacet
  facet normal 0.980701 -0.195514 0
    outer loop
      vertex 19.3209 0.265938 21
      vertex 19.347 0.396856 18.19
      vertex 19.347 0.396856 21
    endloop
  endfacet
  facet normal 0.980701 -0.195514 0
    outer loop
      vertex 19.347 0.396856 18.19
      vertex 19.3209 0.265938 21
      vertex 19.3209 0.265938 18.19
    endloop
  endfacet
  facet normal 0.993059 -0.117617 0
    outer loop
      vertex 19.3052 0.13338 21
      vertex 19.3209 0.265938 18.19
      vertex 19.3209 0.265938 21
    endloop
  endfacet
  facet normal 0.993059 -0.117617 0
    outer loop
      vertex 19.3209 0.265938 18.19
      vertex 19.3052 0.13338 21
      vertex 19.3052 0.13338 18.19
    endloop
  endfacet
  facet normal 0.55553 -0.831497 0
    outer loop
      vertex 20.0008 1.37533 18.19
      vertex 20.1118 1.44949 21
      vertex 20.0008 1.37533 21
    endloop
  endfacet
  facet normal 0.55553 -0.831497 0
    outer loop
      vertex 20.1118 1.44949 21
      vertex 20.0008 1.37533 18.19
      vertex 20.1118 1.44949 18.19
    endloop
  endfacet
  facet normal 0.194964 -0.98081 0
    outer loop
      vertex 20.6031 1.65303 18.19
      vertex 20.7341 1.67907 21
      vertex 20.6031 1.65303 21
    endloop
  endfacet
  facet normal 0.194964 -0.98081 0
    outer loop
      vertex 20.7341 1.67907 21
      vertex 20.6031 1.65303 18.19
      vertex 20.7341 1.67907 18.19
    endloop
  endfacet
  facet normal -0.999241 0.0389568 0
    outer loop
      vertex 22.6948 -0.13338 17
      vertex 22.7 0 21
      vertex 22.7 0 17
    endloop
  endfacet
  facet normal -0.999241 0.0389568 0
    outer loop
      vertex 22.7 0 21
      vertex 22.6948 -0.13338 17
      vertex 22.6948 -0.13338 21
    endloop
  endfacet
  facet normal -0.67888 0.734249 0
    outer loop
      vertex 22.2021 -1.20208 17
      vertex 22.1041 -1.29269 21
      vertex 22.2021 -1.20208 21
    endloop
  endfacet
  facet normal -0.67888 0.734249 0
    outer loop
      vertex 22.1041 -1.29269 21
      vertex 22.2021 -1.20208 17
      vertex 22.1041 -1.29269 17
    endloop
  endfacet
  facet normal -0.55553 0.831497 -1.32758e-06
    outer loop
      vertex 21.9992 -1.37533 21
      vertex 21.9445 -1.41188 18.19
      vertex 21.8882 -1.44949 21
    endloop
  endfacet
  facet normal -0.555577 0.831465 0
    outer loop
      vertex 21.9992 -1.37533 17
      vertex 21.9445 -1.41188 18.19
      vertex 21.9992 -1.37533 21
    endloop
  endfacet
  facet normal -0.555577 0.831465 0
    outer loop
      vertex 21.9445 -1.41188 18.19
      vertex 21.9992 -1.37533 17
      vertex 21.9445 -1.41188 17
    endloop
  endfacet
  facet normal -0.555484 0.831527 0
    outer loop
      vertex 21.8882 -1.44949 21
      vertex 21.9445 -1.41188 18.19
      vertex 21.8882 -1.44949 18.19
    endloop
  endfacet
  facet normal 0.999241 0.0389568 0
    outer loop
      vertex 19.3052 -0.13338 21
      vertex 19.3 0 18.19
      vertex 19.3 0 21
    endloop
  endfacet
  facet normal 0.999241 0.0389568 0
    outer loop
      vertex 19.3 0 18.19
      vertex 19.3052 -0.13338 21
      vertex 19.3052 -0.13338 18.19
    endloop
  endfacet
  facet normal 0.980701 0.195514 0
    outer loop
      vertex 19.347 -0.396856 21
      vertex 19.3209 -0.265938 18.19
      vertex 19.3209 -0.265938 21
    endloop
  endfacet
  facet normal 0.980701 0.195514 0
    outer loop
      vertex 19.3209 -0.265938 18.19
      vertex 19.347 -0.396856 21
      vertex 19.347 -0.396856 18.19
    endloop
  endfacet
  facet normal -0.117594 0.993062 0
    outer loop
      vertex 21.2659 -1.67907 18.19
      vertex 21.1334 -1.69476 21
      vertex 21.2659 -1.67907 21
    endloop
  endfacet
  facet normal -0.117594 0.993062 0
    outer loop
      vertex 21.1334 -1.69476 21
      vertex 21.2659 -1.67907 18.19
      vertex 21.1334 -1.69476 18.19
    endloop
  endfacet
  facet normal -0.96252 0.27121 0
    outer loop
      vertex 22.6168 -0.525329 17
      vertex 22.653 -0.396856 21
      vertex 22.653 -0.396856 17
    endloop
  endfacet
  facet normal -0.96252 0.27121 0
    outer loop
      vertex 22.653 -0.396856 21
      vertex 22.6168 -0.525329 17
      vertex 22.6168 -0.525329 21
    endloop
  endfacet
  facet normal -0.872568 0.488493 0
    outer loop
      vertex 22.4495 -0.888247 17
      vertex 22.5147 -0.771784 21
      vertex 22.5147 -0.771784 17
    endloop
  endfacet
  facet normal -0.872568 0.488493 0
    outer loop
      vertex 22.5147 -0.771784 21
      vertex 22.4495 -0.888247 17
      vertex 22.4495 -0.888247 21
    endloop
  endfacet
  facet normal -0.938193 0.346114 0
    outer loop
      vertex 22.5706 -0.650561 17
      vertex 22.6168 -0.525329 21
      vertex 22.6168 -0.525329 17
    endloop
  endfacet
  facet normal -0.938193 0.346114 0
    outer loop
      vertex 22.6168 -0.525329 21
      vertex 22.5706 -0.650561 17
      vertex 22.5706 -0.650561 21
    endloop
  endfacet
  facet normal -0.980701 0.195514 0
    outer loop
      vertex 22.653 -0.396856 17
      vertex 22.6791 -0.265938 21
      vertex 22.6791 -0.265938 17
    endloop
  endfacet
  facet normal -0.980701 0.195514 0
    outer loop
      vertex 22.6791 -0.265938 21
      vertex 22.653 -0.396856 17
      vertex 22.653 -0.396856 21
    endloop
  endfacet
  facet normal -0.618833 0.785523 0
    outer loop
      vertex 22.1041 -1.29269 17
      vertex 21.9992 -1.37533 21
      vertex 22.1041 -1.29269 21
    endloop
  endfacet
  facet normal -0.618833 0.785523 0
    outer loop
      vertex 21.9992 -1.37533 21
      vertex 22.1041 -1.29269 17
      vertex 21.9992 -1.37533 17
    endloop
  endfacet
  facet normal -0.831328 0.555782 0
    outer loop
      vertex 22.3753 -0.999234 17
      vertex 22.4495 -0.888247 21
      vertex 22.4495 -0.888247 17
    endloop
  endfacet
  facet normal -0.831328 0.555782 0
    outer loop
      vertex 22.4495 -0.888247 21
      vertex 22.3753 -0.999234 17
      vertex 22.3753 -0.999234 21
    endloop
  endfacet
  facet normal -0.0392501 0.999229 0
    outer loop
      vertex 21.1334 -1.69476 18.19
      vertex 21 -1.7 21
      vertex 21.1334 -1.69476 21
    endloop
  endfacet
  facet normal -0.0392501 0.999229 0
    outer loop
      vertex 21 -1.7 21
      vertex 21.1334 -1.69476 18.19
      vertex 21 -1.7 18.19
    endloop
  endfacet
  facet normal 0.418697 0.908126 -0
    outer loop
      vertex 20.3494 -1.57059 18.19
      vertex 20.2282 -1.51471 21
      vertex 20.3494 -1.57059 21
    endloop
  endfacet
  facet normal 0.418697 0.908126 0
    outer loop
      vertex 20.2282 -1.51471 21
      vertex 20.3494 -1.57059 18.19
      vertex 20.2282 -1.51471 18.19
    endloop
  endfacet
  facet normal 0.618833 0.785523 -0
    outer loop
      vertex 20.0008 -1.37533 18.19
      vertex 19.8959 -1.29269 21
      vertex 20.0008 -1.37533 21
    endloop
  endfacet
  facet normal 0.618833 0.785523 0
    outer loop
      vertex 19.8959 -1.29269 21
      vertex 20.0008 -1.37533 18.19
      vertex 19.8959 -1.29269 18.19
    endloop
  endfacet
  facet normal 0.67888 0.734249 -0
    outer loop
      vertex 19.8959 -1.29269 18.19
      vertex 19.7979 -1.20208 21
      vertex 19.8959 -1.29269 21
    endloop
  endfacet
  facet normal 0.67888 0.734249 0
    outer loop
      vertex 19.7979 -1.20208 21
      vertex 19.8959 -1.29269 18.19
      vertex 19.7979 -1.20208 18.19
    endloop
  endfacet
  facet normal 0.785456 0.618918 0
    outer loop
      vertex 19.7073 -1.10406 21
      vertex 19.6247 -0.999234 18.19
      vertex 19.6247 -0.999234 21
    endloop
  endfacet
  facet normal 0.785456 0.618918 0
    outer loop
      vertex 19.6247 -0.999234 18.19
      vertex 19.7073 -1.10406 21
      vertex 19.7073 -1.10406 18.19
    endloop
  endfacet
  facet normal 0.908099 0.418755 0
    outer loop
      vertex 19.4853 -0.771784 21
      vertex 19.4294 -0.650561 18.19
      vertex 19.4294 -0.650561 21
    endloop
  endfacet
  facet normal 0.908099 0.418755 0
    outer loop
      vertex 19.4294 -0.650561 18.19
      vertex 19.4853 -0.771784 21
      vertex 19.4853 -0.771784 18.19
    endloop
  endfacet
  facet normal 0.96252 0.27121 0
    outer loop
      vertex 19.3832 -0.525329 21
      vertex 19.347 -0.396856 18.19
      vertex 19.347 -0.396856 21
    endloop
  endfacet
  facet normal 0.96252 0.27121 0
    outer loop
      vertex 19.347 -0.396856 18.19
      vertex 19.3832 -0.525329 21
      vertex 19.3832 -0.525329 18.19
    endloop
  endfacet
  facet normal 0.993059 0.117617 0
    outer loop
      vertex 19.3209 -0.265938 21
      vertex 19.3052 -0.13338 18.19
      vertex 19.3052 -0.13338 21
    endloop
  endfacet
  facet normal 0.993059 0.117617 0
    outer loop
      vertex 19.3052 -0.13338 18.19
      vertex 19.3209 -0.265938 21
      vertex 19.3209 -0.265938 18.19
    endloop
  endfacet
  facet normal -0.194964 0.98081 0
    outer loop
      vertex 21.3969 -1.65303 18.19
      vertex 21.2659 -1.67907 21
      vertex 21.3969 -1.65303 21
    endloop
  endfacet
  facet normal -0.194964 0.98081 0
    outer loop
      vertex 21.2659 -1.67907 21
      vertex 21.3969 -1.65303 18.19
      vertex 21.2659 -1.67907 18.19
    endloop
  endfacet
  facet normal -0.908099 0.418755 0
    outer loop
      vertex 22.5147 -0.771784 17
      vertex 22.5706 -0.650561 21
      vertex 22.5706 -0.650561 17
    endloop
  endfacet
  facet normal -0.908099 0.418755 0
    outer loop
      vertex 22.5706 -0.650561 21
      vertex 22.5147 -0.771784 17
      vertex 22.5147 -0.771784 21
    endloop
  endfacet
  facet normal -0.993059 0.117617 0
    outer loop
      vertex 22.6791 -0.265938 17
      vertex 22.6948 -0.13338 21
      vertex 22.6948 -0.13338 17
    endloop
  endfacet
  facet normal -0.993059 0.117617 0
    outer loop
      vertex 22.6948 -0.13338 21
      vertex 22.6791 -0.265938 17
      vertex 22.6791 -0.265938 21
    endloop
  endfacet
  facet normal -0.734355 0.678765 0
    outer loop
      vertex 22.2021 -1.20208 17
      vertex 22.2927 -1.10406 21
      vertex 22.2927 -1.10406 17
    endloop
  endfacet
  facet normal -0.734355 0.678765 0
    outer loop
      vertex 22.2927 -1.10406 21
      vertex 22.2021 -1.20208 17
      vertex 22.2021 -1.20208 21
    endloop
  endfacet
  facet normal 0.271562 0.962421 -0
    outer loop
      vertex 20.6031 -1.65303 18.19
      vertex 20.4747 -1.6168 21
      vertex 20.6031 -1.65303 21
    endloop
  endfacet
  facet normal 0.271562 0.962421 0
    outer loop
      vertex 20.4747 -1.6168 21
      vertex 20.6031 -1.65303 18.19
      vertex 20.4747 -1.6168 18.19
    endloop
  endfacet
  facet normal 0.488809 0.872391 -0
    outer loop
      vertex 20.2282 -1.51471 18.19
      vertex 20.1118 -1.44949 21
      vertex 20.2282 -1.51471 21
    endloop
  endfacet
  facet normal 0.488809 0.872391 0
    outer loop
      vertex 20.1118 -1.44949 21
      vertex 20.2282 -1.51471 18.19
      vertex 20.1118 -1.44949 18.19
    endloop
  endfacet
  facet normal 0.872568 0.488493 0
    outer loop
      vertex 19.5505 -0.888247 21
      vertex 19.4853 -0.771784 18.19
      vertex 19.4853 -0.771784 21
    endloop
  endfacet
  facet normal 0.872568 0.488493 0
    outer loop
      vertex 19.4853 -0.771784 18.19
      vertex 19.5505 -0.888247 21
      vertex 19.5505 -0.888247 18.19
    endloop
  endfacet
  facet normal 0.938193 0.346114 0
    outer loop
      vertex 19.4294 -0.650561 21
      vertex 19.3832 -0.525329 18.19
      vertex 19.3832 -0.525329 21
    endloop
  endfacet
  facet normal 0.938193 0.346114 0
    outer loop
      vertex 19.3832 -0.525329 18.19
      vertex 19.4294 -0.650561 21
      vertex 19.4294 -0.650561 18.19
    endloop
  endfacet
  facet normal -0.346014 0.938229 0
    outer loop
      vertex 21.6506 -1.57059 18.19
      vertex 21.5253 -1.6168 21
      vertex 21.6506 -1.57059 21
    endloop
  endfacet
  facet normal -0.346014 0.938229 0
    outer loop
      vertex 21.5253 -1.6168 21
      vertex 21.6506 -1.57059 18.19
      vertex 21.5253 -1.6168 18.19
    endloop
  endfacet
  facet normal -0.271562 0.962421 0
    outer loop
      vertex 21.5253 -1.6168 18.19
      vertex 21.3969 -1.65303 21
      vertex 21.5253 -1.6168 21
    endloop
  endfacet
  facet normal -0.271562 0.962421 0
    outer loop
      vertex 21.3969 -1.65303 21
      vertex 21.5253 -1.6168 18.19
      vertex 21.3969 -1.65303 18.19
    endloop
  endfacet
  facet normal 0.194964 0.98081 -0
    outer loop
      vertex 20.7341 -1.67907 18.19
      vertex 20.6031 -1.65303 21
      vertex 20.7341 -1.67907 21
    endloop
  endfacet
  facet normal 0.194964 0.98081 0
    outer loop
      vertex 20.6031 -1.65303 21
      vertex 20.7341 -1.67907 18.19
      vertex 20.6031 -1.65303 18.19
    endloop
  endfacet
  facet normal 0.117594 0.993062 -0
    outer loop
      vertex 20.8666 -1.69476 18.19
      vertex 20.7341 -1.67907 21
      vertex 20.8666 -1.69476 21
    endloop
  endfacet
  facet normal 0.117594 0.993062 0
    outer loop
      vertex 20.7341 -1.67907 21
      vertex 20.8666 -1.69476 18.19
      vertex 20.7341 -1.67907 18.19
    endloop
  endfacet
  facet normal 0.831328 0.555782 0
    outer loop
      vertex 19.6247 -0.999234 21
      vertex 19.5505 -0.888247 18.19
      vertex 19.5505 -0.888247 21
    endloop
  endfacet
  facet normal 0.831328 0.555782 0
    outer loop
      vertex 19.5505 -0.888247 18.19
      vertex 19.6247 -0.999234 21
      vertex 19.6247 -0.999234 18.19
    endloop
  endfacet
  facet normal 0.55553 0.831497 -0
    outer loop
      vertex 20.1118 -1.44949 18.19
      vertex 20.0008 -1.37533 21
      vertex 20.1118 -1.44949 21
    endloop
  endfacet
  facet normal 0.55553 0.831497 0
    outer loop
      vertex 20.0008 -1.37533 21
      vertex 20.1118 -1.44949 18.19
      vertex 20.0008 -1.37533 18.19
    endloop
  endfacet
  facet normal 0.346014 0.938229 -0
    outer loop
      vertex 20.4747 -1.6168 18.19
      vertex 20.3494 -1.57059 21
      vertex 20.4747 -1.6168 21
    endloop
  endfacet
  facet normal 0.346014 0.938229 0
    outer loop
      vertex 20.3494 -1.57059 21
      vertex 20.4747 -1.6168 18.19
      vertex 20.3494 -1.57059 18.19
    endloop
  endfacet
  facet normal 0.533965 -0.845507 0
    outer loop
      vertex -11.4629 19.5875 17
      vertex -11.35 19.6588 21
      vertex -11.4629 19.5875 21
    endloop
  endfacet
  facet normal 0.533965 -0.845507 0
    outer loop
      vertex -11.35 19.6588 21
      vertex -11.4629 19.5875 17
      vertex -11.35 19.6588 17
    endloop
  endfacet
  facet normal -0.845777 -0.533536 0
    outer loop
      vertex -9.02776 19.0365 18.19
      vertex -9.09898 19.1494 21
      vertex -9.09898 19.1494 18.19
    endloop
  endfacet
  facet normal -0.845777 -0.533536 0
    outer loop
      vertex -9.09898 19.1494 21
      vertex -9.02776 19.0365 18.19
      vertex -9.02776 19.0365 21
    endloop
  endfacet
  facet normal 0.975441 -0.220261 0
    outer loop
      vertex -12.1715 18.4963 21
      vertex -12.1421 18.6265 17
      vertex -12.1421 18.6265 21
    endloop
  endfacet
  facet normal 0.975441 -0.220261 0
    outer loop
      vertex -12.1421 18.6265 17
      vertex -12.1715 18.4963 21
      vertex -12.1715 18.4963 17
    endloop
  endfacet
  facet normal 0.81676 -0.576977 0
    outer loop
      vertex -11.9257 19.1124 21
      vertex -11.8487 19.2214 17
      vertex -11.8487 19.2214 21
    endloop
  endfacet
  facet normal 0.81676 -0.576977 0
    outer loop
      vertex -11.8487 19.2214 17
      vertex -11.9257 19.1124 21
      vertex -11.9257 19.1124 17
    endloop
  endfacet
  facet normal 0.997827 -0.0658942 0
    outer loop
      vertex -12.1907 18.3642 21
      vertex -12.1956 18.29 18.19
      vertex -12.1907 18.3642 17
    endloop
  endfacet
  facet normal 0.997874 -0.0651764 -1.90355e-05
    outer loop
      vertex -12.1994 18.231 21
      vertex -12.1956 18.29 18.19
      vertex -12.1907 18.3642 21
    endloop
  endfacet
  facet normal 0.997932 -0.0642736 0
    outer loop
      vertex -12.1956 18.29 18.19
      vertex -12.1994 18.231 21
      vertex -12.1994 18.231 18.19
    endloop
  endfacet
  facet normal 0.997827 -0.0658942 0
    outer loop
      vertex -12.1907 18.3642 17
      vertex -12.1956 18.29 18.19
      vertex -12.1956 18.29 17
    endloop
  endfacet
  facet normal -0.091414 0.995813 0
    outer loop
      vertex -10.2781 16.5011 18.19
      vertex -10.411 16.4889 21
      vertex -10.2781 16.5011 21
    endloop
  endfacet
  facet normal -0.091414 0.995813 0
    outer loop
      vertex -10.411 16.4889 21
      vertex -10.2781 16.5011 18.19
      vertex -10.411 16.4889 18.19
    endloop
  endfacet
  facet normal 0.220974 0.97528 -0
    outer loop
      vertex -10.8098 16.515 18.19
      vertex -10.94 16.5445 21
      vertex -10.8098 16.515 21
    endloop
  endfacet
  facet normal 0.220974 0.97528 0
    outer loop
      vertex -10.94 16.5445 21
      vertex -10.8098 16.515 18.19
      vertex -10.94 16.5445 18.19
    endloop
  endfacet
  facet normal -0.697987 -0.716111 0
    outer loop
      vertex -9.36248 19.4499 18.19
      vertex -9.26686 19.3567 21
      vertex -9.36248 19.4499 21
    endloop
  endfacet
  facet normal -0.697987 -0.716111 -0
    outer loop
      vertex -9.26686 19.3567 21
      vertex -9.36248 19.4499 18.19
      vertex -9.26686 19.3567 18.19
    endloop
  endfacet
  facet normal 0.659141 -0.75202 0
    outer loop
      vertex -11.6702 19.4197 17
      vertex -11.5698 19.5077 21
      vertex -11.6702 19.4197 21
    endloop
  endfacet
  facet normal 0.659141 -0.75202 0
    outer loop
      vertex -11.5698 19.5077 21
      vertex -11.6702 19.4197 17
      vertex -11.5698 19.5077 17
    endloop
  endfacet
  facet normal 0.598199 -0.801347 0
    outer loop
      vertex -11.5698 19.5077 17
      vertex -11.4629 19.5875 21
      vertex -11.5698 19.5077 21
    endloop
  endfacet
  facet normal 0.598199 -0.801347 0
    outer loop
      vertex -11.4629 19.5875 21
      vertex -11.5698 19.5077 17
      vertex -11.4629 19.5875 17
    endloop
  endfacet
  facet normal 0.954998 -0.296611 0
    outer loop
      vertex -12.1421 18.6265 21
      vertex -12.1025 18.754 17
      vertex -12.1025 18.754 21
    endloop
  endfacet
  facet normal 0.954998 -0.296611 0
    outer loop
      vertex -12.1025 18.754 17
      vertex -12.1421 18.6265 21
      vertex -12.1421 18.6265 17
    endloop
  endfacet
  facet normal 0.859207 -0.511629 0
    outer loop
      vertex -11.994 18.9977 21
      vertex -11.9257 19.1124 17
      vertex -11.9257 19.1124 21
    endloop
  endfacet
  facet normal 0.859207 -0.511629 0
    outer loop
      vertex -11.9257 19.1124 17
      vertex -11.994 18.9977 21
      vertex -11.994 18.9977 17
    endloop
  endfacet
  facet normal 0.946946 0.321392 0
    outer loop
      vertex -12.0871 17.5773 21
      vertex -12.13 17.7037 18.19
      vertex -12.13 17.7037 21
    endloop
  endfacet
  facet normal 0.946946 0.321392 0
    outer loop
      vertex -12.13 17.7037 18.19
      vertex -12.0871 17.5773 21
      vertex -12.0871 17.5773 18.19
    endloop
  endfacet
  facet normal 0.969165 0.246411 0
    outer loop
      vertex -12.13 17.7037 21
      vertex -12.1629 17.8331 18.19
      vertex -12.1629 17.8331 21
    endloop
  endfacet
  facet normal 0.969165 0.246411 0
    outer loop
      vertex -12.1629 17.8331 18.19
      vertex -12.13 17.7037 21
      vertex -12.13 17.7037 18.19
    endloop
  endfacet
  facet normal 0.995819 0.0913458 0
    outer loop
      vertex -12.1855 17.9646 21
      vertex -12.1977 18.0976 18.19
      vertex -12.1977 18.0976 21
    endloop
  endfacet
  facet normal 0.995819 0.0913458 0
    outer loop
      vertex -12.1977 18.0976 18.19
      vertex -12.1855 17.9646 21
      vertex -12.1855 17.9646 18.19
    endloop
  endfacet
  facet normal 0.985551 0.16938 0
    outer loop
      vertex -12.1629 17.8331 21
      vertex -12.1855 17.9646 18.19
      vertex -12.1855 17.9646 21
    endloop
  endfacet
  facet normal 0.985551 0.16938 0
    outer loop
      vertex -12.1855 17.9646 18.19
      vertex -12.1629 17.8331 21
      vertex -12.1629 17.8331 18.19
    endloop
  endfacet
  facet normal 0.989602 -0.143833 0
    outer loop
      vertex -12.1907 18.3642 21
      vertex -12.1715 18.4963 17
      vertex -12.1715 18.4963 21
    endloop
  endfacet
  facet normal 0.989602 -0.143833 0
    outer loop
      vertex -12.1715 18.4963 17
      vertex -12.1907 18.3642 21
      vertex -12.1907 18.3642 17
    endloop
  endfacet
  facet normal 0.143833 0.989602 -0
    outer loop
      vertex -10.6777 16.4958 18.19
      vertex -10.8098 16.515 21
      vertex -10.6777 16.4958 21
    endloop
  endfacet
  facet normal 0.143833 0.989602 0
    outer loop
      vertex -10.8098 16.515 21
      vertex -10.6777 16.4958 18.19
      vertex -10.8098 16.515 18.19
    endloop
  endfacet
  facet normal -0.321324 0.946969 0
    outer loop
      vertex -9.89077 16.5994 18.19
      vertex -10.0172 16.5565 21
      vertex -9.89077 16.5994 21
    endloop
  endfacet
  facet normal -0.321324 0.946969 0
    outer loop
      vertex -10.0172 16.5565 21
      vertex -9.89077 16.5994 18.19
      vertex -10.0172 16.5565 18.19
    endloop
  endfacet
  facet normal -0.245886 0.969299 0
    outer loop
      vertex -10.0172 16.5565 18.19
      vertex -10.1465 16.5237 21
      vertex -10.0172 16.5565 21
    endloop
  endfacet
  facet normal -0.245886 0.969299 0
    outer loop
      vertex -10.1465 16.5237 21
      vertex -10.0172 16.5565 18.19
      vertex -10.1465 16.5237 18.19
    endloop
  endfacet
  facet normal -0.394805 0.918765 0
    outer loop
      vertex -9.76813 16.6521 18.19
      vertex -9.89077 16.5994 21
      vertex -9.76813 16.6521 21
    endloop
  endfacet
  facet normal -0.394805 0.918765 0
    outer loop
      vertex -9.89077 16.5994 21
      vertex -9.76813 16.6521 18.19
      vertex -9.89077 16.5994 18.19
    endloop
  endfacet
  facet normal 0.370745 0.928735 -0
    outer loop
      vertex -11.0675 16.584 18.19
      vertex -11.1915 16.6335 21
      vertex -11.0675 16.584 21
    endloop
  endfacet
  facet normal 0.370745 0.928735 0
    outer loop
      vertex -11.1915 16.6335 21
      vertex -11.0675 16.584 18.19
      vertex -11.1915 16.6335 18.19
    endloop
  endfacet
  facet normal 0.295928 0.95521 -0
    outer loop
      vertex -10.94 16.5445 18.19
      vertex -11.0675 16.584 21
      vertex -10.94 16.5445 21
    endloop
  endfacet
  facet normal 0.295928 0.95521 0
    outer loop
      vertex -11.0675 16.584 21
      vertex -10.94 16.5445 18.19
      vertex -11.0675 16.584 18.19
    endloop
  endfacet
  facet normal 0.576977 0.81676 -0
    outer loop
      vertex -11.4259 16.7608 18.19
      vertex -11.5349 16.8378 21
      vertex -11.4259 16.7608 21
    endloop
  endfacet
  facet normal 0.576977 0.81676 0
    outer loop
      vertex -11.5349 16.8378 21
      vertex -11.4259 16.7608 18.19
      vertex -11.5349 16.8378 18.19
    endloop
  endfacet
  facet normal 0.800988 0.59868 0
    outer loop
      vertex -11.8211 17.1167 21
      vertex -11.901 17.2236 18.19
      vertex -11.901 17.2236 21
    endloop
  endfacet
  facet normal 0.800988 0.59868 0
    outer loop
      vertex -11.901 17.2236 18.19
      vertex -11.8211 17.1167 21
      vertex -11.8211 17.1167 18.19
    endloop
  endfacet
  facet normal 0.465407 -0.885097 0
    outer loop
      vertex -11.35 19.6588 17
      vertex -11.2319 19.7209 21
      vertex -11.35 19.6588 21
    endloop
  endfacet
  facet normal 0.465407 -0.885097 0
    outer loop
      vertex -11.2319 19.7209 21
      vertex -11.35 19.6588 17
      vertex -11.2319 19.7209 17
    endloop
  endfacet
  facet normal -0.220974 -0.97528 0
    outer loop
      vertex -10.1902 19.8581 17
      vertex -10.06 19.8286 21
      vertex -10.1902 19.8581 21
    endloop
  endfacet
  facet normal -0.220974 -0.97528 -0
    outer loop
      vertex -10.06 19.8286 21
      vertex -10.1902 19.8581 17
      vertex -10.06 19.8286 17
    endloop
  endfacet
  facet normal -0.98556 -0.169328 0
    outer loop
      vertex -8.81454 18.4084 18.19
      vertex -8.83715 18.54 21
      vertex -8.83715 18.54 18.19
    endloop
  endfacet
  facet normal -0.98556 -0.169328 0
    outer loop
      vertex -8.83715 18.54 21
      vertex -8.81454 18.4084 18.19
      vertex -8.81454 18.4084 21
    endloop
  endfacet
  facet normal -0.639189 -0.76905 0
    outer loop
      vertex -9.46511 19.5352 18.19
      vertex -9.36248 19.4499 21
      vertex -9.46511 19.5352 21
    endloop
  endfacet
  facet normal -0.639189 -0.76905 -0
    outer loop
      vertex -9.36248 19.4499 21
      vertex -9.46511 19.5352 18.19
      vertex -9.36248 19.4499 18.19
    endloop
  endfacet
  facet normal 0.716412 -0.697677 0
    outer loop
      vertex -11.7633 19.3241 21
      vertex -11.6702 19.4197 17
      vertex -11.6702 19.4197 21
    endloop
  endfacet
  facet normal 0.716412 -0.697677 0
    outer loop
      vertex -11.6702 19.4197 17
      vertex -11.7633 19.3241 21
      vertex -11.7633 19.3241 17
    endloop
  endfacet
  facet normal 0.768896 -0.639374 0
    outer loop
      vertex -11.8487 19.2214 21
      vertex -11.7633 19.3241 17
      vertex -11.7633 19.3241 21
    endloop
  endfacet
  facet normal 0.768896 -0.639374 0
    outer loop
      vertex -11.7633 19.3241 17
      vertex -11.8487 19.2214 21
      vertex -11.8487 19.2214 17
    endloop
  endfacet
  facet normal 0.928735 -0.370745 0
    outer loop
      vertex -12.1025 18.754 21
      vertex -12.053 18.878 17
      vertex -12.053 18.878 21
    endloop
  endfacet
  facet normal 0.928735 -0.370745 0
    outer loop
      vertex -12.053 18.878 17
      vertex -12.1025 18.754 21
      vertex -12.1025 18.754 17
    endloop
  endfacet
  facet normal 0.918718 0.394914 0
    outer loop
      vertex -12.0344 17.4547 21
      vertex -12.0871 17.5773 18.19
      vertex -12.0871 17.5773 21
    endloop
  endfacet
  facet normal 0.918718 0.394914 0
    outer loop
      vertex -12.0871 17.5773 18.19
      vertex -12.0344 17.4547 21
      vertex -12.0344 17.4547 18.19
    endloop
  endfacet
  facet normal 0.845845 0.533429 0
    outer loop
      vertex -11.901 17.2236 21
      vertex -11.9722 17.3365 18.19
      vertex -11.9722 17.3365 21
    endloop
  endfacet
  facet normal 0.845845 0.533429 0
    outer loop
      vertex -11.9722 17.3365 18.19
      vertex -11.901 17.2236 21
      vertex -11.901 17.2236 18.19
    endloop
  endfacet
  facet normal 0.999919 0.0127426 0
    outer loop
      vertex -12.1977 18.0976 21
      vertex -12.1994 18.231 18.19
      vertex -12.1994 18.231 21
    endloop
  endfacet
  facet normal 0.999919 0.0127426 0
    outer loop
      vertex -12.1994 18.231 18.19
      vertex -12.1977 18.0976 21
      vertex -12.1977 18.0976 18.19
    endloop
  endfacet
  facet normal 0.0651764 0.997874 -0
    outer loop
      vertex -10.5445 16.4871 18.19
      vertex -10.6777 16.4958 21
      vertex -10.5445 16.4871 21
    endloop
  endfacet
  facet normal 0.0651764 0.997874 0
    outer loop
      vertex -10.6777 16.4958 21
      vertex -10.5445 16.4871 18.19
      vertex -10.6777 16.4958 18.19
    endloop
  endfacet
  facet normal -0.169255 0.985572 0
    outer loop
      vertex -10.1465 16.5237 18.19
      vertex -10.2781 16.5011 21
      vertex -10.1465 16.5237 21
    endloop
  endfacet
  facet normal -0.169255 0.985572 0
    outer loop
      vertex -10.2781 16.5011 21
      vertex -10.1465 16.5237 18.19
      vertex -10.2781 16.5011 18.19
    endloop
  endfacet
  facet normal -0.465901 0.884837 0
    outer loop
      vertex -9.65 16.7143 18.19
      vertex -9.76813 16.6521 21
      vertex -9.65 16.7143 21
    endloop
  endfacet
  facet normal -0.465901 0.884837 0
    outer loop
      vertex -9.76813 16.6521 21
      vertex -9.65 16.7143 18.19
      vertex -9.76813 16.6521 18.19
    endloop
  endfacet
  facet normal 0.511629 0.859207 -0
    outer loop
      vertex -11.3112 16.6925 18.19
      vertex -11.4259 16.7608 21
      vertex -11.3112 16.6925 21
    endloop
  endfacet
  facet normal 0.511629 0.859207 0
    outer loop
      vertex -11.4259 16.7608 21
      vertex -11.3112 16.6925 18.19
      vertex -11.4259 16.7608 18.19
    endloop
  endfacet
  facet normal 0.442111 0.89696 -0
    outer loop
      vertex -11.1915 16.6335 18.19
      vertex -11.3112 16.6925 21
      vertex -11.1915 16.6335 21
    endloop
  endfacet
  facet normal 0.442111 0.89696 0
    outer loop
      vertex -11.3112 16.6925 21
      vertex -11.1915 16.6335 18.19
      vertex -11.3112 16.6925 18.19
    endloop
  endfacet
  facet normal 0.697677 0.716412 -0
    outer loop
      vertex -11.6375 16.9232 18.19
      vertex -11.7331 17.0163 21
      vertex -11.6375 16.9232 21
    endloop
  endfacet
  facet normal 0.697677 0.716412 0
    outer loop
      vertex -11.7331 17.0163 21
      vertex -11.6375 16.9232 18.19
      vertex -11.7331 17.0163 18.19
    endloop
  endfacet
  facet normal 0.75202 0.659141 0
    outer loop
      vertex -11.7331 17.0163 21
      vertex -11.8211 17.1167 18.19
      vertex -11.8211 17.1167 21
    endloop
  endfacet
  facet normal 0.75202 0.659141 0
    outer loop
      vertex -11.8211 17.1167 18.19
      vertex -11.7331 17.0163 21
      vertex -11.7331 17.0163 18.19
    endloop
  endfacet
  facet normal 0.16938 -0.985551 0
    outer loop
      vertex -10.8534 19.8494 17
      vertex -10.7219 19.872 21
      vertex -10.8534 19.8494 21
    endloop
  endfacet
  facet normal 0.16938 -0.985551 0
    outer loop
      vertex -10.7219 19.872 21
      vertex -10.8534 19.8494 17
      vertex -10.7219 19.872 17
    endloop
  endfacet
  facet normal 0.394642 -0.918835 0
    outer loop
      vertex -11.2319 19.7209 17
      vertex -11.1092 19.7736 21
      vertex -11.2319 19.7209 21
    endloop
  endfacet
  facet normal 0.394642 -0.918835 0
    outer loop
      vertex -11.1092 19.7736 21
      vertex -11.2319 19.7209 17
      vertex -11.1092 19.7736 17
    endloop
  endfacet
  facet normal 0.091414 -0.995813 0
    outer loop
      vertex -10.7219 19.872 17
      vertex -10.589 19.8842 21
      vertex -10.7219 19.872 21
    endloop
  endfacet
  facet normal 0.091414 -0.995813 0
    outer loop
      vertex -10.589 19.8842 21
      vertex -10.7219 19.872 17
      vertex -10.589 19.8842 17
    endloop
  endfacet
  facet normal -0.816619 0.577177 0
    outer loop
      vertex -9.1513 17.1516 18.19
      vertex -9.07426 17.2606 21
      vertex -9.07426 17.2606 18.19
    endloop
  endfacet
  facet normal -0.816619 0.577177 0
    outer loop
      vertex -9.07426 17.2606 21
      vertex -9.1513 17.1516 18.19
      vertex -9.1513 17.1516 21
    endloop
  endfacet
  facet normal -0.659326 0.751857 0
    outer loop
      vertex -9.3298 16.9534 18.19
      vertex -9.43015 16.8654 21
      vertex -9.3298 16.9534 21
    endloop
  endfacet
  facet normal -0.659326 0.751857 0
    outer loop
      vertex -9.43015 16.8654 21
      vertex -9.3298 16.9534 18.19
      vertex -9.43015 16.8654 18.19
    endloop
  endfacet
  facet normal -0.768774 0.639521 0
    outer loop
      vertex -9.23665 17.049 18.19
      vertex -9.1513 17.1516 21
      vertex -9.1513 17.1516 18.19
    endloop
  endfacet
  facet normal -0.768774 0.639521 0
    outer loop
      vertex -9.1513 17.1516 21
      vertex -9.23665 17.049 18.19
      vertex -9.23665 17.049 21
    endloop
  endfacet
  facet normal -0.533463 0.845823 0
    outer loop
      vertex -9.53711 16.7855 18.19
      vertex -9.65 16.7143 21
      vertex -9.53711 16.7855 21
    endloop
  endfacet
  facet normal -0.533463 0.845823 0
    outer loop
      vertex -9.65 16.7143 21
      vertex -9.53711 16.7855 18.19
      vertex -9.65 16.7143 18.19
    endloop
  endfacet
  facet normal -0.577477 -0.816407 0
    outer loop
      vertex -9.57411 19.6123 18.19
      vertex -9.46511 19.5352 21
      vertex -9.57411 19.6123 21
    endloop
  endfacet
  facet normal -0.577477 -0.816407 -0
    outer loop
      vertex -9.46511 19.5352 21
      vertex -9.57411 19.6123 18.19
      vertex -9.46511 19.5352 18.19
    endloop
  endfacet
  facet normal 0.89696 -0.442111 0
    outer loop
      vertex -12.053 18.878 21
      vertex -11.994 18.9977 17
      vertex -11.994 18.9977 21
    endloop
  endfacet
  facet normal 0.89696 -0.442111 0
    outer loop
      vertex -11.994 18.9977 17
      vertex -12.053 18.878 21
      vertex -12.053 18.878 17
    endloop
  endfacet
  facet normal 0.884951 0.465685 0
    outer loop
      vertex -11.9722 17.3365 21
      vertex -12.0344 17.4547 18.19
      vertex -12.0344 17.4547 21
    endloop
  endfacet
  facet normal 0.884951 0.465685 0
    outer loop
      vertex -12.0344 17.4547 18.19
      vertex -11.9722 17.3365 21
      vertex -11.9722 17.3365 18.19
    endloop
  endfacet
  facet normal -0.0134819 0.999909 0
    outer loop
      vertex -10.411 16.4889 18.19
      vertex -10.5445 16.4871 21
      vertex -10.411 16.4889 21
    endloop
  endfacet
  facet normal -0.0134819 0.999909 0
    outer loop
      vertex -10.5445 16.4871 21
      vertex -10.411 16.4889 18.19
      vertex -10.5445 16.4871 18.19
    endloop
  endfacet
  facet normal 0.639742 0.76859 -0
    outer loop
      vertex -11.5349 16.8378 18.19
      vertex -11.6375 16.9232 21
      vertex -11.5349 16.8378 21
    endloop
  endfacet
  facet normal 0.639742 0.76859 0
    outer loop
      vertex -11.6375 16.9232 21
      vertex -11.5349 16.8378 18.19
      vertex -11.6375 16.9232 18.19
    endloop
  endfacet
  facet normal 0.321392 -0.946946 0
    outer loop
      vertex -11.1092 19.7736 17
      vertex -10.9828 19.8165 21
      vertex -11.1092 19.7736 21
    endloop
  endfacet
  facet normal 0.321392 -0.946946 0
    outer loop
      vertex -10.9828 19.8165 21
      vertex -11.1092 19.7736 17
      vertex -10.9828 19.8165 17
    endloop
  endfacet
  facet normal -0.143099 -0.989708 0
    outer loop
      vertex -10.3223 19.8772 17
      vertex -10.1902 19.8581 21
      vertex -10.3223 19.8772 21
    endloop
  endfacet
  facet normal -0.143099 -0.989708 -0
    outer loop
      vertex -10.1902 19.8581 21
      vertex -10.3223 19.8772 17
      vertex -10.1902 19.8581 17
    endloop
  endfacet
  facet normal 0.0134819 -0.999909 0
    outer loop
      vertex -10.589 19.8842 17
      vertex -10.4555 19.886 21
      vertex -10.589 19.8842 21
    endloop
  endfacet
  facet normal 0.0134819 -0.999909 0
    outer loop
      vertex -10.4555 19.886 21
      vertex -10.589 19.8842 17
      vertex -10.4555 19.886 17
    endloop
  endfacet
  facet normal -0.442654 -0.896693 1.73947e-05
    outer loop
      vertex -9.80855 19.7396 21
      vertex -9.75113 19.7112 18.19
      vertex -9.68883 19.6805 21
    endloop
  endfacet
  facet normal -0.443338 -0.896355 0
    outer loop
      vertex -9.80855 19.7396 17
      vertex -9.75113 19.7112 18.19
      vertex -9.80855 19.7396 21
    endloop
  endfacet
  facet normal -0.443338 -0.896355 -0
    outer loop
      vertex -9.75113 19.7112 18.19
      vertex -9.80855 19.7396 17
      vertex -9.75113 19.7112 17
    endloop
  endfacet
  facet normal -0.442023 -0.897004 -0
    outer loop
      vertex -9.68883 19.6805 21
      vertex -9.75113 19.7112 18.19
      vertex -9.68883 19.6805 18.19
    endloop
  endfacet
  facet normal -0.51101 -0.859575 0
    outer loop
      vertex -9.68883 19.6805 18.19
      vertex -9.57411 19.6123 21
      vertex -9.68883 19.6805 21
    endloop
  endfacet
  facet normal -0.51101 -0.859575 -0
    outer loop
      vertex -9.57411 19.6123 21
      vertex -9.68883 19.6805 18.19
      vertex -9.57411 19.6123 18.19
    endloop
  endfacet
  facet normal -0.954975 0.296687 0
    outer loop
      vertex -8.89751 17.6191 18.19
      vertex -8.85793 17.7465 21
      vertex -8.85793 17.7465 18.19
    endloop
  endfacet
  facet normal -0.954975 0.296687 0
    outer loop
      vertex -8.85793 17.7465 21
      vertex -8.89751 17.6191 18.19
      vertex -8.89751 17.6191 21
    endloop
  endfacet
  facet normal -0.859567 0.511023 0
    outer loop
      vertex -9.07426 17.2606 18.19
      vertex -9.00601 17.3754 21
      vertex -9.00601 17.3754 18.19
    endloop
  endfacet
  facet normal -0.859567 0.511023 0
    outer loop
      vertex -9.00601 17.3754 21
      vertex -9.07426 17.2606 18.19
      vertex -9.07426 17.2606 21
    endloop
  endfacet
  facet normal -0.716225 0.69787 0
    outer loop
      vertex -9.3298 16.9534 18.19
      vertex -9.23665 17.049 21
      vertex -9.23665 17.049 18.19
    endloop
  endfacet
  facet normal -0.716225 0.69787 0
    outer loop
      vertex -9.23665 17.049 21
      vertex -9.3298 16.9534 18.19
      vertex -9.3298 16.9534 21
    endloop
  endfacet
  facet normal -0.598465 0.801149 0
    outer loop
      vertex -9.43015 16.8654 18.19
      vertex -9.53711 16.7855 21
      vertex -9.43015 16.8654 21
    endloop
  endfacet
  facet normal -0.598465 0.801149 0
    outer loop
      vertex -9.53711 16.7855 21
      vertex -9.43015 16.8654 18.19
      vertex -9.53711 16.7855 18.19
    endloop
  endfacet
  facet normal -0.751657 -0.659554 0
    outer loop
      vertex -9.17885 19.2564 18.19
      vertex -9.26686 19.3567 21
      vertex -9.26686 19.3567 18.19
    endloop
  endfacet
  facet normal -0.751657 -0.659554 0
    outer loop
      vertex -9.26686 19.3567 21
      vertex -9.17885 19.2564 18.19
      vertex -9.17885 19.2564 21
    endloop
  endfacet
  facet normal -0.801364 -0.598177 0
    outer loop
      vertex -9.09898 19.1494 18.19
      vertex -9.17885 19.2564 21
      vertex -9.17885 19.2564 18.19
    endloop
  endfacet
  facet normal -0.801364 -0.598177 0
    outer loop
      vertex -9.17885 19.2564 21
      vertex -9.09898 19.1494 18.19
      vertex -9.09898 19.1494 21
    endloop
  endfacet
  facet normal 0.246411 -0.969165 0
    outer loop
      vertex -10.9828 19.8165 17
      vertex -10.8534 19.8494 21
      vertex -10.9828 19.8165 21
    endloop
  endfacet
  facet normal 0.246411 -0.969165 0
    outer loop
      vertex -10.8534 19.8494 21
      vertex -10.9828 19.8165 17
      vertex -10.8534 19.8494 17
    endloop
  endfacet
  facet normal -0.0659224 -0.997825 0
    outer loop
      vertex -10.4555 19.886 17
      vertex -10.3223 19.8772 21
      vertex -10.4555 19.886 21
    endloop
  endfacet
  facet normal -0.0659224 -0.997825 -0
    outer loop
      vertex -10.3223 19.8772 21
      vertex -10.4555 19.886 17
      vertex -10.3223 19.8772 17
    endloop
  endfacet
  facet normal -0.296675 -0.954979 0
    outer loop
      vertex -10.06 19.8286 17
      vertex -9.93253 19.789 21
      vertex -10.06 19.8286 21
    endloop
  endfacet
  facet normal -0.296675 -0.954979 -0
    outer loop
      vertex -9.93253 19.789 21
      vertex -10.06 19.8286 17
      vertex -9.93253 19.789 17
    endloop
  endfacet
  facet normal -0.37015 -0.928972 0
    outer loop
      vertex -9.93253 19.789 17
      vertex -9.80855 19.7396 21
      vertex -9.93253 19.789 21
    endloop
  endfacet
  facet normal -0.37015 -0.928972 -0
    outer loop
      vertex -9.80855 19.7396 21
      vertex -9.93253 19.789 17
      vertex -9.80855 19.7396 17
    endloop
  endfacet
  facet normal -0.884912 -0.465759 0
    outer loop
      vertex -8.9656 18.9184 18.19
      vertex -9.02776 19.0365 21
      vertex -9.02776 19.0365 18.19
    endloop
  endfacet
  facet normal -0.884912 -0.465759 0
    outer loop
      vertex -9.02776 19.0365 21
      vertex -8.9656 18.9184 18.19
      vertex -8.9656 18.9184 21
    endloop
  endfacet
  facet normal -0.975344 0.220689 0
    outer loop
      vertex -8.85793 17.7465 18.19
      vertex -8.82847 17.8767 21
      vertex -8.82847 17.8767 18.19
    endloop
  endfacet
  facet normal -0.975344 0.220689 0
    outer loop
      vertex -8.82847 17.8767 21
      vertex -8.85793 17.7465 18.19
      vertex -8.85793 17.7465 21
    endloop
  endfacet
  facet normal -0.989645 0.14354 0
    outer loop
      vertex -8.82847 17.8767 18.19
      vertex -8.80931 18.0088 21
      vertex -8.80931 18.0088 18.19
    endloop
  endfacet
  facet normal -0.989645 0.14354 0
    outer loop
      vertex -8.80931 18.0088 21
      vertex -8.82847 17.8767 18.19
      vertex -8.82847 17.8767 21
    endloop
  endfacet
  facet normal -0.946946 -0.321392 0
    outer loop
      vertex -8.87001 18.6694 18.19
      vertex -8.91291 18.7958 21
      vertex -8.91291 18.7958 18.19
    endloop
  endfacet
  facet normal -0.946946 -0.321392 0
    outer loop
      vertex -8.91291 18.7958 21
      vertex -8.87001 18.6694 18.19
      vertex -8.87001 18.6694 21
    endloop
  endfacet
  facet normal -0.969237 -0.246129 0
    outer loop
      vertex -8.83715 18.54 18.19
      vertex -8.87001 18.6694 21
      vertex -8.87001 18.6694 18.19
    endloop
  endfacet
  facet normal -0.969237 -0.246129 0
    outer loop
      vertex -8.87001 18.6694 21
      vertex -8.83715 18.54 18.19
      vertex -8.83715 18.54 21
    endloop
  endfacet
  facet normal -0.918745 -0.394851 0
    outer loop
      vertex -8.91291 18.7958 18.19
      vertex -8.9656 18.9184 21
      vertex -8.9656 18.9184 18.19
    endloop
  endfacet
  facet normal -0.918745 -0.394851 0
    outer loop
      vertex -8.9656 18.9184 21
      vertex -8.91291 18.7958 18.19
      vertex -8.91291 18.7958 21
    endloop
  endfacet
  facet normal -0.928838 0.370486 0
    outer loop
      vertex -8.94697 17.4951 18.19
      vertex -8.89751 17.6191 21
      vertex -8.89751 17.6191 18.19
    endloop
  endfacet
  facet normal -0.928838 0.370486 0
    outer loop
      vertex -8.89751 17.6191 21
      vertex -8.94697 17.4951 18.19
      vertex -8.94697 17.4951 21
    endloop
  endfacet
  facet normal -0.896842 0.442352 0
    outer loop
      vertex -9.00601 17.3754 18.19
      vertex -8.94697 17.4951 21
      vertex -8.94697 17.4951 18.19
    endloop
  endfacet
  facet normal -0.896842 0.442352 0
    outer loop
      vertex -8.94697 17.4951 21
      vertex -9.00601 17.3754 18.19
      vertex -9.00601 17.3754 21
    endloop
  endfacet
  facet normal -0.995806 -0.0914883 0
    outer loop
      vertex -8.80233 18.2755 18.19
      vertex -8.81454 18.4084 21
      vertex -8.81454 18.4084 18.19
    endloop
  endfacet
  facet normal -0.995806 -0.0914883 0
    outer loop
      vertex -8.81454 18.4084 21
      vertex -8.80233 18.2755 18.19
      vertex -8.80233 18.2755 21
    endloop
  endfacet
  facet normal -0.997859 0.0654002 0
    outer loop
      vertex -8.80931 18.0088 18.19
      vertex -8.80058 18.142 21
      vertex -8.80058 18.142 18.19
    endloop
  endfacet
  facet normal -0.997859 0.0654002 0
    outer loop
      vertex -8.80058 18.142 21
      vertex -8.80931 18.0088 18.19
      vertex -8.80931 18.0088 21
    endloop
  endfacet
  facet normal -0.999914 -0.0131075 0
    outer loop
      vertex -8.80058 18.142 18.19
      vertex -8.80233 18.2755 21
      vertex -8.80233 18.2755 18.19
    endloop
  endfacet
  facet normal -0.999914 -0.0131075 0
    outer loop
      vertex -8.80233 18.2755 21
      vertex -8.80058 18.142 18.19
      vertex -8.80058 18.142 21
    endloop
  endfacet
  facet normal 0.465407 0.885097 -0
    outer loop
      vertex -11.2319 -19.7209 17
      vertex -11.35 -19.6588 21
      vertex -11.2319 -19.7209 21
    endloop
  endfacet
  facet normal 0.465407 0.885097 0
    outer loop
      vertex -11.35 -19.6588 21
      vertex -11.2319 -19.7209 17
      vertex -11.35 -19.6588 17
    endloop
  endfacet
  facet normal -0.533463 -0.845823 0
    outer loop
      vertex -9.65 -16.7143 18.19
      vertex -9.53711 -16.7855 21
      vertex -9.65 -16.7143 21
    endloop
  endfacet
  facet normal -0.533463 -0.845823 -0
    outer loop
      vertex -9.53711 -16.7855 21
      vertex -9.65 -16.7143 18.19
      vertex -9.53711 -16.7855 18.19
    endloop
  endfacet
  facet normal 0.845845 -0.533429 0
    outer loop
      vertex -11.9722 -17.3365 21
      vertex -11.901 -17.2236 18.19
      vertex -11.901 -17.2236 21
    endloop
  endfacet
  facet normal 0.845845 -0.533429 0
    outer loop
      vertex -11.901 -17.2236 18.19
      vertex -11.9722 -17.3365 21
      vertex -11.9722 -17.3365 18.19
    endloop
  endfacet
  facet normal 0.220974 -0.97528 0
    outer loop
      vertex -10.94 -16.5445 18.19
      vertex -10.8098 -16.515 21
      vertex -10.94 -16.5445 21
    endloop
  endfacet
  facet normal 0.220974 -0.97528 0
    outer loop
      vertex -10.8098 -16.515 21
      vertex -10.94 -16.5445 18.19
      vertex -10.8098 -16.515 18.19
    endloop
  endfacet
  facet normal -0.975344 -0.220689 0
    outer loop
      vertex -8.82847 -17.8767 18.19
      vertex -8.85793 -17.7465 21
      vertex -8.85793 -17.7465 18.19
    endloop
  endfacet
  facet normal -0.975344 -0.220689 0
    outer loop
      vertex -8.85793 -17.7465 21
      vertex -8.82847 -17.8767 18.19
      vertex -8.82847 -17.8767 21
    endloop
  endfacet
  facet normal -0.169255 -0.985572 0
    outer loop
      vertex -10.2781 -16.5011 18.19
      vertex -10.1465 -16.5237 21
      vertex -10.2781 -16.5011 21
    endloop
  endfacet
  facet normal -0.169255 -0.985572 -0
    outer loop
      vertex -10.1465 -16.5237 21
      vertex -10.2781 -16.5011 18.19
      vertex -10.1465 -16.5237 18.19
    endloop
  endfacet
  facet normal -0.816619 -0.577177 0
    outer loop
      vertex -9.07426 -17.2606 18.19
      vertex -9.1513 -17.1516 21
      vertex -9.1513 -17.1516 18.19
    endloop
  endfacet
  facet normal -0.816619 -0.577177 0
    outer loop
      vertex -9.1513 -17.1516 21
      vertex -9.07426 -17.2606 18.19
      vertex -9.07426 -17.2606 21
    endloop
  endfacet
  facet normal 0.995819 -0.0913458 0
    outer loop
      vertex -12.1977 -18.0976 21
      vertex -12.1855 -17.9646 18.19
      vertex -12.1855 -17.9646 21
    endloop
  endfacet
  facet normal 0.995819 -0.0913458 0
    outer loop
      vertex -12.1855 -17.9646 18.19
      vertex -12.1977 -18.0976 21
      vertex -12.1977 -18.0976 18.19
    endloop
  endfacet
  facet normal 0.576977 -0.81676 0
    outer loop
      vertex -11.5349 -16.8378 18.19
      vertex -11.4259 -16.7608 21
      vertex -11.5349 -16.8378 21
    endloop
  endfacet
  facet normal 0.576977 -0.81676 0
    outer loop
      vertex -11.4259 -16.7608 21
      vertex -11.5349 -16.8378 18.19
      vertex -11.4259 -16.7608 18.19
    endloop
  endfacet
  facet normal -0.394805 -0.918765 0
    outer loop
      vertex -9.89077 -16.5994 18.19
      vertex -9.76813 -16.6521 21
      vertex -9.89077 -16.5994 21
    endloop
  endfacet
  facet normal -0.394805 -0.918765 -0
    outer loop
      vertex -9.76813 -16.6521 21
      vertex -9.89077 -16.5994 18.19
      vertex -9.76813 -16.6521 18.19
    endloop
  endfacet
  facet normal 0.394642 0.918835 -0
    outer loop
      vertex -11.1092 -19.7736 17
      vertex -11.2319 -19.7209 21
      vertex -11.1092 -19.7736 21
    endloop
  endfacet
  facet normal 0.394642 0.918835 0
    outer loop
      vertex -11.2319 -19.7209 21
      vertex -11.1092 -19.7736 17
      vertex -11.2319 -19.7209 17
    endloop
  endfacet
  facet normal 0.16938 0.985551 -0
    outer loop
      vertex -10.7219 -19.872 17
      vertex -10.8534 -19.8494 21
      vertex -10.7219 -19.872 21
    endloop
  endfacet
  facet normal 0.16938 0.985551 0
    outer loop
      vertex -10.8534 -19.8494 21
      vertex -10.7219 -19.872 17
      vertex -10.8534 -19.8494 17
    endloop
  endfacet
  facet normal -0.220974 0.97528 0
    outer loop
      vertex -10.06 -19.8286 17
      vertex -10.1902 -19.8581 21
      vertex -10.06 -19.8286 21
    endloop
  endfacet
  facet normal -0.220974 0.97528 0
    outer loop
      vertex -10.1902 -19.8581 21
      vertex -10.06 -19.8286 17
      vertex -10.1902 -19.8581 17
    endloop
  endfacet
  facet normal -0.697987 0.716111 0
    outer loop
      vertex -9.26686 -19.3567 18.19
      vertex -9.36248 -19.4499 21
      vertex -9.26686 -19.3567 21
    endloop
  endfacet
  facet normal -0.697987 0.716111 0
    outer loop
      vertex -9.36248 -19.4499 21
      vertex -9.26686 -19.3567 18.19
      vertex -9.36248 -19.4499 18.19
    endloop
  endfacet
  facet normal -0.801364 0.598177 0
    outer loop
      vertex -9.17885 -19.2564 18.19
      vertex -9.09898 -19.1494 21
      vertex -9.09898 -19.1494 18.19
    endloop
  endfacet
  facet normal -0.801364 0.598177 0
    outer loop
      vertex -9.09898 -19.1494 21
      vertex -9.17885 -19.2564 18.19
      vertex -9.17885 -19.2564 21
    endloop
  endfacet
  facet normal -0.577477 0.816407 0
    outer loop
      vertex -9.46511 -19.5352 18.19
      vertex -9.57411 -19.6123 21
      vertex -9.46511 -19.5352 21
    endloop
  endfacet
  facet normal -0.577477 0.816407 0
    outer loop
      vertex -9.57411 -19.6123 21
      vertex -9.46511 -19.5352 18.19
      vertex -9.57411 -19.6123 18.19
    endloop
  endfacet
  facet normal -0.37015 0.928972 0
    outer loop
      vertex -9.80855 -19.7396 17
      vertex -9.93253 -19.789 21
      vertex -9.80855 -19.7396 21
    endloop
  endfacet
  facet normal -0.37015 0.928972 0
    outer loop
      vertex -9.93253 -19.789 21
      vertex -9.80855 -19.7396 17
      vertex -9.93253 -19.789 17
    endloop
  endfacet
  facet normal -0.659326 -0.751857 0
    outer loop
      vertex -9.43015 -16.8654 18.19
      vertex -9.3298 -16.9534 21
      vertex -9.43015 -16.8654 21
    endloop
  endfacet
  facet normal -0.659326 -0.751857 -0
    outer loop
      vertex -9.3298 -16.9534 21
      vertex -9.43015 -16.8654 18.19
      vertex -9.3298 -16.9534 18.19
    endloop
  endfacet
  facet normal -0.896842 -0.442352 0
    outer loop
      vertex -8.94697 -17.4951 18.19
      vertex -9.00601 -17.3754 21
      vertex -9.00601 -17.3754 18.19
    endloop
  endfacet
  facet normal -0.896842 -0.442352 0
    outer loop
      vertex -9.00601 -17.3754 21
      vertex -8.94697 -17.4951 18.19
      vertex -8.94697 -17.4951 21
    endloop
  endfacet
  facet normal -0.954975 -0.296687 0
    outer loop
      vertex -8.85793 -17.7465 18.19
      vertex -8.89751 -17.6191 21
      vertex -8.89751 -17.6191 18.19
    endloop
  endfacet
  facet normal -0.954975 -0.296687 0
    outer loop
      vertex -8.89751 -17.6191 21
      vertex -8.85793 -17.7465 18.19
      vertex -8.85793 -17.7465 21
    endloop
  endfacet
  facet normal -0.859567 -0.511023 0
    outer loop
      vertex -9.00601 -17.3754 18.19
      vertex -9.07426 -17.2606 21
      vertex -9.07426 -17.2606 18.19
    endloop
  endfacet
  facet normal -0.859567 -0.511023 0
    outer loop
      vertex -9.07426 -17.2606 21
      vertex -9.00601 -17.3754 18.19
      vertex -9.00601 -17.3754 21
    endloop
  endfacet
  facet normal -0.598465 -0.801149 0
    outer loop
      vertex -9.53711 -16.7855 18.19
      vertex -9.43015 -16.8654 21
      vertex -9.53711 -16.7855 21
    endloop
  endfacet
  facet normal -0.598465 -0.801149 -0
    outer loop
      vertex -9.43015 -16.8654 21
      vertex -9.53711 -16.7855 18.19
      vertex -9.43015 -16.8654 18.19
    endloop
  endfacet
  facet normal -0.997859 -0.0654002 0
    outer loop
      vertex -8.80058 -18.142 18.19
      vertex -8.80931 -18.0088 21
      vertex -8.80931 -18.0088 18.19
    endloop
  endfacet
  facet normal -0.997859 -0.0654002 0
    outer loop
      vertex -8.80931 -18.0088 21
      vertex -8.80058 -18.142 18.19
      vertex -8.80058 -18.142 21
    endloop
  endfacet
  facet normal -0.995806 0.0914883 0
    outer loop
      vertex -8.81454 -18.4084 18.19
      vertex -8.80233 -18.2755 21
      vertex -8.80233 -18.2755 18.19
    endloop
  endfacet
  facet normal -0.995806 0.0914883 0
    outer loop
      vertex -8.80233 -18.2755 21
      vertex -8.81454 -18.4084 18.19
      vertex -8.81454 -18.4084 21
    endloop
  endfacet
  facet normal -0.989645 -0.14354 0
    outer loop
      vertex -8.80931 -18.0088 18.19
      vertex -8.82847 -17.8767 21
      vertex -8.82847 -17.8767 18.19
    endloop
  endfacet
  facet normal -0.989645 -0.14354 0
    outer loop
      vertex -8.82847 -17.8767 21
      vertex -8.80931 -18.0088 18.19
      vertex -8.80931 -18.0088 21
    endloop
  endfacet
  facet normal -0.969237 0.246129 0
    outer loop
      vertex -8.87001 -18.6694 18.19
      vertex -8.83715 -18.54 21
      vertex -8.83715 -18.54 18.19
    endloop
  endfacet
  facet normal -0.969237 0.246129 0
    outer loop
      vertex -8.83715 -18.54 21
      vertex -8.87001 -18.6694 18.19
      vertex -8.87001 -18.6694 21
    endloop
  endfacet
  facet normal 0.946946 -0.321392 0
    outer loop
      vertex -12.13 -17.7037 21
      vertex -12.0871 -17.5773 18.19
      vertex -12.0871 -17.5773 21
    endloop
  endfacet
  facet normal 0.946946 -0.321392 0
    outer loop
      vertex -12.0871 -17.5773 18.19
      vertex -12.13 -17.7037 21
      vertex -12.13 -17.7037 18.19
    endloop
  endfacet
  facet normal 0.969165 -0.246411 0
    outer loop
      vertex -12.1629 -17.8331 21
      vertex -12.13 -17.7037 18.19
      vertex -12.13 -17.7037 21
    endloop
  endfacet
  facet normal 0.969165 -0.246411 0
    outer loop
      vertex -12.13 -17.7037 18.19
      vertex -12.1629 -17.8331 21
      vertex -12.1629 -17.8331 18.19
    endloop
  endfacet
  facet normal 0.999919 -0.0127426 0
    outer loop
      vertex -12.1994 -18.231 21
      vertex -12.1977 -18.0976 18.19
      vertex -12.1977 -18.0976 21
    endloop
  endfacet
  facet normal 0.999919 -0.0127426 0
    outer loop
      vertex -12.1977 -18.0976 18.19
      vertex -12.1994 -18.231 21
      vertex -12.1994 -18.231 18.19
    endloop
  endfacet
  facet normal 0.928735 0.370745 0
    outer loop
      vertex -12.053 -18.878 21
      vertex -12.1025 -18.754 17
      vertex -12.1025 -18.754 21
    endloop
  endfacet
  facet normal 0.928735 0.370745 0
    outer loop
      vertex -12.1025 -18.754 17
      vertex -12.053 -18.878 21
      vertex -12.053 -18.878 17
    endloop
  endfacet
  facet normal 0.716412 0.697677 0
    outer loop
      vertex -11.6702 -19.4197 21
      vertex -11.7633 -19.3241 17
      vertex -11.7633 -19.3241 21
    endloop
  endfacet
  facet normal 0.716412 0.697677 0
    outer loop
      vertex -11.7633 -19.3241 17
      vertex -11.6702 -19.4197 21
      vertex -11.6702 -19.4197 17
    endloop
  endfacet
  facet normal 0.598199 0.801347 -0
    outer loop
      vertex -11.4629 -19.5875 17
      vertex -11.5698 -19.5077 21
      vertex -11.4629 -19.5875 21
    endloop
  endfacet
  facet normal 0.598199 0.801347 0
    outer loop
      vertex -11.5698 -19.5077 21
      vertex -11.4629 -19.5875 17
      vertex -11.5698 -19.5077 17
    endloop
  endfacet
  facet normal 0.697677 -0.716412 0
    outer loop
      vertex -11.7331 -17.0163 18.19
      vertex -11.6375 -16.9232 21
      vertex -11.7331 -17.0163 21
    endloop
  endfacet
  facet normal 0.697677 -0.716412 0
    outer loop
      vertex -11.6375 -16.9232 21
      vertex -11.7331 -17.0163 18.19
      vertex -11.6375 -16.9232 18.19
    endloop
  endfacet
  facet normal 0.370745 -0.928735 0
    outer loop
      vertex -11.1915 -16.6335 18.19
      vertex -11.0675 -16.584 21
      vertex -11.1915 -16.6335 21
    endloop
  endfacet
  facet normal 0.370745 -0.928735 0
    outer loop
      vertex -11.0675 -16.584 21
      vertex -11.1915 -16.6335 18.19
      vertex -11.0675 -16.584 18.19
    endloop
  endfacet
  facet normal 0.295928 -0.95521 0
    outer loop
      vertex -11.0675 -16.584 18.19
      vertex -10.94 -16.5445 21
      vertex -11.0675 -16.584 21
    endloop
  endfacet
  facet normal 0.295928 -0.95521 0
    outer loop
      vertex -10.94 -16.5445 21
      vertex -11.0675 -16.584 18.19
      vertex -10.94 -16.5445 18.19
    endloop
  endfacet
  facet normal 0.511629 -0.859207 0
    outer loop
      vertex -11.4259 -16.7608 18.19
      vertex -11.3112 -16.6925 21
      vertex -11.4259 -16.7608 21
    endloop
  endfacet
  facet normal 0.511629 -0.859207 0
    outer loop
      vertex -11.3112 -16.6925 21
      vertex -11.4259 -16.7608 18.19
      vertex -11.3112 -16.6925 18.19
    endloop
  endfacet
  facet normal 0.639742 -0.76859 0
    outer loop
      vertex -11.6375 -16.9232 18.19
      vertex -11.5349 -16.8378 21
      vertex -11.6375 -16.9232 21
    endloop
  endfacet
  facet normal 0.639742 -0.76859 0
    outer loop
      vertex -11.5349 -16.8378 21
      vertex -11.6375 -16.9232 18.19
      vertex -11.5349 -16.8378 18.19
    endloop
  endfacet
  facet normal 0.0651764 -0.997874 0
    outer loop
      vertex -10.6777 -16.4958 18.19
      vertex -10.5445 -16.4871 21
      vertex -10.6777 -16.4958 21
    endloop
  endfacet
  facet normal 0.0651764 -0.997874 0
    outer loop
      vertex -10.5445 -16.4871 21
      vertex -10.6777 -16.4958 18.19
      vertex -10.5445 -16.4871 18.19
    endloop
  endfacet
  facet normal -0.091414 -0.995813 0
    outer loop
      vertex -10.411 -16.4889 18.19
      vertex -10.2781 -16.5011 21
      vertex -10.411 -16.4889 21
    endloop
  endfacet
  facet normal -0.091414 -0.995813 -0
    outer loop
      vertex -10.2781 -16.5011 21
      vertex -10.411 -16.4889 18.19
      vertex -10.2781 -16.5011 18.19
    endloop
  endfacet
  facet normal 0.143833 -0.989602 0
    outer loop
      vertex -10.8098 -16.515 18.19
      vertex -10.6777 -16.4958 21
      vertex -10.8098 -16.515 21
    endloop
  endfacet
  facet normal 0.143833 -0.989602 0
    outer loop
      vertex -10.6777 -16.4958 21
      vertex -10.8098 -16.515 18.19
      vertex -10.6777 -16.4958 18.19
    endloop
  endfacet
  facet normal -0.465901 -0.884837 0
    outer loop
      vertex -9.76813 -16.6521 18.19
      vertex -9.65 -16.7143 21
      vertex -9.76813 -16.6521 21
    endloop
  endfacet
  facet normal -0.465901 -0.884837 -0
    outer loop
      vertex -9.65 -16.7143 21
      vertex -9.76813 -16.6521 18.19
      vertex -9.65 -16.7143 18.19
    endloop
  endfacet
  facet normal 0.321392 0.946946 -0
    outer loop
      vertex -10.9828 -19.8165 17
      vertex -11.1092 -19.7736 21
      vertex -10.9828 -19.8165 21
    endloop
  endfacet
  facet normal 0.321392 0.946946 0
    outer loop
      vertex -11.1092 -19.7736 21
      vertex -10.9828 -19.8165 17
      vertex -11.1092 -19.7736 17
    endloop
  endfacet
  facet normal 0.091414 0.995813 -0
    outer loop
      vertex -10.589 -19.8842 17
      vertex -10.7219 -19.872 21
      vertex -10.589 -19.8842 21
    endloop
  endfacet
  facet normal 0.091414 0.995813 0
    outer loop
      vertex -10.7219 -19.872 21
      vertex -10.589 -19.8842 17
      vertex -10.7219 -19.872 17
    endloop
  endfacet
  facet normal -0.296675 0.954979 0
    outer loop
      vertex -9.93253 -19.789 17
      vertex -10.06 -19.8286 21
      vertex -9.93253 -19.789 21
    endloop
  endfacet
  facet normal -0.296675 0.954979 0
    outer loop
      vertex -10.06 -19.8286 21
      vertex -9.93253 -19.789 17
      vertex -10.06 -19.8286 17
    endloop
  endfacet
  facet normal -0.143099 0.989708 0
    outer loop
      vertex -10.1902 -19.8581 17
      vertex -10.3223 -19.8772 21
      vertex -10.1902 -19.8581 21
    endloop
  endfacet
  facet normal -0.143099 0.989708 0
    outer loop
      vertex -10.3223 -19.8772 21
      vertex -10.1902 -19.8581 17
      vertex -10.3223 -19.8772 17
    endloop
  endfacet
  facet normal 0.0134819 0.999909 -0
    outer loop
      vertex -10.4555 -19.886 17
      vertex -10.589 -19.8842 21
      vertex -10.4555 -19.886 21
    endloop
  endfacet
  facet normal 0.0134819 0.999909 0
    outer loop
      vertex -10.589 -19.8842 21
      vertex -10.4555 -19.886 17
      vertex -10.589 -19.8842 17
    endloop
  endfacet
  facet normal -0.751657 0.659554 0
    outer loop
      vertex -9.26686 -19.3567 18.19
      vertex -9.17885 -19.2564 21
      vertex -9.17885 -19.2564 18.19
    endloop
  endfacet
  facet normal -0.751657 0.659554 0
    outer loop
      vertex -9.17885 -19.2564 21
      vertex -9.26686 -19.3567 18.19
      vertex -9.26686 -19.3567 21
    endloop
  endfacet
  facet normal -0.845777 0.533536 0
    outer loop
      vertex -9.09898 -19.1494 18.19
      vertex -9.02776 -19.0365 21
      vertex -9.02776 -19.0365 18.19
    endloop
  endfacet
  facet normal -0.845777 0.533536 0
    outer loop
      vertex -9.02776 -19.0365 21
      vertex -9.09898 -19.1494 18.19
      vertex -9.09898 -19.1494 21
    endloop
  endfacet
  facet normal -0.639189 0.76905 0
    outer loop
      vertex -9.36248 -19.4499 18.19
      vertex -9.46511 -19.5352 21
      vertex -9.36248 -19.4499 21
    endloop
  endfacet
  facet normal -0.639189 0.76905 0
    outer loop
      vertex -9.46511 -19.5352 21
      vertex -9.36248 -19.4499 18.19
      vertex -9.46511 -19.5352 18.19
    endloop
  endfacet
  facet normal -0.442023 0.897004 0
    outer loop
      vertex -9.75113 -19.7112 18.19
      vertex -9.68883 -19.6805 21
      vertex -9.68883 -19.6805 18.19
    endloop
  endfacet
  facet normal -0.442654 0.896693 1.73947e-05
    outer loop
      vertex -9.68883 -19.6805 21
      vertex -9.75113 -19.7112 18.19
      vertex -9.80855 -19.7396 21
    endloop
  endfacet
  facet normal -0.443338 0.896355 0
    outer loop
      vertex -9.80855 -19.7396 17
      vertex -9.75113 -19.7112 18.19
      vertex -9.75113 -19.7112 17
    endloop
  endfacet
  facet normal -0.443338 0.896355 0
    outer loop
      vertex -9.75113 -19.7112 18.19
      vertex -9.80855 -19.7396 17
      vertex -9.80855 -19.7396 21
    endloop
  endfacet
  facet normal -0.51101 0.859575 0
    outer loop
      vertex -9.57411 -19.6123 18.19
      vertex -9.68883 -19.6805 21
      vertex -9.57411 -19.6123 21
    endloop
  endfacet
  facet normal -0.51101 0.859575 0
    outer loop
      vertex -9.68883 -19.6805 21
      vertex -9.57411 -19.6123 18.19
      vertex -9.68883 -19.6805 18.19
    endloop
  endfacet
  facet normal -0.928838 -0.370486 0
    outer loop
      vertex -8.89751 -17.6191 18.19
      vertex -8.94697 -17.4951 21
      vertex -8.94697 -17.4951 18.19
    endloop
  endfacet
  facet normal -0.928838 -0.370486 0
    outer loop
      vertex -8.94697 -17.4951 21
      vertex -8.89751 -17.6191 18.19
      vertex -8.89751 -17.6191 21
    endloop
  endfacet
  facet normal -0.716225 -0.69787 0
    outer loop
      vertex -9.23665 -17.049 18.19
      vertex -9.3298 -16.9534 21
      vertex -9.3298 -16.9534 18.19
    endloop
  endfacet
  facet normal -0.716225 -0.69787 0
    outer loop
      vertex -9.3298 -16.9534 21
      vertex -9.23665 -17.049 18.19
      vertex -9.23665 -17.049 21
    endloop
  endfacet
  facet normal -0.768774 -0.639521 0
    outer loop
      vertex -9.1513 -17.1516 18.19
      vertex -9.23665 -17.049 21
      vertex -9.23665 -17.049 18.19
    endloop
  endfacet
  facet normal -0.768774 -0.639521 0
    outer loop
      vertex -9.23665 -17.049 21
      vertex -9.1513 -17.1516 18.19
      vertex -9.1513 -17.1516 21
    endloop
  endfacet
  facet normal -0.999914 0.0131075 0
    outer loop
      vertex -8.80233 -18.2755 18.19
      vertex -8.80058 -18.142 21
      vertex -8.80058 -18.142 18.19
    endloop
  endfacet
  facet normal -0.999914 0.0131075 0
    outer loop
      vertex -8.80058 -18.142 21
      vertex -8.80233 -18.2755 18.19
      vertex -8.80233 -18.2755 21
    endloop
  endfacet
  facet normal -0.98556 0.169328 0
    outer loop
      vertex -8.83715 -18.54 18.19
      vertex -8.81454 -18.4084 21
      vertex -8.81454 -18.4084 18.19
    endloop
  endfacet
  facet normal -0.98556 0.169328 0
    outer loop
      vertex -8.81454 -18.4084 21
      vertex -8.83715 -18.54 18.19
      vertex -8.83715 -18.54 21
    endloop
  endfacet
  facet normal -0.946946 0.321392 0
    outer loop
      vertex -8.91291 -18.7958 18.19
      vertex -8.87001 -18.6694 21
      vertex -8.87001 -18.6694 18.19
    endloop
  endfacet
  facet normal -0.946946 0.321392 0
    outer loop
      vertex -8.87001 -18.6694 21
      vertex -8.91291 -18.7958 18.19
      vertex -8.91291 -18.7958 21
    endloop
  endfacet
  facet normal -0.884912 0.465759 0
    outer loop
      vertex -9.02776 -19.0365 18.19
      vertex -8.9656 -18.9184 21
      vertex -8.9656 -18.9184 18.19
    endloop
  endfacet
  facet normal -0.884912 0.465759 0
    outer loop
      vertex -8.9656 -18.9184 21
      vertex -9.02776 -19.0365 18.19
      vertex -9.02776 -19.0365 21
    endloop
  endfacet
  facet normal 0.918718 -0.394914 0
    outer loop
      vertex -12.0871 -17.5773 21
      vertex -12.0344 -17.4547 18.19
      vertex -12.0344 -17.4547 21
    endloop
  endfacet
  facet normal 0.918718 -0.394914 0
    outer loop
      vertex -12.0344 -17.4547 18.19
      vertex -12.0871 -17.5773 21
      vertex -12.0871 -17.5773 18.19
    endloop
  endfacet
  facet normal 0.884951 -0.465685 0
    outer loop
      vertex -12.0344 -17.4547 21
      vertex -11.9722 -17.3365 18.19
      vertex -11.9722 -17.3365 21
    endloop
  endfacet
  facet normal 0.884951 -0.465685 0
    outer loop
      vertex -11.9722 -17.3365 18.19
      vertex -12.0344 -17.4547 21
      vertex -12.0344 -17.4547 18.19
    endloop
  endfacet
  facet normal 0.985551 -0.16938 0
    outer loop
      vertex -12.1855 -17.9646 21
      vertex -12.1629 -17.8331 18.19
      vertex -12.1629 -17.8331 21
    endloop
  endfacet
  facet normal 0.985551 -0.16938 0
    outer loop
      vertex -12.1629 -17.8331 18.19
      vertex -12.1855 -17.9646 21
      vertex -12.1855 -17.9646 18.19
    endloop
  endfacet
  facet normal 0.975441 0.220261 0
    outer loop
      vertex -12.1421 -18.6265 21
      vertex -12.1715 -18.4963 17
      vertex -12.1715 -18.4963 21
    endloop
  endfacet
  facet normal 0.975441 0.220261 0
    outer loop
      vertex -12.1715 -18.4963 17
      vertex -12.1421 -18.6265 21
      vertex -12.1421 -18.6265 17
    endloop
  endfacet
  facet normal 0.989602 0.143833 0
    outer loop
      vertex -12.1715 -18.4963 21
      vertex -12.1907 -18.3642 17
      vertex -12.1907 -18.3642 21
    endloop
  endfacet
  facet normal 0.989602 0.143833 0
    outer loop
      vertex -12.1907 -18.3642 17
      vertex -12.1715 -18.4963 21
      vertex -12.1715 -18.4963 17
    endloop
  endfacet
  facet normal 0.954998 0.296611 0
    outer loop
      vertex -12.1025 -18.754 21
      vertex -12.1421 -18.6265 17
      vertex -12.1421 -18.6265 21
    endloop
  endfacet
  facet normal 0.954998 0.296611 0
    outer loop
      vertex -12.1421 -18.6265 17
      vertex -12.1025 -18.754 21
      vertex -12.1025 -18.754 17
    endloop
  endfacet
  facet normal 0.997932 0.0642736 0
    outer loop
      vertex -12.1994 -18.231 21
      vertex -12.1956 -18.29 18.19
      vertex -12.1994 -18.231 18.19
    endloop
  endfacet
  facet normal 0.997874 0.0651764 -1.90355e-05
    outer loop
      vertex -12.1907 -18.3642 21
      vertex -12.1956 -18.29 18.19
      vertex -12.1994 -18.231 21
    endloop
  endfacet
  facet normal 0.997827 0.0658942 -0
    outer loop
      vertex -12.1907 -18.3642 17
      vertex -12.1956 -18.29 18.19
      vertex -12.1907 -18.3642 21
    endloop
  endfacet
  facet normal 0.997827 0.0658942 0
    outer loop
      vertex -12.1956 -18.29 18.19
      vertex -12.1907 -18.3642 17
      vertex -12.1956 -18.29 17
    endloop
  endfacet
  facet normal 0.89696 0.442111 0
    outer loop
      vertex -11.994 -18.9977 21
      vertex -12.053 -18.878 17
      vertex -12.053 -18.878 21
    endloop
  endfacet
  facet normal 0.89696 0.442111 0
    outer loop
      vertex -12.053 -18.878 17
      vertex -11.994 -18.9977 21
      vertex -11.994 -18.9977 17
    endloop
  endfacet
  facet normal 0.768896 0.639374 0
    outer loop
      vertex -11.7633 -19.3241 21
      vertex -11.8487 -19.2214 17
      vertex -11.8487 -19.2214 21
    endloop
  endfacet
  facet normal 0.768896 0.639374 0
    outer loop
      vertex -11.8487 -19.2214 17
      vertex -11.7633 -19.3241 21
      vertex -11.7633 -19.3241 17
    endloop
  endfacet
  facet normal 0.859207 0.511629 0
    outer loop
      vertex -11.9257 -19.1124 21
      vertex -11.994 -18.9977 17
      vertex -11.994 -18.9977 21
    endloop
  endfacet
  facet normal 0.859207 0.511629 0
    outer loop
      vertex -11.994 -18.9977 17
      vertex -11.9257 -19.1124 21
      vertex -11.9257 -19.1124 17
    endloop
  endfacet
  facet normal 0.659141 0.75202 -0
    outer loop
      vertex -11.5698 -19.5077 17
      vertex -11.6702 -19.4197 21
      vertex -11.5698 -19.5077 21
    endloop
  endfacet
  facet normal 0.659141 0.75202 0
    outer loop
      vertex -11.6702 -19.4197 21
      vertex -11.5698 -19.5077 17
      vertex -11.6702 -19.4197 17
    endloop
  endfacet
  facet normal 0.442111 -0.89696 0
    outer loop
      vertex -11.3112 -16.6925 18.19
      vertex -11.1915 -16.6335 21
      vertex -11.3112 -16.6925 21
    endloop
  endfacet
  facet normal 0.442111 -0.89696 0
    outer loop
      vertex -11.1915 -16.6335 21
      vertex -11.3112 -16.6925 18.19
      vertex -11.1915 -16.6335 18.19
    endloop
  endfacet
  facet normal 0.75202 -0.659141 0
    outer loop
      vertex -11.8211 -17.1167 21
      vertex -11.7331 -17.0163 18.19
      vertex -11.7331 -17.0163 21
    endloop
  endfacet
  facet normal 0.75202 -0.659141 0
    outer loop
      vertex -11.7331 -17.0163 18.19
      vertex -11.8211 -17.1167 21
      vertex -11.8211 -17.1167 18.19
    endloop
  endfacet
  facet normal 0.800988 -0.59868 0
    outer loop
      vertex -11.901 -17.2236 21
      vertex -11.8211 -17.1167 18.19
      vertex -11.8211 -17.1167 21
    endloop
  endfacet
  facet normal 0.800988 -0.59868 0
    outer loop
      vertex -11.8211 -17.1167 18.19
      vertex -11.901 -17.2236 21
      vertex -11.901 -17.2236 18.19
    endloop
  endfacet
  facet normal -0.0134819 -0.999909 0
    outer loop
      vertex -10.5445 -16.4871 18.19
      vertex -10.411 -16.4889 21
      vertex -10.5445 -16.4871 21
    endloop
  endfacet
  facet normal -0.0134819 -0.999909 -0
    outer loop
      vertex -10.411 -16.4889 21
      vertex -10.5445 -16.4871 18.19
      vertex -10.411 -16.4889 18.19
    endloop
  endfacet
  facet normal -0.321324 -0.946969 0
    outer loop
      vertex -10.0172 -16.5565 18.19
      vertex -9.89077 -16.5994 21
      vertex -10.0172 -16.5565 21
    endloop
  endfacet
  facet normal -0.321324 -0.946969 -0
    outer loop
      vertex -9.89077 -16.5994 21
      vertex -10.0172 -16.5565 18.19
      vertex -9.89077 -16.5994 18.19
    endloop
  endfacet
  facet normal -0.245886 -0.969299 0
    outer loop
      vertex -10.1465 -16.5237 18.19
      vertex -10.0172 -16.5565 21
      vertex -10.1465 -16.5237 21
    endloop
  endfacet
  facet normal -0.245886 -0.969299 -0
    outer loop
      vertex -10.0172 -16.5565 21
      vertex -10.1465 -16.5237 18.19
      vertex -10.0172 -16.5565 18.19
    endloop
  endfacet
  facet normal 0.246411 0.969165 -0
    outer loop
      vertex -10.8534 -19.8494 17
      vertex -10.9828 -19.8165 21
      vertex -10.8534 -19.8494 21
    endloop
  endfacet
  facet normal 0.246411 0.969165 0
    outer loop
      vertex -10.9828 -19.8165 21
      vertex -10.8534 -19.8494 17
      vertex -10.9828 -19.8165 17
    endloop
  endfacet
  facet normal -0.0659224 0.997825 0
    outer loop
      vertex -10.3223 -19.8772 17
      vertex -10.4555 -19.886 21
      vertex -10.3223 -19.8772 21
    endloop
  endfacet
  facet normal -0.0659224 0.997825 0
    outer loop
      vertex -10.4555 -19.886 21
      vertex -10.3223 -19.8772 17
      vertex -10.4555 -19.886 17
    endloop
  endfacet
  facet normal -0.918745 0.394851 0
    outer loop
      vertex -8.9656 -18.9184 18.19
      vertex -8.91291 -18.7958 21
      vertex -8.91291 -18.7958 18.19
    endloop
  endfacet
  facet normal -0.918745 0.394851 0
    outer loop
      vertex -8.91291 -18.7958 21
      vertex -8.9656 -18.9184 18.19
      vertex -8.9656 -18.9184 21
    endloop
  endfacet
  facet normal 0.533965 0.845507 -0
    outer loop
      vertex -11.35 -19.6588 17
      vertex -11.4629 -19.5875 21
      vertex -11.35 -19.6588 21
    endloop
  endfacet
  facet normal 0.533965 0.845507 0
    outer loop
      vertex -11.4629 -19.5875 21
      vertex -11.35 -19.6588 17
      vertex -11.4629 -19.5875 17
    endloop
  endfacet
  facet normal 0.81676 0.576977 0
    outer loop
      vertex -11.8487 -19.2214 21
      vertex -11.9257 -19.1124 17
      vertex -11.9257 -19.1124 21
    endloop
  endfacet
  facet normal 0.81676 0.576977 0
    outer loop
      vertex -11.9257 -19.1124 17
      vertex -11.8487 -19.2214 21
      vertex -11.8487 -19.2214 17
    endloop
  endfacet
  facet normal 1 -0 0
    outer loop
      vertex -0.75 11.2705 13
      vertex -0.75 14.3 0
      vertex -0.75 14.3 13
    endloop
  endfacet
  facet normal 1 0 0
    outer loop
      vertex -0.75 14.3 0
      vertex -0.75 11.2705 13
      vertex -0.75 11.2705 0
    endloop
  endfacet
  facet normal 0 0 -1
    outer loop
      vertex 0 11.3 13
      vertex 0.75 14.3 13
      vertex 0.75 11.2705 13
    endloop
  endfacet
  facet normal 0 0 -1
    outer loop
      vertex -0.75 14.3 13
      vertex 0 11.3 13
      vertex -0.75 11.2705 13
    endloop
  endfacet
  facet normal 0 0 -1
    outer loop
      vertex 0 11.3 13
      vertex -0.75 14.3 13
      vertex 0.75 14.3 13
    endloop
  endfacet
  facet normal -1 0 0
    outer loop
      vertex 0.75 11.2705 0
      vertex 0.75 14.3 13
      vertex 0.75 14.3 0
    endloop
  endfacet
  facet normal -1 -0 0
    outer loop
      vertex 0.75 14.3 13
      vertex 0.75 11.2705 0
      vertex 0.75 11.2705 13
    endloop
  endfacet
  facet normal 0 -1 0
    outer loop
      vertex -0.75 14.3 0
      vertex 0.75 14.3 13
      vertex -0.75 14.3 13
    endloop
  endfacet
  facet normal 0 -1 -0
    outer loop
      vertex 0.75 14.3 13
      vertex -0.75 14.3 0
      vertex 0.75 14.3 0
    endloop
  endfacet
  facet normal 0 -1 0
    outer loop
      vertex -14.3 0.75 0
      vertex -11.2705 0.75 13
      vertex -14.3 0.75 13
    endloop
  endfacet
  facet normal 0 -1 -0
    outer loop
      vertex -11.2705 0.75 13
      vertex -14.3 0.75 0
      vertex -11.2705 0.75 0
    endloop
  endfacet
  facet normal 0 0 -1
    outer loop
      vertex -11.2705 -0.75 13
      vertex -14.3 -0.75 13
      vertex -11.3 0 13
    endloop
  endfacet
  facet normal 0 0 -1
    outer loop
      vertex -14.3 0.75 13
      vertex -11.3 0 13
      vertex -14.3 -0.75 13
    endloop
  endfacet
  facet normal 0 0 -1
    outer loop
      vertex -11.3 0 13
      vertex -14.3 0.75 13
      vertex -11.2705 0.75 13
    endloop
  endfacet
  facet normal 0 1 -0
    outer loop
      vertex -11.2705 -0.75 0
      vertex -14.3 -0.75 13
      vertex -11.2705 -0.75 13
    endloop
  endfacet
  facet normal 0 1 0
    outer loop
      vertex -14.3 -0.75 13
      vertex -11.2705 -0.75 0
      vertex -14.3 -0.75 0
    endloop
  endfacet
  facet normal 1 -0 0
    outer loop
      vertex -14.3 -0.75 13
      vertex -14.3 0.75 0
      vertex -14.3 0.75 13
    endloop
  endfacet
  facet normal 1 0 0
    outer loop
      vertex -14.3 0.75 0
      vertex -14.3 -0.75 13
      vertex -14.3 -0.75 0
    endloop
  endfacet
  facet normal 0 0 -1
    outer loop
      vertex 0.75 -14.3 13
      vertex 0 -11.3 13
      vertex 0.75 -11.2705 13
    endloop
  endfacet
  facet normal 0 0 -1
    outer loop
      vertex -0.75 -14.3 13
      vertex 0 -11.3 13
      vertex 0.75 -14.3 13
    endloop
  endfacet
  facet normal -0 0 -1
    outer loop
      vertex 0 -11.3 13
      vertex -0.75 -14.3 13
      vertex -0.75 -11.2705 13
    endloop
  endfacet
  facet normal 1 -0 0
    outer loop
      vertex -0.75 -14.3 13
      vertex -0.75 -11.2705 0
      vertex -0.75 -11.2705 13
    endloop
  endfacet
  facet normal 1 0 0
    outer loop
      vertex -0.75 -11.2705 0
      vertex -0.75 -14.3 13
      vertex -0.75 -14.3 0
    endloop
  endfacet
  facet normal -1 0 0
    outer loop
      vertex 0.75 -14.3 0
      vertex 0.75 -11.2705 13
      vertex 0.75 -11.2705 0
    endloop
  endfacet
  facet normal -1 -0 0
    outer loop
      vertex 0.75 -11.2705 13
      vertex 0.75 -14.3 0
      vertex 0.75 -14.3 13
    endloop
  endfacet
  facet normal 0 1 -0
    outer loop
      vertex 0.75 -14.3 0
      vertex -0.75 -14.3 13
      vertex 0.75 -14.3 13
    endloop
  endfacet
  facet normal 0 1 0
    outer loop
      vertex -0.75 -14.3 13
      vertex 0.75 -14.3 0
      vertex -0.75 -14.3 0
    endloop
  endfacet
  facet normal 0 0 -1
    outer loop
      vertex 14.3 -0.75 13
      vertex 11.3 0 13
      vertex 14.3 0.75 13
    endloop
  endfacet
  facet normal 0 -0 -1
    outer loop
      vertex 11.3 0 13
      vertex 14.3 -0.75 13
      vertex 11.2705 -0.75 13
    endloop
  endfacet
  facet normal -0 0 -1
    outer loop
      vertex 14.3 0.75 13
      vertex 11.3 0 13
      vertex 11.2705 0.75 13
    endloop
  endfacet
  facet normal 0 -1 0
    outer loop
      vertex 11.2705 0.75 0
      vertex 14.3 0.75 13
      vertex 11.2705 0.75 13
    endloop
  endfacet
  facet normal 0 -1 -0
    outer loop
      vertex 14.3 0.75 13
      vertex 11.2705 0.75 0
      vertex 14.3 0.75 0
    endloop
  endfacet
  facet normal 0 1 -0
    outer loop
      vertex 14.3 -0.75 0
      vertex 11.2705 -0.75 13
      vertex 14.3 -0.75 13
    endloop
  endfacet
  facet normal 0 1 0
    outer loop
      vertex 11.2705 -0.75 13
      vertex 14.3 -0.75 0
      vertex 11.2705 -0.75 0
    endloop
  endfacet
  facet normal -1 0 0
    outer loop
      vertex 14.3 -0.75 0
      vertex 14.3 0.75 13
      vertex 14.3 0.75 0
    endloop
  endfacet
  facet normal -1 -0 0
    outer loop
      vertex 14.3 0.75 13
      vertex 14.3 -0.75 0
      vertex 14.3 -0.75 13
    endloop
  endfacet
  facet normal -0.999248 -0.0387739 -0
    outer loop
      vertex 11.2705 0.75 13
      vertex 11.2652 0.886587 0
      vertex 11.2705 0.75 0
    endloop
  endfacet
  facet normal -0.999248 -0.0387739 0
    outer loop
      vertex 11.2652 0.886587 0
      vertex 11.2705 0.75 13
      vertex 11.2652 0.886587 21
    endloop
  endfacet
  facet normal -0.999227 -0.0393029 -0
    outer loop
      vertex 11.3 0 21
      vertex 11.2705 0.75 13
      vertex 11.3 0 13
    endloop
  endfacet
  facet normal -0.999231 -0.0392214 7.6522e-06
    outer loop
      vertex 11.2705 0.75 13
      vertex 11.3 0 21
      vertex 11.2652 0.886587 21
    endloop
  endfacet
  facet normal 0.999248 -0.0387739 0
    outer loop
      vertex -11.2652 0.886587 21
      vertex -11.2705 0.75 13
      vertex -11.2652 0.886587 0
    endloop
  endfacet
  facet normal 0.999231 -0.0392214 7.6522e-06
    outer loop
      vertex -11.3 0 21
      vertex -11.2705 0.75 13
      vertex -11.2652 0.886587 21
    endloop
  endfacet
  facet normal 0.999227 -0.0393029 0
    outer loop
      vertex -11.2705 0.75 13
      vertex -11.3 0 21
      vertex -11.3 0 13
    endloop
  endfacet
  facet normal 0.999248 -0.0387739 0
    outer loop
      vertex -11.2652 0.886587 0
      vertex -11.2705 0.75 13
      vertex -11.2705 0.75 0
    endloop
  endfacet
  facet normal 0.0392214 -0.999231 7.6522e-06
    outer loop
      vertex -0.886587 11.2652 21
      vertex -0.75 11.2705 13
      vertex 0 11.3 21
    endloop
  endfacet
  facet normal 0.0387739 -0.999248 0
    outer loop
      vertex -0.886587 11.2652 0
      vertex -0.75 11.2705 13
      vertex -0.886587 11.2652 21
    endloop
  endfacet
  facet normal 0.0387739 -0.999248 0
    outer loop
      vertex -0.75 11.2705 13
      vertex -0.886587 11.2652 0
      vertex -0.75 11.2705 0
    endloop
  endfacet
  facet normal 0.0393029 -0.999227 0
    outer loop
      vertex 0 11.3 21
      vertex -0.75 11.2705 13
      vertex 0 11.3 13
    endloop
  endfacet
  facet normal -0.678797 -0.734326 0
    outer loop
      vertex 7.33876 8.59259 0
      vertex 7.99031 7.99031 21
      vertex 7.33876 8.59259 21
    endloop
  endfacet
  facet normal -0.678797 -0.734326 -0
    outer loop
      vertex 7.99031 7.99031 21
      vertex 7.33876 8.59259 0
      vertex 7.99031 7.99031 0
    endloop
  endfacet
  facet normal 0.678797 -0.734326 0
    outer loop
      vertex -7.99031 7.99031 0
      vertex -7.33876 8.59259 21
      vertex -7.99031 7.99031 21
    endloop
  endfacet
  facet normal 0.678797 -0.734326 0
    outer loop
      vertex -7.33876 8.59259 21
      vertex -7.99031 7.99031 0
      vertex -7.33876 8.59259 0
    endloop
  endfacet
  facet normal 0.418599 -0.908171 0
    outer loop
      vertex -5.13009 10.0684 0
      vertex -4.32432 10.4398 21
      vertex -5.13009 10.0684 21
    endloop
  endfacet
  facet normal 0.418599 -0.908171 0
    outer loop
      vertex -4.32432 10.4398 21
      vertex -5.13009 10.0684 0
      vertex -4.32432 10.4398 0
    endloop
  endfacet
  facet normal -0.908171 -0.418599 0
    outer loop
      vertex 10.4398 4.32432 0
      vertex 10.0684 5.13009 21
      vertex 10.0684 5.13009 0
    endloop
  endfacet
  facet normal -0.908171 -0.418599 0
    outer loop
      vertex 10.0684 5.13009 21
      vertex 10.4398 4.32432 0
      vertex 10.4398 4.32432 21
    endloop
  endfacet
  facet normal -0.346117 -0.938191 0
    outer loop
      vertex 3.49189 10.7469 0
      vertex 4.32432 10.4398 21
      vertex 3.49189 10.7469 21
    endloop
  endfacet
  facet normal -0.346117 -0.938191 -0
    outer loop
      vertex 4.32432 10.4398 21
      vertex 3.49189 10.7469 0
      vertex 4.32432 10.4398 0
    endloop
  endfacet
  facet normal -0.555569 -0.831471 0
    outer loop
      vertex 5.90423 9.63483 0
      vertex 6.64197 9.14189 21
      vertex 5.90423 9.63483 21
    endloop
  endfacet
  facet normal -0.555569 -0.831471 -0
    outer loop
      vertex 6.64197 9.14189 21
      vertex 5.90423 9.63483 0
      vertex 6.64197 9.14189 0
    endloop
  endfacet
  facet normal 0.831471 -0.555569 0
    outer loop
      vertex -9.63483 5.90423 21
      vertex -9.14189 6.64197 0
      vertex -9.14189 6.64197 21
    endloop
  endfacet
  facet normal 0.831471 -0.555569 0
    outer loop
      vertex -9.14189 6.64197 0
      vertex -9.63483 5.90423 21
      vertex -9.63483 5.90423 0
    endloop
  endfacet
  facet normal 0.78532 -0.619091 0
    outer loop
      vertex -9.14189 6.64197 21
      vertex -8.59259 7.33876 0
      vertex -8.59259 7.33876 21
    endloop
  endfacet
  facet normal 0.78532 -0.619091 0
    outer loop
      vertex -8.59259 7.33876 0
      vertex -9.14189 6.64197 21
      vertex -9.14189 6.64197 0
    endloop
  endfacet
  facet normal 0.195093 -0.980785 0
    outer loop
      vertex -2.63793 10.9878 0
      vertex -1.76771 11.1609 21
      vertex -2.63793 10.9878 21
    endloop
  endfacet
  facet normal 0.195093 -0.980785 0
    outer loop
      vertex -1.76771 11.1609 21
      vertex -2.63793 10.9878 0
      vertex -1.76771 11.1609 0
    endloop
  endfacet
  facet normal -0.78532 0.619091 0
    outer loop
      vertex 8.59259 -7.33876 0
      vertex 9.14189 -6.64197 21
      vertex 9.14189 -6.64197 0
    endloop
  endfacet
  facet normal -0.78532 0.619091 0
    outer loop
      vertex 9.14189 -6.64197 21
      vertex 8.59259 -7.33876 0
      vertex 8.59259 -7.33876 21
    endloop
  endfacet
  facet normal -0.938191 0.346117 0
    outer loop
      vertex 10.4398 -4.32432 0
      vertex 10.7469 -3.49189 21
      vertex 10.7469 -3.49189 0
    endloop
  endfacet
  facet normal -0.938191 0.346117 0
    outer loop
      vertex 10.7469 -3.49189 21
      vertex 10.4398 -4.32432 0
      vertex 10.4398 -4.32432 21
    endloop
  endfacet
  facet normal 0.117551 0.993067 -0
    outer loop
      vertex -0.886587 -11.2652 0
      vertex -1.76771 -11.1609 21
      vertex -0.886587 -11.2652 21
    endloop
  endfacet
  facet normal 0.117551 0.993067 0
    outer loop
      vertex -1.76771 -11.1609 21
      vertex -0.886587 -11.2652 0
      vertex -1.76771 -11.1609 0
    endloop
  endfacet
  facet normal -0.980785 -0.195093 0
    outer loop
      vertex 11.1609 1.76771 0
      vertex 10.9878 2.63793 21
      vertex 10.9878 2.63793 0
    endloop
  endfacet
  facet normal -0.980785 -0.195093 0
    outer loop
      vertex 10.9878 2.63793 21
      vertex 11.1609 1.76771 0
      vertex 11.1609 1.76771 21
    endloop
  endfacet
  facet normal -0.993067 -0.117551 0
    outer loop
      vertex 11.2652 0.886587 0
      vertex 11.1609 1.76771 21
      vertex 11.1609 1.76771 0
    endloop
  endfacet
  facet normal -0.993067 -0.117551 0
    outer loop
      vertex 11.1609 1.76771 21
      vertex 11.2652 0.886587 0
      vertex 11.2652 0.886587 21
    endloop
  endfacet
  facet normal -0.78532 -0.619091 0
    outer loop
      vertex 9.14189 6.64197 0
      vertex 8.59259 7.33876 21
      vertex 8.59259 7.33876 0
    endloop
  endfacet
  facet normal -0.78532 -0.619091 0
    outer loop
      vertex 8.59259 7.33876 21
      vertex 9.14189 6.64197 0
      vertex 9.14189 6.64197 21
    endloop
  endfacet
  facet normal -0.734326 -0.678797 0
    outer loop
      vertex 8.59259 7.33876 0
      vertex 7.99031 7.99031 21
      vertex 7.99031 7.99031 0
    endloop
  endfacet
  facet normal -0.734326 -0.678797 0
    outer loop
      vertex 7.99031 7.99031 21
      vertex 8.59259 7.33876 0
      vertex 8.59259 7.33876 21
    endloop
  endfacet
  facet normal -0.195093 -0.980785 0
    outer loop
      vertex 1.76771 11.1609 0
      vertex 2.63793 10.9878 21
      vertex 1.76771 11.1609 21
    endloop
  endfacet
  facet normal -0.195093 -0.980785 -0
    outer loop
      vertex 2.63793 10.9878 21
      vertex 1.76771 11.1609 0
      vertex 2.63793 10.9878 0
    endloop
  endfacet
  facet normal -0.117551 -0.993067 0
    outer loop
      vertex 0.886587 11.2652 0
      vertex 1.76771 11.1609 21
      vertex 0.886587 11.2652 21
    endloop
  endfacet
  facet normal -0.117551 -0.993067 -0
    outer loop
      vertex 1.76771 11.1609 21
      vertex 0.886587 11.2652 0
      vertex 1.76771 11.1609 0
    endloop
  endfacet
  facet normal -0.619091 -0.78532 0
    outer loop
      vertex 6.64197 9.14189 0
      vertex 7.33876 8.59259 21
      vertex 6.64197 9.14189 21
    endloop
  endfacet
  facet normal -0.619091 -0.78532 -0
    outer loop
      vertex 7.33876 8.59259 21
      vertex 6.64197 9.14189 0
      vertex 7.33876 8.59259 0
    endloop
  endfacet
  facet normal 0.980785 -0.195093 0
    outer loop
      vertex -11.1609 1.76771 21
      vertex -10.9878 2.63793 0
      vertex -10.9878 2.63793 21
    endloop
  endfacet
  facet normal 0.980785 -0.195093 0
    outer loop
      vertex -10.9878 2.63793 0
      vertex -11.1609 1.76771 21
      vertex -11.1609 1.76771 0
    endloop
  endfacet
  facet normal 0.734326 -0.678797 0
    outer loop
      vertex -8.59259 7.33876 21
      vertex -7.99031 7.99031 0
      vertex -7.99031 7.99031 21
    endloop
  endfacet
  facet normal 0.734326 -0.678797 0
    outer loop
      vertex -7.99031 7.99031 0
      vertex -8.59259 7.33876 21
      vertex -8.59259 7.33876 0
    endloop
  endfacet
  facet normal 0.908171 -0.418599 0
    outer loop
      vertex -10.4398 4.32432 21
      vertex -10.0684 5.13009 0
      vertex -10.0684 5.13009 21
    endloop
  endfacet
  facet normal 0.908171 -0.418599 0
    outer loop
      vertex -10.0684 5.13009 0
      vertex -10.4398 4.32432 21
      vertex -10.4398 4.32432 0
    endloop
  endfacet
  facet normal 0.993067 -0.117551 0
    outer loop
      vertex -11.2652 0.886587 21
      vertex -11.1609 1.76771 0
      vertex -11.1609 1.76771 21
    endloop
  endfacet
  facet normal 0.993067 -0.117551 0
    outer loop
      vertex -11.1609 1.76771 0
      vertex -11.2652 0.886587 21
      vertex -11.2652 0.886587 0
    endloop
  endfacet
  facet normal 0.555569 -0.831471 0
    outer loop
      vertex -6.64197 9.14189 0
      vertex -5.90423 9.63483 21
      vertex -6.64197 9.14189 21
    endloop
  endfacet
  facet normal 0.555569 -0.831471 0
    outer loop
      vertex -5.90423 9.63483 21
      vertex -6.64197 9.14189 0
      vertex -5.90423 9.63483 0
    endloop
  endfacet
  facet normal 0.619091 -0.78532 0
    outer loop
      vertex -7.33876 8.59259 0
      vertex -6.64197 9.14189 21
      vertex -7.33876 8.59259 21
    endloop
  endfacet
  facet normal 0.619091 -0.78532 0
    outer loop
      vertex -6.64197 9.14189 21
      vertex -7.33876 8.59259 0
      vertex -6.64197 9.14189 0
    endloop
  endfacet
  facet normal 0.346117 -0.938191 0
    outer loop
      vertex -4.32432 10.4398 0
      vertex -3.49189 10.7469 21
      vertex -4.32432 10.4398 21
    endloop
  endfacet
  facet normal 0.346117 -0.938191 0
    outer loop
      vertex -3.49189 10.7469 21
      vertex -4.32432 10.4398 0
      vertex -3.49189 10.7469 0
    endloop
  endfacet
  facet normal 0.117551 -0.993067 0
    outer loop
      vertex -1.76771 11.1609 0
      vertex -0.886587 11.2652 21
      vertex -1.76771 11.1609 21
    endloop
  endfacet
  facet normal 0.117551 -0.993067 0
    outer loop
      vertex -0.886587 11.2652 21
      vertex -1.76771 11.1609 0
      vertex -0.886587 11.2652 0
    endloop
  endfacet
  facet normal -0.831471 0.555569 0
    outer loop
      vertex 9.14189 -6.64197 0
      vertex 9.63483 -5.90423 21
      vertex 9.63483 -5.90423 0
    endloop
  endfacet
  facet normal -0.831471 0.555569 0
    outer loop
      vertex 9.63483 -5.90423 21
      vertex 9.14189 -6.64197 0
      vertex 9.14189 -6.64197 21
    endloop
  endfacet
  facet normal -0.117551 0.993067 0
    outer loop
      vertex 1.76771 -11.1609 0
      vertex 0.886587 -11.2652 21
      vertex 1.76771 -11.1609 21
    endloop
  endfacet
  facet normal -0.117551 0.993067 0
    outer loop
      vertex 0.886587 -11.2652 21
      vertex 1.76771 -11.1609 0
      vertex 0.886587 -11.2652 0
    endloop
  endfacet
  facet normal -0.418599 0.908171 0
    outer loop
      vertex 5.13009 -10.0684 0
      vertex 4.32432 -10.4398 21
      vertex 5.13009 -10.0684 21
    endloop
  endfacet
  facet normal -0.418599 0.908171 0
    outer loop
      vertex 4.32432 -10.4398 21
      vertex 5.13009 -10.0684 0
      vertex 4.32432 -10.4398 0
    endloop
  endfacet
  facet normal -0.962438 -0.271501 0
    outer loop
      vertex 10.9878 2.63793 0
      vertex 10.7469 3.49189 21
      vertex 10.7469 3.49189 0
    endloop
  endfacet
  facet normal -0.962438 -0.271501 0
    outer loop
      vertex 10.7469 3.49189 21
      vertex 10.9878 2.63793 0
      vertex 10.9878 2.63793 21
    endloop
  endfacet
  facet normal -0.938191 -0.346117 0
    outer loop
      vertex 10.7469 3.49189 0
      vertex 10.4398 4.32432 21
      vertex 10.4398 4.32432 0
    endloop
  endfacet
  facet normal -0.938191 -0.346117 0
    outer loop
      vertex 10.4398 4.32432 21
      vertex 10.7469 3.49189 0
      vertex 10.7469 3.49189 21
    endloop
  endfacet
  facet normal -0.831471 -0.555569 0
    outer loop
      vertex 9.63483 5.90423 0
      vertex 9.14189 6.64197 21
      vertex 9.14189 6.64197 0
    endloop
  endfacet
  facet normal -0.831471 -0.555569 0
    outer loop
      vertex 9.14189 6.64197 21
      vertex 9.63483 5.90423 0
      vertex 9.63483 5.90423 21
    endloop
  endfacet
  facet normal -0.872481 -0.488648 0
    outer loop
      vertex 10.0684 5.13009 0
      vertex 9.63483 5.90423 21
      vertex 9.63483 5.90423 0
    endloop
  endfacet
  facet normal -0.872481 -0.488648 0
    outer loop
      vertex 9.63483 5.90423 21
      vertex 10.0684 5.13009 0
      vertex 10.0684 5.13009 21
    endloop
  endfacet
  facet normal -0.271501 -0.962438 0
    outer loop
      vertex 2.63793 10.9878 0
      vertex 3.49189 10.7469 21
      vertex 2.63793 10.9878 21
    endloop
  endfacet
  facet normal -0.271501 -0.962438 -0
    outer loop
      vertex 3.49189 10.7469 21
      vertex 2.63793 10.9878 0
      vertex 3.49189 10.7469 0
    endloop
  endfacet
  facet normal -0.0393029 -0.999227 0
    outer loop
      vertex 0.75 11.2705 13
      vertex 0 11.3 21
      vertex 0 11.3 13
    endloop
  endfacet
  facet normal -0.0392214 -0.999231 7.6522e-06
    outer loop
      vertex 0 11.3 21
      vertex 0.75 11.2705 13
      vertex 0.886587 11.2652 21
    endloop
  endfacet
  facet normal -0.0387739 -0.999248 0
    outer loop
      vertex 0.886587 11.2652 0
      vertex 0.75 11.2705 13
      vertex 0.75 11.2705 0
    endloop
  endfacet
  facet normal -0.0387739 -0.999248 0
    outer loop
      vertex 0.75 11.2705 13
      vertex 0.886587 11.2652 0
      vertex 0.886587 11.2652 21
    endloop
  endfacet
  facet normal -0.418599 -0.908171 0
    outer loop
      vertex 4.32432 10.4398 0
      vertex 5.13009 10.0684 21
      vertex 4.32432 10.4398 21
    endloop
  endfacet
  facet normal -0.418599 -0.908171 -0
    outer loop
      vertex 5.13009 10.0684 21
      vertex 4.32432 10.4398 0
      vertex 5.13009 10.0684 0
    endloop
  endfacet
  facet normal -0.488648 -0.872481 0
    outer loop
      vertex 5.13009 10.0684 0
      vertex 5.90423 9.63483 21
      vertex 5.13009 10.0684 21
    endloop
  endfacet
  facet normal -0.488648 -0.872481 -0
    outer loop
      vertex 5.90423 9.63483 21
      vertex 5.13009 10.0684 0
      vertex 5.90423 9.63483 0
    endloop
  endfacet
  facet normal 0.872481 -0.488648 0
    outer loop
      vertex -10.0684 5.13009 21
      vertex -9.63483 5.90423 0
      vertex -9.63483 5.90423 21
    endloop
  endfacet
  facet normal 0.872481 -0.488648 0
    outer loop
      vertex -9.63483 5.90423 0
      vertex -10.0684 5.13009 21
      vertex -10.0684 5.13009 0
    endloop
  endfacet
  facet normal 0.962438 -0.271501 0
    outer loop
      vertex -10.9878 2.63793 21
      vertex -10.7469 3.49189 0
      vertex -10.7469 3.49189 21
    endloop
  endfacet
  facet normal 0.962438 -0.271501 0
    outer loop
      vertex -10.7469 3.49189 0
      vertex -10.9878 2.63793 21
      vertex -10.9878 2.63793 0
    endloop
  endfacet
  facet normal 0.488648 -0.872481 0
    outer loop
      vertex -5.90423 9.63483 0
      vertex -5.13009 10.0684 21
      vertex -5.90423 9.63483 21
    endloop
  endfacet
  facet normal 0.488648 -0.872481 0
    outer loop
      vertex -5.13009 10.0684 21
      vertex -5.90423 9.63483 0
      vertex -5.13009 10.0684 0
    endloop
  endfacet
  facet normal 0.271501 -0.962438 0
    outer loop
      vertex -3.49189 10.7469 0
      vertex -2.63793 10.9878 21
      vertex -3.49189 10.7469 21
    endloop
  endfacet
  facet normal 0.271501 -0.962438 0
    outer loop
      vertex -2.63793 10.9878 21
      vertex -3.49189 10.7469 0
      vertex -2.63793 10.9878 0
    endloop
  endfacet
  facet normal -0.999248 0.0387739 0
    outer loop
      vertex 11.2705 -0.75 0
      vertex 11.2652 -0.886587 0
      vertex 11.2705 -0.75 13
    endloop
  endfacet
  facet normal -0.999227 0.0393029 0
    outer loop
      vertex 11.2705 -0.75 13
      vertex 11.3 0 21
      vertex 11.3 0 13
    endloop
  endfacet
  facet normal -0.999231 0.0392214 7.6522e-06
    outer loop
      vertex 11.2705 -0.75 13
      vertex 11.2652 -0.886587 21
      vertex 11.3 0 21
    endloop
  endfacet
  facet normal -0.999248 0.0387739 0
    outer loop
      vertex 11.2652 -0.886587 21
      vertex 11.2705 -0.75 13
      vertex 11.2652 -0.886587 0
    endloop
  endfacet
  facet normal -0.993067 0.117551 0
    outer loop
      vertex 11.1609 -1.76771 0
      vertex 11.2652 -0.886587 21
      vertex 11.2652 -0.886587 0
    endloop
  endfacet
  facet normal -0.993067 0.117551 0
    outer loop
      vertex 11.2652 -0.886587 21
      vertex 11.1609 -1.76771 0
      vertex 11.1609 -1.76771 21
    endloop
  endfacet
  facet normal -0.908171 0.418599 0
    outer loop
      vertex 10.0684 -5.13009 0
      vertex 10.4398 -4.32432 21
      vertex 10.4398 -4.32432 0
    endloop
  endfacet
  facet normal -0.908171 0.418599 0
    outer loop
      vertex 10.4398 -4.32432 21
      vertex 10.0684 -5.13009 0
      vertex 10.0684 -5.13009 21
    endloop
  endfacet
  facet normal -0.980785 0.195093 0
    outer loop
      vertex 10.9878 -2.63793 0
      vertex 11.1609 -1.76771 21
      vertex 11.1609 -1.76771 0
    endloop
  endfacet
  facet normal -0.980785 0.195093 0
    outer loop
      vertex 11.1609 -1.76771 21
      vertex 10.9878 -2.63793 0
      vertex 10.9878 -2.63793 21
    endloop
  endfacet
  facet normal 0.78532 0.619091 0
    outer loop
      vertex -8.59259 -7.33876 21
      vertex -9.14189 -6.64197 0
      vertex -9.14189 -6.64197 21
    endloop
  endfacet
  facet normal 0.78532 0.619091 0
    outer loop
      vertex -9.14189 -6.64197 0
      vertex -8.59259 -7.33876 21
      vertex -8.59259 -7.33876 0
    endloop
  endfacet
  facet normal 0.908171 0.418599 0
    outer loop
      vertex -10.0684 -5.13009 21
      vertex -10.4398 -4.32432 0
      vertex -10.4398 -4.32432 21
    endloop
  endfacet
  facet normal 0.908171 0.418599 0
    outer loop
      vertex -10.4398 -4.32432 0
      vertex -10.0684 -5.13009 21
      vertex -10.0684 -5.13009 0
    endloop
  endfacet
  facet normal 0.831471 0.555569 0
    outer loop
      vertex -9.14189 -6.64197 21
      vertex -9.63483 -5.90423 0
      vertex -9.63483 -5.90423 21
    endloop
  endfacet
  facet normal 0.831471 0.555569 0
    outer loop
      vertex -9.63483 -5.90423 0
      vertex -9.14189 -6.64197 21
      vertex -9.14189 -6.64197 0
    endloop
  endfacet
  facet normal 0.980785 0.195093 0
    outer loop
      vertex -10.9878 -2.63793 21
      vertex -11.1609 -1.76771 0
      vertex -11.1609 -1.76771 21
    endloop
  endfacet
  facet normal 0.980785 0.195093 0
    outer loop
      vertex -11.1609 -1.76771 0
      vertex -10.9878 -2.63793 21
      vertex -10.9878 -2.63793 0
    endloop
  endfacet
  facet normal 0.999227 0.0393029 0
    outer loop
      vertex -11.3 0 21
      vertex -11.2705 -0.75 13
      vertex -11.3 0 13
    endloop
  endfacet
  facet normal 0.999231 0.0392214 7.6522e-06
    outer loop
      vertex -11.2652 -0.886587 21
      vertex -11.2705 -0.75 13
      vertex -11.3 0 21
    endloop
  endfacet
  facet normal 0.999248 0.0387739 -0
    outer loop
      vertex -11.2652 -0.886587 0
      vertex -11.2705 -0.75 13
      vertex -11.2652 -0.886587 21
    endloop
  endfacet
  facet normal 0.999248 0.0387739 0
    outer loop
      vertex -11.2705 -0.75 13
      vertex -11.2652 -0.886587 0
      vertex -11.2705 -0.75 0
    endloop
  endfacet
  facet normal 0.993067 0.117551 0
    outer loop
      vertex -11.1609 -1.76771 21
      vertex -11.2652 -0.886587 0
      vertex -11.2652 -0.886587 21
    endloop
  endfacet
  facet normal 0.993067 0.117551 0
    outer loop
      vertex -11.2652 -0.886587 0
      vertex -11.1609 -1.76771 21
      vertex -11.1609 -1.76771 0
    endloop
  endfacet
  facet normal -0.195093 0.980785 0
    outer loop
      vertex 2.63793 -10.9878 0
      vertex 1.76771 -11.1609 21
      vertex 2.63793 -10.9878 21
    endloop
  endfacet
  facet normal -0.195093 0.980785 0
    outer loop
      vertex 1.76771 -11.1609 21
      vertex 2.63793 -10.9878 0
      vertex 1.76771 -11.1609 0
    endloop
  endfacet
  facet normal 0.938191 -0.346117 0
    outer loop
      vertex -10.7469 3.49189 21
      vertex -10.4398 4.32432 0
      vertex -10.4398 4.32432 21
    endloop
  endfacet
  facet normal 0.938191 -0.346117 0
    outer loop
      vertex -10.4398 4.32432 0
      vertex -10.7469 3.49189 21
      vertex -10.7469 3.49189 0
    endloop
  endfacet
  facet normal -0.488648 0.872481 0
    outer loop
      vertex 5.90423 -9.63483 0
      vertex 5.13009 -10.0684 21
      vertex 5.90423 -9.63483 21
    endloop
  endfacet
  facet normal -0.488648 0.872481 0
    outer loop
      vertex 5.13009 -10.0684 21
      vertex 5.90423 -9.63483 0
      vertex 5.13009 -10.0684 0
    endloop
  endfacet
  facet normal 0.0393029 0.999227 0
    outer loop
      vertex -0.75 -11.2705 13
      vertex 0 -11.3 21
      vertex 0 -11.3 13
    endloop
  endfacet
  facet normal 0.0392214 0.999231 7.6522e-06
    outer loop
      vertex 0 -11.3 21
      vertex -0.75 -11.2705 13
      vertex -0.886587 -11.2652 21
    endloop
  endfacet
  facet normal 0.0387739 0.999248 0
    outer loop
      vertex -0.886587 -11.2652 0
      vertex -0.75 -11.2705 13
      vertex -0.75 -11.2705 0
    endloop
  endfacet
  facet normal 0.0387739 0.999248 0
    outer loop
      vertex -0.75 -11.2705 13
      vertex -0.886587 -11.2652 0
      vertex -0.886587 -11.2652 21
    endloop
  endfacet
  facet normal 0.346117 0.938191 -0
    outer loop
      vertex -3.49189 -10.7469 0
      vertex -4.32432 -10.4398 21
      vertex -3.49189 -10.7469 21
    endloop
  endfacet
  facet normal 0.346117 0.938191 0
    outer loop
      vertex -4.32432 -10.4398 21
      vertex -3.49189 -10.7469 0
      vertex -4.32432 -10.4398 0
    endloop
  endfacet
  facet normal 0.678797 0.734326 -0
    outer loop
      vertex -7.33876 -8.59259 0
      vertex -7.99031 -7.99031 21
      vertex -7.33876 -8.59259 21
    endloop
  endfacet
  facet normal 0.678797 0.734326 0
    outer loop
      vertex -7.99031 -7.99031 21
      vertex -7.33876 -8.59259 0
      vertex -7.99031 -7.99031 0
    endloop
  endfacet
  facet normal 0.734326 0.678797 0
    outer loop
      vertex -7.99031 -7.99031 21
      vertex -8.59259 -7.33876 0
      vertex -8.59259 -7.33876 21
    endloop
  endfacet
  facet normal 0.734326 0.678797 0
    outer loop
      vertex -8.59259 -7.33876 0
      vertex -7.99031 -7.99031 21
      vertex -7.99031 -7.99031 0
    endloop
  endfacet
  facet normal 0.872481 0.488648 0
    outer loop
      vertex -9.63483 -5.90423 21
      vertex -10.0684 -5.13009 0
      vertex -10.0684 -5.13009 21
    endloop
  endfacet
  facet normal 0.872481 0.488648 0
    outer loop
      vertex -10.0684 -5.13009 0
      vertex -9.63483 -5.90423 21
      vertex -9.63483 -5.90423 0
    endloop
  endfacet
  facet normal -0.872481 0.488648 0
    outer loop
      vertex 9.63483 -5.90423 0
      vertex 10.0684 -5.13009 21
      vertex 10.0684 -5.13009 0
    endloop
  endfacet
  facet normal -0.872481 0.488648 0
    outer loop
      vertex 10.0684 -5.13009 21
      vertex 9.63483 -5.90423 0
      vertex 9.63483 -5.90423 21
    endloop
  endfacet
  facet normal -0.619091 0.78532 0
    outer loop
      vertex 7.33876 -8.59259 0
      vertex 6.64197 -9.14189 21
      vertex 7.33876 -8.59259 21
    endloop
  endfacet
  facet normal -0.619091 0.78532 0
    outer loop
      vertex 6.64197 -9.14189 21
      vertex 7.33876 -8.59259 0
      vertex 6.64197 -9.14189 0
    endloop
  endfacet
  facet normal -0.734326 0.678797 0
    outer loop
      vertex 7.99031 -7.99031 0
      vertex 8.59259 -7.33876 21
      vertex 8.59259 -7.33876 0
    endloop
  endfacet
  facet normal -0.734326 0.678797 0
    outer loop
      vertex 8.59259 -7.33876 21
      vertex 7.99031 -7.99031 0
      vertex 7.99031 -7.99031 21
    endloop
  endfacet
  facet normal -0.678797 0.734326 0
    outer loop
      vertex 7.99031 -7.99031 0
      vertex 7.33876 -8.59259 21
      vertex 7.99031 -7.99031 21
    endloop
  endfacet
  facet normal -0.678797 0.734326 0
    outer loop
      vertex 7.33876 -8.59259 21
      vertex 7.99031 -7.99031 0
      vertex 7.33876 -8.59259 0
    endloop
  endfacet
  facet normal -0.962438 0.271501 0
    outer loop
      vertex 10.7469 -3.49189 0
      vertex 10.9878 -2.63793 21
      vertex 10.9878 -2.63793 0
    endloop
  endfacet
  facet normal -0.962438 0.271501 0
    outer loop
      vertex 10.9878 -2.63793 21
      vertex 10.7469 -3.49189 0
      vertex 10.7469 -3.49189 21
    endloop
  endfacet
  facet normal -0.0392214 0.999231 7.6522e-06
    outer loop
      vertex 0.886587 -11.2652 21
      vertex 0.75 -11.2705 13
      vertex 0 -11.3 21
    endloop
  endfacet
  facet normal -0.0387739 0.999248 0
    outer loop
      vertex 0.886587 -11.2652 0
      vertex 0.75 -11.2705 13
      vertex 0.886587 -11.2652 21
    endloop
  endfacet
  facet normal -0.0387739 0.999248 0
    outer loop
      vertex 0.75 -11.2705 13
      vertex 0.886587 -11.2652 0
      vertex 0.75 -11.2705 0
    endloop
  endfacet
  facet normal -0.0393029 0.999227 0
    outer loop
      vertex 0 -11.3 21
      vertex 0.75 -11.2705 13
      vertex 0 -11.3 13
    endloop
  endfacet
  facet normal 0.195093 0.980785 -0
    outer loop
      vertex -1.76771 -11.1609 0
      vertex -2.63793 -10.9878 21
      vertex -1.76771 -11.1609 21
    endloop
  endfacet
  facet normal 0.195093 0.980785 0
    outer loop
      vertex -2.63793 -10.9878 21
      vertex -1.76771 -11.1609 0
      vertex -2.63793 -10.9878 0
    endloop
  endfacet
  facet normal 0.619091 0.78532 -0
    outer loop
      vertex -6.64197 -9.14189 0
      vertex -7.33876 -8.59259 21
      vertex -6.64197 -9.14189 21
    endloop
  endfacet
  facet normal 0.619091 0.78532 0
    outer loop
      vertex -7.33876 -8.59259 21
      vertex -6.64197 -9.14189 0
      vertex -7.33876 -8.59259 0
    endloop
  endfacet
  facet normal 0.418599 0.908171 -0
    outer loop
      vertex -4.32432 -10.4398 0
      vertex -5.13009 -10.0684 21
      vertex -4.32432 -10.4398 21
    endloop
  endfacet
  facet normal 0.418599 0.908171 0
    outer loop
      vertex -5.13009 -10.0684 21
      vertex -4.32432 -10.4398 0
      vertex -5.13009 -10.0684 0
    endloop
  endfacet
  facet normal 0.555569 0.831471 -0
    outer loop
      vertex -5.90423 -9.63483 0
      vertex -6.64197 -9.14189 21
      vertex -5.90423 -9.63483 21
    endloop
  endfacet
  facet normal 0.555569 0.831471 0
    outer loop
      vertex -6.64197 -9.14189 21
      vertex -5.90423 -9.63483 0
      vertex -6.64197 -9.14189 0
    endloop
  endfacet
  facet normal 0.938191 0.346117 0
    outer loop
      vertex -10.4398 -4.32432 21
      vertex -10.7469 -3.49189 0
      vertex -10.7469 -3.49189 21
    endloop
  endfacet
  facet normal 0.938191 0.346117 0
    outer loop
      vertex -10.7469 -3.49189 0
      vertex -10.4398 -4.32432 21
      vertex -10.4398 -4.32432 0
    endloop
  endfacet
  facet normal 0.962438 0.271501 0
    outer loop
      vertex -10.7469 -3.49189 21
      vertex -10.9878 -2.63793 0
      vertex -10.9878 -2.63793 21
    endloop
  endfacet
  facet normal 0.962438 0.271501 0
    outer loop
      vertex -10.9878 -2.63793 0
      vertex -10.7469 -3.49189 21
      vertex -10.7469 -3.49189 0
    endloop
  endfacet
  facet normal -0.346117 0.938191 0
    outer loop
      vertex 4.32432 -10.4398 0
      vertex 3.49189 -10.7469 21
      vertex 4.32432 -10.4398 21
    endloop
  endfacet
  facet normal -0.346117 0.938191 0
    outer loop
      vertex 3.49189 -10.7469 21
      vertex 4.32432 -10.4398 0
      vertex 3.49189 -10.7469 0
    endloop
  endfacet
  facet normal -0.271501 0.962438 0
    outer loop
      vertex 3.49189 -10.7469 0
      vertex 2.63793 -10.9878 21
      vertex 3.49189 -10.7469 21
    endloop
  endfacet
  facet normal -0.271501 0.962438 0
    outer loop
      vertex 2.63793 -10.9878 21
      vertex 3.49189 -10.7469 0
      vertex 2.63793 -10.9878 0
    endloop
  endfacet
  facet normal -0.555569 0.831471 0
    outer loop
      vertex 6.64197 -9.14189 0
      vertex 5.90423 -9.63483 21
      vertex 6.64197 -9.14189 21
    endloop
  endfacet
  facet normal -0.555569 0.831471 0
    outer loop
      vertex 5.90423 -9.63483 21
      vertex 6.64197 -9.14189 0
      vertex 5.90423 -9.63483 0
    endloop
  endfacet
  facet normal 0.271501 0.962438 -0
    outer loop
      vertex -2.63793 -10.9878 0
      vertex -3.49189 -10.7469 21
      vertex -2.63793 -10.9878 21
    endloop
  endfacet
  facet normal 0.271501 0.962438 0
    outer loop
      vertex -3.49189 -10.7469 21
      vertex -2.63793 -10.9878 0
      vertex -3.49189 -10.7469 0
    endloop
  endfacet
  facet normal 0.488648 0.872481 -0
    outer loop
      vertex -5.13009 -10.0684 0
      vertex -5.90423 -9.63483 21
      vertex -5.13009 -10.0684 21
    endloop
  endfacet
  facet normal 0.488648 0.872481 0
    outer loop
      vertex -5.90423 -9.63483 21
      vertex -5.13009 -10.0684 0
      vertex -5.90423 -9.63483 0
    endloop
  endfacet
  facet normal -0.619109 -0.785305 0
    outer loop
      vertex 86.8523 1.17307 0
      vertex 86.9417 1.10259 5
      vertex 86.8523 1.17307 5
    endloop
  endfacet
  facet normal -0.619109 -0.785305 -0
    outer loop
      vertex 86.9417 1.10259 5
      vertex 86.8523 1.17307 0
      vertex 86.9417 1.10259 0
    endloop
  endfacet
  facet normal 0.34619 -0.938165 0
    outer loop
      vertex 85.4451 1.33962 0
      vertex 85.5519 1.37903 5
      vertex 85.4451 1.33962 5
    endloop
  endfacet
  facet normal 0.34619 -0.938165 0
    outer loop
      vertex 85.5519 1.37903 5
      vertex 85.4451 1.33962 0
      vertex 85.5519 1.37903 0
    endloop
  endfacet
  facet normal 0.908363 -0.418183 0
    outer loop
      vertex 84.6604 0.554891 5
      vertex 84.708 0.658286 0
      vertex 84.708 0.658286 5
    endloop
  endfacet
  facet normal 0.908363 -0.418183 0
    outer loop
      vertex 84.708 0.658286 0
      vertex 84.6604 0.554891 5
      vertex 84.6604 0.554891 0
    endloop
  endfacet
  facet normal -0.999219 0.0395243 0
    outer loop
      vertex 87.4455 -0.113765 0
      vertex 87.45 0 5
      vertex 87.45 0 0
    endloop
  endfacet
  facet normal -0.999219 0.0395243 0
    outer loop
      vertex 87.45 0 5
      vertex 87.4455 -0.113765 0
      vertex 87.4455 -0.113765 5
    endloop
  endfacet
  facet normal -0.872239 -0.48908 0
    outer loop
      vertex 87.292 0.658286 0
      vertex 87.2363 0.757623 5
      vertex 87.2363 0.757623 0
    endloop
  endfacet
  facet normal -0.872239 -0.48908 0
    outer loop
      vertex 87.2363 0.757623 5
      vertex 87.292 0.658286 0
      vertex 87.292 0.658286 5
    endloop
  endfacet
  facet normal -0.418601 -0.90817 0
    outer loop
      vertex 86.5549 1.33962 0
      vertex 86.6583 1.29196 5
      vertex 86.5549 1.33962 5
    endloop
  endfacet
  facet normal -0.418601 -0.90817 -0
    outer loop
      vertex 86.6583 1.29196 5
      vertex 86.5549 1.33962 0
      vertex 86.6583 1.29196 0
    endloop
  endfacet
  facet normal -0.117586 -0.993063 0
    outer loop
      vertex 86.1138 1.44553 0
      vertex 86.2268 1.43215 5
      vertex 86.1138 1.44553 5
    endloop
  endfacet
  facet normal -0.117586 -0.993063 -0
    outer loop
      vertex 86.2268 1.43215 5
      vertex 86.1138 1.44553 0
      vertex 86.2268 1.43215 0
    endloop
  endfacet
  facet normal 0.993152 -0.116826 0
    outer loop
      vertex 84.5545 0.113765 5
      vertex 84.5678 0.22683 0
      vertex 84.5678 0.22683 5
    endloop
  endfacet
  facet normal 0.993152 -0.116826 0
    outer loop
      vertex 84.5678 0.22683 0
      vertex 84.5545 0.113765 5
      vertex 84.5545 0.113765 0
    endloop
  endfacet
  facet normal 0.734235 -0.678896 0
    outer loop
      vertex 84.8974 0.941699 5
      vertex 84.9747 1.0253 0
      vertex 84.9747 1.0253 5
    endloop
  endfacet
  facet normal 0.734235 -0.678896 0
    outer loop
      vertex 84.9747 1.0253 0
      vertex 84.8974 0.941699 5
      vertex 84.8974 0.941699 0
    endloop
  endfacet
  facet normal 0.117586 -0.993063 0
    outer loop
      vertex 85.7732 1.43215 0
      vertex 85.8862 1.44553 5
      vertex 85.7732 1.43215 5
    endloop
  endfacet
  facet normal 0.117586 -0.993063 0
    outer loop
      vertex 85.8862 1.44553 5
      vertex 85.7732 1.43215 0
      vertex 85.8862 1.44553 0
    endloop
  endfacet
  facet normal -0.34619 0.938165 0
    outer loop
      vertex 86.5549 -1.33962 0
      vertex 86.4481 -1.37903 5
      vertex 86.5549 -1.33962 5
    endloop
  endfacet
  facet normal -0.34619 0.938165 0
    outer loop
      vertex 86.4481 -1.37903 5
      vertex 86.5549 -1.33962 0
      vertex 86.4481 -1.37903 0
    endloop
  endfacet
  facet normal 0.117586 0.993063 -0
    outer loop
      vertex 85.8862 -1.44553 0
      vertex 85.7732 -1.43215 5
      vertex 85.8862 -1.44553 5
    endloop
  endfacet
  facet normal 0.117586 0.993063 0
    outer loop
      vertex 85.7732 -1.43215 5
      vertex 85.8862 -1.44553 0
      vertex 85.7732 -1.43215 0
    endloop
  endfacet
  facet normal 0.678853 0.734275 -0
    outer loop
      vertex 85.0583 -1.10259 0
      vertex 84.9747 -1.0253 5
      vertex 85.0583 -1.10259 5
    endloop
  endfacet
  facet normal 0.678853 0.734275 0
    outer loop
      vertex 84.9747 -1.0253 5
      vertex 85.0583 -1.10259 0
      vertex 84.9747 -1.0253 0
    endloop
  endfacet
  facet normal 0.831685 0.555247 0
    outer loop
      vertex 84.8269 -0.852288 5
      vertex 84.7637 -0.757623 0
      vertex 84.7637 -0.757623 5
    endloop
  endfacet
  facet normal 0.831685 0.555247 0
    outer loop
      vertex 84.7637 -0.757623 0
      vertex 84.8269 -0.852288 5
      vertex 84.8269 -0.852288 0
    endloop
  endfacet
  facet normal -0.99305 -0.117692 0
    outer loop
      vertex 87.4455 0.113765 0
      vertex 87.4321 0.22683 5
      vertex 87.4321 0.22683 0
    endloop
  endfacet
  facet normal -0.99305 -0.117692 0
    outer loop
      vertex 87.4321 0.22683 5
      vertex 87.4455 0.113765 0
      vertex 87.4455 0.113765 5
    endloop
  endfacet
  facet normal -0.980805 -0.194993 0
    outer loop
      vertex 87.4321 0.22683 0
      vertex 87.4099 0.338495 5
      vertex 87.4099 0.338495 0
    endloop
  endfacet
  facet normal -0.980805 -0.194993 0
    outer loop
      vertex 87.4099 0.338495 5
      vertex 87.4321 0.22683 0
      vertex 87.4321 0.22683 5
    endloop
  endfacet
  facet normal -0.962466 -0.271404 0
    outer loop
      vertex 87.4099 0.338495 0
      vertex 87.379 0.448074 5
      vertex 87.379 0.448074 0
    endloop
  endfacet
  facet normal -0.962466 -0.271404 0
    outer loop
      vertex 87.379 0.448074 5
      vertex 87.4099 0.338495 0
      vertex 87.4099 0.338495 5
    endloop
  endfacet
  facet normal -0.785257 -0.61917 0
    outer loop
      vertex 87.1731 0.852288 0
      vertex 87.1026 0.941699 5
      vertex 87.1026 0.941699 0
    endloop
  endfacet
  facet normal -0.785257 -0.61917 0
    outer loop
      vertex 87.1026 0.941699 5
      vertex 87.1731 0.852288 0
      vertex 87.1731 0.852288 5
    endloop
  endfacet
  facet normal -0.831685 -0.555247 0
    outer loop
      vertex 87.2363 0.757623 0
      vertex 87.1731 0.852288 5
      vertex 87.1731 0.852288 0
    endloop
  endfacet
  facet normal -0.831685 -0.555247 0
    outer loop
      vertex 87.1731 0.852288 5
      vertex 87.2363 0.757623 0
      vertex 87.2363 0.757623 5
    endloop
  endfacet
  facet normal -0.734235 -0.678896 0
    outer loop
      vertex 87.1026 0.941699 0
      vertex 87.0253 1.0253 5
      vertex 87.0253 1.0253 0
    endloop
  endfacet
  facet normal -0.734235 -0.678896 0
    outer loop
      vertex 87.0253 1.0253 5
      vertex 87.1026 0.941699 0
      vertex 87.1026 0.941699 5
    endloop
  endfacet
  facet normal -0.55547 -0.831537 0
    outer loop
      vertex 86.7576 1.23633 0
      vertex 86.8523 1.17307 5
      vertex 86.7576 1.23633 5
    endloop
  endfacet
  facet normal -0.55547 -0.831537 -0
    outer loop
      vertex 86.8523 1.17307 5
      vertex 86.7576 1.23633 0
      vertex 86.8523 1.17307 0
    endloop
  endfacet
  facet normal -0.0392492 -0.999229 0
    outer loop
      vertex 86 1.45 0
      vertex 86.1138 1.44553 5
      vertex 86 1.45 5
    endloop
  endfacet
  facet normal -0.0392492 -0.999229 -0
    outer loop
      vertex 86.1138 1.44553 5
      vertex 86 1.45 0
      vertex 86.1138 1.44553 0
    endloop
  endfacet
  facet normal -0.488751 -0.872424 0
    outer loop
      vertex 86.6583 1.29196 0
      vertex 86.7576 1.23633 5
      vertex 86.6583 1.29196 5
    endloop
  endfacet
  facet normal -0.488751 -0.872424 -0
    outer loop
      vertex 86.7576 1.23633 5
      vertex 86.6583 1.29196 0
      vertex 86.7576 1.23633 0
    endloop
  endfacet
  facet normal -0.271437 -0.962456 0
    outer loop
      vertex 86.3385 1.40994 0
      vertex 86.4481 1.37903 5
      vertex 86.3385 1.40994 5
    endloop
  endfacet
  facet normal -0.271437 -0.962456 -0
    outer loop
      vertex 86.4481 1.37903 5
      vertex 86.3385 1.40994 0
      vertex 86.4481 1.37903 0
    endloop
  endfacet
  facet normal -0.195018 -0.9808 0
    outer loop
      vertex 86.2268 1.43215 0
      vertex 86.3385 1.40994 5
      vertex 86.2268 1.43215 5
    endloop
  endfacet
  facet normal -0.195018 -0.9808 -0
    outer loop
      vertex 86.3385 1.40994 5
      vertex 86.2268 1.43215 0
      vertex 86.3385 1.40994 0
    endloop
  endfacet
  facet normal 0.999219 -0.0395243 0
    outer loop
      vertex 84.55 0 5
      vertex 84.5545 0.113765 0
      vertex 84.5545 0.113765 5
    endloop
  endfacet
  facet normal 0.999219 -0.0395243 0
    outer loop
      vertex 84.5545 0.113765 0
      vertex 84.55 0 5
      vertex 84.55 0 0
    endloop
  endfacet
  facet normal 0.962466 -0.271404 0
    outer loop
      vertex 84.5901 0.338495 5
      vertex 84.621 0.448074 0
      vertex 84.621 0.448074 5
    endloop
  endfacet
  facet normal 0.962466 -0.271404 0
    outer loop
      vertex 84.621 0.448074 0
      vertex 84.5901 0.338495 5
      vertex 84.5901 0.338495 0
    endloop
  endfacet
  facet normal 0.980636 -0.195837 0
    outer loop
      vertex 84.5678 0.22683 5
      vertex 84.5901 0.338495 0
      vertex 84.5901 0.338495 5
    endloop
  endfacet
  facet normal 0.980636 -0.195837 0
    outer loop
      vertex 84.5901 0.338495 0
      vertex 84.5678 0.22683 5
      vertex 84.5678 0.22683 0
    endloop
  endfacet
  facet normal 0.872239 -0.48908 0
    outer loop
      vertex 84.708 0.658286 5
      vertex 84.7637 0.757623 0
      vertex 84.7637 0.757623 5
    endloop
  endfacet
  facet normal 0.872239 -0.48908 0
    outer loop
      vertex 84.7637 0.757623 0
      vertex 84.708 0.658286 5
      vertex 84.708 0.658286 0
    endloop
  endfacet
  facet normal 0.831685 -0.555247 0
    outer loop
      vertex 84.7637 0.757623 5
      vertex 84.8269 0.852288 0
      vertex 84.8269 0.852288 5
    endloop
  endfacet
  facet normal 0.831685 -0.555247 0
    outer loop
      vertex 84.8269 0.852288 0
      vertex 84.7637 0.757623 5
      vertex 84.7637 0.757623 0
    endloop
  endfacet
  facet normal 0.785257 -0.61917 0
    outer loop
      vertex 84.8269 0.852288 5
      vertex 84.8974 0.941699 0
      vertex 84.8974 0.941699 5
    endloop
  endfacet
  facet normal 0.785257 -0.61917 0
    outer loop
      vertex 84.8974 0.941699 0
      vertex 84.8269 0.852288 5
      vertex 84.8269 0.852288 0
    endloop
  endfacet
  facet normal 0.195018 -0.9808 0
    outer loop
      vertex 85.6615 1.40994 0
      vertex 85.7732 1.43215 5
      vertex 85.6615 1.40994 5
    endloop
  endfacet
  facet normal 0.195018 -0.9808 0
    outer loop
      vertex 85.7732 1.43215 5
      vertex 85.6615 1.40994 0
      vertex 85.7732 1.43215 0
    endloop
  endfacet
  facet normal 0.0392492 -0.999229 0
    outer loop
      vertex 85.8862 1.44553 0
      vertex 86 1.45 5
      vertex 85.8862 1.44553 5
    endloop
  endfacet
  facet normal 0.0392492 -0.999229 0
    outer loop
      vertex 86 1.45 5
      vertex 85.8862 1.44553 0
      vertex 86 1.45 0
    endloop
  endfacet
  facet normal 0.488751 -0.872424 0
    outer loop
      vertex 85.2424 1.23633 0
      vertex 85.3417 1.29196 5
      vertex 85.2424 1.23633 5
    endloop
  endfacet
  facet normal 0.488751 -0.872424 0
    outer loop
      vertex 85.3417 1.29196 5
      vertex 85.2424 1.23633 0
      vertex 85.3417 1.29196 0
    endloop
  endfacet
  facet normal 0.55547 -0.831537 0
    outer loop
      vertex 85.1477 1.17307 0
      vertex 85.2424 1.23633 5
      vertex 85.1477 1.17307 5
    endloop
  endfacet
  facet normal 0.55547 -0.831537 0
    outer loop
      vertex 85.2424 1.23633 5
      vertex 85.1477 1.17307 0
      vertex 85.2424 1.23633 0
    endloop
  endfacet
  facet normal 0.418601 -0.90817 0
    outer loop
      vertex 85.3417 1.29196 0
      vertex 85.4451 1.33962 5
      vertex 85.3417 1.29196 5
    endloop
  endfacet
  facet normal 0.418601 -0.90817 0
    outer loop
      vertex 85.4451 1.33962 5
      vertex 85.3417 1.29196 0
      vertex 85.4451 1.33962 0
    endloop
  endfacet
  facet normal 0.619109 -0.785305 0
    outer loop
      vertex 85.0583 1.10259 0
      vertex 85.1477 1.17307 5
      vertex 85.0583 1.10259 5
    endloop
  endfacet
  facet normal 0.619109 -0.785305 0
    outer loop
      vertex 85.1477 1.17307 5
      vertex 85.0583 1.10259 0
      vertex 85.1477 1.17307 0
    endloop
  endfacet
  facet normal -0.999219 -0.0395243 0
    outer loop
      vertex 87.45 0 0
      vertex 87.4455 0.113765 5
      vertex 87.4455 0.113765 0
    endloop
  endfacet
  facet normal -0.999219 -0.0395243 0
    outer loop
      vertex 87.4455 0.113765 5
      vertex 87.45 0 0
      vertex 87.45 0 5
    endloop
  endfacet
  facet normal -0.0392492 0.999229 0
    outer loop
      vertex 86.1138 -1.44553 0
      vertex 86 -1.45 5
      vertex 86.1138 -1.44553 5
    endloop
  endfacet
  facet normal -0.0392492 0.999229 0
    outer loop
      vertex 86 -1.45 5
      vertex 86.1138 -1.44553 0
      vertex 86 -1.45 0
    endloop
  endfacet
  facet normal -0.962466 0.271404 0
    outer loop
      vertex 87.379 -0.448074 0
      vertex 87.4099 -0.338495 5
      vertex 87.4099 -0.338495 0
    endloop
  endfacet
  facet normal -0.962466 0.271404 0
    outer loop
      vertex 87.4099 -0.338495 5
      vertex 87.379 -0.448074 0
      vertex 87.379 -0.448074 5
    endloop
  endfacet
  facet normal -0.872239 0.48908 0
    outer loop
      vertex 87.2363 -0.757623 0
      vertex 87.292 -0.658286 5
      vertex 87.292 -0.658286 0
    endloop
  endfacet
  facet normal -0.872239 0.48908 0
    outer loop
      vertex 87.292 -0.658286 5
      vertex 87.2363 -0.757623 0
      vertex 87.2363 -0.757623 5
    endloop
  endfacet
  facet normal -0.908363 0.418183 0
    outer loop
      vertex 87.292 -0.658286 0
      vertex 87.3396 -0.554891 5
      vertex 87.3396 -0.554891 0
    endloop
  endfacet
  facet normal -0.908363 0.418183 0
    outer loop
      vertex 87.3396 -0.554891 5
      vertex 87.292 -0.658286 0
      vertex 87.292 -0.658286 5
    endloop
  endfacet
  facet normal -0.195018 0.9808 0
    outer loop
      vertex 86.3385 -1.40994 0
      vertex 86.2268 -1.43215 5
      vertex 86.3385 -1.40994 5
    endloop
  endfacet
  facet normal -0.195018 0.9808 0
    outer loop
      vertex 86.2268 -1.43215 5
      vertex 86.3385 -1.40994 0
      vertex 86.2268 -1.43215 0
    endloop
  endfacet
  facet normal -0.55547 0.831537 0
    outer loop
      vertex 86.8523 -1.17307 0
      vertex 86.7576 -1.23633 5
      vertex 86.8523 -1.17307 5
    endloop
  endfacet
  facet normal -0.55547 0.831537 0
    outer loop
      vertex 86.7576 -1.23633 5
      vertex 86.8523 -1.17307 0
      vertex 86.7576 -1.23633 0
    endloop
  endfacet
  facet normal -0.678853 0.734275 0
    outer loop
      vertex 87.0253 -1.0253 0
      vertex 86.9417 -1.10259 5
      vertex 87.0253 -1.0253 5
    endloop
  endfacet
  facet normal -0.678853 0.734275 0
    outer loop
      vertex 86.9417 -1.10259 5
      vertex 87.0253 -1.0253 0
      vertex 86.9417 -1.10259 0
    endloop
  endfacet
  facet normal -0.418601 0.90817 0
    outer loop
      vertex 86.6583 -1.29196 0
      vertex 86.5549 -1.33962 5
      vertex 86.6583 -1.29196 5
    endloop
  endfacet
  facet normal -0.418601 0.90817 0
    outer loop
      vertex 86.5549 -1.33962 5
      vertex 86.6583 -1.29196 0
      vertex 86.5549 -1.33962 0
    endloop
  endfacet
  facet normal 0.0392492 0.999229 -0
    outer loop
      vertex 86 -1.45 0
      vertex 85.8862 -1.44553 5
      vertex 86 -1.45 5
    endloop
  endfacet
  facet normal 0.0392492 0.999229 0
    outer loop
      vertex 85.8862 -1.44553 5
      vertex 86 -1.45 0
      vertex 85.8862 -1.44553 0
    endloop
  endfacet
  facet normal 0.488751 0.872424 -0
    outer loop
      vertex 85.3417 -1.29196 0
      vertex 85.2424 -1.23633 5
      vertex 85.3417 -1.29196 5
    endloop
  endfacet
  facet normal 0.488751 0.872424 0
    outer loop
      vertex 85.2424 -1.23633 5
      vertex 85.3417 -1.29196 0
      vertex 85.2424 -1.23633 0
    endloop
  endfacet
  facet normal 0.980636 0.195837 0
    outer loop
      vertex 84.5901 -0.338495 5
      vertex 84.5678 -0.22683 0
      vertex 84.5678 -0.22683 5
    endloop
  endfacet
  facet normal 0.980636 0.195837 0
    outer loop
      vertex 84.5678 -0.22683 0
      vertex 84.5901 -0.338495 5
      vertex 84.5901 -0.338495 0
    endloop
  endfacet
  facet normal 0.938211 0.346064 0
    outer loop
      vertex 84.6604 -0.554891 5
      vertex 84.621 -0.448074 0
      vertex 84.621 -0.448074 5
    endloop
  endfacet
  facet normal 0.938211 0.346064 0
    outer loop
      vertex 84.621 -0.448074 0
      vertex 84.6604 -0.554891 5
      vertex 84.6604 -0.554891 0
    endloop
  endfacet
  facet normal 0.999219 0.0395243 0
    outer loop
      vertex 84.5545 -0.113765 5
      vertex 84.55 0 0
      vertex 84.55 0 5
    endloop
  endfacet
  facet normal 0.999219 0.0395243 0
    outer loop
      vertex 84.55 0 0
      vertex 84.5545 -0.113765 5
      vertex 84.5545 -0.113765 0
    endloop
  endfacet
  facet normal 0.908363 0.418183 0
    outer loop
      vertex 84.708 -0.658286 5
      vertex 84.6604 -0.554891 0
      vertex 84.6604 -0.554891 5
    endloop
  endfacet
  facet normal 0.908363 0.418183 0
    outer loop
      vertex 84.6604 -0.554891 0
      vertex 84.708 -0.658286 5
      vertex 84.708 -0.658286 0
    endloop
  endfacet
  facet normal -0.908363 -0.418183 0
    outer loop
      vertex 87.3396 0.554891 0
      vertex 87.292 0.658286 5
      vertex 87.292 0.658286 0
    endloop
  endfacet
  facet normal -0.908363 -0.418183 0
    outer loop
      vertex 87.292 0.658286 5
      vertex 87.3396 0.554891 0
      vertex 87.3396 0.554891 5
    endloop
  endfacet
  facet normal 0.678853 -0.734275 0
    outer loop
      vertex 84.9747 1.0253 0
      vertex 85.0583 1.10259 5
      vertex 84.9747 1.0253 5
    endloop
  endfacet
  facet normal 0.678853 -0.734275 0
    outer loop
      vertex 85.0583 1.10259 5
      vertex 84.9747 1.0253 0
      vertex 85.0583 1.10259 0
    endloop
  endfacet
  facet normal -0.980805 0.194993 0
    outer loop
      vertex 87.4099 -0.338495 0
      vertex 87.4321 -0.22683 5
      vertex 87.4321 -0.22683 0
    endloop
  endfacet
  facet normal -0.980805 0.194993 0
    outer loop
      vertex 87.4321 -0.22683 5
      vertex 87.4099 -0.338495 0
      vertex 87.4099 -0.338495 5
    endloop
  endfacet
  facet normal -0.99305 0.117692 0
    outer loop
      vertex 87.4321 -0.22683 0
      vertex 87.4455 -0.113765 5
      vertex 87.4455 -0.113765 0
    endloop
  endfacet
  facet normal -0.99305 0.117692 0
    outer loop
      vertex 87.4455 -0.113765 5
      vertex 87.4321 -0.22683 0
      vertex 87.4321 -0.22683 5
    endloop
  endfacet
  facet normal -0.831685 0.555247 0
    outer loop
      vertex 87.1731 -0.852288 0
      vertex 87.2363 -0.757623 5
      vertex 87.2363 -0.757623 0
    endloop
  endfacet
  facet normal -0.831685 0.555247 0
    outer loop
      vertex 87.2363 -0.757623 5
      vertex 87.1731 -0.852288 0
      vertex 87.1731 -0.852288 5
    endloop
  endfacet
  facet normal -0.117586 0.993063 0
    outer loop
      vertex 86.2268 -1.43215 0
      vertex 86.1138 -1.44553 5
      vertex 86.2268 -1.43215 5
    endloop
  endfacet
  facet normal -0.117586 0.993063 0
    outer loop
      vertex 86.1138 -1.44553 5
      vertex 86.2268 -1.43215 0
      vertex 86.1138 -1.44553 0
    endloop
  endfacet
  facet normal -0.271437 0.962456 0
    outer loop
      vertex 86.4481 -1.37903 0
      vertex 86.3385 -1.40994 5
      vertex 86.4481 -1.37903 5
    endloop
  endfacet
  facet normal -0.271437 0.962456 0
    outer loop
      vertex 86.3385 -1.40994 5
      vertex 86.4481 -1.37903 0
      vertex 86.3385 -1.40994 0
    endloop
  endfacet
  facet normal -0.619109 0.785305 0
    outer loop
      vertex 86.9417 -1.10259 0
      vertex 86.8523 -1.17307 5
      vertex 86.9417 -1.10259 5
    endloop
  endfacet
  facet normal -0.619109 0.785305 0
    outer loop
      vertex 86.8523 -1.17307 5
      vertex 86.9417 -1.10259 0
      vertex 86.8523 -1.17307 0
    endloop
  endfacet
  facet normal -0.488751 0.872424 0
    outer loop
      vertex 86.7576 -1.23633 0
      vertex 86.6583 -1.29196 5
      vertex 86.7576 -1.23633 5
    endloop
  endfacet
  facet normal -0.488751 0.872424 0
    outer loop
      vertex 86.6583 -1.29196 5
      vertex 86.7576 -1.23633 0
      vertex 86.6583 -1.29196 0
    endloop
  endfacet
  facet normal 0.195018 0.9808 -0
    outer loop
      vertex 85.7732 -1.43215 0
      vertex 85.6615 -1.40994 5
      vertex 85.7732 -1.43215 5
    endloop
  endfacet
  facet normal 0.195018 0.9808 0
    outer loop
      vertex 85.6615 -1.40994 5
      vertex 85.7732 -1.43215 0
      vertex 85.6615 -1.40994 0
    endloop
  endfacet
  facet normal 0.34619 0.938165 -0
    outer loop
      vertex 85.5519 -1.37903 0
      vertex 85.4451 -1.33962 5
      vertex 85.5519 -1.37903 5
    endloop
  endfacet
  facet normal 0.34619 0.938165 0
    outer loop
      vertex 85.4451 -1.33962 5
      vertex 85.5519 -1.37903 0
      vertex 85.4451 -1.33962 0
    endloop
  endfacet
  facet normal 0.271437 0.962456 -0
    outer loop
      vertex 85.6615 -1.40994 0
      vertex 85.5519 -1.37903 5
      vertex 85.6615 -1.40994 5
    endloop
  endfacet
  facet normal 0.271437 0.962456 0
    outer loop
      vertex 85.5519 -1.37903 5
      vertex 85.6615 -1.40994 0
      vertex 85.5519 -1.37903 0
    endloop
  endfacet
  facet normal 0.418601 0.90817 -0
    outer loop
      vertex 85.4451 -1.33962 0
      vertex 85.3417 -1.29196 5
      vertex 85.4451 -1.33962 5
    endloop
  endfacet
  facet normal 0.418601 0.90817 0
    outer loop
      vertex 85.3417 -1.29196 5
      vertex 85.4451 -1.33962 0
      vertex 85.3417 -1.29196 0
    endloop
  endfacet
  facet normal 0.55547 0.831537 -0
    outer loop
      vertex 85.2424 -1.23633 0
      vertex 85.1477 -1.17307 5
      vertex 85.2424 -1.23633 5
    endloop
  endfacet
  facet normal 0.55547 0.831537 0
    outer loop
      vertex 85.1477 -1.17307 5
      vertex 85.2424 -1.23633 0
      vertex 85.1477 -1.17307 0
    endloop
  endfacet
  facet normal 0.619109 0.785305 -0
    outer loop
      vertex 85.1477 -1.17307 0
      vertex 85.0583 -1.10259 5
      vertex 85.1477 -1.17307 5
    endloop
  endfacet
  facet normal 0.619109 0.785305 0
    outer loop
      vertex 85.0583 -1.10259 5
      vertex 85.1477 -1.17307 0
      vertex 85.0583 -1.10259 0
    endloop
  endfacet
  facet normal 0.962466 0.271404 0
    outer loop
      vertex 84.621 -0.448074 5
      vertex 84.5901 -0.338495 0
      vertex 84.5901 -0.338495 5
    endloop
  endfacet
  facet normal 0.962466 0.271404 0
    outer loop
      vertex 84.5901 -0.338495 0
      vertex 84.621 -0.448074 5
      vertex 84.621 -0.448074 0
    endloop
  endfacet
  facet normal 0.993152 0.116826 0
    outer loop
      vertex 84.5678 -0.22683 5
      vertex 84.5545 -0.113765 0
      vertex 84.5545 -0.113765 5
    endloop
  endfacet
  facet normal 0.993152 0.116826 0
    outer loop
      vertex 84.5545 -0.113765 0
      vertex 84.5678 -0.22683 5
      vertex 84.5678 -0.22683 0
    endloop
  endfacet
  facet normal 0.872239 0.48908 0
    outer loop
      vertex 84.7637 -0.757623 5
      vertex 84.708 -0.658286 0
      vertex 84.708 -0.658286 5
    endloop
  endfacet
  facet normal 0.872239 0.48908 0
    outer loop
      vertex 84.708 -0.658286 0
      vertex 84.7637 -0.757623 5
      vertex 84.7637 -0.757623 0
    endloop
  endfacet
  facet normal 0.785257 0.61917 0
    outer loop
      vertex 84.8974 -0.941699 5
      vertex 84.8269 -0.852288 0
      vertex 84.8269 -0.852288 5
    endloop
  endfacet
  facet normal 0.785257 0.61917 0
    outer loop
      vertex 84.8269 -0.852288 0
      vertex 84.8974 -0.941699 5
      vertex 84.8974 -0.941699 0
    endloop
  endfacet
  facet normal 0.734235 0.678896 0
    outer loop
      vertex 84.9747 -1.0253 5
      vertex 84.8974 -0.941699 0
      vertex 84.8974 -0.941699 5
    endloop
  endfacet
  facet normal 0.734235 0.678896 0
    outer loop
      vertex 84.8974 -0.941699 0
      vertex 84.9747 -1.0253 5
      vertex 84.9747 -1.0253 0
    endloop
  endfacet
  facet normal -0.938211 -0.346064 0
    outer loop
      vertex 87.379 0.448074 0
      vertex 87.3396 0.554891 5
      vertex 87.3396 0.554891 0
    endloop
  endfacet
  facet normal -0.938211 -0.346064 0
    outer loop
      vertex 87.3396 0.554891 5
      vertex 87.379 0.448074 0
      vertex 87.379 0.448074 5
    endloop
  endfacet
  facet normal -0.678853 -0.734275 0
    outer loop
      vertex 86.9417 1.10259 0
      vertex 87.0253 1.0253 5
      vertex 86.9417 1.10259 5
    endloop
  endfacet
  facet normal -0.678853 -0.734275 -0
    outer loop
      vertex 87.0253 1.0253 5
      vertex 86.9417 1.10259 0
      vertex 87.0253 1.0253 0
    endloop
  endfacet
  facet normal -0.34619 -0.938165 0
    outer loop
      vertex 86.4481 1.37903 0
      vertex 86.5549 1.33962 5
      vertex 86.4481 1.37903 5
    endloop
  endfacet
  facet normal -0.34619 -0.938165 -0
    outer loop
      vertex 86.5549 1.33962 5
      vertex 86.4481 1.37903 0
      vertex 86.5549 1.33962 0
    endloop
  endfacet
  facet normal 0.938211 -0.346064 0
    outer loop
      vertex 84.621 0.448074 5
      vertex 84.6604 0.554891 0
      vertex 84.6604 0.554891 5
    endloop
  endfacet
  facet normal 0.938211 -0.346064 0
    outer loop
      vertex 84.6604 0.554891 0
      vertex 84.621 0.448074 5
      vertex 84.621 0.448074 0
    endloop
  endfacet
  facet normal 0.271437 -0.962456 0
    outer loop
      vertex 85.5519 1.37903 0
      vertex 85.6615 1.40994 5
      vertex 85.5519 1.37903 5
    endloop
  endfacet
  facet normal 0.271437 -0.962456 0
    outer loop
      vertex 85.6615 1.40994 5
      vertex 85.5519 1.37903 0
      vertex 85.6615 1.40994 0
    endloop
  endfacet
  facet normal -0.938211 0.346064 0
    outer loop
      vertex 87.3396 -0.554891 0
      vertex 87.379 -0.448074 5
      vertex 87.379 -0.448074 0
    endloop
  endfacet
  facet normal -0.938211 0.346064 0
    outer loop
      vertex 87.379 -0.448074 5
      vertex 87.3396 -0.554891 0
      vertex 87.3396 -0.554891 5
    endloop
  endfacet
  facet normal -0.734235 0.678896 0
    outer loop
      vertex 87.0253 -1.0253 0
      vertex 87.1026 -0.941699 5
      vertex 87.1026 -0.941699 0
    endloop
  endfacet
  facet normal -0.734235 0.678896 0
    outer loop
      vertex 87.1026 -0.941699 5
      vertex 87.0253 -1.0253 0
      vertex 87.0253 -1.0253 5
    endloop
  endfacet
  facet normal -0.785257 0.61917 0
    outer loop
      vertex 87.1026 -0.941699 0
      vertex 87.1731 -0.852288 5
      vertex 87.1731 -0.852288 0
    endloop
  endfacet
  facet normal -0.785257 0.61917 0
    outer loop
      vertex 87.1731 -0.852288 5
      vertex 87.1026 -0.941699 0
      vertex 87.1026 -0.941699 5
    endloop
  endfacet
  facet normal 0.533861 -0.845572 0
    outer loop
      vertex 53.6787 19.3815 0
      vertex 53.775 19.4423 5
      vertex 53.6787 19.3815 5
    endloop
  endfacet
  facet normal 0.533861 -0.845572 0
    outer loop
      vertex 53.775 19.4423 5
      vertex 53.6787 19.3815 0
      vertex 53.775 19.4423 0
    endloop
  endfacet
  facet normal 0.975374 -0.220558 0
    outer loop
      vertex 53.0743 18.4508 5
      vertex 53.0994 18.5618 0
      vertex 53.0994 18.5618 5
    endloop
  endfacet
  facet normal 0.975374 -0.220558 0
    outer loop
      vertex 53.0994 18.5618 0
      vertex 53.0743 18.4508 5
      vertex 53.0743 18.4508 0
    endloop
  endfacet
  facet normal 0.816456 -0.577408 0
    outer loop
      vertex 53.2839 18.9763 5
      vertex 53.3496 19.0692 0
      vertex 53.3496 19.0692 5
    endloop
  endfacet
  facet normal 0.816456 -0.577408 0
    outer loop
      vertex 53.3496 19.0692 0
      vertex 53.2839 18.9763 5
      vertex 53.2839 18.9763 0
    endloop
  endfacet
  facet normal 0.997885 -0.0650031 0
    outer loop
      vertex 53.0505 18.2245 5
      vertex 53.0579 18.3381 0
      vertex 53.0579 18.3381 5
    endloop
  endfacet
  facet normal 0.997885 -0.0650031 0
    outer loop
      vertex 53.0579 18.3381 0
      vertex 53.0505 18.2245 5
      vertex 53.0505 18.2245 0
    endloop
  endfacet
  facet normal -0.0131683 0.999913 0
    outer loop
      vertex 54.5759 16.7385 0
      vertex 54.462 16.737 5
      vertex 54.5759 16.7385 5
    endloop
  endfacet
  facet normal -0.0131683 0.999913 0
    outer loop
      vertex 54.462 16.737 5
      vertex 54.5759 16.7385 0
      vertex 54.462 16.737 0
    endloop
  endfacet
  facet normal 0.220369 0.975417 -0
    outer loop
      vertex 54.2358 16.7608 0
      vertex 54.1247 16.7859 5
      vertex 54.2358 16.7608 5
    endloop
  endfacet
  facet normal 0.220369 0.975417 0
    outer loop
      vertex 54.1247 16.7859 5
      vertex 54.2358 16.7608 0
      vertex 54.1247 16.7859 0
    endloop
  endfacet
  facet normal -0.143267 -0.989684 0
    outer loop
      vertex 54.6516 19.6286 0
      vertex 54.7642 19.6123 5
      vertex 54.6516 19.6286 5
    endloop
  endfacet
  facet normal -0.143267 -0.989684 -0
    outer loop
      vertex 54.7642 19.6123 5
      vertex 54.6516 19.6286 0
      vertex 54.7642 19.6123 0
    endloop
  endfacet
  facet normal 0.169525 -0.985526 0
    outer loop
      vertex 54.1985 19.6048 0
      vertex 54.3107 19.6241 5
      vertex 54.1985 19.6048 5
    endloop
  endfacet
  facet normal 0.169525 -0.985526 0
    outer loop
      vertex 54.3107 19.6241 5
      vertex 54.1985 19.6048 0
      vertex 54.3107 19.6241 0
    endloop
  endfacet
  facet normal 0.659499 -0.751706 0
    outer loop
      vertex 53.5019 19.2383 0
      vertex 53.5875 19.3134 5
      vertex 53.5019 19.2383 5
    endloop
  endfacet
  facet normal 0.659499 -0.751706 0
    outer loop
      vertex 53.5875 19.3134 5
      vertex 53.5019 19.2383 0
      vertex 53.5875 19.3134 0
    endloop
  endfacet
  facet normal 0.598312 -0.801263 0
    outer loop
      vertex 53.5875 19.3134 0
      vertex 53.6787 19.3815 5
      vertex 53.5875 19.3134 5
    endloop
  endfacet
  facet normal 0.598312 -0.801263 0
    outer loop
      vertex 53.6787 19.3815 5
      vertex 53.5875 19.3134 0
      vertex 53.6787 19.3815 0
    endloop
  endfacet
  facet normal 0.715835 -0.698269 0
    outer loop
      vertex 53.4224 19.1568 5
      vertex 53.5019 19.2383 0
      vertex 53.5019 19.2383 5
    endloop
  endfacet
  facet normal 0.715835 -0.698269 0
    outer loop
      vertex 53.5019 19.2383 0
      vertex 53.4224 19.1568 5
      vertex 53.4224 19.1568 0
    endloop
  endfacet
  facet normal 0.954978 -0.296675 0
    outer loop
      vertex 53.0994 18.5618 5
      vertex 53.1332 18.6706 0
      vertex 53.1332 18.6706 5
    endloop
  endfacet
  facet normal 0.954978 -0.296675 0
    outer loop
      vertex 53.1332 18.6706 0
      vertex 53.0994 18.5618 5
      vertex 53.0994 18.5618 0
    endloop
  endfacet
  facet normal 0.859578 -0.511005 0
    outer loop
      vertex 53.2257 18.8784 5
      vertex 53.2839 18.9763 0
      vertex 53.2839 18.9763 5
    endloop
  endfacet
  facet normal 0.859578 -0.511005 0
    outer loop
      vertex 53.2839 18.9763 0
      vertex 53.2257 18.8784 5
      vertex 53.2257 18.8784 0
    endloop
  endfacet
  facet normal 0.918599 0.395191 0
    outer loop
      vertex 53.1913 17.5623 5
      vertex 53.1463 17.6669 0
      vertex 53.1463 17.6669 5
    endloop
  endfacet
  facet normal 0.918599 0.395191 0
    outer loop
      vertex 53.1463 17.6669 0
      vertex 53.1913 17.5623 5
      vertex 53.1913 17.5623 0
    endloop
  endfacet
  facet normal 0.969311 0.24584 0
    outer loop
      vertex 53.1097 17.7747 5
      vertex 53.0817 17.8851 0
      vertex 53.0817 17.8851 5
    endloop
  endfacet
  facet normal 0.969311 0.24584 0
    outer loop
      vertex 53.0817 17.8851 0
      vertex 53.1097 17.7747 5
      vertex 53.1097 17.7747 0
    endloop
  endfacet
  facet normal 0.885109 0.465384 0
    outer loop
      vertex 53.2443 17.4615 5
      vertex 53.1913 17.5623 0
      vertex 53.1913 17.5623 5
    endloop
  endfacet
  facet normal 0.885109 0.465384 0
    outer loop
      vertex 53.1913 17.5623 0
      vertex 53.2443 17.4615 5
      vertex 53.2443 17.4615 0
    endloop
  endfacet
  facet normal 0.999913 0.0131683 0
    outer loop
      vertex 53.052 18.1106 5
      vertex 53.0505 18.2245 0
      vertex 53.0505 18.2245 5
    endloop
  endfacet
  facet normal 0.999913 0.0131683 0
    outer loop
      vertex 53.0505 18.2245 0
      vertex 53.052 18.1106 5
      vertex 53.052 18.1106 0
    endloop
  endfacet
  facet normal 0.995814 0.0914074 0
    outer loop
      vertex 53.0624 17.9973 5
      vertex 53.052 18.1106 0
      vertex 53.052 18.1106 5
    endloop
  endfacet
  facet normal 0.995814 0.0914074 0
    outer loop
      vertex 53.052 18.1106 0
      vertex 53.0624 17.9973 5
      vertex 53.0624 17.9973 0
    endloop
  endfacet
  facet normal 0.989577 -0.144002 0
    outer loop
      vertex 53.0579 18.3381 5
      vertex 53.0743 18.4508 0
      vertex 53.0743 18.4508 5
    endloop
  endfacet
  facet normal 0.989577 -0.144002 0
    outer loop
      vertex 53.0743 18.4508 0
      vertex 53.0579 18.3381 5
      vertex 53.0579 18.3381 0
    endloop
  endfacet
  facet normal 0.143267 0.989684 -0
    outer loop
      vertex 54.3484 16.7445 0
      vertex 54.2358 16.7608 5
      vertex 54.3484 16.7445 5
    endloop
  endfacet
  facet normal 0.143267 0.989684 0
    outer loop
      vertex 54.2358 16.7608 5
      vertex 54.3484 16.7445 0
      vertex 54.2358 16.7608 0
    endloop
  endfacet
  facet normal 0.0658777 0.997828 -0
    outer loop
      vertex 54.462 16.737 0
      vertex 54.3484 16.7445 5
      vertex 54.462 16.737 5
    endloop
  endfacet
  facet normal 0.0658777 0.997828 0
    outer loop
      vertex 54.3484 16.7445 5
      vertex 54.462 16.737 0
      vertex 54.3484 16.7445 0
    endloop
  endfacet
  facet normal -0.321493 0.946912 0
    outer loop
      vertex 55.0196 16.8328 0
      vertex 54.9118 16.7962 5
      vertex 55.0196 16.8328 5
    endloop
  endfacet
  facet normal -0.321493 0.946912 0
    outer loop
      vertex 54.9118 16.7962 5
      vertex 55.0196 16.8328 0
      vertex 54.9118 16.7962 0
    endloop
  endfacet
  facet normal -0.246049 0.969257 0
    outer loop
      vertex 54.9118 16.7962 0
      vertex 54.8015 16.7682 5
      vertex 54.9118 16.7962 5
    endloop
  endfacet
  facet normal -0.246049 0.969257 0
    outer loop
      vertex 54.8015 16.7682 5
      vertex 54.9118 16.7962 0
      vertex 54.8015 16.7682 0
    endloop
  endfacet
  facet normal 0.441934 0.897047 -0
    outer loop
      vertex 53.9102 16.8619 0
      vertex 53.8081 16.9122 5
      vertex 53.9102 16.8619 5
    endloop
  endfacet
  facet normal 0.441934 0.897047 0
    outer loop
      vertex 53.8081 16.9122 5
      vertex 53.9102 16.8619 0
      vertex 53.8081 16.9122 0
    endloop
  endfacet
  facet normal 0.51204 0.858962 -0
    outer loop
      vertex 53.8081 16.9122 0
      vertex 53.7103 16.9705 5
      vertex 53.8081 16.9122 5
    endloop
  endfacet
  facet normal 0.51204 0.858962 0
    outer loop
      vertex 53.7103 16.9705 5
      vertex 53.8081 16.9122 0
      vertex 53.7103 16.9705 0
    endloop
  endfacet
  facet normal 0.639579 0.768725 -0
    outer loop
      vertex 53.6173 17.0362 0
      vertex 53.5298 17.109 5
      vertex 53.6173 17.0362 5
    endloop
  endfacet
  facet normal 0.639579 0.768725 0
    outer loop
      vertex 53.5298 17.109 5
      vertex 53.6173 17.0362 0
      vertex 53.5298 17.109 0
    endloop
  endfacet
  facet normal 0.576993 0.816749 -0
    outer loop
      vertex 53.7103 16.9705 0
      vertex 53.6173 17.0362 5
      vertex 53.7103 16.9705 5
    endloop
  endfacet
  facet normal 0.576993 0.816749 0
    outer loop
      vertex 53.6173 17.0362 5
      vertex 53.7103 16.9705 0
      vertex 53.6173 17.0362 0
    endloop
  endfacet
  facet normal 0.697379 0.716702 -0
    outer loop
      vertex 53.5298 17.109 0
      vertex 53.4482 17.1884 5
      vertex 53.5298 17.109 5
    endloop
  endfacet
  facet normal 0.697379 0.716702 0
    outer loop
      vertex 53.4482 17.1884 5
      vertex 53.5298 17.109 0
      vertex 53.4482 17.1884 0
    endloop
  endfacet
  facet normal 0.801263 0.598312 0
    outer loop
      vertex 53.3731 17.274 5
      vertex 53.305 17.3652 0
      vertex 53.305 17.3652 5
    endloop
  endfacet
  facet normal 0.801263 0.598312 0
    outer loop
      vertex 53.305 17.3652 0
      vertex 53.3731 17.274 5
      vertex 53.3731 17.274 0
    endloop
  endfacet
  facet normal -0.442641 -0.896699 0
    outer loop
      vertex 55.0898 19.5112 0
      vertex 55.1919 19.4608 5
      vertex 55.0898 19.5112 5
    endloop
  endfacet
  facet normal -0.442641 -0.896699 -0
    outer loop
      vertex 55.1919 19.4608 5
      vertex 55.0898 19.5112 0
      vertex 55.1919 19.4608 0
    endloop
  endfacet
  facet normal 0.246049 -0.969257 0
    outer loop
      vertex 54.0882 19.5768 0
      vertex 54.1985 19.6048 5
      vertex 54.0882 19.5768 5
    endloop
  endfacet
  facet normal 0.246049 -0.969257 0
    outer loop
      vertex 54.1985 19.6048 5
      vertex 54.0882 19.5768 0
      vertex 54.1985 19.6048 0
    endloop
  endfacet
  facet normal 0.769084 -0.639148 0
    outer loop
      vertex 53.3496 19.0692 5
      vertex 53.4224 19.1568 0
      vertex 53.4224 19.1568 5
    endloop
  endfacet
  facet normal 0.769084 -0.639148 0
    outer loop
      vertex 53.4224 19.1568 0
      vertex 53.3496 19.0692 5
      vertex 53.3496 19.0692 0
    endloop
  endfacet
  facet normal 0.928719 -0.370785 0
    outer loop
      vertex 53.1332 18.6706 5
      vertex 53.1754 18.7763 0
      vertex 53.1754 18.7763 5
    endloop
  endfacet
  facet normal 0.928719 -0.370785 0
    outer loop
      vertex 53.1754 18.7763 0
      vertex 53.1332 18.6706 5
      vertex 53.1332 18.6706 0
    endloop
  endfacet
  facet normal 0.946912 0.321493 0
    outer loop
      vertex 53.1463 17.6669 5
      vertex 53.1097 17.7747 0
      vertex 53.1097 17.7747 5
    endloop
  endfacet
  facet normal 0.946912 0.321493 0
    outer loop
      vertex 53.1097 17.7747 0
      vertex 53.1463 17.6669 5
      vertex 53.1463 17.6669 0
    endloop
  endfacet
  facet normal 0.845969 0.533233 0
    outer loop
      vertex 53.305 17.3652 5
      vertex 53.2443 17.4615 0
      vertex 53.2443 17.4615 5
    endloop
  endfacet
  facet normal 0.845969 0.533233 0
    outer loop
      vertex 53.2443 17.4615 0
      vertex 53.305 17.3652 5
      vertex 53.305 17.3652 0
    endloop
  endfacet
  facet normal 0.985526 0.169525 0
    outer loop
      vertex 53.0817 17.8851 5
      vertex 53.0624 17.9973 0
      vertex 53.0624 17.9973 5
    endloop
  endfacet
  facet normal 0.985526 0.169525 0
    outer loop
      vertex 53.0624 17.9973 0
      vertex 53.0817 17.8851 5
      vertex 53.0817 17.8851 0
    endloop
  endfacet
  facet normal -0.169525 0.985526 0
    outer loop
      vertex 54.8015 16.7682 0
      vertex 54.6893 16.7489 5
      vertex 54.8015 16.7682 5
    endloop
  endfacet
  facet normal -0.169525 0.985526 0
    outer loop
      vertex 54.6893 16.7489 5
      vertex 54.8015 16.7682 0
      vertex 54.6893 16.7489 0
    endloop
  endfacet
  facet normal -0.395191 0.918599 0
    outer loop
      vertex 55.1242 16.8778 0
      vertex 55.0196 16.8328 5
      vertex 55.1242 16.8778 5
    endloop
  endfacet
  facet normal -0.395191 0.918599 0
    outer loop
      vertex 55.0196 16.8328 5
      vertex 55.1242 16.8778 0
      vertex 55.0196 16.8328 0
    endloop
  endfacet
  facet normal -0.533861 0.845572 0
    outer loop
      vertex 55.3213 16.9916 0
      vertex 55.225 16.9308 5
      vertex 55.3213 16.9916 5
    endloop
  endfacet
  facet normal -0.533861 0.845572 0
    outer loop
      vertex 55.225 16.9308 5
      vertex 55.3213 16.9916 0
      vertex 55.225 16.9308 0
    endloop
  endfacet
  facet normal 0.370482 0.92884 -0
    outer loop
      vertex 54.016 16.8197 0
      vertex 53.9102 16.8619 5
      vertex 54.016 16.8197 5
    endloop
  endfacet
  facet normal 0.370482 0.92884 0
    outer loop
      vertex 53.9102 16.8619 5
      vertex 54.016 16.8197 0
      vertex 53.9102 16.8619 0
    endloop
  endfacet
  facet normal 0.751706 0.659499 0
    outer loop
      vertex 53.4482 17.1884 5
      vertex 53.3731 17.274 0
      vertex 53.3731 17.274 5
    endloop
  endfacet
  facet normal 0.751706 0.659499 0
    outer loop
      vertex 53.3731 17.274 0
      vertex 53.4482 17.1884 5
      vertex 53.4482 17.1884 0
    endloop
  endfacet
  facet normal 0.465384 -0.885109 0
    outer loop
      vertex 53.775 19.4423 0
      vertex 53.8758 19.4953 5
      vertex 53.775 19.4423 5
    endloop
  endfacet
  facet normal 0.465384 -0.885109 0
    outer loop
      vertex 53.8758 19.4953 5
      vertex 53.775 19.4423 0
      vertex 53.8758 19.4953 0
    endloop
  endfacet
  facet normal 0.0913275 -0.995821 0
    outer loop
      vertex 54.3107 19.6241 0
      vertex 54.4241 19.6345 5
      vertex 54.3107 19.6241 5
    endloop
  endfacet
  facet normal 0.0913275 -0.995821 0
    outer loop
      vertex 54.4241 19.6345 5
      vertex 54.3107 19.6241 0
      vertex 54.4241 19.6345 0
    endloop
  endfacet
  facet normal 0.321493 -0.946912 0
    outer loop
      vertex 53.9804 19.5402 0
      vertex 54.0882 19.5768 5
      vertex 53.9804 19.5402 5
    endloop
  endfacet
  facet normal 0.321493 -0.946912 0
    outer loop
      vertex 54.0882 19.5768 5
      vertex 53.9804 19.5402 0
      vertex 54.0882 19.5768 0
    endloop
  endfacet
  facet normal -0.954901 0.296924 0
    outer loop
      vertex 55.8668 17.7025 0
      vertex 55.9006 17.8112 5
      vertex 55.9006 17.8112 0
    endloop
  endfacet
  facet normal -0.954901 0.296924 0
    outer loop
      vertex 55.9006 17.8112 5
      vertex 55.8668 17.7025 0
      vertex 55.8668 17.7025 5
    endloop
  endfacet
  facet normal -0.859578 0.511005 0
    outer loop
      vertex 55.7161 17.3968 0
      vertex 55.7743 17.4947 5
      vertex 55.7743 17.4947 0
    endloop
  endfacet
  facet normal -0.859578 0.511005 0
    outer loop
      vertex 55.7743 17.4947 5
      vertex 55.7161 17.3968 0
      vertex 55.7161 17.3968 5
    endloop
  endfacet
  facet normal -0.928719 0.370785 0
    outer loop
      vertex 55.8246 17.5968 0
      vertex 55.8668 17.7025 5
      vertex 55.8668 17.7025 0
    endloop
  endfacet
  facet normal -0.928719 0.370785 0
    outer loop
      vertex 55.8668 17.7025 5
      vertex 55.8246 17.5968 0
      vertex 55.8246 17.5968 5
    endloop
  endfacet
  facet normal -0.716263 0.69783 0
    outer loop
      vertex 55.4981 17.1347 0
      vertex 55.5776 17.2163 5
      vertex 55.5776 17.2163 0
    endloop
  endfacet
  facet normal -0.716263 0.69783 0
    outer loop
      vertex 55.5776 17.2163 5
      vertex 55.4981 17.1347 0
      vertex 55.4981 17.1347 5
    endloop
  endfacet
  facet normal -0.598312 0.801263 0
    outer loop
      vertex 55.4125 17.0597 0
      vertex 55.3213 16.9916 5
      vertex 55.4125 17.0597 5
    endloop
  endfacet
  facet normal -0.598312 0.801263 0
    outer loop
      vertex 55.3213 16.9916 5
      vertex 55.4125 17.0597 0
      vertex 55.3213 16.9916 0
    endloop
  endfacet
  facet normal -0.659002 0.752141 0
    outer loop
      vertex 55.4981 17.1347 0
      vertex 55.4125 17.0597 5
      vertex 55.4981 17.1347 5
    endloop
  endfacet
  facet normal -0.659002 0.752141 0
    outer loop
      vertex 55.4125 17.0597 5
      vertex 55.4981 17.1347 0
      vertex 55.4125 17.0597 0
    endloop
  endfacet
  facet normal -0.576993 -0.816749 0
    outer loop
      vertex 55.2897 19.4026 0
      vertex 55.3827 19.3369 5
      vertex 55.2897 19.4026 5
    endloop
  endfacet
  facet normal -0.576993 -0.816749 -0
    outer loop
      vertex 55.3827 19.3369 5
      vertex 55.2897 19.4026 0
      vertex 55.3827 19.3369 0
    endloop
  endfacet
  facet normal -0.639579 -0.768725 0
    outer loop
      vertex 55.3827 19.3369 0
      vertex 55.4702 19.2641 5
      vertex 55.3827 19.3369 5
    endloop
  endfacet
  facet normal -0.639579 -0.768725 -0
    outer loop
      vertex 55.4702 19.2641 5
      vertex 55.3827 19.3369 0
      vertex 55.4702 19.2641 0
    endloop
  endfacet
  facet normal -0.801263 -0.598312 0
    outer loop
      vertex 55.695 19.0078 0
      vertex 55.6269 19.099 5
      vertex 55.6269 19.099 0
    endloop
  endfacet
  facet normal -0.801263 -0.598312 0
    outer loop
      vertex 55.6269 19.099 5
      vertex 55.695 19.0078 0
      vertex 55.695 19.0078 5
    endloop
  endfacet
  facet normal 0.897047 -0.441934 0
    outer loop
      vertex 53.1754 18.7763 5
      vertex 53.2257 18.8784 0
      vertex 53.2257 18.8784 5
    endloop
  endfacet
  facet normal 0.897047 -0.441934 0
    outer loop
      vertex 53.2257 18.8784 0
      vertex 53.1754 18.7763 5
      vertex 53.1754 18.7763 0
    endloop
  endfacet
  facet normal -0.0913275 0.995821 0
    outer loop
      vertex 54.6893 16.7489 0
      vertex 54.5759 16.7385 5
      vertex 54.6893 16.7489 5
    endloop
  endfacet
  facet normal -0.0913275 0.995821 0
    outer loop
      vertex 54.5759 16.7385 5
      vertex 54.6893 16.7489 0
      vertex 54.5759 16.7385 0
    endloop
  endfacet
  facet normal -0.465384 0.885109 0
    outer loop
      vertex 55.225 16.9308 0
      vertex 55.1242 16.8778 5
      vertex 55.225 16.9308 5
    endloop
  endfacet
  facet normal -0.465384 0.885109 0
    outer loop
      vertex 55.1242 16.8778 5
      vertex 55.225 16.9308 0
      vertex 55.1242 16.8778 0
    endloop
  endfacet
  facet normal 0.296924 0.954901 -0
    outer loop
      vertex 54.1247 16.7859 0
      vertex 54.016 16.8197 5
      vertex 54.1247 16.7859 5
    endloop
  endfacet
  facet normal 0.296924 0.954901 0
    outer loop
      vertex 54.016 16.8197 5
      vertex 54.1247 16.7859 0
      vertex 54.016 16.8197 0
    endloop
  endfacet
  facet normal -0.511391 -0.859348 0
    outer loop
      vertex 55.1919 19.4608 0
      vertex 55.2897 19.4026 5
      vertex 55.1919 19.4608 5
    endloop
  endfacet
  facet normal -0.511391 -0.859348 -0
    outer loop
      vertex 55.2897 19.4026 5
      vertex 55.1919 19.4608 0
      vertex 55.2897 19.4026 0
    endloop
  endfacet
  facet normal 0.394449 -0.918918 0
    outer loop
      vertex 53.8758 19.4953 0
      vertex 53.9804 19.5402 5
      vertex 53.8758 19.4953 5
    endloop
  endfacet
  facet normal 0.394449 -0.918918 0
    outer loop
      vertex 53.9804 19.5402 5
      vertex 53.8758 19.4953 0
      vertex 53.9804 19.5402 0
    endloop
  endfacet
  facet normal -0.845969 -0.533233 0
    outer loop
      vertex 55.7557 18.9115 0
      vertex 55.695 19.0078 5
      vertex 55.695 19.0078 0
    endloop
  endfacet
  facet normal -0.845969 -0.533233 0
    outer loop
      vertex 55.695 19.0078 5
      vertex 55.7557 18.9115 0
      vertex 55.7557 18.9115 5
    endloop
  endfacet
  facet normal -0.884556 -0.466434 0
    outer loop
      vertex 55.8088 18.8108 0
      vertex 55.7557 18.9115 5
      vertex 55.7557 18.9115 0
    endloop
  endfacet
  facet normal -0.884556 -0.466434 0
    outer loop
      vertex 55.7557 18.9115 5
      vertex 55.8088 18.8108 0
      vertex 55.8088 18.8108 5
    endloop
  endfacet
  facet normal -0.999913 -0.0131799 0
    outer loop
      vertex 55.9495 18.1486 0
      vertex 55.948 18.2624 5
      vertex 55.948 18.2624 0
    endloop
  endfacet
  facet normal -0.999913 -0.0131799 0
    outer loop
      vertex 55.948 18.2624 5
      vertex 55.9495 18.1486 0
      vertex 55.9495 18.1486 5
    endloop
  endfacet
  facet normal -0.989577 0.144002 0
    outer loop
      vertex 55.9257 17.9223 0
      vertex 55.9421 18.035 5
      vertex 55.9421 18.035 0
    endloop
  endfacet
  facet normal -0.989577 0.144002 0
    outer loop
      vertex 55.9421 18.035 5
      vertex 55.9257 17.9223 0
      vertex 55.9257 17.9223 5
    endloop
  endfacet
  facet normal -0.995821 -0.0913275 0
    outer loop
      vertex 55.948 18.2624 0
      vertex 55.9376 18.3758 5
      vertex 55.9376 18.3758 0
    endloop
  endfacet
  facet normal -0.995821 -0.0913275 0
    outer loop
      vertex 55.9376 18.3758 5
      vertex 55.948 18.2624 0
      vertex 55.948 18.2624 5
    endloop
  endfacet
  facet normal -0.975417 0.220369 0
    outer loop
      vertex 55.9006 17.8112 0
      vertex 55.9257 17.9223 5
      vertex 55.9257 17.9223 0
    endloop
  endfacet
  facet normal -0.975417 0.220369 0
    outer loop
      vertex 55.9257 17.9223 5
      vertex 55.9006 17.8112 0
      vertex 55.9006 17.8112 5
    endloop
  endfacet
  facet normal -0.897047 0.441934 0
    outer loop
      vertex 55.7743 17.4947 0
      vertex 55.8246 17.5968 5
      vertex 55.8246 17.5968 0
    endloop
  endfacet
  facet normal -0.897047 0.441934 0
    outer loop
      vertex 55.8246 17.5968 5
      vertex 55.7743 17.4947 0
      vertex 55.7743 17.4947 5
    endloop
  endfacet
  facet normal -0.69783 -0.716263 0
    outer loop
      vertex 55.4702 19.2641 0
      vertex 55.5518 19.1846 5
      vertex 55.4702 19.2641 5
    endloop
  endfacet
  facet normal -0.69783 -0.716263 -0
    outer loop
      vertex 55.5518 19.1846 5
      vertex 55.4702 19.2641 0
      vertex 55.5518 19.1846 0
    endloop
  endfacet
  facet normal -0.751706 -0.659499 0
    outer loop
      vertex 55.6269 19.099 0
      vertex 55.5518 19.1846 5
      vertex 55.5518 19.1846 0
    endloop
  endfacet
  facet normal -0.751706 -0.659499 0
    outer loop
      vertex 55.5518 19.1846 5
      vertex 55.6269 19.099 0
      vertex 55.6269 19.099 5
    endloop
  endfacet
  facet normal 0.0131683 -0.999913 0
    outer loop
      vertex 54.4241 19.6345 0
      vertex 54.538 19.636 5
      vertex 54.4241 19.6345 5
    endloop
  endfacet
  facet normal 0.0131683 -0.999913 0
    outer loop
      vertex 54.538 19.636 5
      vertex 54.4241 19.6345 0
      vertex 54.538 19.636 0
    endloop
  endfacet
  facet normal -0.0650031 -0.997885 0
    outer loop
      vertex 54.538 19.636 0
      vertex 54.6516 19.6286 5
      vertex 54.538 19.636 5
    endloop
  endfacet
  facet normal -0.0650031 -0.997885 -0
    outer loop
      vertex 54.6516 19.6286 5
      vertex 54.538 19.636 0
      vertex 54.6516 19.6286 0
    endloop
  endfacet
  facet normal -0.370482 -0.92884 0
    outer loop
      vertex 54.984 19.5534 0
      vertex 55.0898 19.5112 5
      vertex 54.984 19.5534 5
    endloop
  endfacet
  facet normal -0.370482 -0.92884 -0
    outer loop
      vertex 55.0898 19.5112 5
      vertex 54.984 19.5534 0
      vertex 55.0898 19.5112 0
    endloop
  endfacet
  facet normal -0.221204 -0.975228 0
    outer loop
      vertex 54.7642 19.6123 0
      vertex 54.8753 19.5871 5
      vertex 54.7642 19.6123 5
    endloop
  endfacet
  facet normal -0.221204 -0.975228 -0
    outer loop
      vertex 54.8753 19.5871 5
      vertex 54.7642 19.6123 0
      vertex 54.8753 19.5871 0
    endloop
  endfacet
  facet normal -0.296123 -0.95515 0
    outer loop
      vertex 54.8753 19.5871 0
      vertex 54.984 19.5534 5
      vertex 54.8753 19.5871 5
    endloop
  endfacet
  facet normal -0.296123 -0.95515 -0
    outer loop
      vertex 54.984 19.5534 5
      vertex 54.8753 19.5871 0
      vertex 54.984 19.5534 0
    endloop
  endfacet
  facet normal -0.997885 0.0650031 0
    outer loop
      vertex 55.9421 18.035 0
      vertex 55.9495 18.1486 5
      vertex 55.9495 18.1486 0
    endloop
  endfacet
  facet normal -0.997885 0.0650031 0
    outer loop
      vertex 55.9495 18.1486 5
      vertex 55.9421 18.035 0
      vertex 55.9421 18.035 5
    endloop
  endfacet
  facet normal -0.985526 -0.169525 0
    outer loop
      vertex 55.9376 18.3758 0
      vertex 55.9183 18.488 5
      vertex 55.9183 18.488 0
    endloop
  endfacet
  facet normal -0.985526 -0.169525 0
    outer loop
      vertex 55.9183 18.488 5
      vertex 55.9376 18.3758 0
      vertex 55.9376 18.3758 5
    endloop
  endfacet
  facet normal -0.816749 0.576993 0
    outer loop
      vertex 55.6504 17.3038 0
      vertex 55.7161 17.3968 5
      vertex 55.7161 17.3968 0
    endloop
  endfacet
  facet normal -0.816749 0.576993 0
    outer loop
      vertex 55.7161 17.3968 5
      vertex 55.6504 17.3038 0
      vertex 55.6504 17.3038 5
    endloop
  endfacet
  facet normal -0.768725 0.639579 0
    outer loop
      vertex 55.5776 17.2163 0
      vertex 55.6504 17.3038 5
      vertex 55.6504 17.3038 0
    endloop
  endfacet
  facet normal -0.768725 0.639579 0
    outer loop
      vertex 55.6504 17.3038 5
      vertex 55.5776 17.2163 0
      vertex 55.5776 17.2163 5
    endloop
  endfacet
  facet normal -0.969311 -0.24584 0
    outer loop
      vertex 55.9183 18.488 0
      vertex 55.8903 18.5984 5
      vertex 55.8903 18.5984 0
    endloop
  endfacet
  facet normal -0.969311 -0.24584 0
    outer loop
      vertex 55.8903 18.5984 5
      vertex 55.9183 18.488 0
      vertex 55.9183 18.488 5
    endloop
  endfacet
  facet normal -0.918918 -0.394449 0
    outer loop
      vertex 55.8537 18.7062 0
      vertex 55.8088 18.8108 5
      vertex 55.8088 18.8108 0
    endloop
  endfacet
  facet normal -0.918918 -0.394449 0
    outer loop
      vertex 55.8088 18.8108 5
      vertex 55.8537 18.7062 0
      vertex 55.8537 18.7062 5
    endloop
  endfacet
  facet normal -0.946912 -0.321493 0
    outer loop
      vertex 55.8903 18.5984 0
      vertex 55.8537 18.7062 5
      vertex 55.8537 18.7062 0
    endloop
  endfacet
  facet normal -0.946912 -0.321493 0
    outer loop
      vertex 55.8537 18.7062 5
      vertex 55.8903 18.5984 0
      vertex 55.8903 18.5984 5
    endloop
  endfacet
  facet normal 0.0131683 0.999913 -0
    outer loop
      vertex 54.538 -19.636 0
      vertex 54.4241 -19.6345 5
      vertex 54.538 -19.636 5
    endloop
  endfacet
  facet normal 0.0131683 0.999913 0
    outer loop
      vertex 54.4241 -19.6345 5
      vertex 54.538 -19.636 0
      vertex 54.4241 -19.6345 0
    endloop
  endfacet
  facet normal -0.768725 -0.639579 0
    outer loop
      vertex 55.6504 -17.3038 0
      vertex 55.5776 -17.2163 5
      vertex 55.5776 -17.2163 0
    endloop
  endfacet
  facet normal -0.768725 -0.639579 0
    outer loop
      vertex 55.5776 -17.2163 5
      vertex 55.6504 -17.3038 0
      vertex 55.6504 -17.3038 5
    endloop
  endfacet
  facet normal -0.928719 -0.370785 0
    outer loop
      vertex 55.8668 -17.7025 0
      vertex 55.8246 -17.5968 5
      vertex 55.8246 -17.5968 0
    endloop
  endfacet
  facet normal -0.928719 -0.370785 0
    outer loop
      vertex 55.8246 -17.5968 5
      vertex 55.8668 -17.7025 0
      vertex 55.8668 -17.7025 5
    endloop
  endfacet
  facet normal -0.395191 -0.918599 0
    outer loop
      vertex 55.0196 -16.8328 0
      vertex 55.1242 -16.8778 5
      vertex 55.0196 -16.8328 5
    endloop
  endfacet
  facet normal -0.395191 -0.918599 -0
    outer loop
      vertex 55.1242 -16.8778 5
      vertex 55.0196 -16.8328 0
      vertex 55.1242 -16.8778 0
    endloop
  endfacet
  facet normal 0.918599 -0.395191 0
    outer loop
      vertex 53.1463 -17.6669 5
      vertex 53.1913 -17.5623 0
      vertex 53.1913 -17.5623 5
    endloop
  endfacet
  facet normal 0.918599 -0.395191 0
    outer loop
      vertex 53.1913 -17.5623 0
      vertex 53.1463 -17.6669 5
      vertex 53.1463 -17.6669 0
    endloop
  endfacet
  facet normal 0.394449 0.918918 -0
    outer loop
      vertex 53.9804 -19.5402 0
      vertex 53.8758 -19.4953 5
      vertex 53.9804 -19.5402 5
    endloop
  endfacet
  facet normal 0.394449 0.918918 0
    outer loop
      vertex 53.8758 -19.4953 5
      vertex 53.9804 -19.5402 0
      vertex 53.8758 -19.4953 0
    endloop
  endfacet
  facet normal 0.169525 0.985526 -0
    outer loop
      vertex 54.3107 -19.6241 0
      vertex 54.1985 -19.6048 5
      vertex 54.3107 -19.6241 5
    endloop
  endfacet
  facet normal 0.169525 0.985526 0
    outer loop
      vertex 54.1985 -19.6048 5
      vertex 54.3107 -19.6241 0
      vertex 54.1985 -19.6048 0
    endloop
  endfacet
  facet normal -0.296123 0.95515 0
    outer loop
      vertex 54.984 -19.5534 0
      vertex 54.8753 -19.5871 5
      vertex 54.984 -19.5534 5
    endloop
  endfacet
  facet normal -0.296123 0.95515 0
    outer loop
      vertex 54.8753 -19.5871 5
      vertex 54.984 -19.5534 0
      vertex 54.8753 -19.5871 0
    endloop
  endfacet
  facet normal -0.69783 0.716263 0
    outer loop
      vertex 55.5518 -19.1846 0
      vertex 55.4702 -19.2641 5
      vertex 55.5518 -19.1846 5
    endloop
  endfacet
  facet normal -0.69783 0.716263 0
    outer loop
      vertex 55.4702 -19.2641 5
      vertex 55.5518 -19.1846 0
      vertex 55.4702 -19.2641 0
    endloop
  endfacet
  facet normal -0.511391 0.859348 0
    outer loop
      vertex 55.2897 -19.4026 0
      vertex 55.1919 -19.4608 5
      vertex 55.2897 -19.4026 5
    endloop
  endfacet
  facet normal -0.511391 0.859348 0
    outer loop
      vertex 55.1919 -19.4608 5
      vertex 55.2897 -19.4026 0
      vertex 55.1919 -19.4608 0
    endloop
  endfacet
  facet normal -0.370482 0.92884 0
    outer loop
      vertex 55.0898 -19.5112 0
      vertex 54.984 -19.5534 5
      vertex 55.0898 -19.5112 5
    endloop
  endfacet
  facet normal -0.370482 0.92884 0
    outer loop
      vertex 54.984 -19.5534 5
      vertex 55.0898 -19.5112 0
      vertex 54.984 -19.5534 0
    endloop
  endfacet
  facet normal -0.465384 -0.885109 0
    outer loop
      vertex 55.1242 -16.8778 0
      vertex 55.225 -16.9308 5
      vertex 55.1242 -16.8778 5
    endloop
  endfacet
  facet normal -0.465384 -0.885109 -0
    outer loop
      vertex 55.225 -16.9308 5
      vertex 55.1242 -16.8778 0
      vertex 55.225 -16.9308 0
    endloop
  endfacet
  facet normal -0.716263 -0.69783 0
    outer loop
      vertex 55.5776 -17.2163 0
      vertex 55.4981 -17.1347 5
      vertex 55.4981 -17.1347 0
    endloop
  endfacet
  facet normal -0.716263 -0.69783 0
    outer loop
      vertex 55.4981 -17.1347 5
      vertex 55.5776 -17.2163 0
      vertex 55.5776 -17.2163 5
    endloop
  endfacet
  facet normal -0.659002 -0.752141 0
    outer loop
      vertex 55.4125 -17.0597 0
      vertex 55.4981 -17.1347 5
      vertex 55.4125 -17.0597 5
    endloop
  endfacet
  facet normal -0.659002 -0.752141 -0
    outer loop
      vertex 55.4981 -17.1347 5
      vertex 55.4125 -17.0597 0
      vertex 55.4981 -17.1347 0
    endloop
  endfacet
  facet normal -0.816749 -0.576993 0
    outer loop
      vertex 55.7161 -17.3968 0
      vertex 55.6504 -17.3038 5
      vertex 55.6504 -17.3038 0
    endloop
  endfacet
  facet normal -0.816749 -0.576993 0
    outer loop
      vertex 55.6504 -17.3038 5
      vertex 55.7161 -17.3968 0
      vertex 55.7161 -17.3968 5
    endloop
  endfacet
  facet normal -0.859578 -0.511005 0
    outer loop
      vertex 55.7743 -17.4947 0
      vertex 55.7161 -17.3968 5
      vertex 55.7161 -17.3968 0
    endloop
  endfacet
  facet normal -0.859578 -0.511005 0
    outer loop
      vertex 55.7161 -17.3968 5
      vertex 55.7743 -17.4947 0
      vertex 55.7743 -17.4947 5
    endloop
  endfacet
  facet normal -0.985526 0.169525 0
    outer loop
      vertex 55.9183 -18.488 0
      vertex 55.9376 -18.3758 5
      vertex 55.9376 -18.3758 0
    endloop
  endfacet
  facet normal -0.985526 0.169525 0
    outer loop
      vertex 55.9376 -18.3758 5
      vertex 55.9183 -18.488 0
      vertex 55.9183 -18.488 5
    endloop
  endfacet
  facet normal -0.997885 -0.0650031 0
    outer loop
      vertex 55.9495 -18.1486 0
      vertex 55.9421 -18.035 5
      vertex 55.9421 -18.035 0
    endloop
  endfacet
  facet normal -0.997885 -0.0650031 0
    outer loop
      vertex 55.9421 -18.035 5
      vertex 55.9495 -18.1486 0
      vertex 55.9495 -18.1486 5
    endloop
  endfacet
  facet normal -0.989577 -0.144002 0
    outer loop
      vertex 55.9421 -18.035 0
      vertex 55.9257 -17.9223 5
      vertex 55.9257 -17.9223 0
    endloop
  endfacet
  facet normal -0.989577 -0.144002 0
    outer loop
      vertex 55.9257 -17.9223 5
      vertex 55.9421 -18.035 0
      vertex 55.9421 -18.035 5
    endloop
  endfacet
  facet normal -0.999913 0.0131799 0
    outer loop
      vertex 55.948 -18.2624 0
      vertex 55.9495 -18.1486 5
      vertex 55.9495 -18.1486 0
    endloop
  endfacet
  facet normal -0.999913 0.0131799 0
    outer loop
      vertex 55.9495 -18.1486 5
      vertex 55.948 -18.2624 0
      vertex 55.948 -18.2624 5
    endloop
  endfacet
  facet normal -0.975417 -0.220369 0
    outer loop
      vertex 55.9257 -17.9223 0
      vertex 55.9006 -17.8112 5
      vertex 55.9006 -17.8112 0
    endloop
  endfacet
  facet normal -0.975417 -0.220369 0
    outer loop
      vertex 55.9006 -17.8112 5
      vertex 55.9257 -17.9223 0
      vertex 55.9257 -17.9223 5
    endloop
  endfacet
  facet normal 0.465384 0.885109 -0
    outer loop
      vertex 53.8758 -19.4953 0
      vertex 53.775 -19.4423 5
      vertex 53.8758 -19.4953 5
    endloop
  endfacet
  facet normal 0.465384 0.885109 0
    outer loop
      vertex 53.775 -19.4423 5
      vertex 53.8758 -19.4953 0
      vertex 53.775 -19.4423 0
    endloop
  endfacet
  facet normal 0.659499 0.751706 -0
    outer loop
      vertex 53.5875 -19.3134 0
      vertex 53.5019 -19.2383 5
      vertex 53.5875 -19.3134 5
    endloop
  endfacet
  facet normal 0.659499 0.751706 0
    outer loop
      vertex 53.5019 -19.2383 5
      vertex 53.5875 -19.3134 0
      vertex 53.5019 -19.2383 0
    endloop
  endfacet
  facet normal 0.985526 -0.169525 0
    outer loop
      vertex 53.0624 -17.9973 5
      vertex 53.0817 -17.8851 0
      vertex 53.0817 -17.8851 5
    endloop
  endfacet
  facet normal 0.985526 -0.169525 0
    outer loop
      vertex 53.0817 -17.8851 0
      vertex 53.0624 -17.9973 5
      vertex 53.0624 -17.9973 0
    endloop
  endfacet
  facet normal 0.0913275 0.995821 -0
    outer loop
      vertex 54.4241 -19.6345 0
      vertex 54.3107 -19.6241 5
      vertex 54.4241 -19.6345 5
    endloop
  endfacet
  facet normal 0.0913275 0.995821 0
    outer loop
      vertex 54.3107 -19.6241 5
      vertex 54.4241 -19.6345 0
      vertex 54.3107 -19.6241 0
    endloop
  endfacet
  facet normal 0.321493 0.946912 -0
    outer loop
      vertex 54.0882 -19.5768 0
      vertex 53.9804 -19.5402 5
      vertex 54.0882 -19.5768 5
    endloop
  endfacet
  facet normal 0.321493 0.946912 0
    outer loop
      vertex 53.9804 -19.5402 5
      vertex 54.0882 -19.5768 0
      vertex 53.9804 -19.5402 0
    endloop
  endfacet
  facet normal 0.246049 0.969257 -0
    outer loop
      vertex 54.1985 -19.6048 0
      vertex 54.0882 -19.5768 5
      vertex 54.1985 -19.6048 5
    endloop
  endfacet
  facet normal 0.246049 0.969257 0
    outer loop
      vertex 54.0882 -19.5768 5
      vertex 54.1985 -19.6048 0
      vertex 54.0882 -19.5768 0
    endloop
  endfacet
  facet normal -0.0650031 0.997885 0
    outer loop
      vertex 54.6516 -19.6286 0
      vertex 54.538 -19.636 5
      vertex 54.6516 -19.6286 5
    endloop
  endfacet
  facet normal -0.0650031 0.997885 0
    outer loop
      vertex 54.538 -19.636 5
      vertex 54.6516 -19.6286 0
      vertex 54.538 -19.636 0
    endloop
  endfacet
  facet normal -0.143267 0.989684 0
    outer loop
      vertex 54.7642 -19.6123 0
      vertex 54.6516 -19.6286 5
      vertex 54.7642 -19.6123 5
    endloop
  endfacet
  facet normal -0.143267 0.989684 0
    outer loop
      vertex 54.6516 -19.6286 5
      vertex 54.7642 -19.6123 0
      vertex 54.6516 -19.6286 0
    endloop
  endfacet
  facet normal -0.801263 0.598312 0
    outer loop
      vertex 55.6269 -19.099 0
      vertex 55.695 -19.0078 5
      vertex 55.695 -19.0078 0
    endloop
  endfacet
  facet normal -0.801263 0.598312 0
    outer loop
      vertex 55.695 -19.0078 5
      vertex 55.6269 -19.099 0
      vertex 55.6269 -19.099 5
    endloop
  endfacet
  facet normal -0.884556 0.466434 0
    outer loop
      vertex 55.7557 -18.9115 0
      vertex 55.8088 -18.8108 5
      vertex 55.8088 -18.8108 0
    endloop
  endfacet
  facet normal -0.884556 0.466434 0
    outer loop
      vertex 55.8088 -18.8108 5
      vertex 55.7557 -18.9115 0
      vertex 55.7557 -18.9115 5
    endloop
  endfacet
  facet normal -0.751706 0.659499 0
    outer loop
      vertex 55.5518 -19.1846 0
      vertex 55.6269 -19.099 5
      vertex 55.6269 -19.099 0
    endloop
  endfacet
  facet normal -0.751706 0.659499 0
    outer loop
      vertex 55.6269 -19.099 5
      vertex 55.5518 -19.1846 0
      vertex 55.5518 -19.1846 5
    endloop
  endfacet
  facet normal -0.576993 0.816749 0
    outer loop
      vertex 55.3827 -19.3369 0
      vertex 55.2897 -19.4026 5
      vertex 55.3827 -19.3369 5
    endloop
  endfacet
  facet normal -0.576993 0.816749 0
    outer loop
      vertex 55.2897 -19.4026 5
      vertex 55.3827 -19.3369 0
      vertex 55.2897 -19.4026 0
    endloop
  endfacet
  facet normal -0.442641 0.896699 0
    outer loop
      vertex 55.1919 -19.4608 0
      vertex 55.0898 -19.5112 5
      vertex 55.1919 -19.4608 5
    endloop
  endfacet
  facet normal -0.442641 0.896699 0
    outer loop
      vertex 55.0898 -19.5112 5
      vertex 55.1919 -19.4608 0
      vertex 55.0898 -19.5112 0
    endloop
  endfacet
  facet normal -0.598312 -0.801263 0
    outer loop
      vertex 55.3213 -16.9916 0
      vertex 55.4125 -17.0597 5
      vertex 55.3213 -16.9916 5
    endloop
  endfacet
  facet normal -0.598312 -0.801263 -0
    outer loop
      vertex 55.4125 -17.0597 5
      vertex 55.3213 -16.9916 0
      vertex 55.4125 -17.0597 0
    endloop
  endfacet
  facet normal -0.533861 -0.845572 0
    outer loop
      vertex 55.225 -16.9308 0
      vertex 55.3213 -16.9916 5
      vertex 55.225 -16.9308 5
    endloop
  endfacet
  facet normal -0.533861 -0.845572 -0
    outer loop
      vertex 55.3213 -16.9916 5
      vertex 55.225 -16.9308 0
      vertex 55.3213 -16.9916 0
    endloop
  endfacet
  facet normal -0.897047 -0.441934 0
    outer loop
      vertex 55.8246 -17.5968 0
      vertex 55.7743 -17.4947 5
      vertex 55.7743 -17.4947 0
    endloop
  endfacet
  facet normal -0.897047 -0.441934 0
    outer loop
      vertex 55.7743 -17.4947 5
      vertex 55.8246 -17.5968 0
      vertex 55.8246 -17.5968 5
    endloop
  endfacet
  facet normal -0.995821 0.0913275 0
    outer loop
      vertex 55.9376 -18.3758 0
      vertex 55.948 -18.2624 5
      vertex 55.948 -18.2624 0
    endloop
  endfacet
  facet normal -0.995821 0.0913275 0
    outer loop
      vertex 55.948 -18.2624 5
      vertex 55.9376 -18.3758 0
      vertex 55.9376 -18.3758 5
    endloop
  endfacet
  facet normal -0.969311 0.24584 0
    outer loop
      vertex 55.8903 -18.5984 0
      vertex 55.9183 -18.488 5
      vertex 55.9183 -18.488 0
    endloop
  endfacet
  facet normal -0.969311 0.24584 0
    outer loop
      vertex 55.9183 -18.488 5
      vertex 55.8903 -18.5984 0
      vertex 55.8903 -18.5984 5
    endloop
  endfacet
  facet normal -0.946912 0.321493 0
    outer loop
      vertex 55.8537 -18.7062 0
      vertex 55.8903 -18.5984 5
      vertex 55.8903 -18.5984 0
    endloop
  endfacet
  facet normal -0.946912 0.321493 0
    outer loop
      vertex 55.8903 -18.5984 5
      vertex 55.8537 -18.7062 0
      vertex 55.8537 -18.7062 5
    endloop
  endfacet
  facet normal -0.918918 0.394449 0
    outer loop
      vertex 55.8088 -18.8108 0
      vertex 55.8537 -18.7062 5
      vertex 55.8537 -18.7062 0
    endloop
  endfacet
  facet normal -0.918918 0.394449 0
    outer loop
      vertex 55.8537 -18.7062 5
      vertex 55.8088 -18.8108 0
      vertex 55.8088 -18.8108 5
    endloop
  endfacet
  facet normal -0.954901 -0.296924 0
    outer loop
      vertex 55.9006 -17.8112 0
      vertex 55.8668 -17.7025 5
      vertex 55.8668 -17.7025 0
    endloop
  endfacet
  facet normal -0.954901 -0.296924 0
    outer loop
      vertex 55.8668 -17.7025 5
      vertex 55.9006 -17.8112 0
      vertex 55.9006 -17.8112 5
    endloop
  endfacet
  facet normal 0.533861 0.845572 -0
    outer loop
      vertex 53.775 -19.4423 0
      vertex 53.6787 -19.3815 5
      vertex 53.775 -19.4423 5
    endloop
  endfacet
  facet normal 0.533861 0.845572 0
    outer loop
      vertex 53.6787 -19.3815 5
      vertex 53.775 -19.4423 0
      vertex 53.6787 -19.3815 0
    endloop
  endfacet
  facet normal 0.598312 0.801263 -0
    outer loop
      vertex 53.6787 -19.3815 0
      vertex 53.5875 -19.3134 5
      vertex 53.6787 -19.3815 5
    endloop
  endfacet
  facet normal 0.598312 0.801263 0
    outer loop
      vertex 53.5875 -19.3134 5
      vertex 53.6787 -19.3815 0
      vertex 53.5875 -19.3134 0
    endloop
  endfacet
  facet normal 0.816456 0.577408 0
    outer loop
      vertex 53.3496 -19.0692 5
      vertex 53.2839 -18.9763 0
      vertex 53.2839 -18.9763 5
    endloop
  endfacet
  facet normal 0.816456 0.577408 0
    outer loop
      vertex 53.2839 -18.9763 0
      vertex 53.3496 -19.0692 5
      vertex 53.3496 -19.0692 0
    endloop
  endfacet
  facet normal 0.715835 0.698269 0
    outer loop
      vertex 53.5019 -19.2383 5
      vertex 53.4224 -19.1568 0
      vertex 53.4224 -19.1568 5
    endloop
  endfacet
  facet normal 0.715835 0.698269 0
    outer loop
      vertex 53.4224 -19.1568 0
      vertex 53.5019 -19.2383 5
      vertex 53.5019 -19.2383 0
    endloop
  endfacet
  facet normal 0.999913 -0.0131683 0
    outer loop
      vertex 53.0505 -18.2245 5
      vertex 53.052 -18.1106 0
      vertex 53.052 -18.1106 5
    endloop
  endfacet
  facet normal 0.999913 -0.0131683 0
    outer loop
      vertex 53.052 -18.1106 0
      vertex 53.0505 -18.2245 5
      vertex 53.0505 -18.2245 0
    endloop
  endfacet
  facet normal 0.769084 0.639148 0
    outer loop
      vertex 53.4224 -19.1568 5
      vertex 53.3496 -19.0692 0
      vertex 53.3496 -19.0692 5
    endloop
  endfacet
  facet normal 0.769084 0.639148 0
    outer loop
      vertex 53.3496 -19.0692 0
      vertex 53.4224 -19.1568 5
      vertex 53.4224 -19.1568 0
    endloop
  endfacet
  facet normal 0.751706 -0.659499 0
    outer loop
      vertex 53.3731 -17.274 5
      vertex 53.4482 -17.1884 0
      vertex 53.4482 -17.1884 5
    endloop
  endfacet
  facet normal 0.751706 -0.659499 0
    outer loop
      vertex 53.4482 -17.1884 0
      vertex 53.3731 -17.274 5
      vertex 53.3731 -17.274 0
    endloop
  endfacet
  facet normal -0.0131683 -0.999913 0
    outer loop
      vertex 54.462 -16.737 0
      vertex 54.5759 -16.7385 5
      vertex 54.462 -16.737 5
    endloop
  endfacet
  facet normal -0.0131683 -0.999913 -0
    outer loop
      vertex 54.5759 -16.7385 5
      vertex 54.462 -16.737 0
      vertex 54.5759 -16.7385 0
    endloop
  endfacet
  facet normal 0.969311 -0.24584 0
    outer loop
      vertex 53.0817 -17.8851 5
      vertex 53.1097 -17.7747 0
      vertex 53.1097 -17.7747 5
    endloop
  endfacet
  facet normal 0.969311 -0.24584 0
    outer loop
      vertex 53.1097 -17.7747 0
      vertex 53.0817 -17.8851 5
      vertex 53.0817 -17.8851 0
    endloop
  endfacet
  facet normal 0.946912 -0.321493 0
    outer loop
      vertex 53.1097 -17.7747 5
      vertex 53.1463 -17.6669 0
      vertex 53.1463 -17.6669 5
    endloop
  endfacet
  facet normal 0.946912 -0.321493 0
    outer loop
      vertex 53.1463 -17.6669 0
      vertex 53.1097 -17.7747 5
      vertex 53.1097 -17.7747 0
    endloop
  endfacet
  facet normal 0.995814 -0.0914074 0
    outer loop
      vertex 53.052 -18.1106 5
      vertex 53.0624 -17.9973 0
      vertex 53.0624 -17.9973 5
    endloop
  endfacet
  facet normal 0.995814 -0.0914074 0
    outer loop
      vertex 53.0624 -17.9973 0
      vertex 53.052 -18.1106 5
      vertex 53.052 -18.1106 0
    endloop
  endfacet
  facet normal -0.221204 0.975228 0
    outer loop
      vertex 54.8753 -19.5871 0
      vertex 54.7642 -19.6123 5
      vertex 54.8753 -19.5871 5
    endloop
  endfacet
  facet normal -0.221204 0.975228 0
    outer loop
      vertex 54.7642 -19.6123 5
      vertex 54.8753 -19.5871 0
      vertex 54.7642 -19.6123 0
    endloop
  endfacet
  facet normal -0.845969 0.533233 0
    outer loop
      vertex 55.695 -19.0078 0
      vertex 55.7557 -18.9115 5
      vertex 55.7557 -18.9115 0
    endloop
  endfacet
  facet normal -0.845969 0.533233 0
    outer loop
      vertex 55.7557 -18.9115 5
      vertex 55.695 -19.0078 0
      vertex 55.695 -19.0078 5
    endloop
  endfacet
  facet normal -0.639579 0.768725 0
    outer loop
      vertex 55.4702 -19.2641 0
      vertex 55.3827 -19.3369 5
      vertex 55.4702 -19.2641 5
    endloop
  endfacet
  facet normal -0.639579 0.768725 0
    outer loop
      vertex 55.3827 -19.3369 5
      vertex 55.4702 -19.2641 0
      vertex 55.3827 -19.3369 0
    endloop
  endfacet
  facet normal 0.989577 0.144002 0
    outer loop
      vertex 53.0743 -18.4508 5
      vertex 53.0579 -18.3381 0
      vertex 53.0579 -18.3381 5
    endloop
  endfacet
  facet normal 0.989577 0.144002 0
    outer loop
      vertex 53.0579 -18.3381 0
      vertex 53.0743 -18.4508 5
      vertex 53.0743 -18.4508 0
    endloop
  endfacet
  facet normal 0.928719 0.370785 0
    outer loop
      vertex 53.1754 -18.7763 5
      vertex 53.1332 -18.6706 0
      vertex 53.1332 -18.6706 5
    endloop
  endfacet
  facet normal 0.928719 0.370785 0
    outer loop
      vertex 53.1332 -18.6706 0
      vertex 53.1754 -18.7763 5
      vertex 53.1754 -18.7763 0
    endloop
  endfacet
  facet normal 0.370482 -0.92884 0
    outer loop
      vertex 53.9102 -16.8619 0
      vertex 54.016 -16.8197 5
      vertex 53.9102 -16.8619 5
    endloop
  endfacet
  facet normal 0.370482 -0.92884 0
    outer loop
      vertex 54.016 -16.8197 5
      vertex 53.9102 -16.8619 0
      vertex 54.016 -16.8197 0
    endloop
  endfacet
  facet normal 0.576993 -0.816749 0
    outer loop
      vertex 53.6173 -17.0362 0
      vertex 53.7103 -16.9705 5
      vertex 53.6173 -17.0362 5
    endloop
  endfacet
  facet normal 0.576993 -0.816749 0
    outer loop
      vertex 53.7103 -16.9705 5
      vertex 53.6173 -17.0362 0
      vertex 53.7103 -16.9705 0
    endloop
  endfacet
  facet normal 0.845969 -0.533233 0
    outer loop
      vertex 53.2443 -17.4615 5
      vertex 53.305 -17.3652 0
      vertex 53.305 -17.3652 5
    endloop
  endfacet
  facet normal 0.845969 -0.533233 0
    outer loop
      vertex 53.305 -17.3652 0
      vertex 53.2443 -17.4615 5
      vertex 53.2443 -17.4615 0
    endloop
  endfacet
  facet normal 0.885109 -0.465384 0
    outer loop
      vertex 53.1913 -17.5623 5
      vertex 53.2443 -17.4615 0
      vertex 53.2443 -17.4615 5
    endloop
  endfacet
  facet normal 0.885109 -0.465384 0
    outer loop
      vertex 53.2443 -17.4615 0
      vertex 53.1913 -17.5623 5
      vertex 53.1913 -17.5623 0
    endloop
  endfacet
  facet normal -0.246049 -0.969257 0
    outer loop
      vertex 54.8015 -16.7682 0
      vertex 54.9118 -16.7962 5
      vertex 54.8015 -16.7682 5
    endloop
  endfacet
  facet normal -0.246049 -0.969257 -0
    outer loop
      vertex 54.9118 -16.7962 5
      vertex 54.8015 -16.7682 0
      vertex 54.9118 -16.7962 0
    endloop
  endfacet
  facet normal -0.0913275 -0.995821 0
    outer loop
      vertex 54.5759 -16.7385 0
      vertex 54.6893 -16.7489 5
      vertex 54.5759 -16.7385 5
    endloop
  endfacet
  facet normal -0.0913275 -0.995821 -0
    outer loop
      vertex 54.6893 -16.7489 5
      vertex 54.5759 -16.7385 0
      vertex 54.6893 -16.7489 0
    endloop
  endfacet
  facet normal -0.169525 -0.985526 0
    outer loop
      vertex 54.6893 -16.7489 0
      vertex 54.8015 -16.7682 5
      vertex 54.6893 -16.7489 5
    endloop
  endfacet
  facet normal -0.169525 -0.985526 -0
    outer loop
      vertex 54.8015 -16.7682 5
      vertex 54.6893 -16.7489 0
      vertex 54.8015 -16.7682 0
    endloop
  endfacet
  facet normal 0.997885 0.0650031 0
    outer loop
      vertex 53.0579 -18.3381 5
      vertex 53.0505 -18.2245 0
      vertex 53.0505 -18.2245 5
    endloop
  endfacet
  facet normal 0.997885 0.0650031 0
    outer loop
      vertex 53.0505 -18.2245 0
      vertex 53.0579 -18.3381 5
      vertex 53.0579 -18.3381 0
    endloop
  endfacet
  facet normal 0.897047 0.441934 0
    outer loop
      vertex 53.2257 -18.8784 5
      vertex 53.1754 -18.7763 0
      vertex 53.1754 -18.7763 5
    endloop
  endfacet
  facet normal 0.897047 0.441934 0
    outer loop
      vertex 53.1754 -18.7763 0
      vertex 53.2257 -18.8784 5
      vertex 53.2257 -18.8784 0
    endloop
  endfacet
  facet normal 0.859578 0.511005 0
    outer loop
      vertex 53.2839 -18.9763 5
      vertex 53.2257 -18.8784 0
      vertex 53.2257 -18.8784 5
    endloop
  endfacet
  facet normal 0.859578 0.511005 0
    outer loop
      vertex 53.2257 -18.8784 0
      vertex 53.2839 -18.9763 5
      vertex 53.2839 -18.9763 0
    endloop
  endfacet
  facet normal 0.51204 -0.858962 0
    outer loop
      vertex 53.7103 -16.9705 0
      vertex 53.8081 -16.9122 5
      vertex 53.7103 -16.9705 5
    endloop
  endfacet
  facet normal 0.51204 -0.858962 0
    outer loop
      vertex 53.8081 -16.9122 5
      vertex 53.7103 -16.9705 0
      vertex 53.8081 -16.9122 0
    endloop
  endfacet
  facet normal 0.639579 -0.768725 0
    outer loop
      vertex 53.5298 -17.109 0
      vertex 53.6173 -17.0362 5
      vertex 53.5298 -17.109 5
    endloop
  endfacet
  facet normal 0.639579 -0.768725 0
    outer loop
      vertex 53.6173 -17.0362 5
      vertex 53.5298 -17.109 0
      vertex 53.6173 -17.0362 0
    endloop
  endfacet
  facet normal 0.697379 -0.716702 0
    outer loop
      vertex 53.4482 -17.1884 0
      vertex 53.5298 -17.109 5
      vertex 53.4482 -17.1884 5
    endloop
  endfacet
  facet normal 0.697379 -0.716702 0
    outer loop
      vertex 53.5298 -17.109 5
      vertex 53.4482 -17.1884 0
      vertex 53.5298 -17.109 0
    endloop
  endfacet
  facet normal 0.801263 -0.598312 0
    outer loop
      vertex 53.305 -17.3652 5
      vertex 53.3731 -17.274 0
      vertex 53.3731 -17.274 5
    endloop
  endfacet
  facet normal 0.801263 -0.598312 0
    outer loop
      vertex 53.3731 -17.274 0
      vertex 53.305 -17.3652 5
      vertex 53.305 -17.3652 0
    endloop
  endfacet
  facet normal 0.0658777 -0.997828 0
    outer loop
      vertex 54.3484 -16.7445 0
      vertex 54.462 -16.737 5
      vertex 54.3484 -16.7445 5
    endloop
  endfacet
  facet normal 0.0658777 -0.997828 0
    outer loop
      vertex 54.462 -16.737 5
      vertex 54.3484 -16.7445 0
      vertex 54.462 -16.737 0
    endloop
  endfacet
  facet normal 0.296924 -0.954901 0
    outer loop
      vertex 54.016 -16.8197 0
      vertex 54.1247 -16.7859 5
      vertex 54.016 -16.8197 5
    endloop
  endfacet
  facet normal 0.296924 -0.954901 0
    outer loop
      vertex 54.1247 -16.7859 5
      vertex 54.016 -16.8197 0
      vertex 54.1247 -16.7859 0
    endloop
  endfacet
  facet normal -0.321493 -0.946912 0
    outer loop
      vertex 54.9118 -16.7962 0
      vertex 55.0196 -16.8328 5
      vertex 54.9118 -16.7962 5
    endloop
  endfacet
  facet normal -0.321493 -0.946912 -0
    outer loop
      vertex 55.0196 -16.8328 5
      vertex 54.9118 -16.7962 0
      vertex 55.0196 -16.8328 0
    endloop
  endfacet
  facet normal 0.954978 0.296675 0
    outer loop
      vertex 53.1332 -18.6706 5
      vertex 53.0994 -18.5618 0
      vertex 53.0994 -18.5618 5
    endloop
  endfacet
  facet normal 0.954978 0.296675 0
    outer loop
      vertex 53.0994 -18.5618 0
      vertex 53.1332 -18.6706 5
      vertex 53.1332 -18.6706 0
    endloop
  endfacet
  facet normal 0.975374 0.220558 0
    outer loop
      vertex 53.0994 -18.5618 5
      vertex 53.0743 -18.4508 0
      vertex 53.0743 -18.4508 5
    endloop
  endfacet
  facet normal 0.975374 0.220558 0
    outer loop
      vertex 53.0743 -18.4508 0
      vertex 53.0994 -18.5618 5
      vertex 53.0994 -18.5618 0
    endloop
  endfacet
  facet normal 0.441934 -0.897047 0
    outer loop
      vertex 53.8081 -16.9122 0
      vertex 53.9102 -16.8619 5
      vertex 53.8081 -16.9122 5
    endloop
  endfacet
  facet normal 0.441934 -0.897047 0
    outer loop
      vertex 53.9102 -16.8619 5
      vertex 53.8081 -16.9122 0
      vertex 53.9102 -16.8619 0
    endloop
  endfacet
  facet normal 0.220369 -0.975417 0
    outer loop
      vertex 54.1247 -16.7859 0
      vertex 54.2358 -16.7608 5
      vertex 54.1247 -16.7859 5
    endloop
  endfacet
  facet normal 0.220369 -0.975417 0
    outer loop
      vertex 54.2358 -16.7608 5
      vertex 54.1247 -16.7859 0
      vertex 54.2358 -16.7608 0
    endloop
  endfacet
  facet normal 0.143267 -0.989684 0
    outer loop
      vertex 54.2358 -16.7608 0
      vertex 54.3484 -16.7445 5
      vertex 54.2358 -16.7608 5
    endloop
  endfacet
  facet normal 0.143267 -0.989684 0
    outer loop
      vertex 54.3484 -16.7445 5
      vertex 54.2358 -16.7608 0
      vertex 54.3484 -16.7445 0
    endloop
  endfacet
  facet normal 0.678822 0.734303 -0
    outer loop
      vertex 84.4454 19.4454 0
      vertex 82.8598 20.9112 5
      vertex 84.4454 19.4454 5
    endloop
  endfacet
  facet normal 0.678822 0.734303 0
    outer loop
      vertex 82.8598 20.9112 5
      vertex 84.4454 19.4454 0
      vertex 82.8598 20.9112 0
    endloop
  endfacet
  facet normal -0.346135 0.938185 0
    outer loop
      vertex 56.502 26.1541 0
      vertex 54.4762 25.4067 5
      vertex 56.502 26.1541 5
    endloop
  endfacet
  facet normal -0.346135 0.938185 0
    outer loop
      vertex 54.4762 25.4067 5
      vertex 56.502 26.1541 0
      vertex 54.4762 25.4067 0
    endloop
  endfacet
  facet normal -0.908141 0.418665 0
    outer loop
      vertex 39.5933 10.5238 0
      vertex 40.4973 12.4847 5
      vertex 40.4973 12.4847 0
    endloop
  endfacet
  facet normal -0.908141 0.418665 0
    outer loop
      vertex 40.4973 12.4847 5
      vertex 39.5933 10.5238 0
      vertex 39.5933 10.5238 5
    endloop
  endfacet
  facet normal -0.418665 -0.908141 0
    outer loop
      vertex 52.5153 -24.5027 0
      vertex 54.4762 -25.4067 5
      vertex 52.5153 -24.5027 5
    endloop
  endfacet
  facet normal -0.418665 -0.908141 -0
    outer loop
      vertex 54.4762 -25.4067 5
      vertex 52.5153 -24.5027 0
      vertex 54.4762 -25.4067 0
    endloop
  endfacet
  facet normal 0.938187 0.34613 0
    outer loop
      vertex 91.1541 8.49797 5
      vertex 90.4067 10.5238 0
      vertex 90.4067 10.5238 5
    endloop
  endfacet
  facet normal 0.938187 0.34613 0
    outer loop
      vertex 90.4067 10.5238 0
      vertex 91.1541 8.49797 5
      vertex 91.1541 8.49797 0
    endloop
  endfacet
  facet normal 0.908141 0.418665 0
    outer loop
      vertex 90.4067 10.5238 5
      vertex 89.5027 12.4847 0
      vertex 89.5027 12.4847 5
    endloop
  endfacet
  facet normal 0.908141 0.418665 0
    outer loop
      vertex 89.5027 12.4847 0
      vertex 90.4067 10.5238 5
      vertex 90.4067 10.5238 0
    endloop
  endfacet
  facet normal 0.418665 0.908141 -0
    outer loop
      vertex 77.4847 24.5027 0
      vertex 75.5238 25.4067 5
      vertex 77.4847 24.5027 5
    endloop
  endfacet
  facet normal 0.418665 0.908141 0
    outer loop
      vertex 75.5238 25.4067 5
      vertex 77.4847 24.5027 0
      vertex 75.5238 25.4067 0
    endloop
  endfacet
  facet normal 0.195065 0.98079 -0
    outer loop
      vertex 71.4197 26.7402 0
      vertex 69.3019 27.1614 5
      vertex 71.4197 26.7402 5
    endloop
  endfacet
  facet normal 0.195065 0.98079 0
    outer loop
      vertex 69.3019 27.1614 5
      vertex 71.4197 26.7402 0
      vertex 69.3019 27.1614 0
    endloop
  endfacet
  facet normal -0.98079 0.195065 0
    outer loop
      vertex 37.8386 4.30195 0
      vertex 38.2598 6.41975 5
      vertex 38.2598 6.41975 0
    endloop
  endfacet
  facet normal -0.98079 0.195065 0
    outer loop
      vertex 38.2598 6.41975 5
      vertex 37.8386 4.30195 0
      vertex 37.8386 4.30195 5
    endloop
  endfacet
  facet normal -0.734303 0.678822 0
    outer loop
      vertex 44.0888 17.8598 0
      vertex 45.5546 19.4454 5
      vertex 45.5546 19.4454 0
    endloop
  endfacet
  facet normal -0.734303 0.678822 0
    outer loop
      vertex 45.5546 19.4454 5
      vertex 44.0888 17.8598 0
      vertex 44.0888 17.8598 5
    endloop
  endfacet
  facet normal -0.195065 0.98079 0
    outer loop
      vertex 60.6981 27.1614 0
      vertex 58.5803 26.7402 5
      vertex 60.6981 27.1614 5
    endloop
  endfacet
  facet normal -0.195065 0.98079 0
    outer loop
      vertex 58.5803 26.7402 5
      vertex 60.6981 27.1614 0
      vertex 58.5803 26.7402 0
    endloop
  endfacet
  facet normal 0.999229 -0.0392722 0
    outer loop
      vertex 92.4152 -2.15762 5
      vertex 92.5 0 0
      vertex 92.5 0 5
    endloop
  endfacet
  facet normal 0.999229 -0.0392722 0
    outer loop
      vertex 92.5 0 0
      vertex 92.4152 -2.15762 5
      vertex 92.4152 -2.15762 0
    endloop
  endfacet
  facet normal 0.734303 -0.678822 0
    outer loop
      vertex 84.4454 -19.4454 5
      vertex 85.9112 -17.8598 0
      vertex 85.9112 -17.8598 5
    endloop
  endfacet
  facet normal 0.734303 -0.678822 0
    outer loop
      vertex 85.9112 -17.8598 0
      vertex 84.4454 -19.4454 5
      vertex 84.4454 -19.4454 0
    endloop
  endfacet
  facet normal -0.195065 -0.98079 0
    outer loop
      vertex 58.5803 -26.7402 0
      vertex 60.6981 -27.1614 5
      vertex 58.5803 -26.7402 5
    endloop
  endfacet
  facet normal -0.195065 -0.98079 -0
    outer loop
      vertex 60.6981 -27.1614 5
      vertex 58.5803 -26.7402 0
      vertex 60.6981 -27.1614 0
    endloop
  endfacet
  facet normal -0.678822 -0.734303 0
    outer loop
      vertex 45.5546 -19.4454 0
      vertex 47.1402 -20.9112 5
      vertex 45.5546 -19.4454 5
    endloop
  endfacet
  facet normal -0.678822 -0.734303 -0
    outer loop
      vertex 47.1402 -20.9112 5
      vertex 45.5546 -19.4454 0
      vertex 47.1402 -20.9112 0
    endloop
  endfacet
  facet normal -0.938187 -0.34613 0
    outer loop
      vertex 39.5933 -10.5238 0
      vertex 38.8459 -8.49797 5
      vertex 38.8459 -8.49797 0
    endloop
  endfacet
  facet normal -0.938187 -0.34613 0
    outer loop
      vertex 38.8459 -8.49797 5
      vertex 39.5933 -10.5238 0
      vertex 39.5933 -10.5238 5
    endloop
  endfacet
  facet normal -0.83148 -0.555555 0
    outer loop
      vertex 42.752 -16.1641 0
      vertex 41.5524 -14.3687 5
      vertex 41.5524 -14.3687 0
    endloop
  endfacet
  facet normal -0.83148 -0.555555 0
    outer loop
      vertex 41.5524 -14.3687 5
      vertex 42.752 -16.1641 0
      vertex 42.752 -16.1641 5
    endloop
  endfacet
  facet normal 0.993068 0.117538 0
    outer loop
      vertex 92.4152 2.15762 5
      vertex 92.1614 4.30195 0
      vertex 92.1614 4.30195 5
    endloop
  endfacet
  facet normal 0.993068 0.117538 0
    outer loop
      vertex 92.1614 4.30195 0
      vertex 92.4152 2.15762 5
      vertex 92.4152 2.15762 0
    endloop
  endfacet
  facet normal 0.98079 0.195065 0
    outer loop
      vertex 92.1614 4.30195 5
      vertex 91.7402 6.41975 0
      vertex 91.7402 6.41975 5
    endloop
  endfacet
  facet normal 0.98079 0.195065 0
    outer loop
      vertex 91.7402 6.41975 0
      vertex 92.1614 4.30195 5
      vertex 92.1614 4.30195 0
    endloop
  endfacet
  facet normal 0.962457 0.271432 0
    outer loop
      vertex 91.7402 6.41975 5
      vertex 91.1541 8.49797 0
      vertex 91.1541 8.49797 5
    endloop
  endfacet
  facet normal 0.962457 0.271432 0
    outer loop
      vertex 91.1541 8.49797 0
      vertex 91.7402 6.41975 5
      vertex 91.7402 6.41975 0
    endloop
  endfacet
  facet normal 0.872494 0.488625 0
    outer loop
      vertex 89.5027 12.4847 5
      vertex 88.4476 14.3687 0
      vertex 88.4476 14.3687 5
    endloop
  endfacet
  facet normal 0.872494 0.488625 0
    outer loop
      vertex 88.4476 14.3687 0
      vertex 89.5027 12.4847 5
      vertex 89.5027 12.4847 0
    endloop
  endfacet
  facet normal 0.734303 0.678822 0
    outer loop
      vertex 85.9112 17.8598 5
      vertex 84.4454 19.4454 0
      vertex 84.4454 19.4454 5
    endloop
  endfacet
  facet normal 0.734303 0.678822 0
    outer loop
      vertex 84.4454 19.4454 0
      vertex 85.9112 17.8598 5
      vertex 85.9112 17.8598 0
    endloop
  endfacet
  facet normal 0.619099 0.785313 -0
    outer loop
      vertex 82.8598 20.9112 0
      vertex 81.1641 22.248 5
      vertex 82.8598 20.9112 5
    endloop
  endfacet
  facet normal 0.619099 0.785313 0
    outer loop
      vertex 81.1641 22.248 5
      vertex 82.8598 20.9112 0
      vertex 81.1641 22.248 0
    endloop
  endfacet
  facet normal 0.488625 0.872494 -0
    outer loop
      vertex 79.3687 23.4476 0
      vertex 77.4847 24.5027 5
      vertex 79.3687 23.4476 5
    endloop
  endfacet
  facet normal 0.488625 0.872494 0
    outer loop
      vertex 77.4847 24.5027 5
      vertex 79.3687 23.4476 0
      vertex 77.4847 24.5027 0
    endloop
  endfacet
  facet normal 0.346135 0.938185 -0
    outer loop
      vertex 75.5238 25.4067 0
      vertex 73.498 26.1541 5
      vertex 75.5238 25.4067 5
    endloop
  endfacet
  facet normal 0.346135 0.938185 0
    outer loop
      vertex 73.498 26.1541 5
      vertex 75.5238 25.4067 0
      vertex 73.498 26.1541 0
    endloop
  endfacet
  facet normal 0.271423 0.96246 -0
    outer loop
      vertex 73.498 26.1541 0
      vertex 71.4197 26.7402 5
      vertex 73.498 26.1541 5
    endloop
  endfacet
  facet normal 0.271423 0.96246 0
    outer loop
      vertex 71.4197 26.7402 5
      vertex 73.498 26.1541 0
      vertex 71.4197 26.7402 0
    endloop
  endfacet
  facet normal -0.938187 0.34613 0
    outer loop
      vertex 38.8459 8.49797 0
      vertex 39.5933 10.5238 5
      vertex 39.5933 10.5238 0
    endloop
  endfacet
  facet normal -0.938187 0.34613 0
    outer loop
      vertex 39.5933 10.5238 5
      vertex 38.8459 8.49797 0
      vertex 38.8459 8.49797 5
    endloop
  endfacet
  facet normal -0.962457 0.271432 0
    outer loop
      vertex 38.2598 6.41975 0
      vertex 38.8459 8.49797 5
      vertex 38.8459 8.49797 0
    endloop
  endfacet
  facet normal -0.962457 0.271432 0
    outer loop
      vertex 38.8459 8.49797 5
      vertex 38.2598 6.41975 0
      vertex 38.2598 6.41975 5
    endloop
  endfacet
  facet normal -0.872494 0.488625 0
    outer loop
      vertex 40.4973 12.4847 0
      vertex 41.5524 14.3687 5
      vertex 41.5524 14.3687 0
    endloop
  endfacet
  facet normal -0.872494 0.488625 0
    outer loop
      vertex 41.5524 14.3687 5
      vertex 40.4973 12.4847 0
      vertex 40.4973 12.4847 5
    endloop
  endfacet
  facet normal -0.83148 0.555555 0
    outer loop
      vertex 41.5524 14.3687 0
      vertex 42.752 16.1641 5
      vertex 42.752 16.1641 0
    endloop
  endfacet
  facet normal -0.83148 0.555555 0
    outer loop
      vertex 42.752 16.1641 5
      vertex 41.5524 14.3687 0
      vertex 41.5524 14.3687 5
    endloop
  endfacet
  facet normal -0.271423 0.96246 0
    outer loop
      vertex 58.5803 26.7402 0
      vertex 56.502 26.1541 5
      vertex 58.5803 26.7402 5
    endloop
  endfacet
  facet normal -0.271423 0.96246 0
    outer loop
      vertex 56.502 26.1541 5
      vertex 58.5803 26.7402 0
      vertex 56.502 26.1541 0
    endloop
  endfacet
  facet normal -0.488625 0.872494 0
    outer loop
      vertex 52.5153 24.5027 0
      vertex 50.6313 23.4476 5
      vertex 52.5153 24.5027 5
    endloop
  endfacet
  facet normal -0.488625 0.872494 0
    outer loop
      vertex 50.6313 23.4476 5
      vertex 52.5153 24.5027 0
      vertex 50.6313 23.4476 0
    endloop
  endfacet
  facet normal -0.418665 0.908141 0
    outer loop
      vertex 54.4762 25.4067 0
      vertex 52.5153 24.5027 5
      vertex 54.4762 25.4067 5
    endloop
  endfacet
  facet normal -0.418665 0.908141 0
    outer loop
      vertex 52.5153 24.5027 5
      vertex 54.4762 25.4067 0
      vertex 52.5153 24.5027 0
    endloop
  endfacet
  facet normal -0.678822 0.734303 0
    outer loop
      vertex 47.1402 20.9112 0
      vertex 45.5546 19.4454 5
      vertex 47.1402 20.9112 5
    endloop
  endfacet
  facet normal -0.678822 0.734303 0
    outer loop
      vertex 45.5546 19.4454 5
      vertex 47.1402 20.9112 0
      vertex 45.5546 19.4454 0
    endloop
  endfacet
  facet normal 0.999229 0.0392722 0
    outer loop
      vertex 92.5 0 5
      vertex 92.4152 2.15762 0
      vertex 92.4152 2.15762 5
    endloop
  endfacet
  facet normal 0.999229 0.0392722 0
    outer loop
      vertex 92.4152 2.15762 0
      vertex 92.5 0 5
      vertex 92.5 0 0
    endloop
  endfacet
  facet normal 0.195065 -0.98079 0
    outer loop
      vertex 69.3019 -27.1614 0
      vertex 71.4197 -26.7402 5
      vertex 69.3019 -27.1614 5
    endloop
  endfacet
  facet normal 0.195065 -0.98079 0
    outer loop
      vertex 71.4197 -26.7402 5
      vertex 69.3019 -27.1614 0
      vertex 71.4197 -26.7402 0
    endloop
  endfacet
  facet normal 0.271423 -0.96246 0
    outer loop
      vertex 71.4197 -26.7402 0
      vertex 73.498 -26.1541 5
      vertex 71.4197 -26.7402 5
    endloop
  endfacet
  facet normal 0.271423 -0.96246 0
    outer loop
      vertex 73.498 -26.1541 5
      vertex 71.4197 -26.7402 0
      vertex 73.498 -26.1541 0
    endloop
  endfacet
  facet normal 0.418665 -0.908141 0
    outer loop
      vertex 75.5238 -25.4067 0
      vertex 77.4847 -24.5027 5
      vertex 75.5238 -25.4067 5
    endloop
  endfacet
  facet normal 0.418665 -0.908141 0
    outer loop
      vertex 77.4847 -24.5027 5
      vertex 75.5238 -25.4067 0
      vertex 77.4847 -24.5027 0
    endloop
  endfacet
  facet normal 0.872494 -0.488625 0
    outer loop
      vertex 88.4476 -14.3687 5
      vertex 89.5027 -12.4847 0
      vertex 89.5027 -12.4847 5
    endloop
  endfacet
  facet normal 0.872494 -0.488625 0
    outer loop
      vertex 89.5027 -12.4847 0
      vertex 88.4476 -14.3687 5
      vertex 88.4476 -14.3687 0
    endloop
  endfacet
  facet normal 0.83148 -0.555555 0
    outer loop
      vertex 87.248 -16.1641 5
      vertex 88.4476 -14.3687 0
      vertex 88.4476 -14.3687 5
    endloop
  endfacet
  facet normal 0.83148 -0.555555 0
    outer loop
      vertex 88.4476 -14.3687 0
      vertex 87.248 -16.1641 5
      vertex 87.248 -16.1641 0
    endloop
  endfacet
  facet normal -0.0392726 -0.999229 0
    outer loop
      vertex 62.8424 -27.4152 0
      vertex 65 -27.5 5
      vertex 62.8424 -27.4152 5
    endloop
  endfacet
  facet normal -0.0392726 -0.999229 -0
    outer loop
      vertex 65 -27.5 5
      vertex 62.8424 -27.4152 0
      vertex 65 -27.5 0
    endloop
  endfacet
  facet normal -0.346135 -0.938185 0
    outer loop
      vertex 54.4762 -25.4067 0
      vertex 56.502 -26.1541 5
      vertex 54.4762 -25.4067 5
    endloop
  endfacet
  facet normal -0.346135 -0.938185 -0
    outer loop
      vertex 56.502 -26.1541 5
      vertex 54.4762 -25.4067 0
      vertex 56.502 -26.1541 0
    endloop
  endfacet
  facet normal -0.488625 -0.872494 0
    outer loop
      vertex 50.6313 -23.4476 0
      vertex 52.5153 -24.5027 5
      vertex 50.6313 -23.4476 5
    endloop
  endfacet
  facet normal -0.488625 -0.872494 -0
    outer loop
      vertex 52.5153 -24.5027 5
      vertex 50.6313 -23.4476 0
      vertex 52.5153 -24.5027 0
    endloop
  endfacet
  facet normal -0.555555 -0.83148 0
    outer loop
      vertex 48.8359 -22.248 0
      vertex 50.6313 -23.4476 5
      vertex 48.8359 -22.248 5
    endloop
  endfacet
  facet normal -0.555555 -0.83148 -0
    outer loop
      vertex 50.6313 -23.4476 5
      vertex 48.8359 -22.248 0
      vertex 50.6313 -23.4476 0
    endloop
  endfacet
  facet normal -0.993068 -0.117538 0
    outer loop
      vertex 37.8386 -4.30195 0
      vertex 37.5848 -2.15762 5
      vertex 37.5848 -2.15762 0
    endloop
  endfacet
  facet normal -0.993068 -0.117538 0
    outer loop
      vertex 37.5848 -2.15762 5
      vertex 37.8386 -4.30195 0
      vertex 37.8386 -4.30195 5
    endloop
  endfacet
  facet normal -0.962457 -0.271432 0
    outer loop
      vertex 38.8459 -8.49797 0
      vertex 38.2598 -6.41975 5
      vertex 38.2598 -6.41975 0
    endloop
  endfacet
  facet normal -0.962457 -0.271432 0
    outer loop
      vertex 38.2598 -6.41975 5
      vertex 38.8459 -8.49797 0
      vertex 38.8459 -8.49797 5
    endloop
  endfacet
  facet normal 0 0 -1
    outer loop
      vertex 60.0557 -15.2169 0
      vertex 55.948 -18.2624 0
      vertex 55.9495 -18.1486 0
    endloop
  endfacet
  facet normal 0 0 -1
    outer loop
      vertex 58.5803 -26.7402 0
      vertex 55.9376 -18.3758 0
      vertex 55.948 -18.2624 0
    endloop
  endfacet
  facet normal 0 0 -1
    outer loop
      vertex 58.5803 -26.7402 0
      vertex 55.9183 -18.488 0
      vertex 55.9376 -18.3758 0
    endloop
  endfacet
  facet normal 0 0 -1
    outer loop
      vertex 58.5803 -26.7402 0
      vertex 55.8903 -18.5984 0
      vertex 55.9183 -18.488 0
    endloop
  endfacet
  facet normal 0 0 -1
    outer loop
      vertex 58.5803 -26.7402 0
      vertex 55.8537 -18.7062 0
      vertex 55.8903 -18.5984 0
    endloop
  endfacet
  facet normal 0 0 -1
    outer loop
      vertex 58.5803 -26.7402 0
      vertex 55.8088 -18.8108 0
      vertex 55.8537 -18.7062 0
    endloop
  endfacet
  facet normal 0 0 -1
    outer loop
      vertex 58.5803 -26.7402 0
      vertex 55.7557 -18.9115 0
      vertex 55.8088 -18.8108 0
    endloop
  endfacet
  facet normal 0 0 -1
    outer loop
      vertex 58.5803 -26.7402 0
      vertex 55.695 -19.0078 0
      vertex 55.7557 -18.9115 0
    endloop
  endfacet
  facet normal 0 0 -1
    outer loop
      vertex 58.5803 -26.7402 0
      vertex 55.6269 -19.099 0
      vertex 55.695 -19.0078 0
    endloop
  endfacet
  facet normal 0 0 -1
    outer loop
      vertex 58.5803 -26.7402 0
      vertex 55.5518 -19.1846 0
      vertex 55.6269 -19.099 0
    endloop
  endfacet
  facet normal 0 0 -1
    outer loop
      vertex 56.502 -26.1541 0
      vertex 55.4702 -19.2641 0
      vertex 55.5518 -19.1846 0
    endloop
  endfacet
  facet normal 0 0 -1
    outer loop
      vertex 56.502 -26.1541 0
      vertex 55.3827 -19.3369 0
      vertex 55.4702 -19.2641 0
    endloop
  endfacet
  facet normal 0 0 -1
    outer loop
      vertex 56.502 -26.1541 0
      vertex 55.2897 -19.4026 0
      vertex 55.3827 -19.3369 0
    endloop
  endfacet
  facet normal 0 0 -1
    outer loop
      vertex 56.502 -26.1541 0
      vertex 55.1919 -19.4608 0
      vertex 55.2897 -19.4026 0
    endloop
  endfacet
  facet normal 0 0 -1
    outer loop
      vertex 56.502 -26.1541 0
      vertex 55.0898 -19.5112 0
      vertex 55.1919 -19.4608 0
    endloop
  endfacet
  facet normal 0 0 -1
    outer loop
      vertex 54.4762 -25.4067 0
      vertex 55.0898 -19.5112 0
      vertex 56.502 -26.1541 0
    endloop
  endfacet
  facet normal 0 0 -1
    outer loop
      vertex 55.0898 -19.5112 0
      vertex 54.4762 -25.4067 0
      vertex 54.984 -19.5534 0
    endloop
  endfacet
  facet normal 0 0 -1
    outer loop
      vertex 54.984 -19.5534 0
      vertex 54.4762 -25.4067 0
      vertex 54.8753 -19.5871 0
    endloop
  endfacet
  facet normal 0 0 -1
    outer loop
      vertex 54.8753 -19.5871 0
      vertex 54.4762 -25.4067 0
      vertex 54.7642 -19.6123 0
    endloop
  endfacet
  facet normal 0 0 -1
    outer loop
      vertex 54.7642 -19.6123 0
      vertex 54.4762 -25.4067 0
      vertex 54.6516 -19.6286 0
    endloop
  endfacet
  facet normal 0 0 -1
    outer loop
      vertex 54.6516 -19.6286 0
      vertex 54.4762 -25.4067 0
      vertex 54.538 -19.636 0
    endloop
  endfacet
  facet normal 0 0 -1
    outer loop
      vertex 52.5153 -24.5027 0
      vertex 54.538 -19.636 0
      vertex 54.4762 -25.4067 0
    endloop
  endfacet
  facet normal -0 0 -1
    outer loop
      vertex 54.538 -19.636 0
      vertex 52.5153 -24.5027 0
      vertex 54.4241 -19.6345 0
    endloop
  endfacet
  facet normal -0 0 -1
    outer loop
      vertex 54.4241 -19.6345 0
      vertex 52.5153 -24.5027 0
      vertex 54.3107 -19.6241 0
    endloop
  endfacet
  facet normal -0 0 -1
    outer loop
      vertex 54.3107 -19.6241 0
      vertex 52.5153 -24.5027 0
      vertex 54.1985 -19.6048 0
    endloop
  endfacet
  facet normal -0 0 -1
    outer loop
      vertex 54.1985 -19.6048 0
      vertex 52.5153 -24.5027 0
      vertex 54.0882 -19.5768 0
    endloop
  endfacet
  facet normal -0 0 -1
    outer loop
      vertex 54.0882 -19.5768 0
      vertex 52.5153 -24.5027 0
      vertex 53.9804 -19.5402 0
    endloop
  endfacet
  facet normal -0 0 -1
    outer loop
      vertex 53.9804 -19.5402 0
      vertex 52.5153 -24.5027 0
      vertex 53.8758 -19.4953 0
    endloop
  endfacet
  facet normal 0 0 -1
    outer loop
      vertex 50.6313 -23.4476 0
      vertex 53.8758 -19.4953 0
      vertex 52.5153 -24.5027 0
    endloop
  endfacet
  facet normal -0 0 -1
    outer loop
      vertex 53.8758 -19.4953 0
      vertex 50.6313 -23.4476 0
      vertex 53.775 -19.4423 0
    endloop
  endfacet
  facet normal -0 0 -1
    outer loop
      vertex 53.775 -19.4423 0
      vertex 50.6313 -23.4476 0
      vertex 53.6787 -19.3815 0
    endloop
  endfacet
  facet normal -0 0 -1
    outer loop
      vertex 53.6787 -19.3815 0
      vertex 50.6313 -23.4476 0
      vertex 53.5875 -19.3134 0
    endloop
  endfacet
  facet normal -0 0 -1
    outer loop
      vertex 53.5875 -19.3134 0
      vertex 50.6313 -23.4476 0
      vertex 53.5019 -19.2383 0
    endloop
  endfacet
  facet normal -0 0 -1
    outer loop
      vertex 53.5019 -19.2383 0
      vertex 50.6313 -23.4476 0
      vertex 53.4224 -19.1568 0
    endloop
  endfacet
  facet normal -0 0 -1
    outer loop
      vertex 53.4224 -19.1568 0
      vertex 50.6313 -23.4476 0
      vertex 53.3496 -19.0692 0
    endloop
  endfacet
  facet normal 0 0 -1
    outer loop
      vertex 48.8359 -22.248 0
      vertex 53.3496 -19.0692 0
      vertex 50.6313 -23.4476 0
    endloop
  endfacet
  facet normal -0 0 -1
    outer loop
      vertex 53.3496 -19.0692 0
      vertex 48.8359 -22.248 0
      vertex 53.2839 -18.9763 0
    endloop
  endfacet
  facet normal -0 0 -1
    outer loop
      vertex 53.2839 -18.9763 0
      vertex 48.8359 -22.248 0
      vertex 53.2257 -18.8784 0
    endloop
  endfacet
  facet normal -0 0 -1
    outer loop
      vertex 53.2257 -18.8784 0
      vertex 48.8359 -22.248 0
      vertex 53.1754 -18.7763 0
    endloop
  endfacet
  facet normal -0 0 -1
    outer loop
      vertex 53.1754 -18.7763 0
      vertex 48.8359 -22.248 0
      vertex 53.1332 -18.6706 0
    endloop
  endfacet
  facet normal -0 0 -1
    outer loop
      vertex 53.1332 -18.6706 0
      vertex 48.8359 -22.248 0
      vertex 53.0994 -18.5618 0
    endloop
  endfacet
  facet normal -0 0 -1
    outer loop
      vertex 53.0994 -18.5618 0
      vertex 48.8359 -22.248 0
      vertex 53.0743 -18.4508 0
    endloop
  endfacet
  facet normal -0 0 -1
    outer loop
      vertex 53.0743 -18.4508 0
      vertex 47.1402 -20.9112 0
      vertex 53.0579 -18.3381 0
    endloop
  endfacet
  facet normal -0 0 -1
    outer loop
      vertex 53.0579 -18.3381 0
      vertex 47.1402 -20.9112 0
      vertex 53.0505 -18.2245 0
    endloop
  endfacet
  facet normal -0 0 -1
    outer loop
      vertex 53.0505 -18.2245 0
      vertex 47.1402 -20.9112 0
      vertex 53.052 -18.1106 0
    endloop
  endfacet
  facet normal 0 0 -1
    outer loop
      vertex 45.5546 -19.4454 0
      vertex 53.052 -18.1106 0
      vertex 47.1402 -20.9112 0
    endloop
  endfacet
  facet normal 0 0 -1
    outer loop
      vertex 44.0888 -17.8598 0
      vertex 53.052 -18.1106 0
      vertex 45.5546 -19.4454 0
    endloop
  endfacet
  facet normal 0 0 -1
    outer loop
      vertex 53.052 -18.1106 0
      vertex 44.0888 -17.8598 0
      vertex 52.8335 -10.3912 0
    endloop
  endfacet
  facet normal -0 0 -1
    outer loop
      vertex 52.8335 -10.3912 0
      vertex 44.0888 -17.8598 0
      vertex 52.0557 -9.40456 0
    endloop
  endfacet
  facet normal 0 0 -1
    outer loop
      vertex 42.752 -16.1641 0
      vertex 52.0557 -9.40456 0
      vertex 44.0888 -17.8598 0
    endloop
  endfacet
  facet normal -0 0 -1
    outer loop
      vertex 52.0557 -9.40456 0
      vertex 42.752 -16.1641 0
      vertex 51.3578 -8.35998 0
    endloop
  endfacet
  facet normal 0 0 -1
    outer loop
      vertex 41.5524 -14.3687 0
      vertex 51.3578 -8.35998 0
      vertex 42.752 -16.1641 0
    endloop
  endfacet
  facet normal 0 0 -1
    outer loop
      vertex 40.4973 -12.4847 0
      vertex 50.7439 -7.26385 0
      vertex 41.5524 -14.3687 0
    endloop
  endfacet
  facet normal -0 0 -1
    outer loop
      vertex 51.3578 -8.35998 0
      vertex 41.5524 -14.3687 0
      vertex 50.7439 -7.26385 0
    endloop
  endfacet
  facet normal -0 0 -1
    outer loop
      vertex 89.5027 12.4847 0
      vertex 79.2561 7.26385 0
      vertex 88.4476 14.3687 0
    endloop
  endfacet
  facet normal 0 0 -1
    outer loop
      vertex 78.6422 8.35998 0
      vertex 88.4476 14.3687 0
      vertex 79.2561 7.26385 0
    endloop
  endfacet
  facet normal -0 0 -1
    outer loop
      vertex 88.4476 14.3687 0
      vertex 78.6422 8.35998 0
      vertex 87.248 16.1641 0
    endloop
  endfacet
  facet normal 0 0 -1
    outer loop
      vertex 77.9443 9.40456 0
      vertex 87.248 16.1641 0
      vertex 78.6422 8.35998 0
    endloop
  endfacet
  facet normal -0 0 -1
    outer loop
      vertex 87.248 16.1641 0
      vertex 77.9443 9.40456 0
      vertex 85.9112 17.8598 0
    endloop
  endfacet
  facet normal 0 0 -1
    outer loop
      vertex 77.1665 10.3912 0
      vertex 85.9112 17.8598 0
      vertex 77.9443 9.40456 0
    endloop
  endfacet
  facet normal -0 0 -1
    outer loop
      vertex 85.9112 17.8598 0
      vertex 77.1665 10.3912 0
      vertex 84.4454 19.4454 0
    endloop
  endfacet
  facet normal 0 0 -1
    outer loop
      vertex 76.3137 11.3137 0
      vertex 84.4454 19.4454 0
      vertex 77.1665 10.3912 0
    endloop
  endfacet
  facet normal -0 0 -1
    outer loop
      vertex 84.4454 19.4454 0
      vertex 76.3137 11.3137 0
      vertex 82.8598 20.9112 0
    endloop
  endfacet
  facet normal 0 0 -1
    outer loop
      vertex 75.3912 12.1665 0
      vertex 82.8598 20.9112 0
      vertex 76.3137 11.3137 0
    endloop
  endfacet
  facet normal -0 0 -1
    outer loop
      vertex 82.8598 20.9112 0
      vertex 75.3912 12.1665 0
      vertex 81.1641 22.248 0
    endloop
  endfacet
  facet normal 0 0 -1
    outer loop
      vertex 74.4046 12.9443 0
      vertex 81.1641 22.248 0
      vertex 75.3912 12.1665 0
    endloop
  endfacet
  facet normal -0 0 -1
    outer loop
      vertex 81.1641 22.248 0
      vertex 74.4046 12.9443 0
      vertex 79.3687 23.4476 0
    endloop
  endfacet
  facet normal 0 0 -1
    outer loop
      vertex 73.36 13.6422 0
      vertex 79.3687 23.4476 0
      vertex 74.4046 12.9443 0
    endloop
  endfacet
  facet normal -0 0 -1
    outer loop
      vertex 79.3687 23.4476 0
      vertex 73.36 13.6422 0
      vertex 77.4847 24.5027 0
    endloop
  endfacet
  facet normal 0 0 -1
    outer loop
      vertex 72.2638 14.2561 0
      vertex 77.4847 24.5027 0
      vertex 73.36 13.6422 0
    endloop
  endfacet
  facet normal -0 0 -1
    outer loop
      vertex 77.4847 24.5027 0
      vertex 72.2638 14.2561 0
      vertex 75.5238 25.4067 0
    endloop
  endfacet
  facet normal 0 0 -1
    outer loop
      vertex 71.1229 14.7821 0
      vertex 75.5238 25.4067 0
      vertex 72.2638 14.2561 0
    endloop
  endfacet
  facet normal -0 0 -1
    outer loop
      vertex 75.5238 25.4067 0
      vertex 71.1229 14.7821 0
      vertex 73.498 26.1541 0
    endloop
  endfacet
  facet normal 0 0 -1
    outer loop
      vertex 69.9443 15.2169 0
      vertex 73.498 26.1541 0
      vertex 71.1229 14.7821 0
    endloop
  endfacet
  facet normal -0 0 -1
    outer loop
      vertex 73.498 26.1541 0
      vertex 69.9443 15.2169 0
      vertex 71.4197 26.7402 0
    endloop
  endfacet
  facet normal 0 0 -1
    outer loop
      vertex 68.7351 15.5579 0
      vertex 71.4197 26.7402 0
      vertex 69.9443 15.2169 0
    endloop
  endfacet
  facet normal -0 0 -1
    outer loop
      vertex 71.4197 26.7402 0
      vertex 68.7351 15.5579 0
      vertex 69.3019 27.1614 0
    endloop
  endfacet
  facet normal 0 0 -1
    outer loop
      vertex 67.503 15.803 0
      vertex 69.3019 27.1614 0
      vertex 68.7351 15.5579 0
    endloop
  endfacet
  facet normal 0 0 -1
    outer loop
      vertex 67.503 15.803 0
      vertex 67.1576 27.4152 0
      vertex 69.3019 27.1614 0
    endloop
  endfacet
  facet normal 0 0 -1
    outer loop
      vertex 66.2553 15.9507 0
      vertex 67.1576 27.4152 0
      vertex 67.503 15.803 0
    endloop
  endfacet
  facet normal 0 0 -1
    outer loop
      vertex 65 16 0
      vertex 67.1576 27.4152 0
      vertex 66.2553 15.9507 0
    endloop
  endfacet
  facet normal 0 0 -1
    outer loop
      vertex 65 16 0
      vertex 65 27.5 0
      vertex 67.1576 27.4152 0
    endloop
  endfacet
  facet normal 0 0 -1
    outer loop
      vertex 63.7447 15.9507 0
      vertex 65 27.5 0
      vertex 65 16 0
    endloop
  endfacet
  facet normal 0 0 -1
    outer loop
      vertex 63.7447 15.9507 0
      vertex 62.8424 27.4152 0
      vertex 65 27.5 0
    endloop
  endfacet
  facet normal 0 0 -1
    outer loop
      vertex 62.497 15.803 0
      vertex 62.8424 27.4152 0
      vertex 63.7447 15.9507 0
    endloop
  endfacet
  facet normal 0 0 -1
    outer loop
      vertex 55.8088 18.8108 0
      vertex 62.497 15.803 0
      vertex 61.2649 15.5579 0
    endloop
  endfacet
  facet normal 0 0 -1
    outer loop
      vertex 62.497 15.803 0
      vertex 60.6981 27.1614 0
      vertex 62.8424 27.4152 0
    endloop
  endfacet
  facet normal 0 0 -1
    outer loop
      vertex 55.9376 18.3758 0
      vertex 61.2649 15.5579 0
      vertex 60.0557 15.2169 0
    endloop
  endfacet
  facet normal 0 0 -1
    outer loop
      vertex 55.9257 17.9223 0
      vertex 60.0557 15.2169 0
      vertex 58.8771 14.7821 0
    endloop
  endfacet
  facet normal 0 0 -1
    outer loop
      vertex 61.2649 15.5579 0
      vertex 55.8903 18.5984 0
      vertex 55.8537 18.7062 0
    endloop
  endfacet
  facet normal 0 0 -1
    outer loop
      vertex 55.7161 17.3968 0
      vertex 58.8771 14.7821 0
      vertex 57.7362 14.2561 0
    endloop
  endfacet
  facet normal 0 0 -1
    outer loop
      vertex 55.3213 16.9916 0
      vertex 57.7362 14.2561 0
      vertex 56.64 13.6422 0
    endloop
  endfacet
  facet normal 0 0 -1
    outer loop
      vertex 60.0557 15.2169 0
      vertex 55.9495 18.1486 0
      vertex 55.948 18.2624 0
    endloop
  endfacet
  facet normal 0 0 -1
    outer loop
      vertex 60.0557 15.2169 0
      vertex 55.948 18.2624 0
      vertex 55.9376 18.3758 0
    endloop
  endfacet
  facet normal 0 0 -1
    outer loop
      vertex 60.0557 15.2169 0
      vertex 55.9421 18.035 0
      vertex 55.9495 18.1486 0
    endloop
  endfacet
  facet normal 0 0 -1
    outer loop
      vertex 60.0557 15.2169 0
      vertex 55.9257 17.9223 0
      vertex 55.9421 18.035 0
    endloop
  endfacet
  facet normal 0 0 -1
    outer loop
      vertex 58.8771 14.7821 0
      vertex 55.9006 17.8112 0
      vertex 55.9257 17.9223 0
    endloop
  endfacet
  facet normal 0 0 -1
    outer loop
      vertex 58.8771 14.7821 0
      vertex 55.8668 17.7025 0
      vertex 55.9006 17.8112 0
    endloop
  endfacet
  facet normal 0 0 -1
    outer loop
      vertex 58.8771 14.7821 0
      vertex 55.8246 17.5968 0
      vertex 55.8668 17.7025 0
    endloop
  endfacet
  facet normal 0 0 -1
    outer loop
      vertex 58.8771 14.7821 0
      vertex 55.7743 17.4947 0
      vertex 55.8246 17.5968 0
    endloop
  endfacet
  facet normal 0 0 -1
    outer loop
      vertex 58.8771 14.7821 0
      vertex 55.7161 17.3968 0
      vertex 55.7743 17.4947 0
    endloop
  endfacet
  facet normal 0 0 -1
    outer loop
      vertex 57.7362 14.2561 0
      vertex 55.6504 17.3038 0
      vertex 55.7161 17.3968 0
    endloop
  endfacet
  facet normal 0 0 -1
    outer loop
      vertex 54.8015 16.7682 0
      vertex 56.64 13.6422 0
      vertex 55.5954 12.9443 0
    endloop
  endfacet
  facet normal 0 0 -1
    outer loop
      vertex 57.7362 14.2561 0
      vertex 55.5776 17.2163 0
      vertex 55.6504 17.3038 0
    endloop
  endfacet
  facet normal 0 0 -1
    outer loop
      vertex 57.7362 14.2561 0
      vertex 55.4981 17.1347 0
      vertex 55.5776 17.2163 0
    endloop
  endfacet
  facet normal 0 0 -1
    outer loop
      vertex 57.7362 14.2561 0
      vertex 55.4125 17.0597 0
      vertex 55.4981 17.1347 0
    endloop
  endfacet
  facet normal 0 0 -1
    outer loop
      vertex 57.7362 14.2561 0
      vertex 55.3213 16.9916 0
      vertex 55.4125 17.0597 0
    endloop
  endfacet
  facet normal 0 0 -1
    outer loop
      vertex 56.64 13.6422 0
      vertex 55.225 16.9308 0
      vertex 55.3213 16.9916 0
    endloop
  endfacet
  facet normal 0 0 -1
    outer loop
      vertex 56.64 13.6422 0
      vertex 55.1242 16.8778 0
      vertex 55.225 16.9308 0
    endloop
  endfacet
  facet normal 0 0 -1
    outer loop
      vertex 56.64 13.6422 0
      vertex 55.0196 16.8328 0
      vertex 55.1242 16.8778 0
    endloop
  endfacet
  facet normal 0 0 -1
    outer loop
      vertex 56.64 13.6422 0
      vertex 54.9118 16.7962 0
      vertex 55.0196 16.8328 0
    endloop
  endfacet
  facet normal 0 0 -1
    outer loop
      vertex 56.64 13.6422 0
      vertex 54.8015 16.7682 0
      vertex 54.9118 16.7962 0
    endloop
  endfacet
  facet normal 0 0 -1
    outer loop
      vertex 55.5954 12.9443 0
      vertex 54.6893 16.7489 0
      vertex 54.8015 16.7682 0
    endloop
  endfacet
  facet normal 0 0 -1
    outer loop
      vertex 54.2358 16.7608 0
      vertex 55.5954 12.9443 0
      vertex 54.6088 12.1665 0
    endloop
  endfacet
  facet normal 0 0 -1
    outer loop
      vertex 55.5954 12.9443 0
      vertex 54.5759 16.7385 0
      vertex 54.6893 16.7489 0
    endloop
  endfacet
  facet normal 0 0 -1
    outer loop
      vertex 55.5954 12.9443 0
      vertex 54.462 16.737 0
      vertex 54.5759 16.7385 0
    endloop
  endfacet
  facet normal 0 0 -1
    outer loop
      vertex 55.5954 12.9443 0
      vertex 54.3484 16.7445 0
      vertex 54.462 16.737 0
    endloop
  endfacet
  facet normal 0 0 -1
    outer loop
      vertex 55.5954 12.9443 0
      vertex 54.2358 16.7608 0
      vertex 54.3484 16.7445 0
    endloop
  endfacet
  facet normal 0 0 -1
    outer loop
      vertex 54.6088 12.1665 0
      vertex 54.1247 16.7859 0
      vertex 54.2358 16.7608 0
    endloop
  endfacet
  facet normal 0 0 -1
    outer loop
      vertex 54.6088 12.1665 0
      vertex 54.016 16.8197 0
      vertex 54.1247 16.7859 0
    endloop
  endfacet
  facet normal 0 0 -1
    outer loop
      vertex 54.6088 12.1665 0
      vertex 53.9102 16.8619 0
      vertex 54.016 16.8197 0
    endloop
  endfacet
  facet normal 0 0 -1
    outer loop
      vertex 54.6088 12.1665 0
      vertex 53.8081 16.9122 0
      vertex 53.9102 16.8619 0
    endloop
  endfacet
  facet normal 0 0 -1
    outer loop
      vertex 54.6088 12.1665 0
      vertex 53.7103 16.9705 0
      vertex 53.8081 16.9122 0
    endloop
  endfacet
  facet normal 0 0 -1
    outer loop
      vertex 53.6863 11.3137 0
      vertex 53.7103 16.9705 0
      vertex 54.6088 12.1665 0
    endloop
  endfacet
  facet normal 0 0 -1
    outer loop
      vertex 53.6863 11.3137 0
      vertex 53.6173 17.0362 0
      vertex 53.7103 16.9705 0
    endloop
  endfacet
  facet normal 0 0 -1
    outer loop
      vertex 53.6863 11.3137 0
      vertex 53.5298 17.109 0
      vertex 53.6173 17.0362 0
    endloop
  endfacet
  facet normal 0 0 -1
    outer loop
      vertex 53.6863 11.3137 0
      vertex 53.4482 17.1884 0
      vertex 53.5298 17.109 0
    endloop
  endfacet
  facet normal 0 0 -1
    outer loop
      vertex 53.6863 11.3137 0
      vertex 53.3731 17.274 0
      vertex 53.4482 17.1884 0
    endloop
  endfacet
  facet normal 0 0 -1
    outer loop
      vertex 52.8335 10.3912 0
      vertex 53.3731 17.274 0
      vertex 53.6863 11.3137 0
    endloop
  endfacet
  facet normal -0 0 -1
    outer loop
      vertex 53.3731 17.274 0
      vertex 52.8335 10.3912 0
      vertex 53.305 17.3652 0
    endloop
  endfacet
  facet normal 0 0 -1
    outer loop
      vertex 44.0888 17.8598 0
      vertex 53.305 17.3652 0
      vertex 52.8335 10.3912 0
    endloop
  endfacet
  facet normal 0 0 -1
    outer loop
      vertex 53.305 17.3652 0
      vertex 44.0888 17.8598 0
      vertex 53.2443 17.4615 0
    endloop
  endfacet
  facet normal 0 0 -1
    outer loop
      vertex 53.2443 17.4615 0
      vertex 44.0888 17.8598 0
      vertex 53.1913 17.5623 0
    endloop
  endfacet
  facet normal 0 -0 -1
    outer loop
      vertex 45.5546 19.4454 0
      vertex 53.1913 17.5623 0
      vertex 44.0888 17.8598 0
    endloop
  endfacet
  facet normal 0 0 -1
    outer loop
      vertex 53.1913 17.5623 0
      vertex 45.5546 19.4454 0
      vertex 53.1463 17.6669 0
    endloop
  endfacet
  facet normal 0 0 -1
    outer loop
      vertex 53.0817 17.8851 0
      vertex 45.5546 19.4454 0
      vertex 53.0624 17.9973 0
    endloop
  endfacet
  facet normal 0 0 -1
    outer loop
      vertex 53.1097 17.7747 0
      vertex 45.5546 19.4454 0
      vertex 53.0817 17.8851 0
    endloop
  endfacet
  facet normal 0 0 -1
    outer loop
      vertex 53.1463 17.6669 0
      vertex 45.5546 19.4454 0
      vertex 53.1097 17.7747 0
    endloop
  endfacet
  facet normal 0 0 -1
    outer loop
      vertex 61.2649 15.5579 0
      vertex 55.9376 18.3758 0
      vertex 55.9183 18.488 0
    endloop
  endfacet
  facet normal 0 0 -1
    outer loop
      vertex 61.2649 15.5579 0
      vertex 55.9183 18.488 0
      vertex 55.8903 18.5984 0
    endloop
  endfacet
  facet normal 0 0 -1
    outer loop
      vertex 55.8088 18.8108 0
      vertex 61.2649 15.5579 0
      vertex 55.8537 18.7062 0
    endloop
  endfacet
  facet normal 0 0 -1
    outer loop
      vertex 62.497 15.803 0
      vertex 55.8088 18.8108 0
      vertex 60.6981 27.1614 0
    endloop
  endfacet
  facet normal 0 0 -1
    outer loop
      vertex 55.7557 18.9115 0
      vertex 60.6981 27.1614 0
      vertex 55.8088 18.8108 0
    endloop
  endfacet
  facet normal 0 0 -1
    outer loop
      vertex 60.6981 27.1614 0
      vertex 55.7557 18.9115 0
      vertex 58.5803 26.7402 0
    endloop
  endfacet
  facet normal 0 0 -1
    outer loop
      vertex 55.695 19.0078 0
      vertex 58.5803 26.7402 0
      vertex 55.7557 18.9115 0
    endloop
  endfacet
  facet normal 0 0 -1
    outer loop
      vertex 55.6269 19.099 0
      vertex 58.5803 26.7402 0
      vertex 55.695 19.0078 0
    endloop
  endfacet
  facet normal 0 0 -1
    outer loop
      vertex 55.5518 19.1846 0
      vertex 58.5803 26.7402 0
      vertex 55.6269 19.099 0
    endloop
  endfacet
  facet normal 0 0 -1
    outer loop
      vertex 58.5803 26.7402 0
      vertex 55.5518 19.1846 0
      vertex 56.502 26.1541 0
    endloop
  endfacet
  facet normal 0 0 -1
    outer loop
      vertex 55.4702 19.2641 0
      vertex 56.502 26.1541 0
      vertex 55.5518 19.1846 0
    endloop
  endfacet
  facet normal 0 0 -1
    outer loop
      vertex 55.3827 19.3369 0
      vertex 56.502 26.1541 0
      vertex 55.4702 19.2641 0
    endloop
  endfacet
  facet normal 0 0 -1
    outer loop
      vertex 55.2897 19.4026 0
      vertex 56.502 26.1541 0
      vertex 55.3827 19.3369 0
    endloop
  endfacet
  facet normal 0 0 -1
    outer loop
      vertex 55.1919 19.4608 0
      vertex 56.502 26.1541 0
      vertex 55.2897 19.4026 0
    endloop
  endfacet
  facet normal 0 0 -1
    outer loop
      vertex 55.0898 19.5112 0
      vertex 56.502 26.1541 0
      vertex 55.1919 19.4608 0
    endloop
  endfacet
  facet normal 0 0 -1
    outer loop
      vertex 54.4762 25.4067 0
      vertex 55.0898 19.5112 0
      vertex 54.984 19.5534 0
    endloop
  endfacet
  facet normal 0 0 -1
    outer loop
      vertex 54.4762 25.4067 0
      vertex 54.984 19.5534 0
      vertex 54.8753 19.5871 0
    endloop
  endfacet
  facet normal 0 0 -1
    outer loop
      vertex 54.4762 25.4067 0
      vertex 54.8753 19.5871 0
      vertex 54.7642 19.6123 0
    endloop
  endfacet
  facet normal 0 0 -1
    outer loop
      vertex 54.4762 25.4067 0
      vertex 54.7642 19.6123 0
      vertex 54.6516 19.6286 0
    endloop
  endfacet
  facet normal 0 0 -1
    outer loop
      vertex 54.4762 25.4067 0
      vertex 54.6516 19.6286 0
      vertex 54.538 19.636 0
    endloop
  endfacet
  facet normal 0 0 -1
    outer loop
      vertex 55.0898 19.5112 0
      vertex 54.4762 25.4067 0
      vertex 56.502 26.1541 0
    endloop
  endfacet
  facet normal 0 0 -1
    outer loop
      vertex 52.5153 24.5027 0
      vertex 54.538 19.636 0
      vertex 54.4241 19.6345 0
    endloop
  endfacet
  facet normal 0 0 -1
    outer loop
      vertex 52.5153 24.5027 0
      vertex 54.4241 19.6345 0
      vertex 54.3107 19.6241 0
    endloop
  endfacet
  facet normal 0 0 -1
    outer loop
      vertex 52.5153 24.5027 0
      vertex 54.3107 19.6241 0
      vertex 54.1985 19.6048 0
    endloop
  endfacet
  facet normal 0 0 -1
    outer loop
      vertex 52.5153 24.5027 0
      vertex 54.1985 19.6048 0
      vertex 54.0882 19.5768 0
    endloop
  endfacet
  facet normal 0 0 -1
    outer loop
      vertex 52.5153 24.5027 0
      vertex 54.0882 19.5768 0
      vertex 53.9804 19.5402 0
    endloop
  endfacet
  facet normal 0 0 -1
    outer loop
      vertex 52.5153 24.5027 0
      vertex 53.9804 19.5402 0
      vertex 53.8758 19.4953 0
    endloop
  endfacet
  facet normal 0 0 -1
    outer loop
      vertex 50.6313 23.4476 0
      vertex 53.8758 19.4953 0
      vertex 53.775 19.4423 0
    endloop
  endfacet
  facet normal 0 0 -1
    outer loop
      vertex 50.6313 23.4476 0
      vertex 53.775 19.4423 0
      vertex 53.6787 19.3815 0
    endloop
  endfacet
  facet normal 0 0 -1
    outer loop
      vertex 50.6313 23.4476 0
      vertex 53.6787 19.3815 0
      vertex 53.5875 19.3134 0
    endloop
  endfacet
  facet normal 0 0 -1
    outer loop
      vertex 50.6313 23.4476 0
      vertex 53.5875 19.3134 0
      vertex 53.5019 19.2383 0
    endloop
  endfacet
  facet normal 0 0 -1
    outer loop
      vertex 50.6313 23.4476 0
      vertex 53.5019 19.2383 0
      vertex 53.4224 19.1568 0
    endloop
  endfacet
  facet normal 0 0 -1
    outer loop
      vertex 50.6313 23.4476 0
      vertex 53.4224 19.1568 0
      vertex 53.3496 19.0692 0
    endloop
  endfacet
  facet normal 0 0 -1
    outer loop
      vertex 48.8359 22.248 0
      vertex 53.3496 19.0692 0
      vertex 53.2839 18.9763 0
    endloop
  endfacet
  facet normal 0 0 -1
    outer loop
      vertex 48.8359 22.248 0
      vertex 53.2839 18.9763 0
      vertex 53.2257 18.8784 0
    endloop
  endfacet
  facet normal 0 0 -1
    outer loop
      vertex 48.8359 22.248 0
      vertex 53.2257 18.8784 0
      vertex 53.1754 18.7763 0
    endloop
  endfacet
  facet normal 0 0 -1
    outer loop
      vertex 48.8359 22.248 0
      vertex 53.1754 18.7763 0
      vertex 53.1332 18.6706 0
    endloop
  endfacet
  facet normal 0 0 -1
    outer loop
      vertex 48.8359 22.248 0
      vertex 53.1332 18.6706 0
      vertex 53.0994 18.5618 0
    endloop
  endfacet
  facet normal 0 0 -1
    outer loop
      vertex 48.8359 22.248 0
      vertex 53.0994 18.5618 0
      vertex 53.0743 18.4508 0
    endloop
  endfacet
  facet normal 0 0 -1
    outer loop
      vertex 54.538 19.636 0
      vertex 52.5153 24.5027 0
      vertex 54.4762 25.4067 0
    endloop
  endfacet
  facet normal 0 0 -1
    outer loop
      vertex 47.1402 20.9112 0
      vertex 53.0743 18.4508 0
      vertex 53.0579 18.3381 0
    endloop
  endfacet
  facet normal 0 0 -1
    outer loop
      vertex 47.1402 20.9112 0
      vertex 53.0579 18.3381 0
      vertex 53.0505 18.2245 0
    endloop
  endfacet
  facet normal 0 -0 -1
    outer loop
      vertex 47.1402 20.9112 0
      vertex 53.0624 17.9973 0
      vertex 45.5546 19.4454 0
    endloop
  endfacet
  facet normal 0 0 -1
    outer loop
      vertex 44.0888 17.8598 0
      vertex 52.8335 10.3912 0
      vertex 52.0557 9.40456 0
    endloop
  endfacet
  facet normal 0 0 -1
    outer loop
      vertex 42.752 16.1641 0
      vertex 52.0557 9.40456 0
      vertex 51.3578 8.35998 0
    endloop
  endfacet
  facet normal 0 0 -1
    outer loop
      vertex 41.5524 14.3687 0
      vertex 51.3578 8.35998 0
      vertex 50.7439 7.26385 0
    endloop
  endfacet
  facet normal 0 0 -1
    outer loop
      vertex 53.8758 19.4953 0
      vertex 50.6313 23.4476 0
      vertex 52.5153 24.5027 0
    endloop
  endfacet
  facet normal 0 0 -1
    outer loop
      vertex 40.4973 12.4847 0
      vertex 50.7439 7.26385 0
      vertex 50.2179 6.12293 0
    endloop
  endfacet
  facet normal 0 0 -1
    outer loop
      vertex 39.5933 10.5238 0
      vertex 50.2179 6.12293 0
      vertex 49.7831 4.94427 0
    endloop
  endfacet
  facet normal 0 0 -1
    outer loop
      vertex 38.8459 8.49797 0
      vertex 49.7831 4.94427 0
      vertex 49.4421 3.73513 0
    endloop
  endfacet
  facet normal 0 0 -1
    outer loop
      vertex 38.2598 6.41975 0
      vertex 49.4421 3.73513 0
      vertex 49.197 2.50295 0
    endloop
  endfacet
  facet normal 0 0 -1
    outer loop
      vertex 37.8386 4.30195 0
      vertex 49.197 2.50295 0
      vertex 49.0493 1.25535 0
    endloop
  endfacet
  facet normal 0 0 -1
    outer loop
      vertex 53.3496 19.0692 0
      vertex 48.8359 22.248 0
      vertex 50.6313 23.4476 0
    endloop
  endfacet
  facet normal 0 0 -1
    outer loop
      vertex 37.5848 2.15762 0
      vertex 49.0493 1.25535 0
      vertex 49 0 0
    endloop
  endfacet
  facet normal -0 0 -1
    outer loop
      vertex 50.7439 -7.26385 0
      vertex 40.4973 -12.4847 0
      vertex 50.2179 -6.12293 0
    endloop
  endfacet
  facet normal 0 0 -1
    outer loop
      vertex 39.5933 -10.5238 0
      vertex 50.2179 -6.12293 0
      vertex 40.4973 -12.4847 0
    endloop
  endfacet
  facet normal 0 0 -1
    outer loop
      vertex 53.0743 18.4508 0
      vertex 47.1402 20.9112 0
      vertex 48.8359 22.248 0
    endloop
  endfacet
  facet normal -0 0 -1
    outer loop
      vertex 50.2179 -6.12293 0
      vertex 39.5933 -10.5238 0
      vertex 49.7831 -4.94427 0
    endloop
  endfacet
  facet normal 0 0 -1
    outer loop
      vertex 53.052 18.1106 0
      vertex 47.1402 20.9112 0
      vertex 53.0505 18.2245 0
    endloop
  endfacet
  facet normal 0 0 -1
    outer loop
      vertex 38.8459 -8.49797 0
      vertex 49.7831 -4.94427 0
      vertex 39.5933 -10.5238 0
    endloop
  endfacet
  facet normal 0 0 -1
    outer loop
      vertex 53.0624 17.9973 0
      vertex 47.1402 20.9112 0
      vertex 53.052 18.1106 0
    endloop
  endfacet
  facet normal -0 0 -1
    outer loop
      vertex 49.7831 -4.94427 0
      vertex 38.8459 -8.49797 0
      vertex 49.4421 -3.73513 0
    endloop
  endfacet
  facet normal 0 0 -1
    outer loop
      vertex 52.0557 9.40456 0
      vertex 42.752 16.1641 0
      vertex 44.0888 17.8598 0
    endloop
  endfacet
  facet normal 0 0 -1
    outer loop
      vertex 38.2598 -6.41975 0
      vertex 49.4421 -3.73513 0
      vertex 38.8459 -8.49797 0
    endloop
  endfacet
  facet normal 0 0 -1
    outer loop
      vertex 51.3578 8.35998 0
      vertex 41.5524 14.3687 0
      vertex 42.752 16.1641 0
    endloop
  endfacet
  facet normal -0 0 -1
    outer loop
      vertex 49.4421 -3.73513 0
      vertex 38.2598 -6.41975 0
      vertex 49.197 -2.50295 0
    endloop
  endfacet
  facet normal 0 0 -1
    outer loop
      vertex 50.7439 7.26385 0
      vertex 40.4973 12.4847 0
      vertex 41.5524 14.3687 0
    endloop
  endfacet
  facet normal 0 0 -1
    outer loop
      vertex 37.8386 -4.30195 0
      vertex 49.197 -2.50295 0
      vertex 38.2598 -6.41975 0
    endloop
  endfacet
  facet normal 0 0 -1
    outer loop
      vertex 50.2179 6.12293 0
      vertex 39.5933 10.5238 0
      vertex 40.4973 12.4847 0
    endloop
  endfacet
  facet normal -0 0 -1
    outer loop
      vertex 49.197 -2.50295 0
      vertex 37.8386 -4.30195 0
      vertex 49.0493 -1.25535 0
    endloop
  endfacet
  facet normal 0 0 -1
    outer loop
      vertex 49.7831 4.94427 0
      vertex 38.8459 8.49797 0
      vertex 39.5933 10.5238 0
    endloop
  endfacet
  facet normal 0 0 -1
    outer loop
      vertex 37.5848 -2.15762 0
      vertex 49.0493 -1.25535 0
      vertex 37.8386 -4.30195 0
    endloop
  endfacet
  facet normal 0 0 -1
    outer loop
      vertex 49.4421 3.73513 0
      vertex 38.2598 6.41975 0
      vertex 38.8459 8.49797 0
    endloop
  endfacet
  facet normal -0 0 -1
    outer loop
      vertex 49.0493 -1.25535 0
      vertex 37.5848 -2.15762 0
      vertex 49 0 0
    endloop
  endfacet
  facet normal 0 0 -1
    outer loop
      vertex 49.197 2.50295 0
      vertex 37.8386 4.30195 0
      vertex 38.2598 6.41975 0
    endloop
  endfacet
  facet normal 0 0 -1
    outer loop
      vertex 37.5 0 0
      vertex 49 0 0
      vertex 37.5848 -2.15762 0
    endloop
  endfacet
  facet normal 0 0 -1
    outer loop
      vertex 49.0493 1.25535 0
      vertex 37.5848 2.15762 0
      vertex 37.8386 4.30195 0
    endloop
  endfacet
  facet normal 0 0 -1
    outer loop
      vertex 49 0 0
      vertex 37.5 0 0
      vertex 37.5848 2.15762 0
    endloop
  endfacet
  facet normal 0 0 -1
    outer loop
      vertex 87.4099 -0.338495 0
      vertex 92.5 0 0
      vertex 92.4152 -2.15762 0
    endloop
  endfacet
  facet normal 0 0 -1
    outer loop
      vertex 87.1026 -0.941699 0
      vertex 92.4152 -2.15762 0
      vertex 92.1614 -4.30195 0
    endloop
  endfacet
  facet normal 0 0 -1
    outer loop
      vertex 92.5 0 0
      vertex 87.4099 -0.338495 0
      vertex 87.4321 -0.22683 0
    endloop
  endfacet
  facet normal 0 0 -1
    outer loop
      vertex 86.6583 -1.29196 0
      vertex 92.1614 -4.30195 0
      vertex 91.7402 -6.41975 0
    endloop
  endfacet
  facet normal -0 0 -1
    outer loop
      vertex 92.5 0 0
      vertex 87.4455 -0.113765 0
      vertex 87.45 0 0
    endloop
  endfacet
  facet normal 0 0 -1
    outer loop
      vertex 86.2268 -1.43215 0
      vertex 91.7402 -6.41975 0
      vertex 91.1541 -8.49797 0
    endloop
  endfacet
  facet normal 0 0 -1
    outer loop
      vertex 87.4321 0.22683 0
      vertex 92.5 0 0
      vertex 87.4455 0.113765 0
    endloop
  endfacet
  facet normal 0 0 -1
    outer loop
      vertex 80.2169 -4.94427 0
      vertex 91.1541 -8.49797 0
      vertex 90.4067 -10.5238 0
    endloop
  endfacet
  facet normal 0 0 -1
    outer loop
      vertex 87.4099 0.338495 0
      vertex 92.5 0 0
      vertex 87.4321 0.22683 0
    endloop
  endfacet
  facet normal 0 0 -1
    outer loop
      vertex 79.7821 -6.12293 0
      vertex 90.4067 -10.5238 0
      vertex 89.5027 -12.4847 0
    endloop
  endfacet
  facet normal 0 0 -1
    outer loop
      vertex 92.5 0 0
      vertex 87.4099 0.338495 0
      vertex 92.4152 2.15762 0
    endloop
  endfacet
  facet normal 0 0 -1
    outer loop
      vertex 79.7821 -6.12293 0
      vertex 89.5027 -12.4847 0
      vertex 88.4476 -14.3687 0
    endloop
  endfacet
  facet normal 0 0 -1
    outer loop
      vertex 87.379 0.448074 0
      vertex 92.4152 2.15762 0
      vertex 87.4099 0.338495 0
    endloop
  endfacet
  facet normal 0 0 -1
    outer loop
      vertex 87.292 0.658286 0
      vertex 92.4152 2.15762 0
      vertex 87.3396 0.554891 0
    endloop
  endfacet
  facet normal 0 0 -1
    outer loop
      vertex 87.3396 0.554891 0
      vertex 92.4152 2.15762 0
      vertex 87.379 0.448074 0
    endloop
  endfacet
  facet normal 0 0 -1
    outer loop
      vertex 87.4455 0.113765 0
      vertex 92.5 0 0
      vertex 87.45 0 0
    endloop
  endfacet
  facet normal 0 0 -1
    outer loop
      vertex 92.5 0 0
      vertex 87.4321 -0.22683 0
      vertex 87.4455 -0.113765 0
    endloop
  endfacet
  facet normal 0 0 -1
    outer loop
      vertex 92.4152 -2.15762 0
      vertex 87.379 -0.448074 0
      vertex 87.4099 -0.338495 0
    endloop
  endfacet
  facet normal 0 0 -1
    outer loop
      vertex 92.4152 -2.15762 0
      vertex 87.3396 -0.554891 0
      vertex 87.379 -0.448074 0
    endloop
  endfacet
  facet normal 0 0 -1
    outer loop
      vertex 92.4152 -2.15762 0
      vertex 87.292 -0.658286 0
      vertex 87.3396 -0.554891 0
    endloop
  endfacet
  facet normal 0 0 -1
    outer loop
      vertex 79.7821 -6.12293 0
      vertex 88.4476 -14.3687 0
      vertex 87.248 -16.1641 0
    endloop
  endfacet
  facet normal 0 0 -1
    outer loop
      vertex 92.4152 -2.15762 0
      vertex 87.2363 -0.757623 0
      vertex 87.292 -0.658286 0
    endloop
  endfacet
  facet normal 0 0 -1
    outer loop
      vertex 92.4152 -2.15762 0
      vertex 87.1731 -0.852288 0
      vertex 87.2363 -0.757623 0
    endloop
  endfacet
  facet normal 0 0 -1
    outer loop
      vertex 92.4152 -2.15762 0
      vertex 87.1026 -0.941699 0
      vertex 87.1731 -0.852288 0
    endloop
  endfacet
  facet normal 0 0 -1
    outer loop
      vertex 92.1614 -4.30195 0
      vertex 87.0253 -1.0253 0
      vertex 87.1026 -0.941699 0
    endloop
  endfacet
  facet normal 0 0 -1
    outer loop
      vertex 92.1614 -4.30195 0
      vertex 86.9417 -1.10259 0
      vertex 87.0253 -1.0253 0
    endloop
  endfacet
  facet normal 0 0 -1
    outer loop
      vertex 92.1614 -4.30195 0
      vertex 86.8523 -1.17307 0
      vertex 86.9417 -1.10259 0
    endloop
  endfacet
  facet normal 0 0 -1
    outer loop
      vertex 92.1614 -4.30195 0
      vertex 86.7576 -1.23633 0
      vertex 86.8523 -1.17307 0
    endloop
  endfacet
  facet normal 0 0 -1
    outer loop
      vertex 92.1614 -4.30195 0
      vertex 86.6583 -1.29196 0
      vertex 86.7576 -1.23633 0
    endloop
  endfacet
  facet normal 0 0 -1
    outer loop
      vertex 91.7402 -6.41975 0
      vertex 86.5549 -1.33962 0
      vertex 86.6583 -1.29196 0
    endloop
  endfacet
  facet normal 0 0 -1
    outer loop
      vertex 91.7402 -6.41975 0
      vertex 86.4481 -1.37903 0
      vertex 86.5549 -1.33962 0
    endloop
  endfacet
  facet normal 0 0 -1
    outer loop
      vertex 91.7402 -6.41975 0
      vertex 86.3385 -1.40994 0
      vertex 86.4481 -1.37903 0
    endloop
  endfacet
  facet normal 0 0 -1
    outer loop
      vertex 91.7402 -6.41975 0
      vertex 86.2268 -1.43215 0
      vertex 86.3385 -1.40994 0
    endloop
  endfacet
  facet normal 0 0 -1
    outer loop
      vertex 91.1541 -8.49797 0
      vertex 86.1138 -1.44553 0
      vertex 86.2268 -1.43215 0
    endloop
  endfacet
  facet normal 0 0 -1
    outer loop
      vertex 90.4067 -10.5238 0
      vertex 79.7821 -6.12293 0
      vertex 80.2169 -4.94427 0
    endloop
  endfacet
  facet normal 0 0 -1
    outer loop
      vertex 79.7821 -6.12293 0
      vertex 87.248 -16.1641 0
      vertex 85.9112 -17.8598 0
    endloop
  endfacet
  facet normal 0 0 -1
    outer loop
      vertex 91.1541 -8.49797 0
      vertex 86 -1.45 0
      vertex 86.1138 -1.44553 0
    endloop
  endfacet
  facet normal 0 0 -1
    outer loop
      vertex 91.1541 -8.49797 0
      vertex 80.2169 -4.94427 0
      vertex 85.8862 -1.44553 0
    endloop
  endfacet
  facet normal 0 0 -1
    outer loop
      vertex 91.1541 -8.49797 0
      vertex 85.8862 -1.44553 0
      vertex 86 -1.45 0
    endloop
  endfacet
  facet normal -0 0 -1
    outer loop
      vertex 85.8862 -1.44553 0
      vertex 80.2169 -4.94427 0
      vertex 85.7732 -1.43215 0
    endloop
  endfacet
  facet normal -0 0 -1
    outer loop
      vertex 85.7732 -1.43215 0
      vertex 80.2169 -4.94427 0
      vertex 85.6615 -1.40994 0
    endloop
  endfacet
  facet normal -0 0 -1
    outer loop
      vertex 85.6615 -1.40994 0
      vertex 80.2169 -4.94427 0
      vertex 85.5519 -1.37903 0
    endloop
  endfacet
  facet normal 0 -0 -1
    outer loop
      vertex 80.5579 -3.73513 0
      vertex 85.5519 -1.37903 0
      vertex 80.2169 -4.94427 0
    endloop
  endfacet
  facet normal -0 0 -1
    outer loop
      vertex 85.5519 -1.37903 0
      vertex 80.5579 -3.73513 0
      vertex 85.4451 -1.33962 0
    endloop
  endfacet
  facet normal -0 0 -1
    outer loop
      vertex 85.4451 -1.33962 0
      vertex 80.5579 -3.73513 0
      vertex 85.3417 -1.29196 0
    endloop
  endfacet
  facet normal -0 0 -1
    outer loop
      vertex 85.3417 -1.29196 0
      vertex 80.5579 -3.73513 0
      vertex 85.2424 -1.23633 0
    endloop
  endfacet
  facet normal -0 0 -1
    outer loop
      vertex 85.2424 -1.23633 0
      vertex 80.5579 -3.73513 0
      vertex 85.1477 -1.17307 0
    endloop
  endfacet
  facet normal 0 -0 -1
    outer loop
      vertex 80.803 -2.50295 0
      vertex 85.1477 -1.17307 0
      vertex 80.5579 -3.73513 0
    endloop
  endfacet
  facet normal -0 0 -1
    outer loop
      vertex 85.1477 -1.17307 0
      vertex 80.803 -2.50295 0
      vertex 85.0583 -1.10259 0
    endloop
  endfacet
  facet normal -0 0 -1
    outer loop
      vertex 85.0583 -1.10259 0
      vertex 80.803 -2.50295 0
      vertex 84.9747 -1.0253 0
    endloop
  endfacet
  facet normal -0 0 -1
    outer loop
      vertex 84.9747 -1.0253 0
      vertex 80.803 -2.50295 0
      vertex 84.8974 -0.941699 0
    endloop
  endfacet
  facet normal -0 0 -1
    outer loop
      vertex 84.8974 -0.941699 0
      vertex 80.803 -2.50295 0
      vertex 84.8269 -0.852288 0
    endloop
  endfacet
  facet normal 0 -0 -1
    outer loop
      vertex 80.9507 -1.25535 0
      vertex 84.8269 -0.852288 0
      vertex 80.803 -2.50295 0
    endloop
  endfacet
  facet normal -0 0 -1
    outer loop
      vertex 84.7637 -0.757623 0
      vertex 80.9507 -1.25535 0
      vertex 84.708 -0.658286 0
    endloop
  endfacet
  facet normal -0 0 -1
    outer loop
      vertex 84.708 -0.658286 0
      vertex 80.9507 -1.25535 0
      vertex 84.6604 -0.554891 0
    endloop
  endfacet
  facet normal -0 0 -1
    outer loop
      vertex 84.8269 -0.852288 0
      vertex 80.9507 -1.25535 0
      vertex 84.7637 -0.757623 0
    endloop
  endfacet
  facet normal 0 0 -1
    outer loop
      vertex 79.7821 -6.12293 0
      vertex 85.9112 -17.8598 0
      vertex 84.4454 -19.4454 0
    endloop
  endfacet
  facet normal 0 0 -1
    outer loop
      vertex 87.2363 0.757623 0
      vertex 92.4152 2.15762 0
      vertex 87.292 0.658286 0
    endloop
  endfacet
  facet normal 0 0 -1
    outer loop
      vertex 87.1731 0.852288 0
      vertex 92.4152 2.15762 0
      vertex 87.2363 0.757623 0
    endloop
  endfacet
  facet normal 0 0 -1
    outer loop
      vertex 87.1026 0.941699 0
      vertex 92.4152 2.15762 0
      vertex 87.1731 0.852288 0
    endloop
  endfacet
  facet normal -0 0 -1
    outer loop
      vertex 92.4152 2.15762 0
      vertex 87.1026 0.941699 0
      vertex 92.1614 4.30195 0
    endloop
  endfacet
  facet normal 0 0 -1
    outer loop
      vertex 87.0253 1.0253 0
      vertex 92.1614 4.30195 0
      vertex 87.1026 0.941699 0
    endloop
  endfacet
  facet normal 0 0 -1
    outer loop
      vertex 86.9417 1.10259 0
      vertex 92.1614 4.30195 0
      vertex 87.0253 1.0253 0
    endloop
  endfacet
  facet normal 0 0 -1
    outer loop
      vertex 86.8523 1.17307 0
      vertex 92.1614 4.30195 0
      vertex 86.9417 1.10259 0
    endloop
  endfacet
  facet normal 0 0 -1
    outer loop
      vertex 86.7576 1.23633 0
      vertex 92.1614 4.30195 0
      vertex 86.8523 1.17307 0
    endloop
  endfacet
  facet normal 0 0 -1
    outer loop
      vertex 86.6583 1.29196 0
      vertex 92.1614 4.30195 0
      vertex 86.7576 1.23633 0
    endloop
  endfacet
  facet normal -0 0 -1
    outer loop
      vertex 92.1614 4.30195 0
      vertex 86.6583 1.29196 0
      vertex 91.7402 6.41975 0
    endloop
  endfacet
  facet normal 0 0 -1
    outer loop
      vertex 86.5549 1.33962 0
      vertex 91.7402 6.41975 0
      vertex 86.6583 1.29196 0
    endloop
  endfacet
  facet normal 0 0 -1
    outer loop
      vertex 86.4481 1.37903 0
      vertex 91.7402 6.41975 0
      vertex 86.5549 1.33962 0
    endloop
  endfacet
  facet normal 0 0 -1
    outer loop
      vertex 86.3385 1.40994 0
      vertex 91.7402 6.41975 0
      vertex 86.4481 1.37903 0
    endloop
  endfacet
  facet normal 0 0 -1
    outer loop
      vertex 86.2268 1.43215 0
      vertex 91.7402 6.41975 0
      vertex 86.3385 1.40994 0
    endloop
  endfacet
  facet normal -0 0 -1
    outer loop
      vertex 91.7402 6.41975 0
      vertex 86.2268 1.43215 0
      vertex 91.1541 8.49797 0
    endloop
  endfacet
  facet normal 0 0 -1
    outer loop
      vertex 86.1138 1.44553 0
      vertex 91.1541 8.49797 0
      vertex 86.2268 1.43215 0
    endloop
  endfacet
  facet normal 0 0 -1
    outer loop
      vertex 86 1.45 0
      vertex 91.1541 8.49797 0
      vertex 86.1138 1.44553 0
    endloop
  endfacet
  facet normal 0 0 -1
    outer loop
      vertex 85.8862 1.44553 0
      vertex 91.1541 8.49797 0
      vertex 86 1.45 0
    endloop
  endfacet
  facet normal 0 0 -1
    outer loop
      vertex 85.7732 1.43215 0
      vertex 80.2169 4.94427 0
      vertex 85.8862 1.44553 0
    endloop
  endfacet
  facet normal 0 0 -1
    outer loop
      vertex 85.6615 1.40994 0
      vertex 80.2169 4.94427 0
      vertex 85.7732 1.43215 0
    endloop
  endfacet
  facet normal 0 0 -1
    outer loop
      vertex 85.5519 1.37903 0
      vertex 80.5579 3.73513 0
      vertex 85.6615 1.40994 0
    endloop
  endfacet
  facet normal 0 0 -1
    outer loop
      vertex 85.4451 1.33962 0
      vertex 80.5579 3.73513 0
      vertex 85.5519 1.37903 0
    endloop
  endfacet
  facet normal 0 0 -1
    outer loop
      vertex 80.2169 4.94427 0
      vertex 85.6615 1.40994 0
      vertex 80.5579 3.73513 0
    endloop
  endfacet
  facet normal 0 0 -1
    outer loop
      vertex 85.2424 1.23633 0
      vertex 80.5579 3.73513 0
      vertex 85.3417 1.29196 0
    endloop
  endfacet
  facet normal 0 0 -1
    outer loop
      vertex 80.5579 3.73513 0
      vertex 85.2424 1.23633 0
      vertex 80.803 2.50295 0
    endloop
  endfacet
  facet normal 0 0 -1
    outer loop
      vertex 85.3417 1.29196 0
      vertex 80.5579 3.73513 0
      vertex 85.4451 1.33962 0
    endloop
  endfacet
  facet normal 0 0 -1
    outer loop
      vertex 85.1477 1.17307 0
      vertex 80.803 2.50295 0
      vertex 85.2424 1.23633 0
    endloop
  endfacet
  facet normal 0 0 -1
    outer loop
      vertex 85.0583 1.10259 0
      vertex 80.803 2.50295 0
      vertex 85.1477 1.17307 0
    endloop
  endfacet
  facet normal 0 0 -1
    outer loop
      vertex 85.8862 1.44553 0
      vertex 80.2169 4.94427 0
      vertex 91.1541 8.49797 0
    endloop
  endfacet
  facet normal 0 0 -1
    outer loop
      vertex 84.9747 1.0253 0
      vertex 80.803 2.50295 0
      vertex 85.0583 1.10259 0
    endloop
  endfacet
  facet normal 0 0 -1
    outer loop
      vertex 84.8974 0.941699 0
      vertex 80.803 2.50295 0
      vertex 84.9747 1.0253 0
    endloop
  endfacet
  facet normal 0 0 -1
    outer loop
      vertex 84.8269 0.852288 0
      vertex 80.803 2.50295 0
      vertex 84.8974 0.941699 0
    endloop
  endfacet
  facet normal 0 0 -1
    outer loop
      vertex 80.803 2.50295 0
      vertex 84.8269 0.852288 0
      vertex 80.9507 1.25535 0
    endloop
  endfacet
  facet normal 0 0 -1
    outer loop
      vertex 84.7637 0.757623 0
      vertex 80.9507 1.25535 0
      vertex 84.8269 0.852288 0
    endloop
  endfacet
  facet normal 0 0 -1
    outer loop
      vertex 84.708 0.658286 0
      vertex 80.9507 1.25535 0
      vertex 84.7637 0.757623 0
    endloop
  endfacet
  facet normal 0 0 -1
    outer loop
      vertex 84.6604 0.554891 0
      vertex 80.9507 1.25535 0
      vertex 84.708 0.658286 0
    endloop
  endfacet
  facet normal 0 0 -1
    outer loop
      vertex 84.621 0.448074 0
      vertex 80.9507 1.25535 0
      vertex 84.6604 0.554891 0
    endloop
  endfacet
  facet normal 0 0 -1
    outer loop
      vertex 84.5901 0.338495 0
      vertex 80.9507 1.25535 0
      vertex 84.621 0.448074 0
    endloop
  endfacet
  facet normal 0 0 -1
    outer loop
      vertex 80.9507 1.25535 0
      vertex 84.5901 0.338495 0
      vertex 81 0 0
    endloop
  endfacet
  facet normal 0 0 -1
    outer loop
      vertex 81 0 0
      vertex 84.5901 0.338495 0
      vertex 84.5678 0.22683 0
    endloop
  endfacet
  facet normal 0 0 -1
    outer loop
      vertex 81 0 0
      vertex 84.5678 0.22683 0
      vertex 84.5545 0.113765 0
    endloop
  endfacet
  facet normal -0 0 -1
    outer loop
      vertex 91.1541 8.49797 0
      vertex 80.2169 4.94427 0
      vertex 90.4067 10.5238 0
    endloop
  endfacet
  facet normal 0 0 -1
    outer loop
      vertex 81 0 0
      vertex 84.5545 0.113765 0
      vertex 84.55 0 0
    endloop
  endfacet
  facet normal -0 0 -1
    outer loop
      vertex 84.6604 -0.554891 0
      vertex 80.9507 -1.25535 0
      vertex 84.621 -0.448074 0
    endloop
  endfacet
  facet normal 0 0 -1
    outer loop
      vertex 76.3137 -11.3137 0
      vertex 84.4454 -19.4454 0
      vertex 82.8598 -20.9112 0
    endloop
  endfacet
  facet normal 0 0 -1
    outer loop
      vertex 79.7821 6.12293 0
      vertex 90.4067 10.5238 0
      vertex 80.2169 4.94427 0
    endloop
  endfacet
  facet normal 0 0 -1
    outer loop
      vertex 75.3912 -12.1665 0
      vertex 82.8598 -20.9112 0
      vertex 81.1641 -22.248 0
    endloop
  endfacet
  facet normal -0 0 -1
    outer loop
      vertex 90.4067 10.5238 0
      vertex 79.7821 6.12293 0
      vertex 89.5027 12.4847 0
    endloop
  endfacet
  facet normal 0 0 -1
    outer loop
      vertex 79.2561 7.26385 0
      vertex 89.5027 12.4847 0
      vertex 79.7821 6.12293 0
    endloop
  endfacet
  facet normal 0 0 -1
    outer loop
      vertex 84.5545 -0.113765 0
      vertex 81 0 0
      vertex 84.55 0 0
    endloop
  endfacet
  facet normal 0 0 -1
    outer loop
      vertex 84.5678 -0.22683 0
      vertex 81 0 0
      vertex 84.5545 -0.113765 0
    endloop
  endfacet
  facet normal 0 0 -1
    outer loop
      vertex 84.5901 -0.338495 0
      vertex 81 0 0
      vertex 84.5678 -0.22683 0
    endloop
  endfacet
  facet normal 0 -0 -1
    outer loop
      vertex 81 0 0
      vertex 84.5901 -0.338495 0
      vertex 80.9507 -1.25535 0
    endloop
  endfacet
  facet normal -0 0 -1
    outer loop
      vertex 84.621 -0.448074 0
      vertex 80.9507 -1.25535 0
      vertex 84.5901 -0.338495 0
    endloop
  endfacet
  facet normal 0 0 -1
    outer loop
      vertex 74.4046 -12.9443 0
      vertex 81.1641 -22.248 0
      vertex 79.3687 -23.4476 0
    endloop
  endfacet
  facet normal 0 0 -1
    outer loop
      vertex 84.4454 -19.4454 0
      vertex 79.2561 -7.26385 0
      vertex 79.7821 -6.12293 0
    endloop
  endfacet
  facet normal 0 0 -1
    outer loop
      vertex 84.4454 -19.4454 0
      vertex 78.6422 -8.35998 0
      vertex 79.2561 -7.26385 0
    endloop
  endfacet
  facet normal 0 0 -1
    outer loop
      vertex 84.4454 -19.4454 0
      vertex 77.9443 -9.40456 0
      vertex 78.6422 -8.35998 0
    endloop
  endfacet
  facet normal 0 0 -1
    outer loop
      vertex 73.36 -13.6422 0
      vertex 79.3687 -23.4476 0
      vertex 77.4847 -24.5027 0
    endloop
  endfacet
  facet normal 0 0 -1
    outer loop
      vertex 84.4454 -19.4454 0
      vertex 77.1665 -10.3912 0
      vertex 77.9443 -9.40456 0
    endloop
  endfacet
  facet normal 0 0 -1
    outer loop
      vertex 84.4454 -19.4454 0
      vertex 76.3137 -11.3137 0
      vertex 77.1665 -10.3912 0
    endloop
  endfacet
  facet normal 0 0 -1
    outer loop
      vertex 72.2638 -14.2561 0
      vertex 77.4847 -24.5027 0
      vertex 75.5238 -25.4067 0
    endloop
  endfacet
  facet normal 0 0 -1
    outer loop
      vertex 82.8598 -20.9112 0
      vertex 75.3912 -12.1665 0
      vertex 76.3137 -11.3137 0
    endloop
  endfacet
  facet normal 0 0 -1
    outer loop
      vertex 81.1641 -22.248 0
      vertex 74.4046 -12.9443 0
      vertex 75.3912 -12.1665 0
    endloop
  endfacet
  facet normal 0 0 -1
    outer loop
      vertex 71.1229 -14.7821 0
      vertex 75.5238 -25.4067 0
      vertex 73.498 -26.1541 0
    endloop
  endfacet
  facet normal 0 0 -1
    outer loop
      vertex 79.3687 -23.4476 0
      vertex 73.36 -13.6422 0
      vertex 74.4046 -12.9443 0
    endloop
  endfacet
  facet normal 0 0 -1
    outer loop
      vertex 77.4847 -24.5027 0
      vertex 72.2638 -14.2561 0
      vertex 73.36 -13.6422 0
    endloop
  endfacet
  facet normal 0 0 -1
    outer loop
      vertex 69.9443 -15.2169 0
      vertex 73.498 -26.1541 0
      vertex 71.4197 -26.7402 0
    endloop
  endfacet
  facet normal 0 0 -1
    outer loop
      vertex 75.5238 -25.4067 0
      vertex 71.1229 -14.7821 0
      vertex 72.2638 -14.2561 0
    endloop
  endfacet
  facet normal 0 0 -1
    outer loop
      vertex 73.498 -26.1541 0
      vertex 69.9443 -15.2169 0
      vertex 71.1229 -14.7821 0
    endloop
  endfacet
  facet normal 0 0 -1
    outer loop
      vertex 68.7351 -15.5579 0
      vertex 71.4197 -26.7402 0
      vertex 69.3019 -27.1614 0
    endloop
  endfacet
  facet normal 0 0 -1
    outer loop
      vertex 71.4197 -26.7402 0
      vertex 68.7351 -15.5579 0
      vertex 69.9443 -15.2169 0
    endloop
  endfacet
  facet normal 0 0 -1
    outer loop
      vertex 69.3019 -27.1614 0
      vertex 67.503 -15.803 0
      vertex 68.7351 -15.5579 0
    endloop
  endfacet
  facet normal 0 0 -1
    outer loop
      vertex 67.1576 -27.4152 0
      vertex 67.503 -15.803 0
      vertex 69.3019 -27.1614 0
    endloop
  endfacet
  facet normal 0 0 -1
    outer loop
      vertex 67.1576 -27.4152 0
      vertex 66.2553 -15.9507 0
      vertex 67.503 -15.803 0
    endloop
  endfacet
  facet normal 0 0 -1
    outer loop
      vertex 65 -27.5 0
      vertex 66.2553 -15.9507 0
      vertex 67.1576 -27.4152 0
    endloop
  endfacet
  facet normal 0 0 -1
    outer loop
      vertex 65 -27.5 0
      vertex 65 -16 0
      vertex 66.2553 -15.9507 0
    endloop
  endfacet
  facet normal 0 0 -1
    outer loop
      vertex 65 -27.5 0
      vertex 63.7447 -15.9507 0
      vertex 65 -16 0
    endloop
  endfacet
  facet normal 0 0 -1
    outer loop
      vertex 62.8424 -27.4152 0
      vertex 63.7447 -15.9507 0
      vertex 65 -27.5 0
    endloop
  endfacet
  facet normal 0 0 -1
    outer loop
      vertex 62.8424 -27.4152 0
      vertex 62.497 -15.803 0
      vertex 63.7447 -15.9507 0
    endloop
  endfacet
  facet normal 0 0 -1
    outer loop
      vertex 60.6981 -27.1614 0
      vertex 62.497 -15.803 0
      vertex 62.8424 -27.4152 0
    endloop
  endfacet
  facet normal 0 0 -1
    outer loop
      vertex 55.948 -18.2624 0
      vertex 62.497 -15.803 0
      vertex 60.6981 -27.1614 0
    endloop
  endfacet
  facet normal -0 0 -1
    outer loop
      vertex 62.497 -15.803 0
      vertex 55.948 -18.2624 0
      vertex 61.2649 -15.5579 0
    endloop
  endfacet
  facet normal 0 0 -1
    outer loop
      vertex 55.948 -18.2624 0
      vertex 60.0557 -15.2169 0
      vertex 61.2649 -15.5579 0
    endloop
  endfacet
  facet normal 0 0 -1
    outer loop
      vertex 55.948 -18.2624 0
      vertex 60.6981 -27.1614 0
      vertex 58.5803 -26.7402 0
    endloop
  endfacet
  facet normal 0 0 -1
    outer loop
      vertex 55.9421 -18.035 0
      vertex 60.0557 -15.2169 0
      vertex 55.9495 -18.1486 0
    endloop
  endfacet
  facet normal 0 0 -1
    outer loop
      vertex 55.9257 -17.9223 0
      vertex 60.0557 -15.2169 0
      vertex 55.9421 -18.035 0
    endloop
  endfacet
  facet normal 0 0 -1
    outer loop
      vertex 55.5518 -19.1846 0
      vertex 58.5803 -26.7402 0
      vertex 56.502 -26.1541 0
    endloop
  endfacet
  facet normal -0 0 -1
    outer loop
      vertex 60.0557 -15.2169 0
      vertex 55.9257 -17.9223 0
      vertex 58.8771 -14.7821 0
    endloop
  endfacet
  facet normal 0 0 -1
    outer loop
      vertex 55.9006 -17.8112 0
      vertex 58.8771 -14.7821 0
      vertex 55.9257 -17.9223 0
    endloop
  endfacet
  facet normal 0 0 -1
    outer loop
      vertex 55.8668 -17.7025 0
      vertex 58.8771 -14.7821 0
      vertex 55.9006 -17.8112 0
    endloop
  endfacet
  facet normal 0 0 -1
    outer loop
      vertex 55.8246 -17.5968 0
      vertex 58.8771 -14.7821 0
      vertex 55.8668 -17.7025 0
    endloop
  endfacet
  facet normal 0 0 -1
    outer loop
      vertex 55.7743 -17.4947 0
      vertex 58.8771 -14.7821 0
      vertex 55.8246 -17.5968 0
    endloop
  endfacet
  facet normal 0 0 -1
    outer loop
      vertex 55.7161 -17.3968 0
      vertex 58.8771 -14.7821 0
      vertex 55.7743 -17.4947 0
    endloop
  endfacet
  facet normal -0 0 -1
    outer loop
      vertex 58.8771 -14.7821 0
      vertex 55.7161 -17.3968 0
      vertex 57.7362 -14.2561 0
    endloop
  endfacet
  facet normal 0 0 -1
    outer loop
      vertex 55.6504 -17.3038 0
      vertex 57.7362 -14.2561 0
      vertex 55.7161 -17.3968 0
    endloop
  endfacet
  facet normal 0 0 -1
    outer loop
      vertex 55.5776 -17.2163 0
      vertex 57.7362 -14.2561 0
      vertex 55.6504 -17.3038 0
    endloop
  endfacet
  facet normal 0 0 -1
    outer loop
      vertex 55.4981 -17.1347 0
      vertex 57.7362 -14.2561 0
      vertex 55.5776 -17.2163 0
    endloop
  endfacet
  facet normal 0 0 -1
    outer loop
      vertex 55.4125 -17.0597 0
      vertex 57.7362 -14.2561 0
      vertex 55.4981 -17.1347 0
    endloop
  endfacet
  facet normal 0 0 -1
    outer loop
      vertex 55.3213 -16.9916 0
      vertex 57.7362 -14.2561 0
      vertex 55.4125 -17.0597 0
    endloop
  endfacet
  facet normal -0 0 -1
    outer loop
      vertex 57.7362 -14.2561 0
      vertex 55.3213 -16.9916 0
      vertex 56.64 -13.6422 0
    endloop
  endfacet
  facet normal 0 0 -1
    outer loop
      vertex 55.225 -16.9308 0
      vertex 56.64 -13.6422 0
      vertex 55.3213 -16.9916 0
    endloop
  endfacet
  facet normal 0 0 -1
    outer loop
      vertex 55.1242 -16.8778 0
      vertex 56.64 -13.6422 0
      vertex 55.225 -16.9308 0
    endloop
  endfacet
  facet normal 0 0 -1
    outer loop
      vertex 55.0196 -16.8328 0
      vertex 56.64 -13.6422 0
      vertex 55.1242 -16.8778 0
    endloop
  endfacet
  facet normal 0 0 -1
    outer loop
      vertex 54.9118 -16.7962 0
      vertex 56.64 -13.6422 0
      vertex 55.0196 -16.8328 0
    endloop
  endfacet
  facet normal 0 0 -1
    outer loop
      vertex 54.8015 -16.7682 0
      vertex 56.64 -13.6422 0
      vertex 54.9118 -16.7962 0
    endloop
  endfacet
  facet normal -0 0 -1
    outer loop
      vertex 56.64 -13.6422 0
      vertex 54.8015 -16.7682 0
      vertex 55.5954 -12.9443 0
    endloop
  endfacet
  facet normal 0 0 -1
    outer loop
      vertex 54.6893 -16.7489 0
      vertex 55.5954 -12.9443 0
      vertex 54.8015 -16.7682 0
    endloop
  endfacet
  facet normal 0 0 -1
    outer loop
      vertex 54.5759 -16.7385 0
      vertex 55.5954 -12.9443 0
      vertex 54.6893 -16.7489 0
    endloop
  endfacet
  facet normal 0 0 -1
    outer loop
      vertex 54.462 -16.737 0
      vertex 55.5954 -12.9443 0
      vertex 54.5759 -16.7385 0
    endloop
  endfacet
  facet normal 0 0 -1
    outer loop
      vertex 54.3484 -16.7445 0
      vertex 55.5954 -12.9443 0
      vertex 54.462 -16.737 0
    endloop
  endfacet
  facet normal 0 0 -1
    outer loop
      vertex 54.2358 -16.7608 0
      vertex 55.5954 -12.9443 0
      vertex 54.3484 -16.7445 0
    endloop
  endfacet
  facet normal -0 0 -1
    outer loop
      vertex 55.5954 -12.9443 0
      vertex 54.2358 -16.7608 0
      vertex 54.6088 -12.1665 0
    endloop
  endfacet
  facet normal 0 0 -1
    outer loop
      vertex 54.1247 -16.7859 0
      vertex 54.6088 -12.1665 0
      vertex 54.2358 -16.7608 0
    endloop
  endfacet
  facet normal 0 0 -1
    outer loop
      vertex 54.016 -16.8197 0
      vertex 54.6088 -12.1665 0
      vertex 54.1247 -16.7859 0
    endloop
  endfacet
  facet normal 0 0 -1
    outer loop
      vertex 53.9102 -16.8619 0
      vertex 54.6088 -12.1665 0
      vertex 54.016 -16.8197 0
    endloop
  endfacet
  facet normal 0 0 -1
    outer loop
      vertex 53.8081 -16.9122 0
      vertex 54.6088 -12.1665 0
      vertex 53.9102 -16.8619 0
    endloop
  endfacet
  facet normal 0 0 -1
    outer loop
      vertex 53.7103 -16.9705 0
      vertex 54.6088 -12.1665 0
      vertex 53.8081 -16.9122 0
    endloop
  endfacet
  facet normal 0 0 -1
    outer loop
      vertex 53.7103 -16.9705 0
      vertex 53.6863 -11.3137 0
      vertex 54.6088 -12.1665 0
    endloop
  endfacet
  facet normal 0 0 -1
    outer loop
      vertex 53.6173 -17.0362 0
      vertex 53.6863 -11.3137 0
      vertex 53.7103 -16.9705 0
    endloop
  endfacet
  facet normal 0 0 -1
    outer loop
      vertex 53.5298 -17.109 0
      vertex 53.6863 -11.3137 0
      vertex 53.6173 -17.0362 0
    endloop
  endfacet
  facet normal 0 0 -1
    outer loop
      vertex 53.4482 -17.1884 0
      vertex 53.6863 -11.3137 0
      vertex 53.5298 -17.109 0
    endloop
  endfacet
  facet normal 0 0 -1
    outer loop
      vertex 53.3731 -17.274 0
      vertex 53.6863 -11.3137 0
      vertex 53.4482 -17.1884 0
    endloop
  endfacet
  facet normal 0 0 -1
    outer loop
      vertex 52.8335 -10.3912 0
      vertex 53.3731 -17.274 0
      vertex 53.305 -17.3652 0
    endloop
  endfacet
  facet normal 0 0 -1
    outer loop
      vertex 52.8335 -10.3912 0
      vertex 53.305 -17.3652 0
      vertex 53.2443 -17.4615 0
    endloop
  endfacet
  facet normal 0 0 -1
    outer loop
      vertex 52.8335 -10.3912 0
      vertex 53.2443 -17.4615 0
      vertex 53.1913 -17.5623 0
    endloop
  endfacet
  facet normal 0 0 -1
    outer loop
      vertex 52.8335 -10.3912 0
      vertex 53.1913 -17.5623 0
      vertex 53.1463 -17.6669 0
    endloop
  endfacet
  facet normal 0 0 -1
    outer loop
      vertex 52.8335 -10.3912 0
      vertex 53.1463 -17.6669 0
      vertex 53.1097 -17.7747 0
    endloop
  endfacet
  facet normal 0 0 -1
    outer loop
      vertex 52.8335 -10.3912 0
      vertex 53.1097 -17.7747 0
      vertex 53.0817 -17.8851 0
    endloop
  endfacet
  facet normal 0 0 -1
    outer loop
      vertex 52.8335 -10.3912 0
      vertex 53.0817 -17.8851 0
      vertex 53.0624 -17.9973 0
    endloop
  endfacet
  facet normal 0 0 -1
    outer loop
      vertex 53.3731 -17.274 0
      vertex 52.8335 -10.3912 0
      vertex 53.6863 -11.3137 0
    endloop
  endfacet
  facet normal 0 0 -1
    outer loop
      vertex 53.052 -18.1106 0
      vertex 52.8335 -10.3912 0
      vertex 53.0624 -17.9973 0
    endloop
  endfacet
  facet normal 0 0 -1
    outer loop
      vertex 47.1402 -20.9112 0
      vertex 53.0743 -18.4508 0
      vertex 48.8359 -22.248 0
    endloop
  endfacet
  facet normal -0.98079 -0.195065 0
    outer loop
      vertex 38.2598 -6.41975 0
      vertex 37.8386 -4.30195 5
      vertex 37.8386 -4.30195 0
    endloop
  endfacet
  facet normal -0.98079 -0.195065 0
    outer loop
      vertex 37.8386 -4.30195 5
      vertex 38.2598 -6.41975 0
      vertex 38.2598 -6.41975 5
    endloop
  endfacet
  facet normal -0.908141 -0.418665 0
    outer loop
      vertex 40.4973 -12.4847 0
      vertex 39.5933 -10.5238 5
      vertex 39.5933 -10.5238 0
    endloop
  endfacet
  facet normal -0.908141 -0.418665 0
    outer loop
      vertex 39.5933 -10.5238 5
      vertex 40.4973 -12.4847 0
      vertex 40.4973 -12.4847 5
    endloop
  endfacet
  facet normal 0.83148 0.555555 0
    outer loop
      vertex 88.4476 14.3687 5
      vertex 87.248 16.1641 0
      vertex 87.248 16.1641 5
    endloop
  endfacet
  facet normal 0.83148 0.555555 0
    outer loop
      vertex 87.248 16.1641 0
      vertex 88.4476 14.3687 5
      vertex 88.4476 14.3687 0
    endloop
  endfacet
  facet normal 0.785313 0.619099 0
    outer loop
      vertex 87.248 16.1641 5
      vertex 85.9112 17.8598 0
      vertex 85.9112 17.8598 5
    endloop
  endfacet
  facet normal 0.785313 0.619099 0
    outer loop
      vertex 85.9112 17.8598 0
      vertex 87.248 16.1641 5
      vertex 87.248 16.1641 0
    endloop
  endfacet
  facet normal 0.0392726 0.999229 -0
    outer loop
      vertex 67.1576 27.4152 0
      vertex 65 27.5 5
      vertex 67.1576 27.4152 5
    endloop
  endfacet
  facet normal 0.0392726 0.999229 0
    outer loop
      vertex 65 27.5 5
      vertex 67.1576 27.4152 0
      vertex 65 27.5 0
    endloop
  endfacet
  facet normal 0.555555 0.83148 -0
    outer loop
      vertex 81.1641 22.248 0
      vertex 79.3687 23.4476 5
      vertex 81.1641 22.248 5
    endloop
  endfacet
  facet normal 0.555555 0.83148 0
    outer loop
      vertex 79.3687 23.4476 5
      vertex 81.1641 22.248 0
      vertex 79.3687 23.4476 0
    endloop
  endfacet
  facet normal -0.999229 0.0392722 0
    outer loop
      vertex 37.5 0 0
      vertex 37.5848 2.15762 5
      vertex 37.5848 2.15762 0
    endloop
  endfacet
  facet normal -0.999229 0.0392722 0
    outer loop
      vertex 37.5848 2.15762 5
      vertex 37.5 0 0
      vertex 37.5 0 5
    endloop
  endfacet
  facet normal -0.0392726 0.999229 0
    outer loop
      vertex 65 27.5 0
      vertex 62.8424 27.4152 5
      vertex 65 27.5 5
    endloop
  endfacet
  facet normal -0.0392726 0.999229 0
    outer loop
      vertex 62.8424 27.4152 5
      vertex 65 27.5 0
      vertex 62.8424 27.4152 0
    endloop
  endfacet
  facet normal -0.11754 0.993068 0
    outer loop
      vertex 62.8424 27.4152 0
      vertex 60.6981 27.1614 5
      vertex 62.8424 27.4152 5
    endloop
  endfacet
  facet normal -0.11754 0.993068 0
    outer loop
      vertex 60.6981 27.1614 5
      vertex 62.8424 27.4152 0
      vertex 60.6981 27.1614 0
    endloop
  endfacet
  facet normal -0.555555 0.83148 0
    outer loop
      vertex 50.6313 23.4476 0
      vertex 48.8359 22.248 5
      vertex 50.6313 23.4476 5
    endloop
  endfacet
  facet normal -0.555555 0.83148 0
    outer loop
      vertex 48.8359 22.248 5
      vertex 50.6313 23.4476 0
      vertex 48.8359 22.248 0
    endloop
  endfacet
  facet normal -0.619099 0.785313 0
    outer loop
      vertex 48.8359 22.248 0
      vertex 47.1402 20.9112 5
      vertex 48.8359 22.248 5
    endloop
  endfacet
  facet normal -0.619099 0.785313 0
    outer loop
      vertex 47.1402 20.9112 5
      vertex 48.8359 22.248 0
      vertex 47.1402 20.9112 0
    endloop
  endfacet
  facet normal 0.0392726 -0.999229 0
    outer loop
      vertex 65 -27.5 0
      vertex 67.1576 -27.4152 5
      vertex 65 -27.5 5
    endloop
  endfacet
  facet normal 0.0392726 -0.999229 0
    outer loop
      vertex 67.1576 -27.4152 5
      vertex 65 -27.5 0
      vertex 67.1576 -27.4152 0
    endloop
  endfacet
  facet normal 0.938187 -0.34613 0
    outer loop
      vertex 90.4067 -10.5238 5
      vertex 91.1541 -8.49797 0
      vertex 91.1541 -8.49797 5
    endloop
  endfacet
  facet normal 0.938187 -0.34613 0
    outer loop
      vertex 91.1541 -8.49797 0
      vertex 90.4067 -10.5238 5
      vertex 90.4067 -10.5238 0
    endloop
  endfacet
  facet normal 0.98079 -0.195065 0
    outer loop
      vertex 91.7402 -6.41975 5
      vertex 92.1614 -4.30195 0
      vertex 92.1614 -4.30195 5
    endloop
  endfacet
  facet normal 0.98079 -0.195065 0
    outer loop
      vertex 92.1614 -4.30195 0
      vertex 91.7402 -6.41975 5
      vertex 91.7402 -6.41975 0
    endloop
  endfacet
  facet normal 0.962457 -0.271432 0
    outer loop
      vertex 91.1541 -8.49797 5
      vertex 91.7402 -6.41975 0
      vertex 91.7402 -6.41975 5
    endloop
  endfacet
  facet normal 0.962457 -0.271432 0
    outer loop
      vertex 91.7402 -6.41975 0
      vertex 91.1541 -8.49797 5
      vertex 91.1541 -8.49797 0
    endloop
  endfacet
  facet normal 0.11754 -0.993068 0
    outer loop
      vertex 67.1576 -27.4152 0
      vertex 69.3019 -27.1614 5
      vertex 67.1576 -27.4152 5
    endloop
  endfacet
  facet normal 0.11754 -0.993068 0
    outer loop
      vertex 69.3019 -27.1614 5
      vertex 67.1576 -27.4152 0
      vertex 69.3019 -27.1614 0
    endloop
  endfacet
  facet normal 0.346135 -0.938185 0
    outer loop
      vertex 73.498 -26.1541 0
      vertex 75.5238 -25.4067 5
      vertex 73.498 -26.1541 5
    endloop
  endfacet
  facet normal 0.346135 -0.938185 0
    outer loop
      vertex 75.5238 -25.4067 5
      vertex 73.498 -26.1541 0
      vertex 75.5238 -25.4067 0
    endloop
  endfacet
  facet normal 0.678822 -0.734303 0
    outer loop
      vertex 82.8598 -20.9112 0
      vertex 84.4454 -19.4454 5
      vertex 82.8598 -20.9112 5
    endloop
  endfacet
  facet normal 0.678822 -0.734303 0
    outer loop
      vertex 84.4454 -19.4454 5
      vertex 82.8598 -20.9112 0
      vertex 84.4454 -19.4454 0
    endloop
  endfacet
  facet normal 0.555555 -0.83148 0
    outer loop
      vertex 79.3687 -23.4476 0
      vertex 81.1641 -22.248 5
      vertex 79.3687 -23.4476 5
    endloop
  endfacet
  facet normal 0.555555 -0.83148 0
    outer loop
      vertex 81.1641 -22.248 5
      vertex 79.3687 -23.4476 0
      vertex 81.1641 -22.248 0
    endloop
  endfacet
  facet normal 0.619099 -0.785313 0
    outer loop
      vertex 81.1641 -22.248 0
      vertex 82.8598 -20.9112 5
      vertex 81.1641 -22.248 5
    endloop
  endfacet
  facet normal 0.619099 -0.785313 0
    outer loop
      vertex 82.8598 -20.9112 5
      vertex 81.1641 -22.248 0
      vertex 82.8598 -20.9112 0
    endloop
  endfacet
  facet normal 0.488625 -0.872494 0
    outer loop
      vertex 77.4847 -24.5027 0
      vertex 79.3687 -23.4476 5
      vertex 77.4847 -24.5027 5
    endloop
  endfacet
  facet normal 0.488625 -0.872494 0
    outer loop
      vertex 79.3687 -23.4476 5
      vertex 77.4847 -24.5027 0
      vertex 79.3687 -23.4476 0
    endloop
  endfacet
  facet normal 0.908141 -0.418665 0
    outer loop
      vertex 89.5027 -12.4847 5
      vertex 90.4067 -10.5238 0
      vertex 90.4067 -10.5238 5
    endloop
  endfacet
  facet normal 0.908141 -0.418665 0
    outer loop
      vertex 90.4067 -10.5238 0
      vertex 89.5027 -12.4847 5
      vertex 89.5027 -12.4847 0
    endloop
  endfacet
  facet normal 0.785313 -0.619099 0
    outer loop
      vertex 85.9112 -17.8598 5
      vertex 87.248 -16.1641 0
      vertex 87.248 -16.1641 5
    endloop
  endfacet
  facet normal 0.785313 -0.619099 0
    outer loop
      vertex 87.248 -16.1641 0
      vertex 85.9112 -17.8598 5
      vertex 85.9112 -17.8598 0
    endloop
  endfacet
  facet normal -0.11754 -0.993068 0
    outer loop
      vertex 60.6981 -27.1614 0
      vertex 62.8424 -27.4152 5
      vertex 60.6981 -27.1614 5
    endloop
  endfacet
  facet normal -0.11754 -0.993068 -0
    outer loop
      vertex 62.8424 -27.4152 5
      vertex 60.6981 -27.1614 0
      vertex 62.8424 -27.4152 0
    endloop
  endfacet
  facet normal -0.271423 -0.96246 0
    outer loop
      vertex 56.502 -26.1541 0
      vertex 58.5803 -26.7402 5
      vertex 56.502 -26.1541 5
    endloop
  endfacet
  facet normal -0.271423 -0.96246 -0
    outer loop
      vertex 58.5803 -26.7402 5
      vertex 56.502 -26.1541 0
      vertex 58.5803 -26.7402 0
    endloop
  endfacet
  facet normal -0.619099 -0.785313 0
    outer loop
      vertex 47.1402 -20.9112 0
      vertex 48.8359 -22.248 5
      vertex 47.1402 -20.9112 5
    endloop
  endfacet
  facet normal -0.619099 -0.785313 -0
    outer loop
      vertex 48.8359 -22.248 5
      vertex 47.1402 -20.9112 0
      vertex 48.8359 -22.248 0
    endloop
  endfacet
  facet normal -0.999229 -0.0392722 0
    outer loop
      vertex 37.5848 -2.15762 0
      vertex 37.5 0 5
      vertex 37.5 0 0
    endloop
  endfacet
  facet normal -0.999229 -0.0392722 0
    outer loop
      vertex 37.5 0 5
      vertex 37.5848 -2.15762 0
      vertex 37.5848 -2.15762 5
    endloop
  endfacet
  facet normal -0.872494 -0.488625 0
    outer loop
      vertex 41.5524 -14.3687 0
      vertex 40.4973 -12.4847 5
      vertex 40.4973 -12.4847 0
    endloop
  endfacet
  facet normal -0.872494 -0.488625 0
    outer loop
      vertex 40.4973 -12.4847 5
      vertex 41.5524 -14.3687 0
      vertex 41.5524 -14.3687 5
    endloop
  endfacet
  facet normal -0.734303 -0.678822 0
    outer loop
      vertex 45.5546 -19.4454 0
      vertex 44.0888 -17.8598 5
      vertex 44.0888 -17.8598 0
    endloop
  endfacet
  facet normal -0.734303 -0.678822 0
    outer loop
      vertex 44.0888 -17.8598 5
      vertex 45.5546 -19.4454 0
      vertex 45.5546 -19.4454 5
    endloop
  endfacet
  facet normal 0.11754 0.993068 -0
    outer loop
      vertex 69.3019 27.1614 0
      vertex 67.1576 27.4152 5
      vertex 69.3019 27.1614 5
    endloop
  endfacet
  facet normal 0.11754 0.993068 0
    outer loop
      vertex 67.1576 27.4152 5
      vertex 69.3019 27.1614 0
      vertex 67.1576 27.4152 0
    endloop
  endfacet
  facet normal 0 0 1
    outer loop
      vertex 60.0557 15.2169 5
      vertex 55.948 18.2624 5
      vertex 55.9495 18.1486 5
    endloop
  endfacet
  facet normal 0 0 1
    outer loop
      vertex 58.5803 26.7402 5
      vertex 55.9376 18.3758 5
      vertex 55.948 18.2624 5
    endloop
  endfacet
  facet normal 0 0 1
    outer loop
      vertex 58.5803 26.7402 5
      vertex 55.9183 18.488 5
      vertex 55.9376 18.3758 5
    endloop
  endfacet
  facet normal 0 0 1
    outer loop
      vertex 58.5803 26.7402 5
      vertex 55.8903 18.5984 5
      vertex 55.9183 18.488 5
    endloop
  endfacet
  facet normal 0 0 1
    outer loop
      vertex 58.5803 26.7402 5
      vertex 55.8537 18.7062 5
      vertex 55.8903 18.5984 5
    endloop
  endfacet
  facet normal 0 0 1
    outer loop
      vertex 58.5803 26.7402 5
      vertex 55.8088 18.8108 5
      vertex 55.8537 18.7062 5
    endloop
  endfacet
  facet normal 0 0 1
    outer loop
      vertex 58.5803 26.7402 5
      vertex 55.7557 18.9115 5
      vertex 55.8088 18.8108 5
    endloop
  endfacet
  facet normal 0 0 1
    outer loop
      vertex 58.5803 26.7402 5
      vertex 55.695 19.0078 5
      vertex 55.7557 18.9115 5
    endloop
  endfacet
  facet normal 0 0 1
    outer loop
      vertex 58.5803 26.7402 5
      vertex 55.6269 19.099 5
      vertex 55.695 19.0078 5
    endloop
  endfacet
  facet normal 0 0 1
    outer loop
      vertex 58.5803 26.7402 5
      vertex 55.5518 19.1846 5
      vertex 55.6269 19.099 5
    endloop
  endfacet
  facet normal 0 0 1
    outer loop
      vertex 56.502 26.1541 5
      vertex 55.4702 19.2641 5
      vertex 55.5518 19.1846 5
    endloop
  endfacet
  facet normal 0 0 1
    outer loop
      vertex 56.502 26.1541 5
      vertex 55.3827 19.3369 5
      vertex 55.4702 19.2641 5
    endloop
  endfacet
  facet normal 0 0 1
    outer loop
      vertex 56.502 26.1541 5
      vertex 55.2897 19.4026 5
      vertex 55.3827 19.3369 5
    endloop
  endfacet
  facet normal 0 0 1
    outer loop
      vertex 56.502 26.1541 5
      vertex 55.1919 19.4608 5
      vertex 55.2897 19.4026 5
    endloop
  endfacet
  facet normal 0 0 1
    outer loop
      vertex 56.502 26.1541 5
      vertex 55.0898 19.5112 5
      vertex 55.1919 19.4608 5
    endloop
  endfacet
  facet normal -0 0 1
    outer loop
      vertex 54.4762 25.4067 5
      vertex 55.0898 19.5112 5
      vertex 56.502 26.1541 5
    endloop
  endfacet
  facet normal 0 0 1
    outer loop
      vertex 55.0898 19.5112 5
      vertex 54.4762 25.4067 5
      vertex 54.984 19.5534 5
    endloop
  endfacet
  facet normal 0 0 1
    outer loop
      vertex 54.984 19.5534 5
      vertex 54.4762 25.4067 5
      vertex 54.8753 19.5871 5
    endloop
  endfacet
  facet normal 0 0 1
    outer loop
      vertex 54.8753 19.5871 5
      vertex 54.4762 25.4067 5
      vertex 54.7642 19.6123 5
    endloop
  endfacet
  facet normal 0 0 1
    outer loop
      vertex 54.7642 19.6123 5
      vertex 54.4762 25.4067 5
      vertex 54.6516 19.6286 5
    endloop
  endfacet
  facet normal 0 0 1
    outer loop
      vertex 54.6516 19.6286 5
      vertex 54.4762 25.4067 5
      vertex 54.538 19.636 5
    endloop
  endfacet
  facet normal -0 0 1
    outer loop
      vertex 52.5153 24.5027 5
      vertex 54.538 19.636 5
      vertex 54.4762 25.4067 5
    endloop
  endfacet
  facet normal 0 0 1
    outer loop
      vertex 54.538 19.636 5
      vertex 52.5153 24.5027 5
      vertex 54.4241 19.6345 5
    endloop
  endfacet
  facet normal 0 0 1
    outer loop
      vertex 54.4241 19.6345 5
      vertex 52.5153 24.5027 5
      vertex 54.3107 19.6241 5
    endloop
  endfacet
  facet normal 0 0 1
    outer loop
      vertex 54.3107 19.6241 5
      vertex 52.5153 24.5027 5
      vertex 54.1985 19.6048 5
    endloop
  endfacet
  facet normal 0 0 1
    outer loop
      vertex 54.1985 19.6048 5
      vertex 52.5153 24.5027 5
      vertex 54.0882 19.5768 5
    endloop
  endfacet
  facet normal 0 0 1
    outer loop
      vertex 54.0882 19.5768 5
      vertex 52.5153 24.5027 5
      vertex 53.9804 19.5402 5
    endloop
  endfacet
  facet normal 0 0 1
    outer loop
      vertex 53.9804 19.5402 5
      vertex 52.5153 24.5027 5
      vertex 53.8758 19.4953 5
    endloop
  endfacet
  facet normal -0 0 1
    outer loop
      vertex 50.6313 23.4476 5
      vertex 53.8758 19.4953 5
      vertex 52.5153 24.5027 5
    endloop
  endfacet
  facet normal 0 0 1
    outer loop
      vertex 53.8758 19.4953 5
      vertex 50.6313 23.4476 5
      vertex 53.775 19.4423 5
    endloop
  endfacet
  facet normal 0 0 1
    outer loop
      vertex 53.775 19.4423 5
      vertex 50.6313 23.4476 5
      vertex 53.6787 19.3815 5
    endloop
  endfacet
  facet normal 0 0 1
    outer loop
      vertex 53.6787 19.3815 5
      vertex 50.6313 23.4476 5
      vertex 53.5875 19.3134 5
    endloop
  endfacet
  facet normal 0 0 1
    outer loop
      vertex 53.5875 19.3134 5
      vertex 50.6313 23.4476 5
      vertex 53.5019 19.2383 5
    endloop
  endfacet
  facet normal 0 0 1
    outer loop
      vertex 53.5019 19.2383 5
      vertex 50.6313 23.4476 5
      vertex 53.4224 19.1568 5
    endloop
  endfacet
  facet normal 0 0 1
    outer loop
      vertex 53.4224 19.1568 5
      vertex 50.6313 23.4476 5
      vertex 53.3496 19.0692 5
    endloop
  endfacet
  facet normal -0 0 1
    outer loop
      vertex 48.8359 22.248 5
      vertex 53.3496 19.0692 5
      vertex 50.6313 23.4476 5
    endloop
  endfacet
  facet normal 0 0 1
    outer loop
      vertex 53.3496 19.0692 5
      vertex 48.8359 22.248 5
      vertex 53.2839 18.9763 5
    endloop
  endfacet
  facet normal 0 0 1
    outer loop
      vertex 53.2839 18.9763 5
      vertex 48.8359 22.248 5
      vertex 53.2257 18.8784 5
    endloop
  endfacet
  facet normal 0 0 1
    outer loop
      vertex 53.2257 18.8784 5
      vertex 48.8359 22.248 5
      vertex 53.1754 18.7763 5
    endloop
  endfacet
  facet normal 0 0 1
    outer loop
      vertex 53.1754 18.7763 5
      vertex 48.8359 22.248 5
      vertex 53.1332 18.6706 5
    endloop
  endfacet
  facet normal 0 0 1
    outer loop
      vertex 53.1332 18.6706 5
      vertex 48.8359 22.248 5
      vertex 53.0994 18.5618 5
    endloop
  endfacet
  facet normal 0 0 1
    outer loop
      vertex 53.0994 18.5618 5
      vertex 48.8359 22.248 5
      vertex 53.0743 18.4508 5
    endloop
  endfacet
  facet normal 0 0 1
    outer loop
      vertex 53.0743 18.4508 5
      vertex 47.1402 20.9112 5
      vertex 53.0579 18.3381 5
    endloop
  endfacet
  facet normal 0 0 1
    outer loop
      vertex 53.0579 18.3381 5
      vertex 47.1402 20.9112 5
      vertex 53.0505 18.2245 5
    endloop
  endfacet
  facet normal 0 0 1
    outer loop
      vertex 53.0505 18.2245 5
      vertex 47.1402 20.9112 5
      vertex 53.052 18.1106 5
    endloop
  endfacet
  facet normal -0 0 1
    outer loop
      vertex 45.5546 19.4454 5
      vertex 53.052 18.1106 5
      vertex 47.1402 20.9112 5
    endloop
  endfacet
  facet normal 0 0 1
    outer loop
      vertex 44.0888 17.8598 5
      vertex 53.052 18.1106 5
      vertex 45.5546 19.4454 5
    endloop
  endfacet
  facet normal 0 0 1
    outer loop
      vertex 53.052 18.1106 5
      vertex 44.0888 17.8598 5
      vertex 52.8335 10.3912 5
    endloop
  endfacet
  facet normal 0 0 1
    outer loop
      vertex 52.8335 10.3912 5
      vertex 44.0888 17.8598 5
      vertex 52.0557 9.40456 5
    endloop
  endfacet
  facet normal -0 0 1
    outer loop
      vertex 42.752 16.1641 5
      vertex 52.0557 9.40456 5
      vertex 44.0888 17.8598 5
    endloop
  endfacet
  facet normal 0 0 1
    outer loop
      vertex 52.0557 9.40456 5
      vertex 42.752 16.1641 5
      vertex 51.3578 8.35998 5
    endloop
  endfacet
  facet normal -0 0 1
    outer loop
      vertex 41.5524 14.3687 5
      vertex 51.3578 8.35998 5
      vertex 42.752 16.1641 5
    endloop
  endfacet
  facet normal -0 0 1
    outer loop
      vertex 40.4973 12.4847 5
      vertex 50.7439 7.26385 5
      vertex 41.5524 14.3687 5
    endloop
  endfacet
  facet normal 0 0 1
    outer loop
      vertex 51.3578 8.35998 5
      vertex 41.5524 14.3687 5
      vertex 50.7439 7.26385 5
    endloop
  endfacet
  facet normal 0 0 1
    outer loop
      vertex 89.5027 -12.4847 5
      vertex 79.2561 -7.26385 5
      vertex 88.4476 -14.3687 5
    endloop
  endfacet
  facet normal -0 0 1
    outer loop
      vertex 78.6422 -8.35998 5
      vertex 88.4476 -14.3687 5
      vertex 79.2561 -7.26385 5
    endloop
  endfacet
  facet normal 0 0 1
    outer loop
      vertex 88.4476 -14.3687 5
      vertex 78.6422 -8.35998 5
      vertex 87.248 -16.1641 5
    endloop
  endfacet
  facet normal -0 0 1
    outer loop
      vertex 77.9443 -9.40456 5
      vertex 87.248 -16.1641 5
      vertex 78.6422 -8.35998 5
    endloop
  endfacet
  facet normal 0 0 1
    outer loop
      vertex 87.248 -16.1641 5
      vertex 77.9443 -9.40456 5
      vertex 85.9112 -17.8598 5
    endloop
  endfacet
  facet normal -0 0 1
    outer loop
      vertex 77.1665 -10.3912 5
      vertex 85.9112 -17.8598 5
      vertex 77.9443 -9.40456 5
    endloop
  endfacet
  facet normal 0 0 1
    outer loop
      vertex 85.9112 -17.8598 5
      vertex 77.1665 -10.3912 5
      vertex 84.4454 -19.4454 5
    endloop
  endfacet
  facet normal -0 0 1
    outer loop
      vertex 76.3137 -11.3137 5
      vertex 84.4454 -19.4454 5
      vertex 77.1665 -10.3912 5
    endloop
  endfacet
  facet normal 0 0 1
    outer loop
      vertex 84.4454 -19.4454 5
      vertex 76.3137 -11.3137 5
      vertex 82.8598 -20.9112 5
    endloop
  endfacet
  facet normal -0 0 1
    outer loop
      vertex 75.3912 -12.1665 5
      vertex 82.8598 -20.9112 5
      vertex 76.3137 -11.3137 5
    endloop
  endfacet
  facet normal 0 0 1
    outer loop
      vertex 82.8598 -20.9112 5
      vertex 75.3912 -12.1665 5
      vertex 81.1641 -22.248 5
    endloop
  endfacet
  facet normal -0 0 1
    outer loop
      vertex 74.4046 -12.9443 5
      vertex 81.1641 -22.248 5
      vertex 75.3912 -12.1665 5
    endloop
  endfacet
  facet normal 0 0 1
    outer loop
      vertex 81.1641 -22.248 5
      vertex 74.4046 -12.9443 5
      vertex 79.3687 -23.4476 5
    endloop
  endfacet
  facet normal -0 0 1
    outer loop
      vertex 73.36 -13.6422 5
      vertex 79.3687 -23.4476 5
      vertex 74.4046 -12.9443 5
    endloop
  endfacet
  facet normal 0 0 1
    outer loop
      vertex 79.3687 -23.4476 5
      vertex 73.36 -13.6422 5
      vertex 77.4847 -24.5027 5
    endloop
  endfacet
  facet normal -0 0 1
    outer loop
      vertex 72.2638 -14.2561 5
      vertex 77.4847 -24.5027 5
      vertex 73.36 -13.6422 5
    endloop
  endfacet
  facet normal 0 0 1
    outer loop
      vertex 77.4847 -24.5027 5
      vertex 72.2638 -14.2561 5
      vertex 75.5238 -25.4067 5
    endloop
  endfacet
  facet normal -0 0 1
    outer loop
      vertex 71.1229 -14.7821 5
      vertex 75.5238 -25.4067 5
      vertex 72.2638 -14.2561 5
    endloop
  endfacet
  facet normal 0 0 1
    outer loop
      vertex 75.5238 -25.4067 5
      vertex 71.1229 -14.7821 5
      vertex 73.498 -26.1541 5
    endloop
  endfacet
  facet normal -0 0 1
    outer loop
      vertex 69.9443 -15.2169 5
      vertex 73.498 -26.1541 5
      vertex 71.1229 -14.7821 5
    endloop
  endfacet
  facet normal 0 0 1
    outer loop
      vertex 73.498 -26.1541 5
      vertex 69.9443 -15.2169 5
      vertex 71.4197 -26.7402 5
    endloop
  endfacet
  facet normal -0 0 1
    outer loop
      vertex 68.7351 -15.5579 5
      vertex 71.4197 -26.7402 5
      vertex 69.9443 -15.2169 5
    endloop
  endfacet
  facet normal 0 0 1
    outer loop
      vertex 71.4197 -26.7402 5
      vertex 68.7351 -15.5579 5
      vertex 69.3019 -27.1614 5
    endloop
  endfacet
  facet normal -0 0 1
    outer loop
      vertex 67.503 -15.803 5
      vertex 69.3019 -27.1614 5
      vertex 68.7351 -15.5579 5
    endloop
  endfacet
  facet normal 0 0 1
    outer loop
      vertex 67.503 -15.803 5
      vertex 67.1576 -27.4152 5
      vertex 69.3019 -27.1614 5
    endloop
  endfacet
  facet normal -0 0 1
    outer loop
      vertex 66.2553 -15.9507 5
      vertex 67.1576 -27.4152 5
      vertex 67.503 -15.803 5
    endloop
  endfacet
  facet normal -0 0 1
    outer loop
      vertex 65 -16 5
      vertex 67.1576 -27.4152 5
      vertex 66.2553 -15.9507 5
    endloop
  endfacet
  facet normal 0 0 1
    outer loop
      vertex 65 -16 5
      vertex 65 -27.5 5
      vertex 67.1576 -27.4152 5
    endloop
  endfacet
  facet normal 0 0 1
    outer loop
      vertex 63.7447 -15.9507 5
      vertex 65 -27.5 5
      vertex 65 -16 5
    endloop
  endfacet
  facet normal 0 0 1
    outer loop
      vertex 63.7447 -15.9507 5
      vertex 62.8424 -27.4152 5
      vertex 65 -27.5 5
    endloop
  endfacet
  facet normal 0 0 1
    outer loop
      vertex 62.497 -15.803 5
      vertex 62.8424 -27.4152 5
      vertex 63.7447 -15.9507 5
    endloop
  endfacet
  facet normal 0 0 1
    outer loop
      vertex 55.8088 -18.8108 5
      vertex 62.497 -15.803 5
      vertex 61.2649 -15.5579 5
    endloop
  endfacet
  facet normal 0 0 1
    outer loop
      vertex 62.497 -15.803 5
      vertex 60.6981 -27.1614 5
      vertex 62.8424 -27.4152 5
    endloop
  endfacet
  facet normal 0 0 1
    outer loop
      vertex 55.9376 -18.3758 5
      vertex 61.2649 -15.5579 5
      vertex 60.0557 -15.2169 5
    endloop
  endfacet
  facet normal 0 0 1
    outer loop
      vertex 55.9257 -17.9223 5
      vertex 60.0557 -15.2169 5
      vertex 58.8771 -14.7821 5
    endloop
  endfacet
  facet normal 0 0 1
    outer loop
      vertex 61.2649 -15.5579 5
      vertex 55.8903 -18.5984 5
      vertex 55.8537 -18.7062 5
    endloop
  endfacet
  facet normal 0 0 1
    outer loop
      vertex 55.7161 -17.3968 5
      vertex 58.8771 -14.7821 5
      vertex 57.7362 -14.2561 5
    endloop
  endfacet
  facet normal 0 0 1
    outer loop
      vertex 55.3213 -16.9916 5
      vertex 57.7362 -14.2561 5
      vertex 56.64 -13.6422 5
    endloop
  endfacet
  facet normal 0 0 1
    outer loop
      vertex 60.0557 -15.2169 5
      vertex 55.9495 -18.1486 5
      vertex 55.948 -18.2624 5
    endloop
  endfacet
  facet normal 0 0 1
    outer loop
      vertex 60.0557 -15.2169 5
      vertex 55.948 -18.2624 5
      vertex 55.9376 -18.3758 5
    endloop
  endfacet
  facet normal 0 0 1
    outer loop
      vertex 60.0557 -15.2169 5
      vertex 55.9421 -18.035 5
      vertex 55.9495 -18.1486 5
    endloop
  endfacet
  facet normal 0 0 1
    outer loop
      vertex 60.0557 -15.2169 5
      vertex 55.9257 -17.9223 5
      vertex 55.9421 -18.035 5
    endloop
  endfacet
  facet normal 0 0 1
    outer loop
      vertex 58.8771 -14.7821 5
      vertex 55.9006 -17.8112 5
      vertex 55.9257 -17.9223 5
    endloop
  endfacet
  facet normal 0 0 1
    outer loop
      vertex 58.8771 -14.7821 5
      vertex 55.8668 -17.7025 5
      vertex 55.9006 -17.8112 5
    endloop
  endfacet
  facet normal 0 0 1
    outer loop
      vertex 58.8771 -14.7821 5
      vertex 55.8246 -17.5968 5
      vertex 55.8668 -17.7025 5
    endloop
  endfacet
  facet normal 0 0 1
    outer loop
      vertex 58.8771 -14.7821 5
      vertex 55.7743 -17.4947 5
      vertex 55.8246 -17.5968 5
    endloop
  endfacet
  facet normal 0 0 1
    outer loop
      vertex 58.8771 -14.7821 5
      vertex 55.7161 -17.3968 5
      vertex 55.7743 -17.4947 5
    endloop
  endfacet
  facet normal 0 0 1
    outer loop
      vertex 57.7362 -14.2561 5
      vertex 55.6504 -17.3038 5
      vertex 55.7161 -17.3968 5
    endloop
  endfacet
  facet normal 0 0 1
    outer loop
      vertex 54.8015 -16.7682 5
      vertex 56.64 -13.6422 5
      vertex 55.5954 -12.9443 5
    endloop
  endfacet
  facet normal 0 0 1
    outer loop
      vertex 57.7362 -14.2561 5
      vertex 55.5776 -17.2163 5
      vertex 55.6504 -17.3038 5
    endloop
  endfacet
  facet normal 0 0 1
    outer loop
      vertex 57.7362 -14.2561 5
      vertex 55.4981 -17.1347 5
      vertex 55.5776 -17.2163 5
    endloop
  endfacet
  facet normal 0 0 1
    outer loop
      vertex 57.7362 -14.2561 5
      vertex 55.4125 -17.0597 5
      vertex 55.4981 -17.1347 5
    endloop
  endfacet
  facet normal 0 0 1
    outer loop
      vertex 57.7362 -14.2561 5
      vertex 55.3213 -16.9916 5
      vertex 55.4125 -17.0597 5
    endloop
  endfacet
  facet normal 0 0 1
    outer loop
      vertex 56.64 -13.6422 5
      vertex 55.225 -16.9308 5
      vertex 55.3213 -16.9916 5
    endloop
  endfacet
  facet normal 0 0 1
    outer loop
      vertex 56.64 -13.6422 5
      vertex 55.1242 -16.8778 5
      vertex 55.225 -16.9308 5
    endloop
  endfacet
  facet normal 0 0 1
    outer loop
      vertex 56.64 -13.6422 5
      vertex 55.0196 -16.8328 5
      vertex 55.1242 -16.8778 5
    endloop
  endfacet
  facet normal 0 0 1
    outer loop
      vertex 56.64 -13.6422 5
      vertex 54.9118 -16.7962 5
      vertex 55.0196 -16.8328 5
    endloop
  endfacet
  facet normal 0 0 1
    outer loop
      vertex 56.64 -13.6422 5
      vertex 54.8015 -16.7682 5
      vertex 54.9118 -16.7962 5
    endloop
  endfacet
  facet normal 0 0 1
    outer loop
      vertex 55.5954 -12.9443 5
      vertex 54.6893 -16.7489 5
      vertex 54.8015 -16.7682 5
    endloop
  endfacet
  facet normal 0 0 1
    outer loop
      vertex 54.2358 -16.7608 5
      vertex 55.5954 -12.9443 5
      vertex 54.6088 -12.1665 5
    endloop
  endfacet
  facet normal 0 0 1
    outer loop
      vertex 55.5954 -12.9443 5
      vertex 54.5759 -16.7385 5
      vertex 54.6893 -16.7489 5
    endloop
  endfacet
  facet normal 0 0 1
    outer loop
      vertex 55.5954 -12.9443 5
      vertex 54.462 -16.737 5
      vertex 54.5759 -16.7385 5
    endloop
  endfacet
  facet normal 0 0 1
    outer loop
      vertex 55.5954 -12.9443 5
      vertex 54.3484 -16.7445 5
      vertex 54.462 -16.737 5
    endloop
  endfacet
  facet normal 0 0 1
    outer loop
      vertex 55.5954 -12.9443 5
      vertex 54.2358 -16.7608 5
      vertex 54.3484 -16.7445 5
    endloop
  endfacet
  facet normal 0 0 1
    outer loop
      vertex 54.6088 -12.1665 5
      vertex 54.1247 -16.7859 5
      vertex 54.2358 -16.7608 5
    endloop
  endfacet
  facet normal 0 0 1
    outer loop
      vertex 54.6088 -12.1665 5
      vertex 54.016 -16.8197 5
      vertex 54.1247 -16.7859 5
    endloop
  endfacet
  facet normal 0 0 1
    outer loop
      vertex 54.6088 -12.1665 5
      vertex 53.9102 -16.8619 5
      vertex 54.016 -16.8197 5
    endloop
  endfacet
  facet normal 0 0 1
    outer loop
      vertex 54.6088 -12.1665 5
      vertex 53.8081 -16.9122 5
      vertex 53.9102 -16.8619 5
    endloop
  endfacet
  facet normal 0 0 1
    outer loop
      vertex 54.6088 -12.1665 5
      vertex 53.7103 -16.9705 5
      vertex 53.8081 -16.9122 5
    endloop
  endfacet
  facet normal 0 0 1
    outer loop
      vertex 53.6863 -11.3137 5
      vertex 53.7103 -16.9705 5
      vertex 54.6088 -12.1665 5
    endloop
  endfacet
  facet normal 0 0 1
    outer loop
      vertex 53.6863 -11.3137 5
      vertex 53.6173 -17.0362 5
      vertex 53.7103 -16.9705 5
    endloop
  endfacet
  facet normal 0 0 1
    outer loop
      vertex 53.6863 -11.3137 5
      vertex 53.5298 -17.109 5
      vertex 53.6173 -17.0362 5
    endloop
  endfacet
  facet normal 0 0 1
    outer loop
      vertex 53.6863 -11.3137 5
      vertex 53.4482 -17.1884 5
      vertex 53.5298 -17.109 5
    endloop
  endfacet
  facet normal 0 0 1
    outer loop
      vertex 53.6863 -11.3137 5
      vertex 53.3731 -17.274 5
      vertex 53.4482 -17.1884 5
    endloop
  endfacet
  facet normal 0 0 1
    outer loop
      vertex 52.8335 -10.3912 5
      vertex 53.3731 -17.274 5
      vertex 53.6863 -11.3137 5
    endloop
  endfacet
  facet normal 0 0 1
    outer loop
      vertex 53.3731 -17.274 5
      vertex 52.8335 -10.3912 5
      vertex 53.305 -17.3652 5
    endloop
  endfacet
  facet normal 0 0 1
    outer loop
      vertex 44.0888 -17.8598 5
      vertex 53.305 -17.3652 5
      vertex 52.8335 -10.3912 5
    endloop
  endfacet
  facet normal 0 0 1
    outer loop
      vertex 53.305 -17.3652 5
      vertex 44.0888 -17.8598 5
      vertex 53.2443 -17.4615 5
    endloop
  endfacet
  facet normal 0 0 1
    outer loop
      vertex 53.2443 -17.4615 5
      vertex 44.0888 -17.8598 5
      vertex 53.1913 -17.5623 5
    endloop
  endfacet
  facet normal 0 -0 1
    outer loop
      vertex 45.5546 -19.4454 5
      vertex 53.1913 -17.5623 5
      vertex 44.0888 -17.8598 5
    endloop
  endfacet
  facet normal 0 0 1
    outer loop
      vertex 53.1913 -17.5623 5
      vertex 45.5546 -19.4454 5
      vertex 53.1463 -17.6669 5
    endloop
  endfacet
  facet normal 0 0 1
    outer loop
      vertex 53.0817 -17.8851 5
      vertex 45.5546 -19.4454 5
      vertex 53.0624 -17.9973 5
    endloop
  endfacet
  facet normal 0 0 1
    outer loop
      vertex 53.1097 -17.7747 5
      vertex 45.5546 -19.4454 5
      vertex 53.0817 -17.8851 5
    endloop
  endfacet
  facet normal 0 0 1
    outer loop
      vertex 53.1463 -17.6669 5
      vertex 45.5546 -19.4454 5
      vertex 53.1097 -17.7747 5
    endloop
  endfacet
  facet normal 0 0 1
    outer loop
      vertex 61.2649 -15.5579 5
      vertex 55.9376 -18.3758 5
      vertex 55.9183 -18.488 5
    endloop
  endfacet
  facet normal 0 0 1
    outer loop
      vertex 61.2649 -15.5579 5
      vertex 55.9183 -18.488 5
      vertex 55.8903 -18.5984 5
    endloop
  endfacet
  facet normal 0 0 1
    outer loop
      vertex 55.8088 -18.8108 5
      vertex 61.2649 -15.5579 5
      vertex 55.8537 -18.7062 5
    endloop
  endfacet
  facet normal 0 0 1
    outer loop
      vertex 62.497 -15.803 5
      vertex 55.8088 -18.8108 5
      vertex 60.6981 -27.1614 5
    endloop
  endfacet
  facet normal -0 0 1
    outer loop
      vertex 55.7557 -18.9115 5
      vertex 60.6981 -27.1614 5
      vertex 55.8088 -18.8108 5
    endloop
  endfacet
  facet normal 0 0 1
    outer loop
      vertex 60.6981 -27.1614 5
      vertex 55.7557 -18.9115 5
      vertex 58.5803 -26.7402 5
    endloop
  endfacet
  facet normal -0 0 1
    outer loop
      vertex 55.695 -19.0078 5
      vertex 58.5803 -26.7402 5
      vertex 55.7557 -18.9115 5
    endloop
  endfacet
  facet normal -0 0 1
    outer loop
      vertex 55.6269 -19.099 5
      vertex 58.5803 -26.7402 5
      vertex 55.695 -19.0078 5
    endloop
  endfacet
  facet normal -0 0 1
    outer loop
      vertex 55.5518 -19.1846 5
      vertex 58.5803 -26.7402 5
      vertex 55.6269 -19.099 5
    endloop
  endfacet
  facet normal 0 0 1
    outer loop
      vertex 58.5803 -26.7402 5
      vertex 55.5518 -19.1846 5
      vertex 56.502 -26.1541 5
    endloop
  endfacet
  facet normal -0 0 1
    outer loop
      vertex 55.4702 -19.2641 5
      vertex 56.502 -26.1541 5
      vertex 55.5518 -19.1846 5
    endloop
  endfacet
  facet normal -0 0 1
    outer loop
      vertex 55.3827 -19.3369 5
      vertex 56.502 -26.1541 5
      vertex 55.4702 -19.2641 5
    endloop
  endfacet
  facet normal -0 0 1
    outer loop
      vertex 55.2897 -19.4026 5
      vertex 56.502 -26.1541 5
      vertex 55.3827 -19.3369 5
    endloop
  endfacet
  facet normal -0 0 1
    outer loop
      vertex 55.1919 -19.4608 5
      vertex 56.502 -26.1541 5
      vertex 55.2897 -19.4026 5
    endloop
  endfacet
  facet normal -0 0 1
    outer loop
      vertex 55.0898 -19.5112 5
      vertex 56.502 -26.1541 5
      vertex 55.1919 -19.4608 5
    endloop
  endfacet
  facet normal 0 0 1
    outer loop
      vertex 54.4762 -25.4067 5
      vertex 55.0898 -19.5112 5
      vertex 54.984 -19.5534 5
    endloop
  endfacet
  facet normal 0 0 1
    outer loop
      vertex 54.4762 -25.4067 5
      vertex 54.984 -19.5534 5
      vertex 54.8753 -19.5871 5
    endloop
  endfacet
  facet normal 0 0 1
    outer loop
      vertex 54.4762 -25.4067 5
      vertex 54.8753 -19.5871 5
      vertex 54.7642 -19.6123 5
    endloop
  endfacet
  facet normal 0 0 1
    outer loop
      vertex 54.4762 -25.4067 5
      vertex 54.7642 -19.6123 5
      vertex 54.6516 -19.6286 5
    endloop
  endfacet
  facet normal 0 0 1
    outer loop
      vertex 54.4762 -25.4067 5
      vertex 54.6516 -19.6286 5
      vertex 54.538 -19.636 5
    endloop
  endfacet
  facet normal 0 0 1
    outer loop
      vertex 55.0898 -19.5112 5
      vertex 54.4762 -25.4067 5
      vertex 56.502 -26.1541 5
    endloop
  endfacet
  facet normal 0 0 1
    outer loop
      vertex 52.5153 -24.5027 5
      vertex 54.538 -19.636 5
      vertex 54.4241 -19.6345 5
    endloop
  endfacet
  facet normal 0 0 1
    outer loop
      vertex 52.5153 -24.5027 5
      vertex 54.4241 -19.6345 5
      vertex 54.3107 -19.6241 5
    endloop
  endfacet
  facet normal 0 0 1
    outer loop
      vertex 52.5153 -24.5027 5
      vertex 54.3107 -19.6241 5
      vertex 54.1985 -19.6048 5
    endloop
  endfacet
  facet normal 0 0 1
    outer loop
      vertex 52.5153 -24.5027 5
      vertex 54.1985 -19.6048 5
      vertex 54.0882 -19.5768 5
    endloop
  endfacet
  facet normal 0 0 1
    outer loop
      vertex 52.5153 -24.5027 5
      vertex 54.0882 -19.5768 5
      vertex 53.9804 -19.5402 5
    endloop
  endfacet
  facet normal 0 0 1
    outer loop
      vertex 52.5153 -24.5027 5
      vertex 53.9804 -19.5402 5
      vertex 53.8758 -19.4953 5
    endloop
  endfacet
  facet normal 0 0 1
    outer loop
      vertex 50.6313 -23.4476 5
      vertex 53.8758 -19.4953 5
      vertex 53.775 -19.4423 5
    endloop
  endfacet
  facet normal 0 0 1
    outer loop
      vertex 50.6313 -23.4476 5
      vertex 53.775 -19.4423 5
      vertex 53.6787 -19.3815 5
    endloop
  endfacet
  facet normal 0 0 1
    outer loop
      vertex 50.6313 -23.4476 5
      vertex 53.6787 -19.3815 5
      vertex 53.5875 -19.3134 5
    endloop
  endfacet
  facet normal 0 0 1
    outer loop
      vertex 50.6313 -23.4476 5
      vertex 53.5875 -19.3134 5
      vertex 53.5019 -19.2383 5
    endloop
  endfacet
  facet normal 0 0 1
    outer loop
      vertex 50.6313 -23.4476 5
      vertex 53.5019 -19.2383 5
      vertex 53.4224 -19.1568 5
    endloop
  endfacet
  facet normal 0 0 1
    outer loop
      vertex 50.6313 -23.4476 5
      vertex 53.4224 -19.1568 5
      vertex 53.3496 -19.0692 5
    endloop
  endfacet
  facet normal 0 0 1
    outer loop
      vertex 48.8359 -22.248 5
      vertex 53.3496 -19.0692 5
      vertex 53.2839 -18.9763 5
    endloop
  endfacet
  facet normal 0 0 1
    outer loop
      vertex 48.8359 -22.248 5
      vertex 53.2839 -18.9763 5
      vertex 53.2257 -18.8784 5
    endloop
  endfacet
  facet normal 0 0 1
    outer loop
      vertex 48.8359 -22.248 5
      vertex 53.2257 -18.8784 5
      vertex 53.1754 -18.7763 5
    endloop
  endfacet
  facet normal 0 0 1
    outer loop
      vertex 48.8359 -22.248 5
      vertex 53.1754 -18.7763 5
      vertex 53.1332 -18.6706 5
    endloop
  endfacet
  facet normal 0 0 1
    outer loop
      vertex 48.8359 -22.248 5
      vertex 53.1332 -18.6706 5
      vertex 53.0994 -18.5618 5
    endloop
  endfacet
  facet normal 0 0 1
    outer loop
      vertex 48.8359 -22.248 5
      vertex 53.0994 -18.5618 5
      vertex 53.0743 -18.4508 5
    endloop
  endfacet
  facet normal 0 0 1
    outer loop
      vertex 54.538 -19.636 5
      vertex 52.5153 -24.5027 5
      vertex 54.4762 -25.4067 5
    endloop
  endfacet
  facet normal 0 0 1
    outer loop
      vertex 47.1402 -20.9112 5
      vertex 53.0743 -18.4508 5
      vertex 53.0579 -18.3381 5
    endloop
  endfacet
  facet normal 0 0 1
    outer loop
      vertex 47.1402 -20.9112 5
      vertex 53.0579 -18.3381 5
      vertex 53.0505 -18.2245 5
    endloop
  endfacet
  facet normal 0 -0 1
    outer loop
      vertex 47.1402 -20.9112 5
      vertex 53.0624 -17.9973 5
      vertex 45.5546 -19.4454 5
    endloop
  endfacet
  facet normal 0 0 1
    outer loop
      vertex 44.0888 -17.8598 5
      vertex 52.8335 -10.3912 5
      vertex 52.0557 -9.40456 5
    endloop
  endfacet
  facet normal 0 0 1
    outer loop
      vertex 42.752 -16.1641 5
      vertex 52.0557 -9.40456 5
      vertex 51.3578 -8.35998 5
    endloop
  endfacet
  facet normal 0 0 1
    outer loop
      vertex 41.5524 -14.3687 5
      vertex 51.3578 -8.35998 5
      vertex 50.7439 -7.26385 5
    endloop
  endfacet
  facet normal 0 0 1
    outer loop
      vertex 53.8758 -19.4953 5
      vertex 50.6313 -23.4476 5
      vertex 52.5153 -24.5027 5
    endloop
  endfacet
  facet normal 0 0 1
    outer loop
      vertex 40.4973 -12.4847 5
      vertex 50.7439 -7.26385 5
      vertex 50.2179 -6.12293 5
    endloop
  endfacet
  facet normal 0 0 1
    outer loop
      vertex 39.5933 -10.5238 5
      vertex 50.2179 -6.12293 5
      vertex 49.7831 -4.94427 5
    endloop
  endfacet
  facet normal 0 0 1
    outer loop
      vertex 38.8459 -8.49797 5
      vertex 49.7831 -4.94427 5
      vertex 49.4421 -3.73513 5
    endloop
  endfacet
  facet normal 0 0 1
    outer loop
      vertex 38.2598 -6.41975 5
      vertex 49.4421 -3.73513 5
      vertex 49.197 -2.50295 5
    endloop
  endfacet
  facet normal 0 0 1
    outer loop
      vertex 37.8386 -4.30195 5
      vertex 49.197 -2.50295 5
      vertex 49.0493 -1.25535 5
    endloop
  endfacet
  facet normal 0 0 1
    outer loop
      vertex 53.3496 -19.0692 5
      vertex 48.8359 -22.248 5
      vertex 50.6313 -23.4476 5
    endloop
  endfacet
  facet normal 0 0 1
    outer loop
      vertex 37.5848 -2.15762 5
      vertex 49.0493 -1.25535 5
      vertex 49 0 5
    endloop
  endfacet
  facet normal 0 0 1
    outer loop
      vertex 50.7439 7.26385 5
      vertex 40.4973 12.4847 5
      vertex 50.2179 6.12293 5
    endloop
  endfacet
  facet normal -0 0 1
    outer loop
      vertex 39.5933 10.5238 5
      vertex 50.2179 6.12293 5
      vertex 40.4973 12.4847 5
    endloop
  endfacet
  facet normal 0 0 1
    outer loop
      vertex 53.0743 -18.4508 5
      vertex 47.1402 -20.9112 5
      vertex 48.8359 -22.248 5
    endloop
  endfacet
  facet normal 0 0 1
    outer loop
      vertex 50.2179 6.12293 5
      vertex 39.5933 10.5238 5
      vertex 49.7831 4.94427 5
    endloop
  endfacet
  facet normal 0 0 1
    outer loop
      vertex 53.052 -18.1106 5
      vertex 47.1402 -20.9112 5
      vertex 53.0505 -18.2245 5
    endloop
  endfacet
  facet normal -0 0 1
    outer loop
      vertex 38.8459 8.49797 5
      vertex 49.7831 4.94427 5
      vertex 39.5933 10.5238 5
    endloop
  endfacet
  facet normal 0 0 1
    outer loop
      vertex 53.0624 -17.9973 5
      vertex 47.1402 -20.9112 5
      vertex 53.052 -18.1106 5
    endloop
  endfacet
  facet normal 0 0 1
    outer loop
      vertex 49.7831 4.94427 5
      vertex 38.8459 8.49797 5
      vertex 49.4421 3.73513 5
    endloop
  endfacet
  facet normal 0 0 1
    outer loop
      vertex 52.0557 -9.40456 5
      vertex 42.752 -16.1641 5
      vertex 44.0888 -17.8598 5
    endloop
  endfacet
  facet normal -0 0 1
    outer loop
      vertex 38.2598 6.41975 5
      vertex 49.4421 3.73513 5
      vertex 38.8459 8.49797 5
    endloop
  endfacet
  facet normal 0 0 1
    outer loop
      vertex 51.3578 -8.35998 5
      vertex 41.5524 -14.3687 5
      vertex 42.752 -16.1641 5
    endloop
  endfacet
  facet normal 0 0 1
    outer loop
      vertex 49.4421 3.73513 5
      vertex 38.2598 6.41975 5
      vertex 49.197 2.50295 5
    endloop
  endfacet
  facet normal 0 0 1
    outer loop
      vertex 50.7439 -7.26385 5
      vertex 40.4973 -12.4847 5
      vertex 41.5524 -14.3687 5
    endloop
  endfacet
  facet normal -0 0 1
    outer loop
      vertex 37.8386 4.30195 5
      vertex 49.197 2.50295 5
      vertex 38.2598 6.41975 5
    endloop
  endfacet
  facet normal 0 0 1
    outer loop
      vertex 50.2179 -6.12293 5
      vertex 39.5933 -10.5238 5
      vertex 40.4973 -12.4847 5
    endloop
  endfacet
  facet normal 0 0 1
    outer loop
      vertex 49.197 2.50295 5
      vertex 37.8386 4.30195 5
      vertex 49.0493 1.25535 5
    endloop
  endfacet
  facet normal 0 0 1
    outer loop
      vertex 49.7831 -4.94427 5
      vertex 38.8459 -8.49797 5
      vertex 39.5933 -10.5238 5
    endloop
  endfacet
  facet normal -0 0 1
    outer loop
      vertex 37.5848 2.15762 5
      vertex 49.0493 1.25535 5
      vertex 37.8386 4.30195 5
    endloop
  endfacet
  facet normal 0 0 1
    outer loop
      vertex 49.4421 -3.73513 5
      vertex 38.2598 -6.41975 5
      vertex 38.8459 -8.49797 5
    endloop
  endfacet
  facet normal 0 0 1
    outer loop
      vertex 49.0493 1.25535 5
      vertex 37.5848 2.15762 5
      vertex 49 0 5
    endloop
  endfacet
  facet normal 0 0 1
    outer loop
      vertex 49.197 -2.50295 5
      vertex 37.8386 -4.30195 5
      vertex 38.2598 -6.41975 5
    endloop
  endfacet
  facet normal 0 0 1
    outer loop
      vertex 37.5 0 5
      vertex 49 0 5
      vertex 37.5848 2.15762 5
    endloop
  endfacet
  facet normal 0 0 1
    outer loop
      vertex 49.0493 -1.25535 5
      vertex 37.5848 -2.15762 5
      vertex 37.8386 -4.30195 5
    endloop
  endfacet
  facet normal 0 0 1
    outer loop
      vertex 49 0 5
      vertex 37.5 0 5
      vertex 37.5848 -2.15762 5
    endloop
  endfacet
  facet normal -0 0 1
    outer loop
      vertex 87.4099 0.338495 5
      vertex 92.5 0 5
      vertex 92.4152 2.15762 5
    endloop
  endfacet
  facet normal 0 0 1
    outer loop
      vertex 87.1026 0.941699 5
      vertex 92.4152 2.15762 5
      vertex 92.1614 4.30195 5
    endloop
  endfacet
  facet normal 0 0 1
    outer loop
      vertex 92.5 0 5
      vertex 87.4099 0.338495 5
      vertex 87.4321 0.22683 5
    endloop
  endfacet
  facet normal 0 0 1
    outer loop
      vertex 86.6583 1.29196 5
      vertex 92.1614 4.30195 5
      vertex 91.7402 6.41975 5
    endloop
  endfacet
  facet normal 0 0 1
    outer loop
      vertex 92.5 0 5
      vertex 87.4455 0.113765 5
      vertex 87.45 0 5
    endloop
  endfacet
  facet normal 0 0 1
    outer loop
      vertex 86.2268 1.43215 5
      vertex 91.7402 6.41975 5
      vertex 91.1541 8.49797 5
    endloop
  endfacet
  facet normal 0 0 1
    outer loop
      vertex 87.4321 -0.22683 5
      vertex 92.5 0 5
      vertex 87.4455 -0.113765 5
    endloop
  endfacet
  facet normal 0 0 1
    outer loop
      vertex 80.2169 4.94427 5
      vertex 91.1541 8.49797 5
      vertex 90.4067 10.5238 5
    endloop
  endfacet
  facet normal 0 0 1
    outer loop
      vertex 87.4099 -0.338495 5
      vertex 92.5 0 5
      vertex 87.4321 -0.22683 5
    endloop
  endfacet
  facet normal 0 0 1
    outer loop
      vertex 79.7821 6.12293 5
      vertex 90.4067 10.5238 5
      vertex 89.5027 12.4847 5
    endloop
  endfacet
  facet normal 0 0 1
    outer loop
      vertex 92.5 0 5
      vertex 87.4099 -0.338495 5
      vertex 92.4152 -2.15762 5
    endloop
  endfacet
  facet normal 0 0 1
    outer loop
      vertex 79.7821 6.12293 5
      vertex 89.5027 12.4847 5
      vertex 88.4476 14.3687 5
    endloop
  endfacet
  facet normal -0 0 1
    outer loop
      vertex 87.379 -0.448074 5
      vertex 92.4152 -2.15762 5
      vertex 87.4099 -0.338495 5
    endloop
  endfacet
  facet normal -0 0 1
    outer loop
      vertex 87.292 -0.658286 5
      vertex 92.4152 -2.15762 5
      vertex 87.3396 -0.554891 5
    endloop
  endfacet
  facet normal -0 0 1
    outer loop
      vertex 87.3396 -0.554891 5
      vertex 92.4152 -2.15762 5
      vertex 87.379 -0.448074 5
    endloop
  endfacet
  facet normal 0 0 1
    outer loop
      vertex 87.4455 -0.113765 5
      vertex 92.5 0 5
      vertex 87.45 0 5
    endloop
  endfacet
  facet normal 0 0 1
    outer loop
      vertex 92.5 0 5
      vertex 87.4321 0.22683 5
      vertex 87.4455 0.113765 5
    endloop
  endfacet
  facet normal 0 0 1
    outer loop
      vertex 92.4152 2.15762 5
      vertex 87.379 0.448074 5
      vertex 87.4099 0.338495 5
    endloop
  endfacet
  facet normal 0 0 1
    outer loop
      vertex 92.4152 2.15762 5
      vertex 87.3396 0.554891 5
      vertex 87.379 0.448074 5
    endloop
  endfacet
  facet normal 0 0 1
    outer loop
      vertex 92.4152 2.15762 5
      vertex 87.292 0.658286 5
      vertex 87.3396 0.554891 5
    endloop
  endfacet
  facet normal 0 0 1
    outer loop
      vertex 79.7821 6.12293 5
      vertex 88.4476 14.3687 5
      vertex 87.248 16.1641 5
    endloop
  endfacet
  facet normal 0 0 1
    outer loop
      vertex 92.4152 2.15762 5
      vertex 87.2363 0.757623 5
      vertex 87.292 0.658286 5
    endloop
  endfacet
  facet normal 0 0 1
    outer loop
      vertex 92.4152 2.15762 5
      vertex 87.1731 0.852288 5
      vertex 87.2363 0.757623 5
    endloop
  endfacet
  facet normal 0 0 1
    outer loop
      vertex 92.4152 2.15762 5
      vertex 87.1026 0.941699 5
      vertex 87.1731 0.852288 5
    endloop
  endfacet
  facet normal 0 0 1
    outer loop
      vertex 92.1614 4.30195 5
      vertex 87.0253 1.0253 5
      vertex 87.1026 0.941699 5
    endloop
  endfacet
  facet normal 0 0 1
    outer loop
      vertex 92.1614 4.30195 5
      vertex 86.9417 1.10259 5
      vertex 87.0253 1.0253 5
    endloop
  endfacet
  facet normal 0 0 1
    outer loop
      vertex 92.1614 4.30195 5
      vertex 86.8523 1.17307 5
      vertex 86.9417 1.10259 5
    endloop
  endfacet
  facet normal 0 0 1
    outer loop
      vertex 92.1614 4.30195 5
      vertex 86.7576 1.23633 5
      vertex 86.8523 1.17307 5
    endloop
  endfacet
  facet normal 0 0 1
    outer loop
      vertex 92.1614 4.30195 5
      vertex 86.6583 1.29196 5
      vertex 86.7576 1.23633 5
    endloop
  endfacet
  facet normal 0 0 1
    outer loop
      vertex 91.7402 6.41975 5
      vertex 86.5549 1.33962 5
      vertex 86.6583 1.29196 5
    endloop
  endfacet
  facet normal 0 0 1
    outer loop
      vertex 91.7402 6.41975 5
      vertex 86.4481 1.37903 5
      vertex 86.5549 1.33962 5
    endloop
  endfacet
  facet normal 0 0 1
    outer loop
      vertex 91.7402 6.41975 5
      vertex 86.3385 1.40994 5
      vertex 86.4481 1.37903 5
    endloop
  endfacet
  facet normal 0 0 1
    outer loop
      vertex 91.7402 6.41975 5
      vertex 86.2268 1.43215 5
      vertex 86.3385 1.40994 5
    endloop
  endfacet
  facet normal 0 0 1
    outer loop
      vertex 91.1541 8.49797 5
      vertex 86.1138 1.44553 5
      vertex 86.2268 1.43215 5
    endloop
  endfacet
  facet normal 0 0 1
    outer loop
      vertex 90.4067 10.5238 5
      vertex 79.7821 6.12293 5
      vertex 80.2169 4.94427 5
    endloop
  endfacet
  facet normal 0 0 1
    outer loop
      vertex 79.7821 6.12293 5
      vertex 87.248 16.1641 5
      vertex 85.9112 17.8598 5
    endloop
  endfacet
  facet normal 0 0 1
    outer loop
      vertex 91.1541 8.49797 5
      vertex 86 1.45 5
      vertex 86.1138 1.44553 5
    endloop
  endfacet
  facet normal 0 0 1
    outer loop
      vertex 91.1541 8.49797 5
      vertex 80.2169 4.94427 5
      vertex 85.8862 1.44553 5
    endloop
  endfacet
  facet normal 0 0 1
    outer loop
      vertex 91.1541 8.49797 5
      vertex 85.8862 1.44553 5
      vertex 86 1.45 5
    endloop
  endfacet
  facet normal 0 0 1
    outer loop
      vertex 85.8862 1.44553 5
      vertex 80.2169 4.94427 5
      vertex 85.7732 1.43215 5
    endloop
  endfacet
  facet normal 0 0 1
    outer loop
      vertex 85.7732 1.43215 5
      vertex 80.2169 4.94427 5
      vertex 85.6615 1.40994 5
    endloop
  endfacet
  facet normal 0 0 1
    outer loop
      vertex 85.6615 1.40994 5
      vertex 80.2169 4.94427 5
      vertex 85.5519 1.37903 5
    endloop
  endfacet
  facet normal -0 -0 1
    outer loop
      vertex 80.5579 3.73513 5
      vertex 85.5519 1.37903 5
      vertex 80.2169 4.94427 5
    endloop
  endfacet
  facet normal 0 0 1
    outer loop
      vertex 85.5519 1.37903 5
      vertex 80.5579 3.73513 5
      vertex 85.4451 1.33962 5
    endloop
  endfacet
  facet normal 0 0 1
    outer loop
      vertex 85.4451 1.33962 5
      vertex 80.5579 3.73513 5
      vertex 85.3417 1.29196 5
    endloop
  endfacet
  facet normal 0 0 1
    outer loop
      vertex 85.3417 1.29196 5
      vertex 80.5579 3.73513 5
      vertex 85.2424 1.23633 5
    endloop
  endfacet
  facet normal 0 0 1
    outer loop
      vertex 85.2424 1.23633 5
      vertex 80.5579 3.73513 5
      vertex 85.1477 1.17307 5
    endloop
  endfacet
  facet normal -0 -0 1
    outer loop
      vertex 80.803 2.50295 5
      vertex 85.1477 1.17307 5
      vertex 80.5579 3.73513 5
    endloop
  endfacet
  facet normal 0 0 1
    outer loop
      vertex 85.1477 1.17307 5
      vertex 80.803 2.50295 5
      vertex 85.0583 1.10259 5
    endloop
  endfacet
  facet normal 0 0 1
    outer loop
      vertex 85.0583 1.10259 5
      vertex 80.803 2.50295 5
      vertex 84.9747 1.0253 5
    endloop
  endfacet
  facet normal 0 0 1
    outer loop
      vertex 84.9747 1.0253 5
      vertex 80.803 2.50295 5
      vertex 84.8974 0.941699 5
    endloop
  endfacet
  facet normal 0 0 1
    outer loop
      vertex 84.8974 0.941699 5
      vertex 80.803 2.50295 5
      vertex 84.8269 0.852288 5
    endloop
  endfacet
  facet normal -0 -0 1
    outer loop
      vertex 80.9507 1.25535 5
      vertex 84.8269 0.852288 5
      vertex 80.803 2.50295 5
    endloop
  endfacet
  facet normal 0 0 1
    outer loop
      vertex 84.7637 0.757623 5
      vertex 80.9507 1.25535 5
      vertex 84.708 0.658286 5
    endloop
  endfacet
  facet normal 0 0 1
    outer loop
      vertex 84.708 0.658286 5
      vertex 80.9507 1.25535 5
      vertex 84.6604 0.554891 5
    endloop
  endfacet
  facet normal 0 0 1
    outer loop
      vertex 84.8269 0.852288 5
      vertex 80.9507 1.25535 5
      vertex 84.7637 0.757623 5
    endloop
  endfacet
  facet normal 0 0 1
    outer loop
      vertex 79.7821 6.12293 5
      vertex 85.9112 17.8598 5
      vertex 84.4454 19.4454 5
    endloop
  endfacet
  facet normal -0 0 1
    outer loop
      vertex 87.2363 -0.757623 5
      vertex 92.4152 -2.15762 5
      vertex 87.292 -0.658286 5
    endloop
  endfacet
  facet normal -0 0 1
    outer loop
      vertex 87.1731 -0.852288 5
      vertex 92.4152 -2.15762 5
      vertex 87.2363 -0.757623 5
    endloop
  endfacet
  facet normal -0 0 1
    outer loop
      vertex 87.1026 -0.941699 5
      vertex 92.4152 -2.15762 5
      vertex 87.1731 -0.852288 5
    endloop
  endfacet
  facet normal 0 0 1
    outer loop
      vertex 92.4152 -2.15762 5
      vertex 87.1026 -0.941699 5
      vertex 92.1614 -4.30195 5
    endloop
  endfacet
  facet normal -0 0 1
    outer loop
      vertex 87.0253 -1.0253 5
      vertex 92.1614 -4.30195 5
      vertex 87.1026 -0.941699 5
    endloop
  endfacet
  facet normal -0 0 1
    outer loop
      vertex 86.9417 -1.10259 5
      vertex 92.1614 -4.30195 5
      vertex 87.0253 -1.0253 5
    endloop
  endfacet
  facet normal -0 0 1
    outer loop
      vertex 86.8523 -1.17307 5
      vertex 92.1614 -4.30195 5
      vertex 86.9417 -1.10259 5
    endloop
  endfacet
  facet normal -0 0 1
    outer loop
      vertex 86.7576 -1.23633 5
      vertex 92.1614 -4.30195 5
      vertex 86.8523 -1.17307 5
    endloop
  endfacet
  facet normal -0 0 1
    outer loop
      vertex 86.6583 -1.29196 5
      vertex 92.1614 -4.30195 5
      vertex 86.7576 -1.23633 5
    endloop
  endfacet
  facet normal 0 0 1
    outer loop
      vertex 92.1614 -4.30195 5
      vertex 86.6583 -1.29196 5
      vertex 91.7402 -6.41975 5
    endloop
  endfacet
  facet normal -0 0 1
    outer loop
      vertex 86.5549 -1.33962 5
      vertex 91.7402 -6.41975 5
      vertex 86.6583 -1.29196 5
    endloop
  endfacet
  facet normal -0 0 1
    outer loop
      vertex 86.4481 -1.37903 5
      vertex 91.7402 -6.41975 5
      vertex 86.5549 -1.33962 5
    endloop
  endfacet
  facet normal -0 0 1
    outer loop
      vertex 86.3385 -1.40994 5
      vertex 91.7402 -6.41975 5
      vertex 86.4481 -1.37903 5
    endloop
  endfacet
  facet normal -0 0 1
    outer loop
      vertex 86.2268 -1.43215 5
      vertex 91.7402 -6.41975 5
      vertex 86.3385 -1.40994 5
    endloop
  endfacet
  facet normal 0 0 1
    outer loop
      vertex 91.7402 -6.41975 5
      vertex 86.2268 -1.43215 5
      vertex 91.1541 -8.49797 5
    endloop
  endfacet
  facet normal -0 0 1
    outer loop
      vertex 86.1138 -1.44553 5
      vertex 91.1541 -8.49797 5
      vertex 86.2268 -1.43215 5
    endloop
  endfacet
  facet normal -0 0 1
    outer loop
      vertex 86 -1.45 5
      vertex 91.1541 -8.49797 5
      vertex 86.1138 -1.44553 5
    endloop
  endfacet
  facet normal 0 0 1
    outer loop
      vertex 85.8862 -1.44553 5
      vertex 91.1541 -8.49797 5
      vertex 86 -1.45 5
    endloop
  endfacet
  facet normal 0 0 1
    outer loop
      vertex 85.7732 -1.43215 5
      vertex 80.2169 -4.94427 5
      vertex 85.8862 -1.44553 5
    endloop
  endfacet
  facet normal 0 0 1
    outer loop
      vertex 85.6615 -1.40994 5
      vertex 80.2169 -4.94427 5
      vertex 85.7732 -1.43215 5
    endloop
  endfacet
  facet normal 0 0 1
    outer loop
      vertex 85.5519 -1.37903 5
      vertex 80.5579 -3.73513 5
      vertex 85.6615 -1.40994 5
    endloop
  endfacet
  facet normal 0 0 1
    outer loop
      vertex 85.4451 -1.33962 5
      vertex 80.5579 -3.73513 5
      vertex 85.5519 -1.37903 5
    endloop
  endfacet
  facet normal 0 0 1
    outer loop
      vertex 80.2169 -4.94427 5
      vertex 85.6615 -1.40994 5
      vertex 80.5579 -3.73513 5
    endloop
  endfacet
  facet normal 0 0 1
    outer loop
      vertex 85.2424 -1.23633 5
      vertex 80.5579 -3.73513 5
      vertex 85.3417 -1.29196 5
    endloop
  endfacet
  facet normal 0 0 1
    outer loop
      vertex 80.5579 -3.73513 5
      vertex 85.2424 -1.23633 5
      vertex 80.803 -2.50295 5
    endloop
  endfacet
  facet normal 0 0 1
    outer loop
      vertex 85.3417 -1.29196 5
      vertex 80.5579 -3.73513 5
      vertex 85.4451 -1.33962 5
    endloop
  endfacet
  facet normal 0 0 1
    outer loop
      vertex 85.1477 -1.17307 5
      vertex 80.803 -2.50295 5
      vertex 85.2424 -1.23633 5
    endloop
  endfacet
  facet normal 0 0 1
    outer loop
      vertex 85.0583 -1.10259 5
      vertex 80.803 -2.50295 5
      vertex 85.1477 -1.17307 5
    endloop
  endfacet
  facet normal 0 0 1
    outer loop
      vertex 85.8862 -1.44553 5
      vertex 80.2169 -4.94427 5
      vertex 91.1541 -8.49797 5
    endloop
  endfacet
  facet normal 0 0 1
    outer loop
      vertex 84.9747 -1.0253 5
      vertex 80.803 -2.50295 5
      vertex 85.0583 -1.10259 5
    endloop
  endfacet
  facet normal 0 0 1
    outer loop
      vertex 84.8974 -0.941699 5
      vertex 80.803 -2.50295 5
      vertex 84.9747 -1.0253 5
    endloop
  endfacet
  facet normal 0 0 1
    outer loop
      vertex 84.8269 -0.852288 5
      vertex 80.803 -2.50295 5
      vertex 84.8974 -0.941699 5
    endloop
  endfacet
  facet normal 0 0 1
    outer loop
      vertex 80.803 -2.50295 5
      vertex 84.8269 -0.852288 5
      vertex 80.9507 -1.25535 5
    endloop
  endfacet
  facet normal 0 0 1
    outer loop
      vertex 84.7637 -0.757623 5
      vertex 80.9507 -1.25535 5
      vertex 84.8269 -0.852288 5
    endloop
  endfacet
  facet normal 0 0 1
    outer loop
      vertex 84.708 -0.658286 5
      vertex 80.9507 -1.25535 5
      vertex 84.7637 -0.757623 5
    endloop
  endfacet
  facet normal 0 0 1
    outer loop
      vertex 84.6604 -0.554891 5
      vertex 80.9507 -1.25535 5
      vertex 84.708 -0.658286 5
    endloop
  endfacet
  facet normal 0 0 1
    outer loop
      vertex 84.621 -0.448074 5
      vertex 80.9507 -1.25535 5
      vertex 84.6604 -0.554891 5
    endloop
  endfacet
  facet normal 0 0 1
    outer loop
      vertex 84.5901 -0.338495 5
      vertex 80.9507 -1.25535 5
      vertex 84.621 -0.448074 5
    endloop
  endfacet
  facet normal 0 0 1
    outer loop
      vertex 80.9507 -1.25535 5
      vertex 84.5901 -0.338495 5
      vertex 81 0 5
    endloop
  endfacet
  facet normal 0 0 1
    outer loop
      vertex 81 0 5
      vertex 84.5901 -0.338495 5
      vertex 84.5678 -0.22683 5
    endloop
  endfacet
  facet normal 0 0 1
    outer loop
      vertex 81 0 5
      vertex 84.5678 -0.22683 5
      vertex 84.5545 -0.113765 5
    endloop
  endfacet
  facet normal 0 0 1
    outer loop
      vertex 91.1541 -8.49797 5
      vertex 80.2169 -4.94427 5
      vertex 90.4067 -10.5238 5
    endloop
  endfacet
  facet normal -0 0 1
    outer loop
      vertex 81 0 5
      vertex 84.5545 -0.113765 5
      vertex 84.55 0 5
    endloop
  endfacet
  facet normal 0 0 1
    outer loop
      vertex 84.6604 0.554891 5
      vertex 80.9507 1.25535 5
      vertex 84.621 0.448074 5
    endloop
  endfacet
  facet normal 0 0 1
    outer loop
      vertex 76.3137 11.3137 5
      vertex 84.4454 19.4454 5
      vertex 82.8598 20.9112 5
    endloop
  endfacet
  facet normal -0 0 1
    outer loop
      vertex 79.7821 -6.12293 5
      vertex 90.4067 -10.5238 5
      vertex 80.2169 -4.94427 5
    endloop
  endfacet
  facet normal 0 0 1
    outer loop
      vertex 75.3912 12.1665 5
      vertex 82.8598 20.9112 5
      vertex 81.1641 22.248 5
    endloop
  endfacet
  facet normal 0 0 1
    outer loop
      vertex 90.4067 -10.5238 5
      vertex 79.7821 -6.12293 5
      vertex 89.5027 -12.4847 5
    endloop
  endfacet
  facet normal -0 0 1
    outer loop
      vertex 79.2561 -7.26385 5
      vertex 89.5027 -12.4847 5
      vertex 79.7821 -6.12293 5
    endloop
  endfacet
  facet normal 0 0 1
    outer loop
      vertex 84.5545 0.113765 5
      vertex 81 0 5
      vertex 84.55 0 5
    endloop
  endfacet
  facet normal 0 0 1
    outer loop
      vertex 84.5678 0.22683 5
      vertex 81 0 5
      vertex 84.5545 0.113765 5
    endloop
  endfacet
  facet normal 0 0 1
    outer loop
      vertex 84.5901 0.338495 5
      vertex 81 0 5
      vertex 84.5678 0.22683 5
    endloop
  endfacet
  facet normal 0 -0 1
    outer loop
      vertex 81 0 5
      vertex 84.5901 0.338495 5
      vertex 80.9507 1.25535 5
    endloop
  endfacet
  facet normal 0 0 1
    outer loop
      vertex 84.621 0.448074 5
      vertex 80.9507 1.25535 5
      vertex 84.5901 0.338495 5
    endloop
  endfacet
  facet normal 0 0 1
    outer loop
      vertex 74.4046 12.9443 5
      vertex 81.1641 22.248 5
      vertex 79.3687 23.4476 5
    endloop
  endfacet
  facet normal 0 0 1
    outer loop
      vertex 84.4454 19.4454 5
      vertex 79.2561 7.26385 5
      vertex 79.7821 6.12293 5
    endloop
  endfacet
  facet normal 0 0 1
    outer loop
      vertex 84.4454 19.4454 5
      vertex 78.6422 8.35998 5
      vertex 79.2561 7.26385 5
    endloop
  endfacet
  facet normal 0 0 1
    outer loop
      vertex 84.4454 19.4454 5
      vertex 77.9443 9.40456 5
      vertex 78.6422 8.35998 5
    endloop
  endfacet
  facet normal 0 0 1
    outer loop
      vertex 73.36 13.6422 5
      vertex 79.3687 23.4476 5
      vertex 77.4847 24.5027 5
    endloop
  endfacet
  facet normal 0 0 1
    outer loop
      vertex 84.4454 19.4454 5
      vertex 77.1665 10.3912 5
      vertex 77.9443 9.40456 5
    endloop
  endfacet
  facet normal 0 0 1
    outer loop
      vertex 84.4454 19.4454 5
      vertex 76.3137 11.3137 5
      vertex 77.1665 10.3912 5
    endloop
  endfacet
  facet normal 0 0 1
    outer loop
      vertex 72.2638 14.2561 5
      vertex 77.4847 24.5027 5
      vertex 75.5238 25.4067 5
    endloop
  endfacet
  facet normal 0 0 1
    outer loop
      vertex 82.8598 20.9112 5
      vertex 75.3912 12.1665 5
      vertex 76.3137 11.3137 5
    endloop
  endfacet
  facet normal 0 0 1
    outer loop
      vertex 81.1641 22.248 5
      vertex 74.4046 12.9443 5
      vertex 75.3912 12.1665 5
    endloop
  endfacet
  facet normal 0 0 1
    outer loop
      vertex 71.1229 14.7821 5
      vertex 75.5238 25.4067 5
      vertex 73.498 26.1541 5
    endloop
  endfacet
  facet normal 0 0 1
    outer loop
      vertex 79.3687 23.4476 5
      vertex 73.36 13.6422 5
      vertex 74.4046 12.9443 5
    endloop
  endfacet
  facet normal 0 0 1
    outer loop
      vertex 77.4847 24.5027 5
      vertex 72.2638 14.2561 5
      vertex 73.36 13.6422 5
    endloop
  endfacet
  facet normal 0 0 1
    outer loop
      vertex 69.9443 15.2169 5
      vertex 73.498 26.1541 5
      vertex 71.4197 26.7402 5
    endloop
  endfacet
  facet normal 0 0 1
    outer loop
      vertex 75.5238 25.4067 5
      vertex 71.1229 14.7821 5
      vertex 72.2638 14.2561 5
    endloop
  endfacet
  facet normal 0 0 1
    outer loop
      vertex 73.498 26.1541 5
      vertex 69.9443 15.2169 5
      vertex 71.1229 14.7821 5
    endloop
  endfacet
  facet normal 0 0 1
    outer loop
      vertex 68.7351 15.5579 5
      vertex 71.4197 26.7402 5
      vertex 69.3019 27.1614 5
    endloop
  endfacet
  facet normal 0 0 1
    outer loop
      vertex 71.4197 26.7402 5
      vertex 68.7351 15.5579 5
      vertex 69.9443 15.2169 5
    endloop
  endfacet
  facet normal 0 0 1
    outer loop
      vertex 69.3019 27.1614 5
      vertex 67.503 15.803 5
      vertex 68.7351 15.5579 5
    endloop
  endfacet
  facet normal 0 0 1
    outer loop
      vertex 67.1576 27.4152 5
      vertex 67.503 15.803 5
      vertex 69.3019 27.1614 5
    endloop
  endfacet
  facet normal 0 0 1
    outer loop
      vertex 67.1576 27.4152 5
      vertex 66.2553 15.9507 5
      vertex 67.503 15.803 5
    endloop
  endfacet
  facet normal 0 0 1
    outer loop
      vertex 65 27.5 5
      vertex 66.2553 15.9507 5
      vertex 67.1576 27.4152 5
    endloop
  endfacet
  facet normal 0 0 1
    outer loop
      vertex 65 27.5 5
      vertex 65 16 5
      vertex 66.2553 15.9507 5
    endloop
  endfacet
  facet normal 0 0 1
    outer loop
      vertex 65 27.5 5
      vertex 63.7447 15.9507 5
      vertex 65 16 5
    endloop
  endfacet
  facet normal -0 0 1
    outer loop
      vertex 62.8424 27.4152 5
      vertex 63.7447 15.9507 5
      vertex 65 27.5 5
    endloop
  endfacet
  facet normal 0 0 1
    outer loop
      vertex 62.8424 27.4152 5
      vertex 62.497 15.803 5
      vertex 63.7447 15.9507 5
    endloop
  endfacet
  facet normal -0 0 1
    outer loop
      vertex 60.6981 27.1614 5
      vertex 62.497 15.803 5
      vertex 62.8424 27.4152 5
    endloop
  endfacet
  facet normal -0 0 1
    outer loop
      vertex 55.948 18.2624 5
      vertex 62.497 15.803 5
      vertex 60.6981 27.1614 5
    endloop
  endfacet
  facet normal 0 0 1
    outer loop
      vertex 62.497 15.803 5
      vertex 55.948 18.2624 5
      vertex 61.2649 15.5579 5
    endloop
  endfacet
  facet normal 0 0 1
    outer loop
      vertex 55.948 18.2624 5
      vertex 60.0557 15.2169 5
      vertex 61.2649 15.5579 5
    endloop
  endfacet
  facet normal 0 0 1
    outer loop
      vertex 55.948 18.2624 5
      vertex 60.6981 27.1614 5
      vertex 58.5803 26.7402 5
    endloop
  endfacet
  facet normal -0 0 1
    outer loop
      vertex 55.9421 18.035 5
      vertex 60.0557 15.2169 5
      vertex 55.9495 18.1486 5
    endloop
  endfacet
  facet normal -0 0 1
    outer loop
      vertex 55.9257 17.9223 5
      vertex 60.0557 15.2169 5
      vertex 55.9421 18.035 5
    endloop
  endfacet
  facet normal 0 0 1
    outer loop
      vertex 55.5518 19.1846 5
      vertex 58.5803 26.7402 5
      vertex 56.502 26.1541 5
    endloop
  endfacet
  facet normal 0 0 1
    outer loop
      vertex 60.0557 15.2169 5
      vertex 55.9257 17.9223 5
      vertex 58.8771 14.7821 5
    endloop
  endfacet
  facet normal -0 0 1
    outer loop
      vertex 55.9006 17.8112 5
      vertex 58.8771 14.7821 5
      vertex 55.9257 17.9223 5
    endloop
  endfacet
  facet normal -0 0 1
    outer loop
      vertex 55.8668 17.7025 5
      vertex 58.8771 14.7821 5
      vertex 55.9006 17.8112 5
    endloop
  endfacet
  facet normal -0 0 1
    outer loop
      vertex 55.8246 17.5968 5
      vertex 58.8771 14.7821 5
      vertex 55.8668 17.7025 5
    endloop
  endfacet
  facet normal -0 0 1
    outer loop
      vertex 55.7743 17.4947 5
      vertex 58.8771 14.7821 5
      vertex 55.8246 17.5968 5
    endloop
  endfacet
  facet normal -0 0 1
    outer loop
      vertex 55.7161 17.3968 5
      vertex 58.8771 14.7821 5
      vertex 55.7743 17.4947 5
    endloop
  endfacet
  facet normal 0 0 1
    outer loop
      vertex 58.8771 14.7821 5
      vertex 55.7161 17.3968 5
      vertex 57.7362 14.2561 5
    endloop
  endfacet
  facet normal -0 0 1
    outer loop
      vertex 55.6504 17.3038 5
      vertex 57.7362 14.2561 5
      vertex 55.7161 17.3968 5
    endloop
  endfacet
  facet normal -0 0 1
    outer loop
      vertex 55.5776 17.2163 5
      vertex 57.7362 14.2561 5
      vertex 55.6504 17.3038 5
    endloop
  endfacet
  facet normal -0 0 1
    outer loop
      vertex 55.4981 17.1347 5
      vertex 57.7362 14.2561 5
      vertex 55.5776 17.2163 5
    endloop
  endfacet
  facet normal -0 0 1
    outer loop
      vertex 55.4125 17.0597 5
      vertex 57.7362 14.2561 5
      vertex 55.4981 17.1347 5
    endloop
  endfacet
  facet normal -0 0 1
    outer loop
      vertex 55.3213 16.9916 5
      vertex 57.7362 14.2561 5
      vertex 55.4125 17.0597 5
    endloop
  endfacet
  facet normal 0 0 1
    outer loop
      vertex 57.7362 14.2561 5
      vertex 55.3213 16.9916 5
      vertex 56.64 13.6422 5
    endloop
  endfacet
  facet normal -0 0 1
    outer loop
      vertex 55.225 16.9308 5
      vertex 56.64 13.6422 5
      vertex 55.3213 16.9916 5
    endloop
  endfacet
  facet normal -0 0 1
    outer loop
      vertex 55.1242 16.8778 5
      vertex 56.64 13.6422 5
      vertex 55.225 16.9308 5
    endloop
  endfacet
  facet normal -0 0 1
    outer loop
      vertex 55.0196 16.8328 5
      vertex 56.64 13.6422 5
      vertex 55.1242 16.8778 5
    endloop
  endfacet
  facet normal -0 0 1
    outer loop
      vertex 54.9118 16.7962 5
      vertex 56.64 13.6422 5
      vertex 55.0196 16.8328 5
    endloop
  endfacet
  facet normal -0 0 1
    outer loop
      vertex 54.8015 16.7682 5
      vertex 56.64 13.6422 5
      vertex 54.9118 16.7962 5
    endloop
  endfacet
  facet normal 0 0 1
    outer loop
      vertex 56.64 13.6422 5
      vertex 54.8015 16.7682 5
      vertex 55.5954 12.9443 5
    endloop
  endfacet
  facet normal -0 0 1
    outer loop
      vertex 54.6893 16.7489 5
      vertex 55.5954 12.9443 5
      vertex 54.8015 16.7682 5
    endloop
  endfacet
  facet normal -0 0 1
    outer loop
      vertex 54.5759 16.7385 5
      vertex 55.5954 12.9443 5
      vertex 54.6893 16.7489 5
    endloop
  endfacet
  facet normal -0 0 1
    outer loop
      vertex 54.462 16.737 5
      vertex 55.5954 12.9443 5
      vertex 54.5759 16.7385 5
    endloop
  endfacet
  facet normal 0 0 1
    outer loop
      vertex 54.3484 16.7445 5
      vertex 55.5954 12.9443 5
      vertex 54.462 16.737 5
    endloop
  endfacet
  facet normal 0 0 1
    outer loop
      vertex 54.2358 16.7608 5
      vertex 55.5954 12.9443 5
      vertex 54.3484 16.7445 5
    endloop
  endfacet
  facet normal 0 0 1
    outer loop
      vertex 55.5954 12.9443 5
      vertex 54.2358 16.7608 5
      vertex 54.6088 12.1665 5
    endloop
  endfacet
  facet normal 0 0 1
    outer loop
      vertex 54.1247 16.7859 5
      vertex 54.6088 12.1665 5
      vertex 54.2358 16.7608 5
    endloop
  endfacet
  facet normal 0 0 1
    outer loop
      vertex 54.016 16.8197 5
      vertex 54.6088 12.1665 5
      vertex 54.1247 16.7859 5
    endloop
  endfacet
  facet normal 0 0 1
    outer loop
      vertex 53.9102 16.8619 5
      vertex 54.6088 12.1665 5
      vertex 54.016 16.8197 5
    endloop
  endfacet
  facet normal 0 0 1
    outer loop
      vertex 53.8081 16.9122 5
      vertex 54.6088 12.1665 5
      vertex 53.9102 16.8619 5
    endloop
  endfacet
  facet normal 0 0 1
    outer loop
      vertex 53.7103 16.9705 5
      vertex 54.6088 12.1665 5
      vertex 53.8081 16.9122 5
    endloop
  endfacet
  facet normal 0 0 1
    outer loop
      vertex 53.7103 16.9705 5
      vertex 53.6863 11.3137 5
      vertex 54.6088 12.1665 5
    endloop
  endfacet
  facet normal 0 0 1
    outer loop
      vertex 53.6173 17.0362 5
      vertex 53.6863 11.3137 5
      vertex 53.7103 16.9705 5
    endloop
  endfacet
  facet normal 0 0 1
    outer loop
      vertex 53.5298 17.109 5
      vertex 53.6863 11.3137 5
      vertex 53.6173 17.0362 5
    endloop
  endfacet
  facet normal 0 0 1
    outer loop
      vertex 53.4482 17.1884 5
      vertex 53.6863 11.3137 5
      vertex 53.5298 17.109 5
    endloop
  endfacet
  facet normal 0 0 1
    outer loop
      vertex 53.3731 17.274 5
      vertex 53.6863 11.3137 5
      vertex 53.4482 17.1884 5
    endloop
  endfacet
  facet normal 0 0 1
    outer loop
      vertex 52.8335 10.3912 5
      vertex 53.3731 17.274 5
      vertex 53.305 17.3652 5
    endloop
  endfacet
  facet normal 0 0 1
    outer loop
      vertex 52.8335 10.3912 5
      vertex 53.305 17.3652 5
      vertex 53.2443 17.4615 5
    endloop
  endfacet
  facet normal 0 0 1
    outer loop
      vertex 52.8335 10.3912 5
      vertex 53.2443 17.4615 5
      vertex 53.1913 17.5623 5
    endloop
  endfacet
  facet normal 0 0 1
    outer loop
      vertex 52.8335 10.3912 5
      vertex 53.1913 17.5623 5
      vertex 53.1463 17.6669 5
    endloop
  endfacet
  facet normal 0 0 1
    outer loop
      vertex 52.8335 10.3912 5
      vertex 53.1463 17.6669 5
      vertex 53.1097 17.7747 5
    endloop
  endfacet
  facet normal 0 0 1
    outer loop
      vertex 52.8335 10.3912 5
      vertex 53.1097 17.7747 5
      vertex 53.0817 17.8851 5
    endloop
  endfacet
  facet normal 0 0 1
    outer loop
      vertex 52.8335 10.3912 5
      vertex 53.0817 17.8851 5
      vertex 53.0624 17.9973 5
    endloop
  endfacet
  facet normal 0 0 1
    outer loop
      vertex 53.3731 17.274 5
      vertex 52.8335 10.3912 5
      vertex 53.6863 11.3137 5
    endloop
  endfacet
  facet normal 0 0 1
    outer loop
      vertex 53.052 18.1106 5
      vertex 52.8335 10.3912 5
      vertex 53.0624 17.9973 5
    endloop
  endfacet
  facet normal -0 0 1
    outer loop
      vertex 47.1402 20.9112 5
      vertex 53.0743 18.4508 5
      vertex 48.8359 22.248 5
    endloop
  endfacet
  facet normal -0.993068 0.117538 0
    outer loop
      vertex 37.5848 2.15762 0
      vertex 37.8386 4.30195 5
      vertex 37.8386 4.30195 0
    endloop
  endfacet
  facet normal -0.993068 0.117538 0
    outer loop
      vertex 37.8386 4.30195 5
      vertex 37.5848 2.15762 0
      vertex 37.5848 2.15762 5
    endloop
  endfacet
  facet normal -0.785313 0.619099 0
    outer loop
      vertex 42.752 16.1641 0
      vertex 44.0888 17.8598 5
      vertex 44.0888 17.8598 0
    endloop
  endfacet
  facet normal -0.785313 0.619099 0
    outer loop
      vertex 44.0888 17.8598 5
      vertex 42.752 16.1641 0
      vertex 42.752 16.1641 5
    endloop
  endfacet
  facet normal 0.993068 -0.117538 0
    outer loop
      vertex 92.1614 -4.30195 5
      vertex 92.4152 -2.15762 0
      vertex 92.4152 -2.15762 5
    endloop
  endfacet
  facet normal 0.993068 -0.117538 0
    outer loop
      vertex 92.4152 -2.15762 0
      vertex 92.1614 -4.30195 5
      vertex 92.1614 -4.30195 0
    endloop
  endfacet
  facet normal -0.785313 -0.619099 0
    outer loop
      vertex 44.0888 -17.8598 0
      vertex 42.752 -16.1641 5
      vertex 42.752 -16.1641 0
    endloop
  endfacet
  facet normal -0.785313 -0.619099 0
    outer loop
      vertex 42.752 -16.1641 5
      vertex 44.0888 -17.8598 0
      vertex 44.0888 -17.8598 5
    endloop
  endfacet
  facet normal -0.619107 -0.785306 0
    outer loop
      vertex 74.4046 12.9443 0
      vertex 75.3912 12.1665 5
      vertex 74.4046 12.9443 5
    endloop
  endfacet
  facet normal -0.619107 -0.785306 -0
    outer loop
      vertex 75.3912 12.1665 5
      vertex 74.4046 12.9443 0
      vertex 75.3912 12.1665 0
    endloop
  endfacet
  facet normal -0.99923 0.0392417 0
    outer loop
      vertex 80.9507 -1.25535 0
      vertex 81 0 5
      vertex 81 0 0
    endloop
  endfacet
  facet normal -0.99923 0.0392417 0
    outer loop
      vertex 81 0 5
      vertex 80.9507 -1.25535 0
      vertex 80.9507 -1.25535 5
    endloop
  endfacet
  facet normal 0.346111 -0.938194 0
    outer loop
      vertex 58.8771 14.7821 0
      vertex 60.0557 15.2169 5
      vertex 58.8771 14.7821 5
    endloop
  endfacet
  facet normal 0.346111 -0.938194 0
    outer loop
      vertex 60.0557 15.2169 5
      vertex 58.8771 14.7821 0
      vertex 60.0557 15.2169 0
    endloop
  endfacet
  facet normal 0.908134 -0.418679 0
    outer loop
      vertex 50.2179 6.12293 5
      vertex 50.7439 7.26385 0
      vertex 50.7439 7.26385 5
    endloop
  endfacet
  facet normal 0.908134 -0.418679 0
    outer loop
      vertex 50.7439 7.26385 0
      vertex 50.2179 6.12293 5
      vertex 50.2179 6.12293 0
    endloop
  endfacet
  facet normal 0.418685 0.908132 -0
    outer loop
      vertex 58.8771 -14.7821 0
      vertex 57.7362 -14.2561 5
      vertex 58.8771 -14.7821 5
    endloop
  endfacet
  facet normal 0.418685 0.908132 0
    outer loop
      vertex 57.7362 -14.2561 5
      vertex 58.8771 -14.7821 0
      vertex 57.7362 -14.2561 0
    endloop
  endfacet
  facet normal -0.908134 -0.418679 0
    outer loop
      vertex 79.7821 6.12293 0
      vertex 79.2561 7.26385 5
      vertex 79.2561 7.26385 0
    endloop
  endfacet
  facet normal -0.908134 -0.418679 0
    outer loop
      vertex 79.2561 7.26385 5
      vertex 79.7821 6.12293 0
      vertex 79.7821 6.12293 5
    endloop
  endfacet
  facet normal -0.872483 -0.488644 0
    outer loop
      vertex 79.2561 7.26385 0
      vertex 78.6422 8.35998 5
      vertex 78.6422 8.35998 0
    endloop
  endfacet
  facet normal -0.872483 -0.488644 0
    outer loop
      vertex 78.6422 8.35998 5
      vertex 79.2561 7.26385 0
      vertex 79.2561 7.26385 5
    endloop
  endfacet
  facet normal -0.418685 -0.908132 0
    outer loop
      vertex 71.1229 14.7821 0
      vertex 72.2638 14.2561 5
      vertex 71.1229 14.7821 5
    endloop
  endfacet
  facet normal -0.418685 -0.908132 -0
    outer loop
      vertex 72.2638 14.2561 5
      vertex 71.1229 14.7821 0
      vertex 72.2638 14.2561 0
    endloop
  endfacet
  facet normal 0.734303 -0.678822 0
    outer loop
      vertex 52.8335 10.3912 5
      vertex 53.6863 11.3137 0
      vertex 53.6863 11.3137 5
    endloop
  endfacet
  facet normal 0.734303 -0.678822 0
    outer loop
      vertex 53.6863 11.3137 0
      vertex 52.8335 10.3912 5
      vertex 52.8335 10.3912 0
    endloop
  endfacet
  facet normal 0.195106 -0.980782 0
    outer loop
      vertex 61.2649 15.5579 0
      vertex 62.497 15.803 5
      vertex 61.2649 15.5579 5
    endloop
  endfacet
  facet normal 0.195106 -0.980782 0
    outer loop
      vertex 62.497 15.803 5
      vertex 61.2649 15.5579 0
      vertex 62.497 15.803 0
    endloop
  endfacet
  facet normal 0.678822 0.734303 -0
    outer loop
      vertex 54.6088 -12.1665 0
      vertex 53.6863 -11.3137 5
      vertex 54.6088 -12.1665 5
    endloop
  endfacet
  facet normal 0.678822 0.734303 0
    outer loop
      vertex 53.6863 -11.3137 5
      vertex 54.6088 -12.1665 0
      vertex 53.6863 -11.3137 0
    endloop
  endfacet
  facet normal 0.831494 0.555534 0
    outer loop
      vertex 52.0557 -9.40456 5
      vertex 51.3578 -8.35998 0
      vertex 51.3578 -8.35998 5
    endloop
  endfacet
  facet normal 0.831494 0.555534 0
    outer loop
      vertex 51.3578 -8.35998 0
      vertex 52.0557 -9.40456 5
      vertex 52.0557 -9.40456 0
    endloop
  endfacet
  facet normal -0.993065 -0.117566 0
    outer loop
      vertex 80.9507 1.25535 0
      vertex 80.803 2.50295 5
      vertex 80.803 2.50295 0
    endloop
  endfacet
  facet normal -0.993065 -0.117566 0
    outer loop
      vertex 80.803 2.50295 5
      vertex 80.9507 1.25535 0
      vertex 80.9507 1.25535 5
    endloop
  endfacet
  facet normal -0.980785 -0.195094 0
    outer loop
      vertex 80.803 2.50295 0
      vertex 80.5579 3.73513 5
      vertex 80.5579 3.73513 0
    endloop
  endfacet
  facet normal -0.980785 -0.195094 0
    outer loop
      vertex 80.5579 3.73513 5
      vertex 80.803 2.50295 0
      vertex 80.803 2.50295 5
    endloop
  endfacet
  facet normal -0.734303 -0.678822 0
    outer loop
      vertex 77.1665 10.3912 0
      vertex 76.3137 11.3137 5
      vertex 76.3137 11.3137 0
    endloop
  endfacet
  facet normal -0.734303 -0.678822 0
    outer loop
      vertex 76.3137 11.3137 5
      vertex 77.1665 10.3912 0
      vertex 77.1665 10.3912 5
    endloop
  endfacet
  facet normal -0.785319 -0.619092 0
    outer loop
      vertex 77.9443 9.40456 0
      vertex 77.1665 10.3912 5
      vertex 77.1665 10.3912 0
    endloop
  endfacet
  facet normal -0.785319 -0.619092 0
    outer loop
      vertex 77.1665 10.3912 5
      vertex 77.9443 9.40456 0
      vertex 77.9443 9.40456 5
    endloop
  endfacet
  facet normal -0.678822 -0.734303 0
    outer loop
      vertex 75.3912 12.1665 0
      vertex 76.3137 11.3137 5
      vertex 75.3912 12.1665 5
    endloop
  endfacet
  facet normal -0.678822 -0.734303 -0
    outer loop
      vertex 76.3137 11.3137 5
      vertex 75.3912 12.1665 0
      vertex 76.3137 11.3137 0
    endloop
  endfacet
  facet normal -0.555527 -0.831499 0
    outer loop
      vertex 73.36 13.6422 0
      vertex 74.4046 12.9443 5
      vertex 73.36 13.6422 5
    endloop
  endfacet
  facet normal -0.555527 -0.831499 -0
    outer loop
      vertex 74.4046 12.9443 5
      vertex 73.36 13.6422 0
      vertex 74.4046 12.9443 0
    endloop
  endfacet
  facet normal -0.0392432 -0.99923 0
    outer loop
      vertex 65 16 0
      vertex 66.2553 15.9507 5
      vertex 65 16 5
    endloop
  endfacet
  facet normal -0.0392432 -0.99923 -0
    outer loop
      vertex 66.2553 15.9507 5
      vertex 65 16 0
      vertex 66.2553 15.9507 0
    endloop
  endfacet
  facet normal -0.48862 -0.872497 0
    outer loop
      vertex 72.2638 14.2561 0
      vertex 73.36 13.6422 5
      vertex 72.2638 14.2561 5
    endloop
  endfacet
  facet normal -0.48862 -0.872497 -0
    outer loop
      vertex 73.36 13.6422 5
      vertex 72.2638 14.2561 0
      vertex 73.36 13.6422 0
    endloop
  endfacet
  facet normal -0.117557 -0.993066 0
    outer loop
      vertex 66.2553 15.9507 0
      vertex 67.503 15.803 5
      vertex 66.2553 15.9507 5
    endloop
  endfacet
  facet normal -0.117557 -0.993066 -0
    outer loop
      vertex 67.503 15.803 5
      vertex 66.2553 15.9507 0
      vertex 67.503 15.803 0
    endloop
  endfacet
  facet normal -0.346111 -0.938194 0
    outer loop
      vertex 69.9443 15.2169 0
      vertex 71.1229 14.7821 5
      vertex 69.9443 15.2169 5
    endloop
  endfacet
  facet normal -0.346111 -0.938194 -0
    outer loop
      vertex 71.1229 14.7821 5
      vertex 69.9443 15.2169 0
      vertex 71.1229 14.7821 0
    endloop
  endfacet
  facet normal -0.271419 -0.962461 0
    outer loop
      vertex 68.7351 15.5579 0
      vertex 69.9443 15.2169 5
      vertex 68.7351 15.5579 5
    endloop
  endfacet
  facet normal -0.271419 -0.962461 -0
    outer loop
      vertex 69.9443 15.2169 5
      vertex 68.7351 15.5579 0
      vertex 69.9443 15.2169 0
    endloop
  endfacet
  facet normal 0.99923 -0.0392417 0
    outer loop
      vertex 49 0 5
      vertex 49.0493 1.25535 0
      vertex 49.0493 1.25535 5
    endloop
  endfacet
  facet normal 0.99923 -0.0392417 0
    outer loop
      vertex 49.0493 1.25535 0
      vertex 49 0 5
      vertex 49 0 0
    endloop
  endfacet
  facet normal 0.993065 -0.117566 0
    outer loop
      vertex 49.0493 1.25535 5
      vertex 49.197 2.50295 0
      vertex 49.197 2.50295 5
    endloop
  endfacet
  facet normal 0.993065 -0.117566 0
    outer loop
      vertex 49.197 2.50295 0
      vertex 49.0493 1.25535 5
      vertex 49.0493 1.25535 0
    endloop
  endfacet
  facet normal 0.938199 -0.346096 0
    outer loop
      vertex 49.7831 4.94427 5
      vertex 50.2179 6.12293 0
      vertex 50.2179 6.12293 5
    endloop
  endfacet
  facet normal 0.938199 -0.346096 0
    outer loop
      vertex 50.2179 6.12293 0
      vertex 49.7831 4.94427 5
      vertex 49.7831 4.94427 0
    endloop
  endfacet
  facet normal 0.962458 -0.271431 0
    outer loop
      vertex 49.4421 3.73513 5
      vertex 49.7831 4.94427 0
      vertex 49.7831 4.94427 5
    endloop
  endfacet
  facet normal 0.962458 -0.271431 0
    outer loop
      vertex 49.7831 4.94427 0
      vertex 49.4421 3.73513 5
      vertex 49.4421 3.73513 0
    endloop
  endfacet
  facet normal 0.872483 -0.488644 0
    outer loop
      vertex 50.7439 7.26385 5
      vertex 51.3578 8.35998 0
      vertex 51.3578 8.35998 5
    endloop
  endfacet
  facet normal 0.872483 -0.488644 0
    outer loop
      vertex 51.3578 8.35998 0
      vertex 50.7439 7.26385 5
      vertex 50.7439 7.26385 0
    endloop
  endfacet
  facet normal 0.831494 -0.555534 0
    outer loop
      vertex 51.3578 8.35998 5
      vertex 52.0557 9.40456 0
      vertex 52.0557 9.40456 5
    endloop
  endfacet
  facet normal 0.831494 -0.555534 0
    outer loop
      vertex 52.0557 9.40456 0
      vertex 51.3578 8.35998 5
      vertex 51.3578 8.35998 0
    endloop
  endfacet
  facet normal 0.271419 -0.962461 0
    outer loop
      vertex 60.0557 15.2169 0
      vertex 61.2649 15.5579 5
      vertex 60.0557 15.2169 5
    endloop
  endfacet
  facet normal 0.271419 -0.962461 0
    outer loop
      vertex 61.2649 15.5579 5
      vertex 60.0557 15.2169 0
      vertex 61.2649 15.5579 0
    endloop
  endfacet
  facet normal 0.0392432 -0.99923 0
    outer loop
      vertex 63.7447 15.9507 0
      vertex 65 16 5
      vertex 63.7447 15.9507 5
    endloop
  endfacet
  facet normal 0.0392432 -0.99923 0
    outer loop
      vertex 65 16 5
      vertex 63.7447 15.9507 0
      vertex 65 16 0
    endloop
  endfacet
  facet normal 0.48862 -0.872497 0
    outer loop
      vertex 56.64 13.6422 0
      vertex 57.7362 14.2561 5
      vertex 56.64 13.6422 5
    endloop
  endfacet
  facet normal 0.48862 -0.872497 0
    outer loop
      vertex 57.7362 14.2561 5
      vertex 56.64 13.6422 0
      vertex 57.7362 14.2561 0
    endloop
  endfacet
  facet normal 0.418685 -0.908132 0
    outer loop
      vertex 57.7362 14.2561 0
      vertex 58.8771 14.7821 5
      vertex 57.7362 14.2561 5
    endloop
  endfacet
  facet normal 0.418685 -0.908132 0
    outer loop
      vertex 58.8771 14.7821 5
      vertex 57.7362 14.2561 0
      vertex 58.8771 14.7821 0
    endloop
  endfacet
  facet normal 0.678822 -0.734303 0
    outer loop
      vertex 53.6863 11.3137 0
      vertex 54.6088 12.1665 5
      vertex 53.6863 11.3137 5
    endloop
  endfacet
  facet normal 0.678822 -0.734303 0
    outer loop
      vertex 54.6088 12.1665 5
      vertex 53.6863 11.3137 0
      vertex 54.6088 12.1665 0
    endloop
  endfacet
  facet normal -0.99923 -0.0392417 0
    outer loop
      vertex 81 0 0
      vertex 80.9507 1.25535 5
      vertex 80.9507 1.25535 0
    endloop
  endfacet
  facet normal -0.99923 -0.0392417 0
    outer loop
      vertex 80.9507 1.25535 5
      vertex 81 0 0
      vertex 81 0 5
    endloop
  endfacet
  facet normal -0.0392432 0.99923 0
    outer loop
      vertex 66.2553 -15.9507 0
      vertex 65 -16 5
      vertex 66.2553 -15.9507 5
    endloop
  endfacet
  facet normal -0.0392432 0.99923 0
    outer loop
      vertex 65 -16 5
      vertex 66.2553 -15.9507 0
      vertex 65 -16 0
    endloop
  endfacet
  facet normal -0.785319 0.619092 0
    outer loop
      vertex 77.1665 -10.3912 0
      vertex 77.9443 -9.40456 5
      vertex 77.9443 -9.40456 0
    endloop
  endfacet
  facet normal -0.785319 0.619092 0
    outer loop
      vertex 77.9443 -9.40456 5
      vertex 77.1665 -10.3912 0
      vertex 77.1665 -10.3912 5
    endloop
  endfacet
  facet normal -0.908134 0.418679 0
    outer loop
      vertex 79.2561 -7.26385 0
      vertex 79.7821 -6.12293 5
      vertex 79.7821 -6.12293 0
    endloop
  endfacet
  facet normal -0.908134 0.418679 0
    outer loop
      vertex 79.7821 -6.12293 5
      vertex 79.2561 -7.26385 0
      vertex 79.2561 -7.26385 5
    endloop
  endfacet
  facet normal -0.117557 0.993066 0
    outer loop
      vertex 67.503 -15.803 0
      vertex 66.2553 -15.9507 5
      vertex 67.503 -15.803 5
    endloop
  endfacet
  facet normal -0.117557 0.993066 0
    outer loop
      vertex 66.2553 -15.9507 5
      vertex 67.503 -15.803 0
      vertex 66.2553 -15.9507 0
    endloop
  endfacet
  facet normal -0.271419 0.962461 0
    outer loop
      vertex 69.9443 -15.2169 0
      vertex 68.7351 -15.5579 5
      vertex 69.9443 -15.2169 5
    endloop
  endfacet
  facet normal -0.271419 0.962461 0
    outer loop
      vertex 68.7351 -15.5579 5
      vertex 69.9443 -15.2169 0
      vertex 68.7351 -15.5579 0
    endloop
  endfacet
  facet normal -0.619107 0.785306 0
    outer loop
      vertex 75.3912 -12.1665 0
      vertex 74.4046 -12.9443 5
      vertex 75.3912 -12.1665 5
    endloop
  endfacet
  facet normal -0.619107 0.785306 0
    outer loop
      vertex 74.4046 -12.9443 5
      vertex 75.3912 -12.1665 0
      vertex 74.4046 -12.9443 0
    endloop
  endfacet
  facet normal -0.734303 0.678822 0
    outer loop
      vertex 76.3137 -11.3137 0
      vertex 77.1665 -10.3912 5
      vertex 77.1665 -10.3912 0
    endloop
  endfacet
  facet normal -0.734303 0.678822 0
    outer loop
      vertex 77.1665 -10.3912 5
      vertex 76.3137 -11.3137 0
      vertex 76.3137 -11.3137 5
    endloop
  endfacet
  facet normal -0.418685 0.908132 0
    outer loop
      vertex 72.2638 -14.2561 0
      vertex 71.1229 -14.7821 5
      vertex 72.2638 -14.2561 5
    endloop
  endfacet
  facet normal -0.418685 0.908132 0
    outer loop
      vertex 71.1229 -14.7821 5
      vertex 72.2638 -14.2561 0
      vertex 71.1229 -14.7821 0
    endloop
  endfacet
  facet normal 0.346111 0.938194 -0
    outer loop
      vertex 60.0557 -15.2169 0
      vertex 58.8771 -14.7821 5
      vertex 60.0557 -15.2169 5
    endloop
  endfacet
  facet normal 0.346111 0.938194 0
    outer loop
      vertex 58.8771 -14.7821 5
      vertex 60.0557 -15.2169 0
      vertex 58.8771 -14.7821 0
    endloop
  endfacet
  facet normal 0.48862 0.872497 -0
    outer loop
      vertex 57.7362 -14.2561 0
      vertex 56.64 -13.6422 5
      vertex 57.7362 -14.2561 5
    endloop
  endfacet
  facet normal 0.48862 0.872497 0
    outer loop
      vertex 56.64 -13.6422 5
      vertex 57.7362 -14.2561 0
      vertex 56.64 -13.6422 0
    endloop
  endfacet
  facet normal 0.555527 0.831499 -0
    outer loop
      vertex 56.64 -13.6422 0
      vertex 55.5954 -12.9443 5
      vertex 56.64 -13.6422 5
    endloop
  endfacet
  facet normal 0.555527 0.831499 0
    outer loop
      vertex 55.5954 -12.9443 5
      vertex 56.64 -13.6422 0
      vertex 55.5954 -12.9443 0
    endloop
  endfacet
  facet normal 0.980785 0.195094 0
    outer loop
      vertex 49.4421 -3.73513 5
      vertex 49.197 -2.50295 0
      vertex 49.197 -2.50295 5
    endloop
  endfacet
  facet normal 0.980785 0.195094 0
    outer loop
      vertex 49.197 -2.50295 0
      vertex 49.4421 -3.73513 5
      vertex 49.4421 -3.73513 0
    endloop
  endfacet
  facet normal 0.962458 0.271431 0
    outer loop
      vertex 49.7831 -4.94427 5
      vertex 49.4421 -3.73513 0
      vertex 49.4421 -3.73513 5
    endloop
  endfacet
  facet normal 0.962458 0.271431 0
    outer loop
      vertex 49.4421 -3.73513 0
      vertex 49.7831 -4.94427 5
      vertex 49.7831 -4.94427 0
    endloop
  endfacet
  facet normal 0.99923 0.0392417 0
    outer loop
      vertex 49.0493 -1.25535 5
      vertex 49 0 0
      vertex 49 0 5
    endloop
  endfacet
  facet normal 0.99923 0.0392417 0
    outer loop
      vertex 49 0 0
      vertex 49.0493 -1.25535 5
      vertex 49.0493 -1.25535 0
    endloop
  endfacet
  facet normal 0.908134 0.418679 0
    outer loop
      vertex 50.7439 -7.26385 5
      vertex 50.2179 -6.12293 0
      vertex 50.2179 -6.12293 5
    endloop
  endfacet
  facet normal 0.908134 0.418679 0
    outer loop
      vertex 50.2179 -6.12293 0
      vertex 50.7439 -7.26385 5
      vertex 50.7439 -7.26385 0
    endloop
  endfacet
  facet normal -0.962458 -0.271431 0
    outer loop
      vertex 80.5579 3.73513 0
      vertex 80.2169 4.94427 5
      vertex 80.2169 4.94427 0
    endloop
  endfacet
  facet normal -0.962458 -0.271431 0
    outer loop
      vertex 80.2169 4.94427 5
      vertex 80.5579 3.73513 0
      vertex 80.5579 3.73513 5
    endloop
  endfacet
  facet normal -0.938199 -0.346096 0
    outer loop
      vertex 80.2169 4.94427 0
      vertex 79.7821 6.12293 5
      vertex 79.7821 6.12293 0
    endloop
  endfacet
  facet normal -0.938199 -0.346096 0
    outer loop
      vertex 79.7821 6.12293 5
      vertex 80.2169 4.94427 0
      vertex 80.2169 4.94427 5
    endloop
  endfacet
  facet normal 0.785319 -0.619092 0
    outer loop
      vertex 52.0557 9.40456 5
      vertex 52.8335 10.3912 0
      vertex 52.8335 10.3912 5
    endloop
  endfacet
  facet normal 0.785319 -0.619092 0
    outer loop
      vertex 52.8335 10.3912 0
      vertex 52.0557 9.40456 5
      vertex 52.0557 9.40456 0
    endloop
  endfacet
  facet normal 0.117557 -0.993066 0
    outer loop
      vertex 62.497 15.803 0
      vertex 63.7447 15.9507 5
      vertex 62.497 15.803 5
    endloop
  endfacet
  facet normal 0.117557 -0.993066 0
    outer loop
      vertex 63.7447 15.9507 5
      vertex 62.497 15.803 0
      vertex 63.7447 15.9507 0
    endloop
  endfacet
  facet normal 0.555527 -0.831499 0
    outer loop
      vertex 55.5954 12.9443 0
      vertex 56.64 13.6422 5
      vertex 55.5954 12.9443 5
    endloop
  endfacet
  facet normal 0.555527 -0.831499 0
    outer loop
      vertex 56.64 13.6422 5
      vertex 55.5954 12.9443 0
      vertex 56.64 13.6422 0
    endloop
  endfacet
  facet normal 0.619107 -0.785306 0
    outer loop
      vertex 54.6088 12.1665 0
      vertex 55.5954 12.9443 5
      vertex 54.6088 12.1665 5
    endloop
  endfacet
  facet normal 0.619107 -0.785306 0
    outer loop
      vertex 55.5954 12.9443 5
      vertex 54.6088 12.1665 0
      vertex 55.5954 12.9443 0
    endloop
  endfacet
  facet normal -0.980785 0.195094 0
    outer loop
      vertex 80.5579 -3.73513 0
      vertex 80.803 -2.50295 5
      vertex 80.803 -2.50295 0
    endloop
  endfacet
  facet normal -0.980785 0.195094 0
    outer loop
      vertex 80.803 -2.50295 5
      vertex 80.5579 -3.73513 0
      vertex 80.5579 -3.73513 5
    endloop
  endfacet
  facet normal -0.872483 0.488644 0
    outer loop
      vertex 78.6422 -8.35998 0
      vertex 79.2561 -7.26385 5
      vertex 79.2561 -7.26385 0
    endloop
  endfacet
  facet normal -0.872483 0.488644 0
    outer loop
      vertex 79.2561 -7.26385 5
      vertex 78.6422 -8.35998 0
      vertex 78.6422 -8.35998 5
    endloop
  endfacet
  facet normal -0.346111 0.938194 0
    outer loop
      vertex 71.1229 -14.7821 0
      vertex 69.9443 -15.2169 5
      vertex 71.1229 -14.7821 5
    endloop
  endfacet
  facet normal -0.346111 0.938194 0
    outer loop
      vertex 69.9443 -15.2169 5
      vertex 71.1229 -14.7821 0
      vertex 69.9443 -15.2169 0
    endloop
  endfacet
  facet normal -0.678822 0.734303 0
    outer loop
      vertex 76.3137 -11.3137 0
      vertex 75.3912 -12.1665 5
      vertex 76.3137 -11.3137 5
    endloop
  endfacet
  facet normal -0.678822 0.734303 0
    outer loop
      vertex 75.3912 -12.1665 5
      vertex 76.3137 -11.3137 0
      vertex 75.3912 -12.1665 0
    endloop
  endfacet
  facet normal -0.555527 0.831499 0
    outer loop
      vertex 74.4046 -12.9443 0
      vertex 73.36 -13.6422 5
      vertex 74.4046 -12.9443 5
    endloop
  endfacet
  facet normal -0.555527 0.831499 0
    outer loop
      vertex 73.36 -13.6422 5
      vertex 74.4046 -12.9443 0
      vertex 73.36 -13.6422 0
    endloop
  endfacet
  facet normal -0.48862 0.872497 0
    outer loop
      vertex 73.36 -13.6422 0
      vertex 72.2638 -14.2561 5
      vertex 73.36 -13.6422 5
    endloop
  endfacet
  facet normal -0.48862 0.872497 0
    outer loop
      vertex 72.2638 -14.2561 5
      vertex 73.36 -13.6422 0
      vertex 72.2638 -14.2561 0
    endloop
  endfacet
  facet normal 0.0392432 0.99923 -0
    outer loop
      vertex 65 -16 0
      vertex 63.7447 -15.9507 5
      vertex 65 -16 5
    endloop
  endfacet
  facet normal 0.0392432 0.99923 0
    outer loop
      vertex 63.7447 -15.9507 5
      vertex 65 -16 0
      vertex 63.7447 -15.9507 0
    endloop
  endfacet
  facet normal 0.195106 0.980782 -0
    outer loop
      vertex 62.497 -15.803 0
      vertex 61.2649 -15.5579 5
      vertex 62.497 -15.803 5
    endloop
  endfacet
  facet normal 0.195106 0.980782 0
    outer loop
      vertex 61.2649 -15.5579 5
      vertex 62.497 -15.803 0
      vertex 61.2649 -15.5579 0
    endloop
  endfacet
  facet normal 0.117557 0.993066 -0
    outer loop
      vertex 63.7447 -15.9507 0
      vertex 62.497 -15.803 5
      vertex 63.7447 -15.9507 5
    endloop
  endfacet
  facet normal 0.117557 0.993066 0
    outer loop
      vertex 62.497 -15.803 5
      vertex 63.7447 -15.9507 0
      vertex 62.497 -15.803 0
    endloop
  endfacet
  facet normal 0.271419 0.962461 -0
    outer loop
      vertex 61.2649 -15.5579 0
      vertex 60.0557 -15.2169 5
      vertex 61.2649 -15.5579 5
    endloop
  endfacet
  facet normal 0.271419 0.962461 0
    outer loop
      vertex 60.0557 -15.2169 5
      vertex 61.2649 -15.5579 0
      vertex 60.0557 -15.2169 0
    endloop
  endfacet
  facet normal 0.619107 0.785306 -0
    outer loop
      vertex 55.5954 -12.9443 0
      vertex 54.6088 -12.1665 5
      vertex 55.5954 -12.9443 5
    endloop
  endfacet
  facet normal 0.619107 0.785306 0
    outer loop
      vertex 54.6088 -12.1665 5
      vertex 55.5954 -12.9443 0
      vertex 54.6088 -12.1665 0
    endloop
  endfacet
  facet normal 0.938199 0.346096 0
    outer loop
      vertex 50.2179 -6.12293 5
      vertex 49.7831 -4.94427 0
      vertex 49.7831 -4.94427 5
    endloop
  endfacet
  facet normal 0.938199 0.346096 0
    outer loop
      vertex 49.7831 -4.94427 0
      vertex 50.2179 -6.12293 5
      vertex 50.2179 -6.12293 0
    endloop
  endfacet
  facet normal 0.993065 0.117566 0
    outer loop
      vertex 49.197 -2.50295 5
      vertex 49.0493 -1.25535 0
      vertex 49.0493 -1.25535 5
    endloop
  endfacet
  facet normal 0.993065 0.117566 0
    outer loop
      vertex 49.0493 -1.25535 0
      vertex 49.197 -2.50295 5
      vertex 49.197 -2.50295 0
    endloop
  endfacet
  facet normal 0.872483 0.488644 0
    outer loop
      vertex 51.3578 -8.35998 5
      vertex 50.7439 -7.26385 0
      vertex 50.7439 -7.26385 5
    endloop
  endfacet
  facet normal 0.872483 0.488644 0
    outer loop
      vertex 50.7439 -7.26385 0
      vertex 51.3578 -8.35998 5
      vertex 51.3578 -8.35998 0
    endloop
  endfacet
  facet normal 0.734303 0.678822 0
    outer loop
      vertex 53.6863 -11.3137 5
      vertex 52.8335 -10.3912 0
      vertex 52.8335 -10.3912 5
    endloop
  endfacet
  facet normal 0.734303 0.678822 0
    outer loop
      vertex 52.8335 -10.3912 0
      vertex 53.6863 -11.3137 5
      vertex 53.6863 -11.3137 0
    endloop
  endfacet
  facet normal -0.831494 -0.555534 0
    outer loop
      vertex 78.6422 8.35998 0
      vertex 77.9443 9.40456 5
      vertex 77.9443 9.40456 0
    endloop
  endfacet
  facet normal -0.831494 -0.555534 0
    outer loop
      vertex 77.9443 9.40456 5
      vertex 78.6422 8.35998 0
      vertex 78.6422 8.35998 5
    endloop
  endfacet
  facet normal -0.195106 -0.980782 0
    outer loop
      vertex 67.503 15.803 0
      vertex 68.7351 15.5579 5
      vertex 67.503 15.803 5
    endloop
  endfacet
  facet normal -0.195106 -0.980782 -0
    outer loop
      vertex 68.7351 15.5579 5
      vertex 67.503 15.803 0
      vertex 68.7351 15.5579 0
    endloop
  endfacet
  facet normal 0.980785 -0.195094 0
    outer loop
      vertex 49.197 2.50295 5
      vertex 49.4421 3.73513 0
      vertex 49.4421 3.73513 5
    endloop
  endfacet
  facet normal 0.980785 -0.195094 0
    outer loop
      vertex 49.4421 3.73513 0
      vertex 49.197 2.50295 5
      vertex 49.197 2.50295 0
    endloop
  endfacet
  facet normal -0.993065 0.117566 0
    outer loop
      vertex 80.803 -2.50295 0
      vertex 80.9507 -1.25535 5
      vertex 80.9507 -1.25535 0
    endloop
  endfacet
  facet normal -0.993065 0.117566 0
    outer loop
      vertex 80.9507 -1.25535 5
      vertex 80.803 -2.50295 0
      vertex 80.803 -2.50295 5
    endloop
  endfacet
  facet normal -0.962458 0.271431 0
    outer loop
      vertex 80.2169 -4.94427 0
      vertex 80.5579 -3.73513 5
      vertex 80.5579 -3.73513 0
    endloop
  endfacet
  facet normal -0.962458 0.271431 0
    outer loop
      vertex 80.5579 -3.73513 5
      vertex 80.2169 -4.94427 0
      vertex 80.2169 -4.94427 5
    endloop
  endfacet
  facet normal -0.938199 0.346096 0
    outer loop
      vertex 79.7821 -6.12293 0
      vertex 80.2169 -4.94427 5
      vertex 80.2169 -4.94427 0
    endloop
  endfacet
  facet normal -0.938199 0.346096 0
    outer loop
      vertex 80.2169 -4.94427 5
      vertex 79.7821 -6.12293 0
      vertex 79.7821 -6.12293 5
    endloop
  endfacet
  facet normal -0.195106 0.980782 0
    outer loop
      vertex 68.7351 -15.5579 0
      vertex 67.503 -15.803 5
      vertex 68.7351 -15.5579 5
    endloop
  endfacet
  facet normal -0.195106 0.980782 0
    outer loop
      vertex 67.503 -15.803 5
      vertex 68.7351 -15.5579 0
      vertex 67.503 -15.803 0
    endloop
  endfacet
  facet normal 0.785319 0.619092 0
    outer loop
      vertex 52.8335 -10.3912 5
      vertex 52.0557 -9.40456 0
      vertex 52.0557 -9.40456 5
    endloop
  endfacet
  facet normal 0.785319 0.619092 0
    outer loop
      vertex 52.0557 -9.40456 0
      vertex 52.8335 -10.3912 5
      vertex 52.8335 -10.3912 0
    endloop
  endfacet
  facet normal -0.831494 0.555534 0
    outer loop
      vertex 77.9443 -9.40456 0
      vertex 78.6422 -8.35998 5
      vertex 78.6422 -8.35998 0
    endloop
  endfacet
  facet normal -0.831494 0.555534 0
    outer loop
      vertex 78.6422 -8.35998 5
      vertex 77.9443 -9.40456 0
      vertex 77.9443 -9.40456 5
    endloop
  endfacet
endsolid OpenSCAD_Model
